Project,Project URL,Category,SHA Detected,Checkout OK,Test Name,Isolated Result,Target Last Result,Random Pass Count,Random Fail Count,Iterations Requested,Iterations Executed,Reproduced,Status,Error,Result JSON
proxy.py,https://github.com/abhinavsingh/proxy.py,OD-Vic,9b4263777bea7b3e00a1a3546511f2117f210a2b,true,tests/common/test_utils.py::TestSocketConnectionUtils::test_new_socket_connection_ipv4,pass,pass,100,0,100,101,false,could_not_reproduce,,results/idoft-od/proxy.py-tests_common_test_utils_py__testsocketconnectionutils__test_.json
ecs-crd-cli,https://github.com/AdventielFr/ecs-crd-cli,OD-Brit,7b296c64086a204d3540da272e3d8dd74721c6c4,true,tests/test_prepareDeploymentServiceDefinitionStep.py::test_process_application_autoscaling_scalable_target_max_capacity_invalid,fail,skipped,0,0,100,0,true,brit_confirmed,,results/idoft-od/ecs-crd-cli-tests_test_preparedeploymentservicedefinitionstep_py__test_p.json
bottle-neck,https://github.com/agile4you/bottle-neck,OD-Vic,ebc670a4b178255473d68e9b4122ba04e38f4810,true,test/test_handlers.py::test_handler_register_class_pass,pass,pass,100,0,100,101,false,could_not_reproduce,,results/idoft-od/bottle-neck-test_test_handlers_py__test_handler_register_class_pass.json
bottle-neck,https://github.com/agile4you/bottle-neck,OD-Brit,ebc670a4b178255473d68e9b4122ba04e38f4810,true,test/test_routing.py::test_router_mount_pass,fail,skipped,0,0,100,0,true,brit_confirmed,,results/idoft-od/bottle-neck-test_test_routing_py__test_router_mount_pass.json
bottle-neck,https://github.com/agile4you/bottle-neck,OD-Brit,ebc670a4b178255473d68e9b4122ba04e38f4810,true,test/test_routing.py::test_router_register_handler_cbv_pass,fail,skipped,0,0,100,0,true,brit_confirmed,,results/idoft-od/bottle-neck-test_test_routing_py__test_router_register_handler_cbv_pass.json
bottle-neck,https://github.com/agile4you/bottle-neck,OD-Vic,ebc670a4b178255473d68e9b4122ba04e38f4810,true,test/test_routing.py::test_router_register_handler_fn_pass,pass,fail,0,0,100,1,true,vic_confirmed,,results/idoft-od/bottle-neck-test_test_routing_py__test_router_register_handler_fn_pass.json
typeguard,https://github.com/agronholm/typeguard,OD, 2fe7a63e7e7fe6b7910fd423ba82eea4bffb1f17,true,test_typeguard.py::test_check_call_args,fail,error,0,0,100,1,false,could_not_reproduce,,results/idoft-od/typeguard-test_typeguard_py__test_check_call_args.json
typeguard,https://github.com/agronholm/typeguard,OD, 2fe7a63e7e7fe6b7910fd423ba82eea4bffb1f17,true,test_typeguard.py::test_exec_no_namespace,fail,error,0,0,100,1,false,could_not_reproduce,,results/idoft-od/typeguard-test_typeguard_py__test_exec_no_namespace.json
typeguard,https://github.com/agronholm/typeguard,OD, 2fe7a63e7e7fe6b7910fd423ba82eea4bffb1f17,true,test_typeguard.py::test_forward_ref_policy_guess,fail,error,0,0,100,1,false,could_not_reproduce,,results/idoft-od/typeguard-test_typeguard_py__test_forward_ref_policy_guess.json
schematics_to_swagger,https://github.com/Alexei-Kornienko/schematics_to_swagger,OD-Vic,d9c1c9e43a25c5a4ff60701b3bf22fc039c815c2,true,tests/test_model.py::test_compound_type,pass,fail,0,0,100,1,true,vic_confirmed,,results/idoft-od/schematics_to_swagger-tests_test_model_py__test_compound_type.json
schematics_to_swagger,https://github.com/Alexei-Kornienko/schematics_to_swagger,OD-Vic,d9c1c9e43a25c5a4ff60701b3bf22fc039c815c2,true,tests/test_model.py::test_read_models_from_module,pass,pass,2,1,100,4,true,vic_confirmed,,results/idoft-od/schematics_to_swagger-tests_test_model_py__test_read_models_from_module.json
supertunnel,https://github.com/alexrudy/supertunnel,OD-Brit,4c64e2fedda3382b809a2c3d01c711ec4961f933,true,supertunnel/ssh/continuous_test.py::test_backoff,fail,skipped,0,0,100,0,true,brit_confirmed,,results/idoft-od/supertunnel-supertunnel_ssh_continuous_test_py__test_backoff.json
supertunnel,https://github.com/alexrudy/supertunnel,OD-Brit,4c64e2fedda3382b809a2c3d01c711ec4961f933,true,supertunnel/ssh/continuous_test.py::test_continuous_repr,fail,skipped,0,0,100,0,true,brit_confirmed,,results/idoft-od/supertunnel-supertunnel_ssh_continuous_test_py__test_continuous_repr.json
supertunnel,https://github.com/alexrudy/supertunnel,OD-Brit,4c64e2fedda3382b809a2c3d01c711ec4961f933,true,supertunnel/ssh/continuous_test.py::test_run,fail,skipped,0,0,100,0,true,brit_confirmed,,results/idoft-od/supertunnel-supertunnel_ssh_continuous_test_py__test_run.json
supertunnel,https://github.com/alexrudy/supertunnel,OD-Brit,4c64e2fedda3382b809a2c3d01c711ec4961f933,true,supertunnel/ssh/continuous_test.py::test_run_continuous,fail,skipped,0,0,100,0,true,brit_confirmed,,results/idoft-od/supertunnel-supertunnel_ssh_continuous_test_py__test_run_continuous.json
supertunnel,https://github.com/alexrudy/supertunnel,OD-Brit,4c64e2fedda3382b809a2c3d01c711ec4961f933,true,supertunnel/ssh/continuous_test.py::test_run_continuous_hang,fail,skipped,0,0,100,0,true,brit_confirmed,,results/idoft-od/supertunnel-supertunnel_ssh_continuous_test_py__test_run_continuous_hang.json
supertunnel,https://github.com/alexrudy/supertunnel,OD-Brit,4c64e2fedda3382b809a2c3d01c711ec4961f933,true,supertunnel/ssh/continuous_test.py::test_run_continuous_raise,fail,skipped,0,0,100,0,true,brit_confirmed,,results/idoft-od/supertunnel-supertunnel_ssh_continuous_test_py__test_run_continuous_rais.json
supertunnel,https://github.com/alexrudy/supertunnel,OD-Brit,4c64e2fedda3382b809a2c3d01c711ec4961f933,true,supertunnel/ssh/continuous_test.py::test_ssh_log_line[debug1: Reading configuration-Action.CONTINUE],fail,skipped,0,0,100,0,true,brit_confirmed,,results/idoft-od/supertunnel-supertunnel_ssh_continuous_test_py__test_ssh_log_line_debug1.json
supertunnel,https://github.com/alexrudy/supertunnel,OD-Brit,4c64e2fedda3382b809a2c3d01c711ec4961f933,true,supertunnel/ssh/continuous_test.py::test_ssh_log_line[Entering interactive session-Action.CONNECTED],fail,skipped,0,0,100,0,true,brit_confirmed,,results/idoft-od/supertunnel-supertunnel_ssh_continuous_test_py__test_ssh_log_line_enteri.json
supertunnel,https://github.com/alexrudy/supertunnel,OD-Brit,4c64e2fedda3382b809a2c3d01c711ec4961f933,true,supertunnel/ssh/continuous_test.py::test_ssh_log_line[Host example.com not responding-Action.DISCONNECTED],fail,skipped,0,0,100,0,true,brit_confirmed,,results/idoft-od/supertunnel-supertunnel_ssh_continuous_test_py__test_ssh_log_line_host_e.json
beam,https://github.com/apache/beam,OD,faae168fa34e97475df70b707f4df91c4946c6ca,true,sdks/python/apache_beam/runners/portability/portable_runner_test.py::PortableRunnerTest::test_assert_that,fail,unknown,0,0,100,1,false,could_not_reproduce,,results/idoft-od/beam-sdks_python_apache_beam_runners_portability_portable_runner_.json
mmpy_bot,https://github.com/attzonko/mmpy_bot,OD-Vic,4faa19a9e04c75af94c45c24dbd0c9d9ecb867d4,true,tests/unit_tests/test_scheduler.py::test_add_onetime_job_without_trigger_time,pass,fail,0,0,100,1,true,vic_confirmed,,results/idoft-od/mmpy_bot-tests_unit_tests_test_scheduler_py__test_add_onetime_job_wit.json
mmpy_bot,https://github.com/attzonko/mmpy_bot,OD-Vic,4faa19a9e04c75af94c45c24dbd0c9d9ecb867d4,true,tests/unit_tests/test_scheduler.py::test_add_onetime_job_with_trigger_time,pass,fail,0,0,100,1,true,vic_confirmed,,results/idoft-od/mmpy_bot-tests_unit_tests_test_scheduler_py__test_add_onetime_job_wit.json
freesia,https://github.com/AuraiProject/freesia,OD-Brit,16834c17725edac74eb50fc5ce2ff1db6f3f4840,true,tests/test_route.py::RouteTestCase::test_url_match,fail,skipped,0,0,100,0,true,brit_confirmed,,results/idoft-od/freesia-tests_test_route_py__routetestcase__test_url_match.json
confight,https://github.com/avature/confight,OD-Vic,be2d162c99cc3c709289913de137f8d8bfbd35d5,true,test_confight.py::TestLoad::test_it_should_load_and_merge_lists_of_paths,pass,pass,2,1,100,4,true,vic_confirmed,,results/idoft-od/confight-test_confight_py__testload__test_it_should_load_and_merge_li.json
six,https://github.com/benjaminp/six,OD-Vic,c0be8815d13df45b6ae471c4c436cce8c192245d,true,test_six.py::test_lazy,pass,fail,0,0,100,1,true,vic_confirmed,,results/idoft-od/six-test_six_py__test_lazy.json
skillful,https://github.com/bmweiner/skillful,OD-Vic,8646f54faf62cb63f165f7699b8ace5b4a08233c,true,skillful/tests/test_controller.py::TestSkill::test_process,pass,pass,100,0,100,101,false,could_not_reproduce,,results/idoft-od/skillful-skillful_tests_test_controller_py__testskill__test_process.json
skillful,https://github.com/bmweiner/skillful,OD-Vic,8646f54faf62cb63f165f7699b8ace5b4a08233c,true,skillful/tests/test_controller.py::TestSkill::test_process_end,pass,fail,0,0,100,1,true,vic_confirmed,,results/idoft-od/skillful-skillful_tests_test_controller_py__testskill__test_process_e.json
stats_arrays,https://github.com/brightway-lca/stats_arrays,OD, 3d3480d064365571e64e736dcbd778badb1210db,true,extreme.py::GeneralizedExtremeValueUncertaintyTestCase::test_random_variables,fail,error,0,0,100,1,false,could_not_reproduce,,results/idoft-od/stats_arrays-extreme_py__generalizedextremevalueuncertaintytestcase__test.json
stats_arrays,https://github.com/brightway-lca/stats_arrays,OD, 3d3480d064365571e64e736dcbd778badb1210db,true,gama.py::GeneralizedExtremeValueUncertaintyTestCase::pretty_close,fail,error,0,0,100,1,false,could_not_reproduce,,results/idoft-od/stats_arrays-gama_py__generalizedextremevalueuncertaintytestcase__pretty_.json
stats_arrays,https://github.com/brightway-lca/stats_arrays,OD, 3d3480d064365571e64e736dcbd778badb1210db,true,student.py::GeneralizedExtremeValueUncertaintyTestCase::test_scale_matters/pretty_close,fail,error,0,0,100,1,false,could_not_reproduce,,results/idoft-od/stats_arrays-student_py__generalizedextremevalueuncertaintytestcase__test.json
sporco,https://github.com/bwohlberg/sporco,OD-Vic,efd9237ec0d254e2ff630ad0ac17eb8dc566c586,true,tests/test_plot.py::TestSet01::test_09,pass,fail,0,0,100,1,true,vic_confirmed,,results/idoft-od/sporco-tests_test_plot_py__testset01__test_09.json
NestedDictionary,https://github.com/cahoy/NestedDictionary,OD-Brit,881f0ea8af36a60fcd1b9d7a84b1aec4cd7072b2,true,easy_dict/tests/test_01_default.py::test_del,fail,skipped,0,0,100,0,true,brit_confirmed,,results/idoft-od/NestedDictionary-easy_dict_tests_test_01_default_py__test_del.json
panamah-sdk-python,https://github.com/casamagalhaes/panamah-sdk-python,OD-Vic,746f3fb7ebcf01810917bf9afa8e7ff5a4efad21,true,tests/test_processor.py::TestStream::test_initialization_and_accumulation,pass,pass,100,0,100,101,false,could_not_reproduce,,results/idoft-od/panamah-sdk-python-tests_test_processor_py__teststream__test_initialization_and.json
python-httpproblem,https://github.com/cbornet/python-httpproblem,OD-Vic,0b08139277e9cba02339eeb0996c0910d047274a,true,tests/test_problem.py::test_exception_to_http_response,pass,pass,2,1,100,4,true,vic_confirmed,,results/idoft-od/python-httpproblem-tests_test_problem_py__test_exception_to_http_response.json
python-httpproblem,https://github.com/cbornet/python-httpproblem,OD-Vic,0b08139277e9cba02339eeb0996c0910d047274a,true,tests/test_problem.py::test_exception_to_http_response_with_global_traceback,pass,fail,0,0,100,1,true,vic_confirmed,,results/idoft-od/python-httpproblem-tests_test_problem_py__test_exception_to_http_response_with_.json
python-httpproblem,https://github.com/cbornet/python-httpproblem,OD-Vic,0b08139277e9cba02339eeb0996c0910d047274a,true,tests/test_problem.py::test_exception_to_http_response_with_traceback_param,pass,fail,0,0,100,1,true,vic_confirmed,,results/idoft-od/python-httpproblem-tests_test_problem_py__test_exception_to_http_response_with_.json
python-httpproblem,https://github.com/cbornet/python-httpproblem,OD-Vic,0b08139277e9cba02339eeb0996c0910d047274a,true,tests/test_problem.py::test_problem_http_response[1000-test_title-test_detail-test_type-test_instance-headers0-kwargs0-expected_body0-expected_headers0],pass,fail,0,0,100,1,true,vic_confirmed,,results/idoft-od/python-httpproblem-tests_test_problem_py__test_problem_http_response_1000_test_.json
python-httpproblem,https://github.com/cbornet/python-httpproblem,OD-Vic,0b08139277e9cba02339eeb0996c0910d047274a,true,tests/test_problem.py::test_problem_http_response[None-None-None-None-None-headers2-kwargs2-expected_body2-expected_headers2],pass,fail,0,0,100,1,true,vic_confirmed,,results/idoft-od/python-httpproblem-tests_test_problem_py__test_problem_http_response_none_none_.json
python-httpproblem,https://github.com/cbornet/python-httpproblem,OD-Vic,0b08139277e9cba02339eeb0996c0910d047274a,true,tests/test_problem.py::test_problem_http_response[None-None-None-None-None-headers3-kwargs3-expected_body3-expected_headers3],pass,fail,0,0,100,1,true,vic_confirmed,,results/idoft-od/python-httpproblem-tests_test_problem_py__test_problem_http_response_none_none_.json
python-httpproblem,https://github.com/cbornet/python-httpproblem,OD-Vic,0b08139277e9cba02339eeb0996c0910d047274a,true,tests/test_problem.py::test_problem_http_response[None-None-None-None-None-None-kwargs1-expected_body1-expected_headers1],pass,fail,0,0,100,1,true,vic_confirmed,,results/idoft-od/python-httpproblem-tests_test_problem_py__test_problem_http_response_none_none_.json
elemental,https://github.com/cbsinteractive/elemental,OD-Vic,ca570c9f5fc43e20a4db23fc0137380f87be63f0,true,elemental/client_test.py::test_send_request_should_call_request_as_expected,fail,error,0,0,100,1,false,could_not_reproduce,,results/idoft-od/elemental-elemental_client_test_py__test_send_request_should_call_requ.json
terrascan,https://github.com/cesar-rodriguez/terrascan,OD-Vic,fd4ca9d23e694185fd5cb9ddf357b52b15adc6ca,true,tests/test_terrascan.py::test_success,pass,fail,0,0,100,1,true,vic_confirmed,,results/idoft-od/terrascan-tests_test_terrascan_py__test_success.json
python-fs,https://github.com/chaosmail/python-fs,OD-Vic,2567922ced9387e327e65f3244caff3b7af35684,true,fs/tests/test_mkdir.py::test_mkdir,pass,pass,100,0,100,101,false,could_not_reproduce,,results/idoft-od/python-fs-fs_tests_test_mkdir_py__test_mkdir.json
fishbase,https://github.com/chinapnr/fishbase,OD-Brit,1615ccff9106bf42fc6ae862cd13353c12c1b76d,true,test/test_logger.py::TestFishLogging::test_format3,fail,skipped,0,0,100,0,true,brit_confirmed,,results/idoft-od/fishbase-test_test_logger_py__testfishlogging__test_format3.json
fishbase,https://github.com/chinapnr/fishbase,OD-Brit,ddd1cced20caff3518f13073381d31461caa39a5,true,test/test_logger.py::TestFishLogging::test_format_03,fail,skipped,0,0,100,0,true,brit_confirmed,,results/idoft-od/fishbase-test_test_logger_py__testfishlogging__test_format_03.json
h5nav,https://github.com/clapeyre/h5nav,OD-Vic,595040c2f9b65196ceaf18d1c2c58d848466a22c,true,tests/test_cli.py::test_cat_star,fail,error,0,0,100,1,false,could_not_reproduce,,results/idoft-od/h5nav-tests_test_cli_py__test_cat_star.json
h5nav,https://github.com/clapeyre/h5nav,OD-Vic,595040c2f9b65196ceaf18d1c2c58d848466a22c,true,tests/test_cli.py::test_cd_group,fail,error,0,0,100,1,false,could_not_reproduce,,results/idoft-od/h5nav-tests_test_cli_py__test_cd_group.json
h5nav,https://github.com/clapeyre/h5nav,OD-Vic,595040c2f9b65196ceaf18d1c2c58d848466a22c,true,tests/test_cli.py::test_dump,fail,error,0,0,100,1,false,could_not_reproduce,,results/idoft-od/h5nav-tests_test_cli_py__test_dump.json
h5nav,https://github.com/clapeyre/h5nav,OD-Vic,595040c2f9b65196ceaf18d1c2c58d848466a22c,true,tests/test_cli.py::test_get_whitespace_name,fail,error,0,0,100,1,false,could_not_reproduce,,results/idoft-od/h5nav-tests_test_cli_py__test_get_whitespace_name.json
h5nav,https://github.com/clapeyre/h5nav,OD-Vic,595040c2f9b65196ceaf18d1c2c58d848466a22c,true,tests/test_cli.py::test_ls_simple,fail,error,0,0,100,1,false,could_not_reproduce,,results/idoft-od/h5nav-tests_test_cli_py__test_ls_simple.json
h5nav,https://github.com/clapeyre/h5nav,OD-Vic,595040c2f9b65196ceaf18d1c2c58d848466a22c,true,tests/test_cli.py::test_ls_star,fail,error,0,0,100,1,false,could_not_reproduce,,results/idoft-od/h5nav-tests_test_cli_py__test_ls_star.json
h5nav,https://github.com/clapeyre/h5nav,OD-Vic,595040c2f9b65196ceaf18d1c2c58d848466a22c,true,tests/test_cli.py::test_pdf,fail,error,0,0,100,1,false,could_not_reproduce,,results/idoft-od/h5nav-tests_test_cli_py__test_pdf.json
wopmars,https://github.com/aitgon/wopmars,OD-Vic,33680f94163d82ce43557cf7f87a5f9ead496fdc,true,wopmars/tests/test_wopmars.py::TestWopmars::test_dry_run,pass,pass,100,0,100,101,false,could_not_reproduce,,results/idoft-od/wopmars-wopmars_tests_test_wopmars_py__testwopmars__test_dry_run.json
h5nav,https://github.com/clapeyre/h5nav,OD-Vic,595040c2f9b65196ceaf18d1c2c58d848466a22c,true,tests/test_cli.py::test_stats,fail,error,0,0,100,1,false,could_not_reproduce,,results/idoft-od/h5nav-tests_test_cli_py__test_stats.json
codespell,https://github.com/codespell-project/codespell,OD,4f2325ec18ccef64ed8062f63dc63d360fa33f47,true,test_dictionary.py::test_dictionary_looping,fail,error,0,0,100,1,false,could_not_reproduce,,results/idoft-od/codespell-test_dictionary_py__test_dictionary_looping.json
h5nav,https://github.com/clapeyre/h5nav,OD-Vic,595040c2f9b65196ceaf18d1c2c58d848466a22c,true,tests/test_cli.py::test_txt_dump,fail,error,0,0,100,1,false,could_not_reproduce,,results/idoft-od/h5nav-tests_test_cli_py__test_txt_dump.json
plcx,https://github.com/Cognexa/plcx,OD-Vic,2756c0ba78c4c9e572d95ba002708957bc55d4fa,true,plcx/tests/comm/test_client.py::test_clientx[123],pass,fail,0,0,100,1,true,vic_confirmed,,results/idoft-od/plcx-plcx_tests_comm_test_client_py__test_clientx_123_.json
plcx,https://github.com/Cognexa/plcx,OD-Vic,2756c0ba78c4c9e572d95ba002708957bc55d4fa,true,plcx/tests/comm/test_client.py::test_clientx[1],pass,fail,0,0,100,1,true,vic_confirmed,,results/idoft-od/plcx-plcx_tests_comm_test_client_py__test_clientx_1_.json
coinbase-commerce-python,https://github.com/coinbase/coinbase-commerce-python,OD-Vic,d306fc562309edb909c8ace501c63327a7635975,true,tests/api_resources/base/test_create_api_resource.py::TestCreateAPIResource::test_create,pass,pass,100,0,100,101,false,could_not_reproduce,,results/idoft-od/coinbase-commerce-python-tests_api_resources_base_test_create_api_resource_py__testcr.json
plcx,https://github.com/Cognexa/plcx,OD-Vic,2756c0ba78c4c9e572d95ba002708957bc55d4fa,true,plcx/tests/comm/test_client.py::test_clientx[hola],pass,fail,0,0,100,1,true,vic_confirmed,,results/idoft-od/plcx-plcx_tests_comm_test_client_py__test_clientx_hola_.json
plcx,https://github.com/Cognexa/plcx,OD-Vic,2756c0ba78c4c9e572d95ba002708957bc55d4fa,true,plcx/tests/comm/test_client.py::test_clientx_context[111],pass,fail,0,0,100,1,true,vic_confirmed,,results/idoft-od/plcx-plcx_tests_comm_test_client_py__test_clientx_context_111_.json
plcx,https://github.com/Cognexa/plcx,OD-Vic,2756c0ba78c4c9e572d95ba002708957bc55d4fa,true,plcx/tests/comm/test_client.py::test_clientx_context[321],pass,fail,0,0,100,1,true,vic_confirmed,,results/idoft-od/plcx-plcx_tests_comm_test_client_py__test_clientx_context_321_.json
plcx,https://github.com/Cognexa/plcx,OD-Vic,2756c0ba78c4c9e572d95ba002708957bc55d4fa,true,plcx/tests/comm/test_client.py::test_clientx_context[hi],pass,fail,0,0,100,1,true,vic_confirmed,,results/idoft-od/plcx-plcx_tests_comm_test_client_py__test_clientx_context_hi_.json
coinbase-commerce-python,https://github.com/coinbase/coinbase-commerce-python,OD-Vic,d306fc562309edb909c8ace501c63327a7635975,true,tests/api_resources/base/test_list_api_resource.py::TestListAPIResource::test_list,pass,pass,100,0,100,101,false,could_not_reproduce,,results/idoft-od/coinbase-commerce-python-tests_api_resources_base_test_list_api_resource_py__testlist.json
coinbase-commerce-python,https://github.com/coinbase/coinbase-commerce-python,OD-Vic,d306fc562309edb909c8ace501c63327a7635975,true,tests/api_resources/test_charge.py::TestCharge::test_list_iter_mapping,pass,pass,100,0,100,101,false,could_not_reproduce,,results/idoft-od/coinbase-commerce-python-tests_api_resources_test_charge_py__testcharge__test_list_it.json
coinbase-commerce-python,https://github.com/coinbase/coinbase-commerce-python,OD-Vic,d306fc562309edb909c8ace501c63327a7635975,true,tests/api_resources/test_checkout.py::TestCheckout::test_list_iter_mapping,pass,pass,100,0,100,101,false,could_not_reproduce,,results/idoft-od/coinbase-commerce-python-tests_api_resources_test_checkout_py__testcheckout__test_lis.json
coinbase-commerce-python,https://github.com/coinbase/coinbase-commerce-python,OD-Vic,d306fc562309edb909c8ace501c63327a7635975,true,tests/api_resources/test_event.py::TestEvent::test_list_iter_mapping,pass,pass,100,0,100,101,false,could_not_reproduce,,results/idoft-od/coinbase-commerce-python-tests_api_resources_test_event_py__testevent__test_list_iter.json
coinbase-commerce-python,https://github.com/coinbase/coinbase-commerce-python,OD-Vic,d306fc562309edb909c8ace501c63327a7635975,true,tests/test_api_client.py::TestApiClient::test_authentication_error,pass,fail,0,0,100,1,true,vic_confirmed,,results/idoft-od/coinbase-commerce-python-tests_test_api_client_py__testapiclient__test_authentication.json
coinbase-commerce-python,https://github.com/coinbase/coinbase-commerce-python,OD-Vic,d306fc562309edb909c8ace501c63327a7635975,true,tests/test_api_client.py::TestApiClient::test_invalid_request_error,pass,fail,0,0,100,1,true,vic_confirmed,,results/idoft-od/coinbase-commerce-python-tests_test_api_client_py__testapiclient__test_invalid_reques.json
coinbase-commerce-python,https://github.com/coinbase/coinbase-commerce-python,OD-Vic,d306fc562309edb909c8ace501c63327a7635975,true,tests/test_api_client.py::TestApiClient::test_resource_not_found_error,pass,fail,0,0,100,1,true,vic_confirmed,,results/idoft-od/coinbase-commerce-python-tests_test_api_client_py__testapiclient__test_resource_not_f.json
devtracker,https://github.com/ConSou/devtracker,OD-Vic,ea892d6d48aa5d4627b429469b59ae3f0ce7f10f,true,devtracker/test_devtracker.py::test_add_start,pass,fail,0,0,100,1,true,vic_confirmed,,results/idoft-od/devtracker-devtracker_test_devtracker_py__test_add_start.json
devtracker,https://github.com/ConSou/devtracker,OD-Brit,ea892d6d48aa5d4627b429469b59ae3f0ce7f10f,true,devtracker/test_devtracker.py::test_current_status,fail,skipped,0,0,100,0,true,brit_confirmed,,results/idoft-od/devtracker-devtracker_test_devtracker_py__test_current_status.json
devtracker,https://github.com/ConSou/devtracker,OD-Vic,ea892d6d48aa5d4627b429469b59ae3f0ce7f10f,true,devtracker/test_devtracker.py::test_make_project_csv,pass,pass,0,1,100,2,true,vic_confirmed,,results/idoft-od/devtracker-devtracker_test_devtracker_py__test_make_project_csv.json
devtracker,https://github.com/ConSou/devtracker,OD-Vic,ea892d6d48aa5d4627b429469b59ae3f0ce7f10f,true,devtracker/test_devtracker.py::test_today_report_err_one,pass,fail,0,0,100,1,true,vic_confirmed,,results/idoft-od/devtracker-devtracker_test_devtracker_py__test_today_report_err_one.json
cornice.ext.swagger,https://github.com/Cornices/cornice.ext.swagger,OD-Vic,17a63e86751c7d8f1b2b75d49056161c80f4cef2,true,tests/test_app.py::AppSpecViewTest::test_validate_spec,fail,error,0,0,100,1,false,could_not_reproduce,,results/idoft-od/cornice.ext.swagger-tests_test_app_py__appspecviewtest__test_validate_spec.json
aiotasks,https://github.com/cr0hn/aiotasks,OD-Vic,ec485c84db55227c9283319a9c58401e294a06ff,true,tests/unittesting/tasks/memory/test_delay.py::test_memory_delay_add_task_non_coroutine_as_input,fail,unknown,0,0,100,1,false,could_not_reproduce,,results/idoft-od/aiotasks-tests_unittesting_tasks_memory_test_delay_py__test_memory_de.json
aiotasks,https://github.com/cr0hn/aiotasks,OD-Vic,ec485c84db55227c9283319a9c58401e294a06ff,true,tests/unittesting/tasks/memory/test_delay.py::test_memory_delay_task_decorator_invalid_function,fail,unknown,0,0,100,1,false,could_not_reproduce,,results/idoft-od/aiotasks-tests_unittesting_tasks_memory_test_delay_py__test_memory_de.json
aiotasks,https://github.com/cr0hn/aiotasks,OD-Vic,ec485c84db55227c9283319a9c58401e294a06ff,true,tests/unittesting/tasks/memory/test_delay.py::test_memory_delay_task_decorator_invalid_task_id_format,fail,unknown,0,0,100,1,false,could_not_reproduce,,results/idoft-od/aiotasks-tests_unittesting_tasks_memory_test_delay_py__test_memory_de.json
aiotasks,https://github.com/cr0hn/aiotasks,OD-Vic,ec485c84db55227c9283319a9c58401e294a06ff,true,tests/unittesting/tasks/memory/test_subscribers.py::test_memory_subscribers_empty_topics,fail,unknown,0,0,100,1,false,could_not_reproduce,,results/idoft-od/aiotasks-tests_unittesting_tasks_memory_test_subscribers_py__test_mem.json
aiotasks,https://github.com/cr0hn/aiotasks,OD-Vic,ec485c84db55227c9283319a9c58401e294a06ff,true,tests/unittesting/tasks/test_base_async.py::test_build_manager_invalid_prefix,fail,unknown,0,0,100,1,false,could_not_reproduce,,results/idoft-od/aiotasks-tests_unittesting_tasks_test_base_async_py__test_build_manag.json
osc-tiny,https://github.com/crazyscientist/osc-tiny,OD-Vic,88c33c2c7f73ea26067e1bb4190bab5dc298dd85,true,osctiny/tests/test_issues.py::TestIssue::test_get,pass,pass,100,0,100,101,false,could_not_reproduce,,results/idoft-od/osc-tiny-osctiny_tests_test_issues_py__testissue__test_get.json
Utter-More,https://github.com/crumpstrr33/Utter-More,OD-Brit,418cf5f5ef337700bf0897e746eff8bb275e6da6,true,test/test_utter_more.py::test_saving_utterances[alexa_test-csv-None],fail,skipped,0,0,100,0,true,brit_confirmed,,results/idoft-od/Utter-More-test_test_utter_more_py__test_saving_utterances_alexa_test_c.json
Utter-More,https://github.com/crumpstrr33/Utter-More,OD-Brit,418cf5f5ef337700bf0897e746eff8bb275e6da6,true,test/test_utter_more.py::test_saving_utterances[csv_test-csv-None],fail,skipped,0,0,100,0,true,brit_confirmed,,results/idoft-od/Utter-More-test_test_utter_more_py__test_saving_utterances_csv_test_csv.json
Utter-More,https://github.com/crumpstrr33/Utter-More,OD-Brit,418cf5f5ef337700bf0897e746eff8bb275e6da6,true,test/test_utter_more.py::test_saving_utterances[file_override_test-txt-csv],fail,skipped,0,0,100,0,true,brit_confirmed,,results/idoft-od/Utter-More-test_test_utter_more_py__test_saving_utterances_file_overrid.json
Utter-More,https://github.com/crumpstrr33/Utter-More,OD-Brit,418cf5f5ef337700bf0897e746eff8bb275e6da6,true,test/test_utter_more.py::test_saving_utterances[txt_test-txt-None],fail,skipped,0,0,100,0,true,brit_confirmed,,results/idoft-od/Utter-More-test_test_utter_more_py__test_saving_utterances_txt_test_txt.json
krllint,https://github.com/d4nuu8/krllint,OD-Vic,2f9376cdae14c201364d9c31b4c19a8ff2f708d2,true,tests/test_extraneous_whitespace.py::ExtraneousWhiteSpaceTestCase::test_rule_without_fix,pass,pass,100,0,100,101,false,could_not_reproduce,,results/idoft-od/krllint-tests_test_extraneous_whitespace_py__extraneouswhitespacetes.json
krllint,https://github.com/d4nuu8/krllint,OD-Vic,2f9376cdae14c201364d9c31b4c19a8ff2f708d2,true,tests/test_extraneous_whitespace.py::ExtraneousWhiteSpaceTestCase::test_rule_with_fix,pass,pass,100,0,100,101,false,could_not_reproduce,,results/idoft-od/krllint-tests_test_extraneous_whitespace_py__extraneouswhitespacetes.json
krllint,https://github.com/d4nuu8/krllint,OD-Vic,2f9376cdae14c201364d9c31b4c19a8ff2f708d2,true,tests/test_indentation_checker.py::IndentationCheckerTestCase::test_rule_with_fix,pass,pass,100,0,100,101,false,could_not_reproduce,,results/idoft-od/krllint-tests_test_indentation_checker_py__indentationcheckertestcas.json
krllint,https://github.com/d4nuu8/krllint,OD-Vic,2f9376cdae14c201364d9c31b4c19a8ff2f708d2,true,tests/test_lower_or_mixed_case_built_in_type.py::LowerOrMixedCaseBuiltInTestCase::test_rule_without_fix,pass,pass,100,0,100,101,false,could_not_reproduce,,results/idoft-od/krllint-tests_test_lower_or_mixed_case_built_in_type_py__lowerormixe.json
krllint,https://github.com/d4nuu8/krllint,OD-Vic,2f9376cdae14c201364d9c31b4c19a8ff2f708d2,true,tests/test_lower_or_mixed_case_built_in_type.py::LowerOrMixedCaseBuiltInTestCase::test_rule_with_fix,pass,pass,100,0,100,101,false,could_not_reproduce,,results/idoft-od/krllint-tests_test_lower_or_mixed_case_built_in_type_py__lowerormixe.json
krllint,https://github.com/d4nuu8/krllint,OD-Vic,2f9376cdae14c201364d9c31b4c19a8ff2f708d2,true,tests/test_open_task.py::OpenTaskTestCase::test_rule_without_fix,pass,pass,100,0,100,101,false,could_not_reproduce,,results/idoft-od/krllint-tests_test_open_task_py__opentasktestcase__test_rule_without.json
krllint,https://github.com/d4nuu8/krllint,OD-Vic,2f9376cdae14c201364d9c31b4c19a8ff2f708d2,true,tests/test_open_task.py::OpenTaskTestCase::test_rule_with_fix,pass,pass,100,0,100,101,false,could_not_reproduce,,results/idoft-od/krllint-tests_test_open_task_py__opentasktestcase__test_rule_with_fi.json
krllint,https://github.com/d4nuu8/krllint,OD-Vic,2f9376cdae14c201364d9c31b4c19a8ff2f708d2,true,tests/test_trailing_white_space_rule.py::TrailingWhiteSpaceTestCase::test_rule_without_fix,pass,pass,100,0,100,101,false,could_not_reproduce,,results/idoft-od/krllint-tests_test_trailing_white_space_rule_py__trailingwhitespacet.json
krllint,https://github.com/d4nuu8/krllint,OD-Vic,2f9376cdae14c201364d9c31b4c19a8ff2f708d2,true,tests/test_trailing_white_space_rule.py::TrailingWhiteSpaceTestCase::test_rule_with_fix,pass,pass,100,0,100,101,false,could_not_reproduce,,results/idoft-od/krllint-tests_test_trailing_white_space_rule_py__trailingwhitespacet.json
ljson,https://github.com/daknuett/ljson,OD-Vic,1d3dc13001d9d2f61bcfbf9d5c5b16d44fb8076e,true,test/test_ljson_disk.py::test_contains,pass,pass,100,0,100,101,false,could_not_reproduce,,results/idoft-od/ljson-test_test_ljson_disk_py__test_contains.json
ljson,https://github.com/daknuett/ljson,OD-Vic,1d3dc13001d9d2f61bcfbf9d5c5b16d44fb8076e,true,test/test_ljson_disk.py::test_delete,pass,pass,100,0,100,101,false,could_not_reproduce,,results/idoft-od/ljson-test_test_ljson_disk_py__test_delete.json
ljson,https://github.com/daknuett/ljson,OD-Vic,1d3dc13001d9d2f61bcfbf9d5c5b16d44fb8076e,true,test/test_ljson_disk.py::test_edit,pass,pass,100,0,100,101,false,could_not_reproduce,,results/idoft-od/ljson-test_test_ljson_disk_py__test_edit.json
ljson,https://github.com/daknuett/ljson,OD-Vic,1d3dc13001d9d2f61bcfbf9d5c5b16d44fb8076e,true,test/test_ljson_disk.py::test_read,pass,pass,100,0,100,101,false,could_not_reproduce,,results/idoft-od/ljson-test_test_ljson_disk_py__test_read.json
ljson,https://github.com/daknuett/ljson,OD-Vic,1d3dc13001d9d2f61bcfbf9d5c5b16d44fb8076e,true,test/test_ljson_disk.py::test_unique_check,pass,pass,100,0,100,101,false,could_not_reproduce,,results/idoft-od/ljson-test_test_ljson_disk_py__test_unique_check.json
ljson,https://github.com/daknuett/ljson,OD-Vic,1d3dc13001d9d2f61bcfbf9d5c5b16d44fb8076e,true,test/test_ljson_mem.py::test_contains,pass,pass,5,1,100,7,true,vic_confirmed,,results/idoft-od/ljson-test_test_ljson_mem_py__test_contains.json
ljson,https://github.com/daknuett/ljson,OD-Vic,1d3dc13001d9d2f61bcfbf9d5c5b16d44fb8076e,true,test/test_ljson_mem.py::test_edit,pass,fail,0,0,100,1,true,vic_confirmed,,results/idoft-od/ljson-test_test_ljson_mem_py__test_edit.json
rxpy-backpressure,https://github.com/daliclass/rxpy-backpressure,OD-Vic,b1a7bddfb370884135d6f2e7d9a3dd332a90d7cc,true,tests/test_sized_buffer_backpressure_strategy.py::TestDropBackPressureStrategy::test_on_next_drop_new_message_when_buffer_full,pass,fail,0,0,100,1,true,vic_confirmed,,results/idoft-od/rxpy-backpressure-tests_test_sized_buffer_backpressure_strategy_py__testdropba.json
rxpy-backpressure,https://github.com/daliclass/rxpy-backpressure,OD,b1a7bddfb370884135d6f2e7d9a3dd332a90d7cc,true,test_sized_buffer_backpressure_strategy.py::TestDropBackPressureStrategy::test_when_on_next_buffer_following_messages,fail,error,0,0,100,1,false,could_not_reproduce,,results/idoft-od/rxpy-backpressure-test_sized_buffer_backpressure_strategy_py__testdropbackpres.json
observed,https://github.com/DanielSank/observed,OD-Vic,d99fb99ff2a470a86efb2763685e8e2c021e799f,true,observed_test.py::TestBasics::test_callbacks,pass,fail,0,0,100,1,true,vic_confirmed,,results/idoft-od/observed-observed_test_py__testbasics__test_callbacks.json
api-python,https://github.com/datacommonsorg/api-python,OD-Brit,6d09ca1557da0af893f008f7302801f12afc2d46,true,datacommons/test/set_api_key_test.py::TestApiKey::test_query_no_api_key,fail,skipped,0,0,100,0,true,brit_confirmed,,results/idoft-od/api-python-datacommons_test_set_api_key_test_py__testapikey__test_query.json
api-python,https://github.com/datacommonsorg/api-python,OD-Brit,6d09ca1557da0af893f008f7302801f12afc2d46,true,datacommons/test/set_api_key_test.py::TestApiKey::test_send_request_no_api_key,fail,skipped,0,0,100,0,true,brit_confirmed,,results/idoft-od/api-python-datacommons_test_set_api_key_test_py__testapikey__test_send_.json
api-python,https://github.com/datacommonsorg/api-python,OD,16fabfc49a9c7d46a5b5847b0d9809242ec884e5,true,set_api_key_test.py::TestApiKey::test_query_no_api_key?,fail,error,0,0,100,1,false,could_not_reproduce,,results/idoft-od/api-python-set_api_key_test_py__testapikey__test_query_no_api_key_.json
api-python,https://github.com/datacommonsorg/api-python,OD,16fabfc49a9c7d46a5b5847b0d9809242ec884e5,true,set_api_key_test.py::TestApiKey::test_send_request_no_api_key?,fail,error,0,0,100,1,false,could_not_reproduce,,results/idoft-od/api-python-set_api_key_test_py__testapikey__test_send_request_no_api_ke.json
redisqueue,https://github.com/DevKeh/redisqueue,OD-Brit,feac4dfc30837e0ab1a55a8479443ea74b2793f2,true,tests/test_redisqueue.py::test_mock_queue_get_put_same_task,fail,skipped,0,0,100,0,true,brit_confirmed,,results/idoft-od/redisqueue-tests_test_redisqueue_py__test_mock_queue_get_put_same_task.json
redisqueue,https://github.com/DevKeh/redisqueue,OD-Brit,feac4dfc30837e0ab1a55a8479443ea74b2793f2,true,tests/test_redisqueue.py::test_mock_queue_put_get,fail,skipped,0,0,100,0,true,brit_confirmed,,results/idoft-od/redisqueue-tests_test_redisqueue_py__test_mock_queue_put_get.json
redisqueue,https://github.com/DevKeh/redisqueue,OD-Brit,feac4dfc30837e0ab1a55a8479443ea74b2793f2,true,tests/test_redisqueue.py::test_mock_queue_unique,fail,skipped,0,0,100,0,true,brit_confirmed,,results/idoft-od/redisqueue-tests_test_redisqueue_py__test_mock_queue_unique.json
laminar,https://github.com/dgellerup/laminar,OD-Vic,74258f6e6cc8b3b4e9eaf7cc522192a353a3b45e,true,test/test_laminar.py::test_init_my_lam,pass,fail,0,0,100,1,true,vic_confirmed,,results/idoft-od/laminar-test_test_laminar_py__test_init_my_lam.json
mdutils,https://github.com/didix21/mdutils,OD-Vic,2ef859ecc1e4f1a3e24f4150c96f61180bc57ceb,true,tests/test_mdutils.py::TestMdUtils::test_create_md_file,pass,pass,100,0,100,101,false,could_not_reproduce,,results/idoft-od/mdutils-tests_test_mdutils_py__testmdutils__test_create_md_file.json
mdutils,https://github.com/didix21/mdutils,OD-Vic,2ef859ecc1e4f1a3e24f4150c96f61180bc57ceb,true,tests/test_mdutils.py::TestMdUtils::test_new_checkbox_checked_list,pass,pass,100,0,100,101,false,could_not_reproduce,,results/idoft-od/mdutils-tests_test_mdutils_py__testmdutils__test_new_checkbox_checke.json
mdutils,https://github.com/didix21/mdutils,OD-Vic,2ef859ecc1e4f1a3e24f4150c96f61180bc57ceb,true,tests/test_mdutils.py::TestMdUtils::test_new_checkbox_list,pass,pass,100,0,100,101,false,could_not_reproduce,,results/idoft-od/mdutils-tests_test_mdutils_py__testmdutils__test_new_checkbox_list.json
mdutils,https://github.com/didix21/mdutils,OD-Vic,2ef859ecc1e4f1a3e24f4150c96f61180bc57ceb,true,tests/test_mdutils.py::TestMdUtils::test_new_header,pass,pass,100,0,100,101,false,could_not_reproduce,,results/idoft-od/mdutils-tests_test_mdutils_py__testmdutils__test_new_header.json
mdutils,https://github.com/didix21/mdutils,OD-Vic,2ef859ecc1e4f1a3e24f4150c96f61180bc57ceb,true,tests/test_mdutils.py::TestMdUtils::test_new_list,pass,pass,100,0,100,101,false,could_not_reproduce,,results/idoft-od/mdutils-tests_test_mdutils_py__testmdutils__test_new_list.json
mdutils,https://github.com/didix21/mdutils,OD-Vic,2ef859ecc1e4f1a3e24f4150c96f61180bc57ceb,true,tests/test_mdutils.py::TestMdUtils::test_new_reference_image_markdown_data,pass,pass,100,0,100,101,false,could_not_reproduce,,results/idoft-od/mdutils-tests_test_mdutils_py__testmdutils__test_new_reference_image.json
mdutils,https://github.com/didix21/mdutils,OD-Vic,2ef859ecc1e4f1a3e24f4150c96f61180bc57ceb,true,tests/test_mdutils.py::TestMdUtils::test_new_table_of_contents,pass,pass,100,0,100,101,false,could_not_reproduce,,results/idoft-od/mdutils-tests_test_mdutils_py__testmdutils__test_new_table_of_conten.json
mdutils,https://github.com/didix21/mdutils,OD-Vic,2ef859ecc1e4f1a3e24f4150c96f61180bc57ceb,true,tests/test_mdutils.py::TestMdUtils::test_references_placed_in_markdown_file,pass,pass,100,0,100,101,false,could_not_reproduce,,results/idoft-od/mdutils-tests_test_mdutils_py__testmdutils__test_references_placed_i.json
logx,https://github.com/djrobstep/logx,OD-Vic,c53fabbc160fb8d70fa878684ea36f0c22fd5caa,true,tests/test_logx.py::test_formatted_output,pass,pass,5,1,100,7,true,vic_confirmed,,results/idoft-od/logx-tests_test_logx_py__test_formatted_output.json
logx,https://github.com/djrobstep/logx,OD-Vic,c53fabbc160fb8d70fa878684ea36f0c22fd5caa,true,tests/test_logx.py::test_plain_output,pass,pass,1,1,100,3,true,vic_confirmed,,results/idoft-od/logx-tests_test_logx_py__test_plain_output.json
logx,https://github.com/djrobstep/logx,OD-Vic,c53fabbc160fb8d70fa878684ea36f0c22fd5caa,true,tests/test_logx.py::test_set_format,pass,pass,0,1,100,2,true,vic_confirmed,,results/idoft-od/logx-tests_test_logx_py__test_set_format.json
aiopylimit,https://github.com/dmarkey/aiopylimit,OD-Vic,b4075a8ac30dbbef59a2243f618a35a2f54b590c,true,aiopylimit/tests/test_aiopylimit.py::TestPyLimit::test_exception,pass,fail,0,0,100,1,true,vic_confirmed,,results/idoft-od/aiopylimit-aiopylimit_tests_test_aiopylimit_py__testpylimit__test_excep.json
mythx-cli,https://github.com/dmuhs/mythx-cli,OD-Vic,f6b3d20d51ca1cfaed3cd45226bd1074388d42b9,true,tests/test_report.py::test_report_json,fail,error,0,0,100,1,false,could_not_reproduce,,results/idoft-od/mythx-cli-tests_test_report_py__test_report_json.json
mythx-cli,https://github.com/dmuhs/mythx-cli,OD-Vic,f6b3d20d51ca1cfaed3cd45226bd1074388d42b9,true,tests/test_report.py::test_report_json_blacklist,fail,error,0,0,100,1,false,could_not_reproduce,,results/idoft-od/mythx-cli-tests_test_report_py__test_report_json_blacklist.json
mythx-cli,https://github.com/dmuhs/mythx-cli,OD-Vic,f6b3d20d51ca1cfaed3cd45226bd1074388d42b9,true,tests/test_report.py::test_report_json_pretty,fail,error,0,0,100,1,false,could_not_reproduce,,results/idoft-od/mythx-cli-tests_test_report_py__test_report_json_pretty.json
mythx-cli,https://github.com/dmuhs/mythx-cli,OD-Vic,f6b3d20d51ca1cfaed3cd45226bd1074388d42b9,true,tests/test_report.py::test_report_json_pretty_blacklist,fail,error,0,0,100,1,false,could_not_reproduce,,results/idoft-od/mythx-cli-tests_test_report_py__test_report_json_pretty_blacklist.json
mythx-cli,https://github.com/dmuhs/mythx-cli,OD-Vic,f6b3d20d51ca1cfaed3cd45226bd1074388d42b9,true,tests/test_report.py::test_report_json_pretty_whitelist,fail,error,0,0,100,1,false,could_not_reproduce,,results/idoft-od/mythx-cli-tests_test_report_py__test_report_json_pretty_whitelist.json
mythx-cli,https://github.com/dmuhs/mythx-cli,OD-Vic,f6b3d20d51ca1cfaed3cd45226bd1074388d42b9,true,tests/test_report.py::test_report_json_whitelist,fail,error,0,0,100,1,false,could_not_reproduce,,results/idoft-od/mythx-cli-tests_test_report_py__test_report_json_whitelist.json
mythx-cli,https://github.com/dmuhs/mythx-cli,OD-Vic,f6b3d20d51ca1cfaed3cd45226bd1074388d42b9,true,tests/test_report.py::test_report_simple,fail,error,0,0,100,1,false,could_not_reproduce,,results/idoft-od/mythx-cli-tests_test_report_py__test_report_simple.json
mythx-cli,https://github.com/dmuhs/mythx-cli,OD-Vic,f6b3d20d51ca1cfaed3cd45226bd1074388d42b9,true,tests/test_report.py::test_report_simple_blacklist,fail,error,0,0,100,1,false,could_not_reproduce,,results/idoft-od/mythx-cli-tests_test_report_py__test_report_simple_blacklist.json
mythx-cli,https://github.com/dmuhs/mythx-cli,OD-Vic,f6b3d20d51ca1cfaed3cd45226bd1074388d42b9,true,tests/test_report.py::test_report_simple_whitelist,fail,error,0,0,100,1,false,could_not_reproduce,,results/idoft-od/mythx-cli-tests_test_report_py__test_report_simple_whitelist.json
mythx-cli,https://github.com/dmuhs/mythx-cli,OD-Vic,f6b3d20d51ca1cfaed3cd45226bd1074388d42b9,true,tests/test_report.py::test_report_sonar_blacklist,fail,error,0,0,100,1,false,could_not_reproduce,,results/idoft-od/mythx-cli-tests_test_report_py__test_report_sonar_blacklist.json
mythx-cli,https://github.com/dmuhs/mythx-cli,OD-Vic,f6b3d20d51ca1cfaed3cd45226bd1074388d42b9,true,tests/test_report.py::test_report_sonar_whitelist,fail,error,0,0,100,1,false,could_not_reproduce,,results/idoft-od/mythx-cli-tests_test_report_py__test_report_sonar_whitelist.json
mythx-cli,https://github.com/dmuhs/mythx-cli,OD-Vic,f6b3d20d51ca1cfaed3cd45226bd1074388d42b9,true,tests/test_report.py::test_report_tabular,fail,error,0,0,100,1,false,could_not_reproduce,,results/idoft-od/mythx-cli-tests_test_report_py__test_report_tabular.json
mythx-cli,https://github.com/dmuhs/mythx-cli,OD-Vic,f6b3d20d51ca1cfaed3cd45226bd1074388d42b9,true,tests/test_report.py::test_report_tabular_blacklist,fail,error,0,0,100,1,false,could_not_reproduce,,results/idoft-od/mythx-cli-tests_test_report_py__test_report_tabular_blacklist.json
mythx-cli,https://github.com/dmuhs/mythx-cli,OD-Vic,f6b3d20d51ca1cfaed3cd45226bd1074388d42b9,true,tests/test_report.py::test_report_tabular_whitelist,fail,error,0,0,100,1,false,could_not_reproduce,,results/idoft-od/mythx-cli-tests_test_report_py__test_report_tabular_whitelist.json
accessify,https://github.com/dmytrostriletskyi/accessify,OD-Vic,6b7cf8657ffe18cd6a43c6cfb73b071084f0331e,true,tests/interfaces/test_implements.py::test_implements_not_cls_convention,pass,pass,100,0,100,101,false,could_not_reproduce,,results/idoft-od/accessify-tests_interfaces_test_implements_py__test_implements_not_cls.json
accessify,https://github.com/dmytrostriletskyi/accessify,OD-Vic,6b7cf8657ffe18cd6a43c6cfb73b071084f0331e,true,tests/interfaces/test_implements.py::test_implements_not_self_convention,pass,pass,100,0,100,101,false,could_not_reproduce,,results/idoft-od/accessify-tests_interfaces_test_implements_py__test_implements_not_sel.json
accessify,https://github.com/dmytrostriletskyi/accessify,OD-Vic,6b7cf8657ffe18cd6a43c6cfb73b071084f0331e,true,tests/interfaces/test_implements.py::test_implements_not_self_convention_in_deleter,pass,pass,100,0,100,101,false,could_not_reproduce,,results/idoft-od/accessify-tests_interfaces_test_implements_py__test_implements_not_sel.json
accessify,https://github.com/dmytrostriletskyi/accessify,OD-Vic,6b7cf8657ffe18cd6a43c6cfb73b071084f0331e,true,tests/interfaces/test_implements.py::test_implements_not_self_convention_in_getter,pass,pass,100,0,100,101,false,could_not_reproduce,,results/idoft-od/accessify-tests_interfaces_test_implements_py__test_implements_not_sel.json
accessify,https://github.com/dmytrostriletskyi/accessify,OD-Vic,6b7cf8657ffe18cd6a43c6cfb73b071084f0331e,true,tests/interfaces/test_implements.py::test_implements_not_self_convention_in_setter,pass,pass,100,0,100,101,false,could_not_reproduce,,results/idoft-od/accessify-tests_interfaces_test_implements_py__test_implements_not_sel.json
accessify,https://github.com/dmytrostriletskyi/accessify,OD-Vic,6b7cf8657ffe18cd6a43c6cfb73b071084f0331e,true,tests/interfaces/test_implements.py::test_implements_no_implementation_deleter,pass,pass,100,0,100,101,false,could_not_reproduce,,results/idoft-od/accessify-tests_interfaces_test_implements_py__test_implements_no_impl.json
accessify,https://github.com/dmytrostriletskyi/accessify,OD-Vic,6b7cf8657ffe18cd6a43c6cfb73b071084f0331e,true,tests/interfaces/test_implements.py::test_implements_no_implementation_getter,pass,pass,100,0,100,101,false,could_not_reproduce,,results/idoft-od/accessify-tests_interfaces_test_implements_py__test_implements_no_impl.json
accessify,https://github.com/dmytrostriletskyi/accessify,OD-Vic,6b7cf8657ffe18cd6a43c6cfb73b071084f0331e,true,tests/interfaces/test_implements.py::test_implements_no_implementation_instance_method,pass,pass,100,0,100,101,false,could_not_reproduce,,results/idoft-od/accessify-tests_interfaces_test_implements_py__test_implements_no_impl.json
accessify,https://github.com/dmytrostriletskyi/accessify,OD-Vic,6b7cf8657ffe18cd6a43c6cfb73b071084f0331e,true,tests/interfaces/test_implements.py::test_implements_no_implementation_setter,pass,pass,100,0,100,101,false,could_not_reproduce,,results/idoft-od/accessify-tests_interfaces_test_implements_py__test_implements_no_impl.json
accessify,https://github.com/dmytrostriletskyi/accessify,OD-Vic,6b7cf8657ffe18cd6a43c6cfb73b071084f0331e,true,tests/interfaces/test_implements.py::test_implements_no_implementation_static_method,pass,pass,100,0,100,101,false,could_not_reproduce,,results/idoft-od/accessify-tests_interfaces_test_implements_py__test_implements_no_impl.json
accessify,https://github.com/dmytrostriletskyi/accessify,OD-Vic,6b7cf8657ffe18cd6a43c6cfb73b071084f0331e,true,tests/interfaces/test_implements.py::test_not_implements_private_access,pass,pass,100,0,100,101,false,could_not_reproduce,,results/idoft-od/accessify-tests_interfaces_test_implements_py__test_not_implements_pri.json
accessify,https://github.com/dmytrostriletskyi/accessify,OD-Vic,6b7cf8657ffe18cd6a43c6cfb73b071084f0331e,true,tests/interfaces/test_implements.py::test_not_implements_protected_access,pass,pass,100,0,100,101,false,could_not_reproduce,,results/idoft-od/accessify-tests_interfaces_test_implements_py__test_not_implements_pro.json
factiva-news-python,https://github.com/dowjones/factiva-news-python,OD,763b178fe7fd3716e5542cf098600ef56c6fbd62,true,__init__.py,fail,error,0,1,100,2,true,vic_confirmed,,results/idoft-od/factiva-news-python-__init___py.json
tokendito,https://github.com/dowjones/tokendito,OD-Vic,f5d8e5171ddcca0c62925263ddb80535f51aded3,true,tests/unit_test.py::test_set_okta_password,fail,unknown,0,0,100,1,false,could_not_reproduce,,results/idoft-od/tokendito-tests_unit_test_py__test_set_okta_password.json
tokendito,https://github.com/dowjones/tokendito,OD-Vic,f5d8e5171ddcca0c62925263ddb80535f51aded3,true,tests/unit_test.py::test_set_okta_username,fail,unknown,0,0,100,1,false,could_not_reproduce,,results/idoft-od/tokendito-tests_unit_test_py__test_set_okta_username.json
yunomi,https://github.com/dreid/yunomi,OD-Vic,1aa3f166843613331b38e231264ffc3ac40e8094,true,yunomi/tests/test_metrics_registry.py::MetricsRegistryTests::test_count_calls_decorator,pass,pass,100,0,100,101,false,could_not_reproduce,,results/idoft-od/yunomi-yunomi_tests_test_metrics_registry_py__metricsregistrytests_.json
yunomi,https://github.com/dreid/yunomi,OD-Vic,1aa3f166843613331b38e231264ffc3ac40e8094,true,yunomi/tests/test_metrics_registry.py::MetricsRegistryTests::test_hist_calls_decorator,pass,pass,100,0,100,101,false,could_not_reproduce,,results/idoft-od/yunomi-yunomi_tests_test_metrics_registry_py__metricsregistrytests_.json
yunomi,https://github.com/dreid/yunomi,OD-Vic,1aa3f166843613331b38e231264ffc3ac40e8094,true,yunomi/tests/test_metrics_registry.py::MetricsRegistryTests::test_meter_calls_decorator,pass,pass,100,0,100,101,false,could_not_reproduce,,results/idoft-od/yunomi-yunomi_tests_test_metrics_registry_py__metricsregistrytests_.json
yunomi,https://github.com/dreid/yunomi,OD-Vic,1aa3f166843613331b38e231264ffc3ac40e8094,true,yunomi/tests/test_metrics_registry.py::MetricsRegistryTests::test_time_calls_decorator,pass,pass,100,0,100,101,false,could_not_reproduce,,results/idoft-od/yunomi-yunomi_tests_test_metrics_registry_py__metricsregistrytests_.json
PySyncDroid,https://github.com/DusanMadar/PySyncDroid,OD-Vic,9a217a54f4286af8e7505c184eb2a6775f52d815,true,tests/test_sync.py::TestSync::test_do_sync,pass,pass,100,0,100,101,false,could_not_reproduce,,results/idoft-od/PySyncDroid-tests_test_sync_py__testsync__test_do_sync.json
pykicad,https://github.com/dvc94ch/pykicad,OD-Vic,cdebcaeb4ab6c8903ebecfd0748f826ea406923f,true,tests/test_module.py::CurveTests::test_curve,pass,pass,100,0,100,101,false,could_not_reproduce,,results/idoft-od/pykicad-tests_test_module_py__curvetests__test_curve.json
pykicad,https://github.com/dvc94ch/pykicad,OD-Vic,cdebcaeb4ab6c8903ebecfd0748f826ea406923f,true,tests/test_module.py::DrillTests::test_drill,pass,pass,100,0,100,101,false,could_not_reproduce,,results/idoft-od/pykicad-tests_test_module_py__drilltests__test_drill.json
pykicad,https://github.com/dvc94ch/pykicad,OD-Vic,cdebcaeb4ab6c8903ebecfd0748f826ea406923f,true,tests/test_module.py::DrillTests::test_drill_offset,pass,pass,100,0,100,101,false,could_not_reproduce,,results/idoft-od/pykicad-tests_test_module_py__drilltests__test_drill_offset.json
pykicad,https://github.com/dvc94ch/pykicad,OD-Vic,cdebcaeb4ab6c8903ebecfd0748f826ea406923f,true,tests/test_module.py::DrillTests::test_drill_oval,pass,pass,100,0,100,101,false,could_not_reproduce,,results/idoft-od/pykicad-tests_test_module_py__drilltests__test_drill_oval.json
pykicad,https://github.com/dvc94ch/pykicad,OD-Vic,cdebcaeb4ab6c8903ebecfd0748f826ea406923f,true,tests/test_module.py::LineTests::test_line,pass,pass,100,0,100,101,false,could_not_reproduce,,results/idoft-od/pykicad-tests_test_module_py__linetests__test_line.json
pykicad,https://github.com/dvc94ch/pykicad,OD-Vic,cdebcaeb4ab6c8903ebecfd0748f826ea406923f,true,tests/test_module.py::ModelTests::test_model,pass,pass,100,0,100,101,false,could_not_reproduce,,results/idoft-od/pykicad-tests_test_module_py__modeltests__test_model.json
pykicad,https://github.com/dvc94ch/pykicad,OD-Vic,cdebcaeb4ab6c8903ebecfd0748f826ea406923f,true,tests/test_module.py::ModuleTests::test_module,pass,pass,100,0,100,101,false,could_not_reproduce,,results/idoft-od/pykicad-tests_test_module_py__moduletests__test_module.json
pykicad,https://github.com/dvc94ch/pykicad,OD-Vic,cdebcaeb4ab6c8903ebecfd0748f826ea406923f,true,tests/test_module.py::NetTests::test_net_auto_numbering,pass,pass,100,0,100,101,false,could_not_reproduce,,results/idoft-od/pykicad-tests_test_module_py__nettests__test_net_auto_numbering.json
pykicad,https://github.com/dvc94ch/pykicad,OD-Vic,cdebcaeb4ab6c8903ebecfd0748f826ea406923f,true,tests/test_module.py::PadTests::test_pad,pass,pass,100,0,100,101,false,could_not_reproduce,,results/idoft-od/pykicad-tests_test_module_py__padtests__test_pad.json
pykicad,https://github.com/dvc94ch/pykicad,OD-Vic,cdebcaeb4ab6c8903ebecfd0748f826ea406923f,true,tests/test_module.py::PadTests::test_pad_with_drill,pass,pass,100,0,100,101,false,could_not_reproduce,,results/idoft-od/pykicad-tests_test_module_py__padtests__test_pad_with_drill.json
pykicad,https://github.com/dvc94ch/pykicad,OD-Vic,cdebcaeb4ab6c8903ebecfd0748f826ea406923f,true,tests/test_module.py::PadTests::test_pad_with_multiple_layers,pass,pass,100,0,100,101,false,could_not_reproduce,,results/idoft-od/pykicad-tests_test_module_py__padtests__test_pad_with_multiple_layer.json
pykicad,https://github.com/dvc94ch/pykicad,OD-Vic,cdebcaeb4ab6c8903ebecfd0748f826ea406923f,true,tests/test_module.py::PolygonTests::test_polygon,pass,pass,100,0,100,101,false,could_not_reproduce,,results/idoft-od/pykicad-tests_test_module_py__polygontests__test_polygon.json
pykicad,https://github.com/dvc94ch/pykicad,OD-Vic,cdebcaeb4ab6c8903ebecfd0748f826ea406923f,true,tests/test_module.py::TextTests::test_text,pass,pass,100,0,100,101,false,could_not_reproduce,,results/idoft-od/pykicad-tests_test_module_py__texttests__test_text.json
pykicad,https://github.com/dvc94ch/pykicad,OD-Vic,cdebcaeb4ab6c8903ebecfd0748f826ea406923f,true,tests/test_module.py::TextTests::test_text_with_hide,pass,pass,100,0,100,101,false,could_not_reproduce,,results/idoft-od/pykicad-tests_test_module_py__texttests__test_text_with_hide.json
pykicad,https://github.com/dvc94ch/pykicad,OD-Vic,cdebcaeb4ab6c8903ebecfd0748f826ea406923f,true,tests/test_module.py::TextTests::test_text_with_justify,pass,pass,100,0,100,101,false,could_not_reproduce,,results/idoft-od/pykicad-tests_test_module_py__texttests__test_text_with_justify.json
pykicad,https://github.com/dvc94ch/pykicad,OD-Vic,cdebcaeb4ab6c8903ebecfd0748f826ea406923f,true,tests/test_module.py::TextTests::test_text_with_rotation,pass,pass,100,0,100,101,false,could_not_reproduce,,results/idoft-od/pykicad-tests_test_module_py__texttests__test_text_with_rotation.json
pykicad,https://github.com/dvc94ch/pykicad,OD-Vic,cdebcaeb4ab6c8903ebecfd0748f826ea406923f,true,tests/test_module.py::TextTests::test_text_with_thickness,pass,pass,100,0,100,101,false,could_not_reproduce,,results/idoft-od/pykicad-tests_test_module_py__texttests__test_text_with_thickness.json
pykicad,https://github.com/dvc94ch/pykicad,OD-Vic,cdebcaeb4ab6c8903ebecfd0748f826ea406923f,true,tests/test_pcb.py::NetClassTests::test_parse,pass,pass,100,0,100,101,false,could_not_reproduce,,results/idoft-od/pykicad-tests_test_pcb_py__netclasstests__test_parse.json
pykicad,https://github.com/dvc94ch/pykicad,OD-Vic,cdebcaeb4ab6c8903ebecfd0748f826ea406923f,true,tests/test_pcb.py::NetClassTests::test_without_net,pass,pass,100,0,100,101,false,could_not_reproduce,,results/idoft-od/pykicad-tests_test_pcb_py__netclasstests__test_without_net.json
pykicad,https://github.com/dvc94ch/pykicad,OD-Vic,cdebcaeb4ab6c8903ebecfd0748f826ea406923f,true,tests/test_pcb.py::NetClassTests::test_with_multiple_nets,pass,pass,100,0,100,101,false,could_not_reproduce,,results/idoft-od/pykicad-tests_test_pcb_py__netclasstests__test_with_multiple_nets.json
pykicad,https://github.com/dvc94ch/pykicad,OD-Vic,cdebcaeb4ab6c8903ebecfd0748f826ea406923f,true,tests/test_pcb.py::NetClassTests::test_with_net,pass,pass,100,0,100,101,false,could_not_reproduce,,results/idoft-od/pykicad-tests_test_pcb_py__netclasstests__test_with_net.json
pykicad,https://github.com/dvc94ch/pykicad,OD-Vic,cdebcaeb4ab6c8903ebecfd0748f826ea406923f,true,tests/test_pcb.py::PcbTests::test_comment,pass,pass,100,0,100,101,false,could_not_reproduce,,results/idoft-od/pykicad-tests_test_pcb_py__pcbtests__test_comment.json
pykicad,https://github.com/dvc94ch/pykicad,OD-Vic,cdebcaeb4ab6c8903ebecfd0748f826ea406923f,true,tests/test_pcb.py::PcbTests::test_layers,pass,pass,100,0,100,101,false,could_not_reproduce,,results/idoft-od/pykicad-tests_test_pcb_py__pcbtests__test_layers.json
pykicad,https://github.com/dvc94ch/pykicad,OD-Vic,cdebcaeb4ab6c8903ebecfd0748f826ea406923f,true,tests/test_pcb.py::PcbTests::test_minimal_pcb,pass,pass,100,0,100,101,false,could_not_reproduce,,results/idoft-od/pykicad-tests_test_pcb_py__pcbtests__test_minimal_pcb.json
pykicad,https://github.com/dvc94ch/pykicad,OD-Vic,cdebcaeb4ab6c8903ebecfd0748f826ea406923f,true,tests/test_pcb.py::PcbTests::test_num_nets,pass,pass,100,0,100,101,false,could_not_reproduce,,results/idoft-od/pykicad-tests_test_pcb_py__pcbtests__test_num_nets.json
pykicad,https://github.com/dvc94ch/pykicad,OD-Vic,cdebcaeb4ab6c8903ebecfd0748f826ea406923f,true,tests/test_pcb.py::PcbTests::test_page,pass,pass,100,0,100,101,false,could_not_reproduce,,results/idoft-od/pykicad-tests_test_pcb_py__pcbtests__test_page.json
pykicad,https://github.com/dvc94ch/pykicad,OD-Vic,cdebcaeb4ab6c8903ebecfd0748f826ea406923f,true,tests/test_pcb.py::PcbTests::test_single_module,pass,pass,100,0,100,101,false,could_not_reproduce,,results/idoft-od/pykicad-tests_test_pcb_py__pcbtests__test_single_module.json
plcx,https://github.com/Cognexa/plcx,OD-Vic,2756c0ba78c4c9e572d95ba002708957bc55d4fa,true,plcx/tests/comm/test_client.py::test_clientx_error,pass,pass,100,0,100,101,false,could_not_reproduce,,results/idoft-od/plcx-plcx_tests_comm_test_client_py__test_clientx_error.json
pykicad,https://github.com/dvc94ch/pykicad,OD-Vic,cdebcaeb4ab6c8903ebecfd0748f826ea406923f,true,tests/test_pcb.py::ZoneTests::test_parse,pass,pass,100,0,100,101,false,could_not_reproduce,,results/idoft-od/pykicad-tests_test_pcb_py__zonetests__test_parse.json
libearth,https://github.com/earthreader/libearth,OD-Vic,71d2f3246eb0b6a3668a64e2242616d20b1d7dcd,true,tests/stage_test.py::test_get_dir_route,pass,fail,0,0,100,1,true,vic_confirmed,,results/idoft-od/libearth-tests_stage_test_py__test_get_dir_route.json
impedance.py,https://github.com/ECSHackWeek/impedance.py,OD-Vic,d1019c161be9e967ae227117b72acae4351e198f,true,impedance/tests/test_circuit_elements.py::test_each_element,fail,error,0,0,100,1,false,could_not_reproduce,,results/idoft-od/impedance.py-impedance_tests_test_circuit_elements_py__test_each_element.json
impedance.py,https://github.com/ECSHackWeek/impedance.py,OD-Vic,d1019c161be9e967ae227117b72acae4351e198f,true,impedance/tests/test_circuit_elements.py::test_element_function_names,fail,error,0,0,100,1,false,could_not_reproduce,,results/idoft-od/impedance.py-impedance_tests_test_circuit_elements_py__test_element_funct.json
kool,https://github.com/edasi/kool,OD,efe847a05c1a07af5eddeeeb700fdefcb6c9ced9,true,tests/db/flatfile/test_database.py::TestFlatFile::test_tables,fail,pass,0,1,100,2,true,vic_confirmed,,results/idoft-od/kool-tests_db_flatfile_test_database_py__testflatfile__test_table.json
epsagon-python,https://github.com/epsagon/epsagon-python,OD-Vic,b985d8412848f9a0c98e2f15ae0967a6dba3517f,true,tests/wrappers/test_python_function.py::test_function_wrapper_function_exception,fail,unknown,0,0,100,1,false,could_not_reproduce,,results/idoft-od/epsagon-python-tests_wrappers_test_python_function_py__test_function_wrappe.json
HARK,https://github.com/econ-ark/HARK,OD-Vic,f18dc69520db9e15d1d355e604ff712d38ce3d2b,true,HARK/ConsumptionSaving/tests/test_ConsAggShockModel.py::KrusellSmithAgentTestCase::test_agent,pass,pass,4,1,100,6,true,vic_confirmed,,results/idoft-od/HARK-hark_consumptionsaving_tests_test_consaggshockmodel_py__krus.json
epsagon-python,https://github.com/epsagon/epsagon-python,OD-Vic,b985d8412848f9a0c98e2f15ae0967a6dba3517f,true,tests/wrappers/test_python_function.py::test_function_wrapper_sanity,fail,unknown,0,0,100,1,false,could_not_reproduce,,results/idoft-od/epsagon-python-tests_wrappers_test_python_function_py__test_function_wrappe.json
epsagon-python,https://github.com/epsagon/epsagon-python,OD-Vic,b985d8412848f9a0c98e2f15ae0967a6dba3517f,true,tests/wrappers/test_python_function.py::test_python_wrapper_python_runner_factory_failed,fail,unknown,0,0,100,1,false,could_not_reproduce,,results/idoft-od/epsagon-python-tests_wrappers_test_python_function_py__test_python_wrapper_.json
ColonyScanalyser,https://github.com/Erik-White/ColonyScanalyser,OD-Vic,38034b7d62a7c4f72a9f6981d0218c23f22cc7c8,true,tests/unit/test_base.py::TestUnique::test_init,pass,pass,3,1,100,5,true,vic_confirmed,,results/idoft-od/ColonyScanalyser-tests_unit_test_base_py__testunique__test_init.json
ColonyScanalyser,https://github.com/Erik-White/ColonyScanalyser,OD-Vic,38034b7d62a7c4f72a9f6981d0218c23f22cc7c8,true,tests/unit/test_base.py::TestUnique::test_unique,pass,fail,0,0,100,1,true,vic_confirmed,,results/idoft-od/ColonyScanalyser-tests_unit_test_base_py__testunique__test_unique.json
reframe,https://github.com/eth-cscs/reframe,OD-Brit,576eb3f1dcc015d1e6d7a10602c748d4f810da68,true,unittests/test_check_filters.py::TestCheckFilters::test_have_cpu_only,fail,skipped,0,0,100,0,true,brit_confirmed,,results/idoft-od/reframe-unittests_test_check_filters_py__testcheckfilters__test_have.json
reframe,https://github.com/eth-cscs/reframe,OD-Brit,576eb3f1dcc015d1e6d7a10602c748d4f810da68,true,unittests/test_check_filters.py::TestCheckFilters::test_have_gpu_only,fail,skipped,0,0,100,0,true,brit_confirmed,,results/idoft-od/reframe-unittests_test_check_filters_py__testcheckfilters__test_have.json
reframe,https://github.com/eth-cscs/reframe,OD-Brit,576eb3f1dcc015d1e6d7a10602c748d4f810da68,true,unittests/test_check_filters.py::TestCheckFilters::test_have_name,fail,skipped,0,0,100,0,true,brit_confirmed,,results/idoft-od/reframe-unittests_test_check_filters_py__testcheckfilters__test_have.json
reframe,https://github.com/eth-cscs/reframe,OD-Brit,576eb3f1dcc015d1e6d7a10602c748d4f810da68,true,unittests/test_check_filters.py::TestCheckFilters::test_have_not_name,fail,skipped,0,0,100,0,true,brit_confirmed,,results/idoft-od/reframe-unittests_test_check_filters_py__testcheckfilters__test_have.json
reframe,https://github.com/eth-cscs/reframe,OD-Brit,576eb3f1dcc015d1e6d7a10602c748d4f810da68,true,unittests/test_check_filters.py::TestCheckFilters::test_have_prgenv,fail,skipped,0,0,100,0,true,brit_confirmed,,results/idoft-od/reframe-unittests_test_check_filters_py__testcheckfilters__test_have.json
reframe,https://github.com/eth-cscs/reframe,OD-Brit,576eb3f1dcc015d1e6d7a10602c748d4f810da68,true,unittests/test_check_filters.py::TestCheckFilters::test_have_tags,fail,skipped,0,0,100,0,true,brit_confirmed,,results/idoft-od/reframe-unittests_test_check_filters_py__testcheckfilters__test_have.json
reframe,https://github.com/eth-cscs/reframe,OD-Brit,576eb3f1dcc015d1e6d7a10602c748d4f810da68,true,unittests/test_check_filters.py::TestCheckFilters::test_invalid_regex,fail,skipped,0,0,100,0,true,brit_confirmed,,results/idoft-od/reframe-unittests_test_check_filters_py__testcheckfilters__test_inva.json
reframe,https://github.com/eth-cscs/reframe,OD-Brit,576eb3f1dcc015d1e6d7a10602c748d4f810da68,true,unittests/test_check_filters.py::TestCheckFilters::test_partition,fail,skipped,0,0,100,0,true,brit_confirmed,,results/idoft-od/reframe-unittests_test_check_filters_py__testcheckfilters__test_part.json
reframe,https://github.com/eth-cscs/reframe,OD-Brit,576eb3f1dcc015d1e6d7a10602c748d4f810da68,true,unittests/test_environments.py::TestEnvironment::test_environ_snapshot,fail,skipped,0,0,100,0,true,brit_confirmed,,results/idoft-od/reframe-unittests_test_environments_py__testenvironment__test_enviro.json
reframe,https://github.com/eth-cscs/reframe,OD-Brit,576eb3f1dcc015d1e6d7a10602c748d4f810da68,true,unittests/test_environments.py::TestEnvironment::test_immutability,fail,skipped,0,0,100,0,true,brit_confirmed,,results/idoft-od/reframe-unittests_test_environments_py__testenvironment__test_immuta.json
reframe,https://github.com/eth-cscs/reframe,OD-Brit,576eb3f1dcc015d1e6d7a10602c748d4f810da68,true,unittests/test_environments.py::TestEnvironment::test_load_non_overlapping,fail,skipped,0,0,100,0,true,brit_confirmed,,results/idoft-od/reframe-unittests_test_environments_py__testenvironment__test_load_n.json
reframe,https://github.com/eth-cscs/reframe,OD-Brit,576eb3f1dcc015d1e6d7a10602c748d4f810da68,true,unittests/test_environments.py::TestEnvironment::test_load_overlapping,fail,skipped,0,0,100,0,true,brit_confirmed,,results/idoft-od/reframe-unittests_test_environments_py__testenvironment__test_load_o.json
reframe,https://github.com/eth-cscs/reframe,OD-Brit,576eb3f1dcc015d1e6d7a10602c748d4f810da68,true,unittests/test_environments.py::TestEnvironment::test_load_restore,fail,skipped,0,0,100,0,true,brit_confirmed,,results/idoft-od/reframe-unittests_test_environments_py__testenvironment__test_load_r.json
reframe,https://github.com/eth-cscs/reframe,OD-Brit,576eb3f1dcc015d1e6d7a10602c748d4f810da68,true,unittests/test_environments.py::TestEnvironment::test_setup,fail,skipped,0,0,100,0,true,brit_confirmed,,results/idoft-od/reframe-unittests_test_environments_py__testenvironment__test_setup.json
reframe,https://github.com/eth-cscs/reframe,OD-Brit,576eb3f1dcc015d1e6d7a10602c748d4f810da68,true,unittests/test_loader.py::TestRegressionCheckLoader::test_conflicted_checks,fail,skipped,0,0,100,0,true,brit_confirmed,,results/idoft-od/reframe-unittests_test_loader_py__testregressioncheckloader__test_co.json
reframe,https://github.com/eth-cscs/reframe,OD-Brit,576eb3f1dcc015d1e6d7a10602c748d4f810da68,true,unittests/test_loader.py::TestRegressionCheckLoader::test_load_all,fail,skipped,0,0,100,0,true,brit_confirmed,,results/idoft-od/reframe-unittests_test_loader_py__testregressioncheckloader__test_lo.json
reframe,https://github.com/eth-cscs/reframe,OD-Brit,576eb3f1dcc015d1e6d7a10602c748d4f810da68,true,unittests/test_loader.py::TestRegressionCheckLoader::test_load_bad_init,fail,skipped,0,0,100,0,true,brit_confirmed,,results/idoft-od/reframe-unittests_test_loader_py__testregressioncheckloader__test_lo.json
reframe,https://github.com/eth-cscs/reframe,OD-Brit,576eb3f1dcc015d1e6d7a10602c748d4f810da68,true,unittests/test_loader.py::TestRegressionCheckLoader::test_load_file_absolute,fail,skipped,0,0,100,0,true,brit_confirmed,,results/idoft-od/reframe-unittests_test_loader_py__testregressioncheckloader__test_lo.json
reframe,https://github.com/eth-cscs/reframe,OD-Brit,576eb3f1dcc015d1e6d7a10602c748d4f810da68,true,unittests/test_loader.py::TestRegressionCheckLoader::test_load_file_relative,fail,skipped,0,0,100,0,true,brit_confirmed,,results/idoft-od/reframe-unittests_test_loader_py__testregressioncheckloader__test_lo.json
reframe,https://github.com/eth-cscs/reframe,OD-Brit,576eb3f1dcc015d1e6d7a10602c748d4f810da68,true,unittests/test_loader.py::TestRegressionCheckLoader::test_load_new_syntax,fail,skipped,0,0,100,0,true,brit_confirmed,,results/idoft-od/reframe-unittests_test_loader_py__testregressioncheckloader__test_lo.json
reframe,https://github.com/eth-cscs/reframe,OD-Brit,576eb3f1dcc015d1e6d7a10602c748d4f810da68,true,unittests/test_loader.py::TestRegressionCheckLoader::test_load_recursive,fail,skipped,0,0,100,0,true,brit_confirmed,,results/idoft-od/reframe-unittests_test_loader_py__testregressioncheckloader__test_lo.json
reframe,https://github.com/eth-cscs/reframe,OD-Brit,576eb3f1dcc015d1e6d7a10602c748d4f810da68,true,unittests/test_logging.py::TestLogger::test_check_logger,fail,skipped,0,0,100,0,true,brit_confirmed,,results/idoft-od/reframe-unittests_test_logging_py__testlogger__test_check_logger.json
reframe,https://github.com/eth-cscs/reframe,OD-Brit,576eb3f1dcc015d1e6d7a10602c748d4f810da68,true,unittests/test_logging.py::TestLogger::test_custom_handler_levels,fail,skipped,0,0,100,0,true,brit_confirmed,,results/idoft-od/reframe-unittests_test_logging_py__testlogger__test_custom_handler_l.json
reframe,https://github.com/eth-cscs/reframe,OD-Brit,576eb3f1dcc015d1e6d7a10602c748d4f810da68,true,unittests/test_logging.py::TestLogger::test_custom_loglevels,fail,skipped,0,0,100,0,true,brit_confirmed,,results/idoft-od/reframe-unittests_test_logging_py__testlogger__test_custom_loglevels.json
reframe,https://github.com/eth-cscs/reframe,OD-Brit,576eb3f1dcc015d1e6d7a10602c748d4f810da68,true,unittests/test_logging.py::TestLogger::test_handler_types,fail,skipped,0,0,100,0,true,brit_confirmed,,results/idoft-od/reframe-unittests_test_logging_py__testlogger__test_handler_types.json
reframe,https://github.com/eth-cscs/reframe,OD-Brit,576eb3f1dcc015d1e6d7a10602c748d4f810da68,true,unittests/test_logging.py::TestLogger::test_invalid_loglevel,fail,skipped,0,0,100,0,true,brit_confirmed,,results/idoft-od/reframe-unittests_test_logging_py__testlogger__test_invalid_loglevel.json
reframe,https://github.com/eth-cscs/reframe,OD-Brit,576eb3f1dcc015d1e6d7a10602c748d4f810da68,true,unittests/test_logging.py::TestLogger::test_logger_levels,fail,skipped,0,0,100,0,true,brit_confirmed,,results/idoft-od/reframe-unittests_test_logging_py__testlogger__test_logger_levels.json
reframe,https://github.com/eth-cscs/reframe,OD-Brit,576eb3f1dcc015d1e6d7a10602c748d4f810da68,true,unittests/test_logging.py::TestLogger::test_rfc3339_timezone_extension,fail,skipped,0,0,100,0,true,brit_confirmed,,results/idoft-od/reframe-unittests_test_logging_py__testlogger__test_rfc3339_timezone.json
reframe,https://github.com/eth-cscs/reframe,OD-Brit,576eb3f1dcc015d1e6d7a10602c748d4f810da68,true,unittests/test_logging.py::TestLogger::test_rfc3339_timezone_wrong_directive,fail,skipped,0,0,100,0,true,brit_confirmed,,results/idoft-od/reframe-unittests_test_logging_py__testlogger__test_rfc3339_timezone.json
reframe,https://github.com/eth-cscs/reframe,OD-Brit,576eb3f1dcc015d1e6d7a10602c748d4f810da68,true,unittests/test_pipeline.py::test_environ_setup,fail,skipped,0,0,100,0,true,brit_confirmed,,results/idoft-od/reframe-unittests_test_pipeline_py__test_environ_setup.json
reframe,https://github.com/eth-cscs/reframe,OD-Brit,576eb3f1dcc015d1e6d7a10602c748d4f810da68,true,unittests/test_pipeline.py::test_hellocheck_local,fail,skipped,0,0,100,0,true,brit_confirmed,,results/idoft-od/reframe-unittests_test_pipeline_py__test_hellocheck_local.json
reframe,https://github.com/eth-cscs/reframe,OD-Brit,576eb3f1dcc015d1e6d7a10602c748d4f810da68,true,unittests/test_pipeline.py::test_hellocheck_local_prepost_run,fail,skipped,0,0,100,0,true,brit_confirmed,,results/idoft-od/reframe-unittests_test_pipeline_py__test_hellocheck_local_prepost_ru.json
reframe,https://github.com/eth-cscs/reframe,OD-Brit,576eb3f1dcc015d1e6d7a10602c748d4f810da68,true,unittests/test_pipeline.py::test_name_compileonly_test,fail,skipped,0,0,100,0,true,brit_confirmed,,results/idoft-od/reframe-unittests_test_pipeline_py__test_name_compileonly_test.json
reframe,https://github.com/eth-cscs/reframe,OD-Brit,576eb3f1dcc015d1e6d7a10602c748d4f810da68,true,unittests/test_pipeline.py::test_name_runonly_test,fail,skipped,0,0,100,0,true,brit_confirmed,,results/idoft-od/reframe-unittests_test_pipeline_py__test_name_runonly_test.json
reframe,https://github.com/eth-cscs/reframe,OD-Brit,576eb3f1dcc015d1e6d7a10602c748d4f810da68,true,unittests/test_pipeline.py::test_name_user_inheritance,fail,skipped,0,0,100,0,true,brit_confirmed,,results/idoft-od/reframe-unittests_test_pipeline_py__test_name_user_inheritance.json
reframe,https://github.com/eth-cscs/reframe,OD-Brit,576eb3f1dcc015d1e6d7a10602c748d4f810da68,true,unittests/test_pipeline.py::test_registration_of_tests,fail,skipped,0,0,100,0,true,brit_confirmed,,results/idoft-od/reframe-unittests_test_pipeline_py__test_registration_of_tests.json
reframe,https://github.com/eth-cscs/reframe,OD-Brit,576eb3f1dcc015d1e6d7a10602c748d4f810da68,true,unittests/test_pipeline.py::test_regression_test_name,fail,skipped,0,0,100,0,true,brit_confirmed,,results/idoft-od/reframe-unittests_test_pipeline_py__test_regression_test_name.json
reframe,https://github.com/eth-cscs/reframe,OD-Brit,576eb3f1dcc015d1e6d7a10602c748d4f810da68,true,unittests/test_pipeline.py::test_strange_test_names,fail,skipped,0,0,100,0,true,brit_confirmed,,results/idoft-od/reframe-unittests_test_pipeline_py__test_strange_test_names.json
reframe,https://github.com/eth-cscs/reframe,OD-Brit,576eb3f1dcc015d1e6d7a10602c748d4f810da68,true,unittests/test_pipeline.py::test_supports_environ,fail,skipped,0,0,100,0,true,brit_confirmed,,results/idoft-od/reframe-unittests_test_pipeline_py__test_supports_environ.json
reframe,https://github.com/eth-cscs/reframe,OD-Brit,576eb3f1dcc015d1e6d7a10602c748d4f810da68,true,unittests/test_pipeline.py::test_supports_system,fail,skipped,0,0,100,0,true,brit_confirmed,,results/idoft-od/reframe-unittests_test_pipeline_py__test_supports_system.json
reframe,https://github.com/eth-cscs/reframe,OD-Vic,576eb3f1dcc015d1e6d7a10602c748d4f810da68,true,unittests/test_policies.py::test_concurrency_limited,fail,error,0,0,100,1,false,could_not_reproduce,,results/idoft-od/reframe-unittests_test_policies_py__test_concurrency_limited.json
reframe,https://github.com/eth-cscs/reframe,OD-Brit,576eb3f1dcc015d1e6d7a10602c748d4f810da68,true,unittests/test_policies.py::test_dependencies[SerialExecutionPolicy],fail,skipped,0,0,100,0,true,brit_confirmed,,results/idoft-od/reframe-unittests_test_policies_py__test_dependencies_serialexecutio.json
reframe,https://github.com/eth-cscs/reframe,OD-Brit,576eb3f1dcc015d1e6d7a10602c748d4f810da68,true,unittests/test_policies.py::test_dependencies_with_retries[SerialExecutionPolicy],fail,skipped,0,0,100,0,true,brit_confirmed,,results/idoft-od/reframe-unittests_test_policies_py__test_dependencies_with_retries_s.json
reframe,https://github.com/eth-cscs/reframe,OD-Brit,576eb3f1dcc015d1e6d7a10602c748d4f810da68,true,unittests/test_schedulers.py::test_cancel[local],fail,skipped,0,0,100,0,true,brit_confirmed,,results/idoft-od/reframe-unittests_test_schedulers_py__test_cancel_local_.json
reframe,https://github.com/eth-cscs/reframe,OD-Brit,576eb3f1dcc015d1e6d7a10602c748d4f810da68,true,unittests/test_schedulers.py::test_cancel_before_submit[local],fail,skipped,0,0,100,0,true,brit_confirmed,,results/idoft-od/reframe-unittests_test_schedulers_py__test_cancel_before_submit_loca.json
reframe,https://github.com/eth-cscs/reframe,OD-Brit,576eb3f1dcc015d1e6d7a10602c748d4f810da68,true,unittests/test_schedulers.py::test_cancel_before_submit[pbs],fail,skipped,0,0,100,0,true,brit_confirmed,,results/idoft-od/reframe-unittests_test_schedulers_py__test_cancel_before_submit_pbs_.json
reframe,https://github.com/eth-cscs/reframe,OD-Brit,576eb3f1dcc015d1e6d7a10602c748d4f810da68,true,unittests/test_schedulers.py::test_cancel_before_submit[slurm],fail,skipped,0,0,100,0,true,brit_confirmed,,results/idoft-od/reframe-unittests_test_schedulers_py__test_cancel_before_submit_slur.json
reframe,https://github.com/eth-cscs/reframe,OD-Brit,576eb3f1dcc015d1e6d7a10602c748d4f810da68,true,unittests/test_schedulers.py::test_cancel_before_submit[squeue],fail,skipped,0,0,100,0,true,brit_confirmed,,results/idoft-od/reframe-unittests_test_schedulers_py__test_cancel_before_submit_sque.json
reframe,https://github.com/eth-cscs/reframe,OD-Brit,576eb3f1dcc015d1e6d7a10602c748d4f810da68,true,unittests/test_schedulers.py::test_cancel_before_submit[torque],fail,skipped,0,0,100,0,true,brit_confirmed,,results/idoft-od/reframe-unittests_test_schedulers_py__test_cancel_before_submit_torq.json
reframe,https://github.com/eth-cscs/reframe,OD-Brit,576eb3f1dcc015d1e6d7a10602c748d4f810da68,true,unittests/test_schedulers.py::test_cancel_term_ignore[local],fail,skipped,0,0,100,0,true,brit_confirmed,,results/idoft-od/reframe-unittests_test_schedulers_py__test_cancel_term_ignore_local_.json
reframe,https://github.com/eth-cscs/reframe,OD-Brit,576eb3f1dcc015d1e6d7a10602c748d4f810da68,true,unittests/test_schedulers.py::test_cancel_with_grace[local],fail,skipped,0,0,100,0,true,brit_confirmed,,results/idoft-od/reframe-unittests_test_schedulers_py__test_cancel_with_grace_local_.json
reframe,https://github.com/eth-cscs/reframe,OD-Brit,576eb3f1dcc015d1e6d7a10602c748d4f810da68,true,unittests/test_schedulers.py::test_combined_access_constraint[slurm],fail,skipped,0,0,100,0,true,brit_confirmed,,results/idoft-od/reframe-unittests_test_schedulers_py__test_combined_access_constrain.json
reframe,https://github.com/eth-cscs/reframe,OD-Brit,576eb3f1dcc015d1e6d7a10602c748d4f810da68,true,unittests/test_schedulers.py::test_combined_access_constraint[squeue],fail,skipped,0,0,100,0,true,brit_confirmed,,results/idoft-od/reframe-unittests_test_schedulers_py__test_combined_access_constrain.json
reframe,https://github.com/eth-cscs/reframe,OD-Brit,576eb3f1dcc015d1e6d7a10602c748d4f810da68,true,unittests/test_schedulers.py::test_combined_access_multiple_constraints[slurm],fail,skipped,0,0,100,0,true,brit_confirmed,,results/idoft-od/reframe-unittests_test_schedulers_py__test_combined_access_multiple_.json
reframe,https://github.com/eth-cscs/reframe,OD-Brit,576eb3f1dcc015d1e6d7a10602c748d4f810da68,true,unittests/test_schedulers.py::test_combined_access_verbatim_constraint[slurm],fail,skipped,0,0,100,0,true,brit_confirmed,,results/idoft-od/reframe-unittests_test_schedulers_py__test_combined_access_verbatim_.json
reframe,https://github.com/eth-cscs/reframe,OD-Brit,576eb3f1dcc015d1e6d7a10602c748d4f810da68,true,unittests/test_schedulers.py::test_flex_alloc_constraint_idle,fail,skipped,0,0,100,0,true,brit_confirmed,,results/idoft-od/reframe-unittests_test_schedulers_py__test_flex_alloc_constraint_idl.json
reframe,https://github.com/eth-cscs/reframe,OD-Brit,576eb3f1dcc015d1e6d7a10602c748d4f810da68,true,unittests/test_schedulers.py::test_flex_alloc_default_partition_all,fail,skipped,0,0,100,0,true,brit_confirmed,,results/idoft-od/reframe-unittests_test_schedulers_py__test_flex_alloc_default_partit.json
reframe,https://github.com/eth-cscs/reframe,OD-Brit,576eb3f1dcc015d1e6d7a10602c748d4f810da68,true,unittests/test_schedulers.py::test_flex_alloc_enough_nodes_constraint_partition,fail,skipped,0,0,100,0,true,brit_confirmed,,results/idoft-od/reframe-unittests_test_schedulers_py__test_flex_alloc_enough_nodes_c.json
reframe,https://github.com/eth-cscs/reframe,OD-Brit,576eb3f1dcc015d1e6d7a10602c748d4f810da68,true,unittests/test_schedulers.py::test_flex_alloc_exclude_nodes_cmd,fail,skipped,0,0,100,0,true,brit_confirmed,,results/idoft-od/reframe-unittests_test_schedulers_py__test_flex_alloc_exclude_nodes_.json
reframe,https://github.com/eth-cscs/reframe,OD-Brit,576eb3f1dcc015d1e6d7a10602c748d4f810da68,true,unittests/test_schedulers.py::test_flex_alloc_exclude_nodes_opt,fail,skipped,0,0,100,0,true,brit_confirmed,,results/idoft-od/reframe-unittests_test_schedulers_py__test_flex_alloc_exclude_nodes_.json
reframe,https://github.com/eth-cscs/reframe,OD-Brit,576eb3f1dcc015d1e6d7a10602c748d4f810da68,true,unittests/test_schedulers.py::test_flex_alloc_invalid_constraint,fail,skipped,0,0,100,0,true,brit_confirmed,,results/idoft-od/reframe-unittests_test_schedulers_py__test_flex_alloc_invalid_constr.json
reframe,https://github.com/eth-cscs/reframe,OD-Brit,576eb3f1dcc015d1e6d7a10602c748d4f810da68,true,unittests/test_schedulers.py::test_flex_alloc_invalid_partition_opt,fail,skipped,0,0,100,0,true,brit_confirmed,,results/idoft-od/reframe-unittests_test_schedulers_py__test_flex_alloc_invalid_partit.json
reframe,https://github.com/eth-cscs/reframe,OD-Brit,576eb3f1dcc015d1e6d7a10602c748d4f810da68,true,unittests/test_schedulers.py::test_flex_alloc_maintenance_nodes,fail,skipped,0,0,100,0,true,brit_confirmed,,results/idoft-od/reframe-unittests_test_schedulers_py__test_flex_alloc_maintenance_no.json
reframe,https://github.com/eth-cscs/reframe,OD-Brit,576eb3f1dcc015d1e6d7a10602c748d4f810da68,true,unittests/test_schedulers.py::test_flex_alloc_nodes_negative,fail,skipped,0,0,100,0,true,brit_confirmed,,results/idoft-od/reframe-unittests_test_schedulers_py__test_flex_alloc_nodes_negative.json
reframe,https://github.com/eth-cscs/reframe,OD-Brit,576eb3f1dcc015d1e6d7a10602c748d4f810da68,true,unittests/test_schedulers.py::test_flex_alloc_nodes_positive,fail,skipped,0,0,100,0,true,brit_confirmed,,results/idoft-od/reframe-unittests_test_schedulers_py__test_flex_alloc_nodes_positive.json
reframe,https://github.com/eth-cscs/reframe,OD-Brit,576eb3f1dcc015d1e6d7a10602c748d4f810da68,true,unittests/test_schedulers.py::test_flex_alloc_not_enough_idle_nodes,fail,skipped,0,0,100,0,true,brit_confirmed,,results/idoft-od/reframe-unittests_test_schedulers_py__test_flex_alloc_not_enough_idl.json
reframe,https://github.com/eth-cscs/reframe,OD-Brit,576eb3f1dcc015d1e6d7a10602c748d4f810da68,true,unittests/test_schedulers.py::test_flex_alloc_not_enough_nodes_constraint_partition,fail,skipped,0,0,100,0,true,brit_confirmed,,results/idoft-od/reframe-unittests_test_schedulers_py__test_flex_alloc_not_enough_nod.json
reframe,https://github.com/eth-cscs/reframe,OD-Brit,576eb3f1dcc015d1e6d7a10602c748d4f810da68,true,unittests/test_schedulers.py::test_flex_alloc_no_num_tasks_per_node,fail,skipped,0,0,100,0,true,brit_confirmed,,results/idoft-od/reframe-unittests_test_schedulers_py__test_flex_alloc_no_num_tasks_p.json
reframe,https://github.com/eth-cscs/reframe,OD-Brit,576eb3f1dcc015d1e6d7a10602c748d4f810da68,true,unittests/test_schedulers.py::test_flex_alloc_partition_idle,fail,skipped,0,0,100,0,true,brit_confirmed,,results/idoft-od/reframe-unittests_test_schedulers_py__test_flex_alloc_partition_idle.json
reframe,https://github.com/eth-cscs/reframe,OD-Brit,576eb3f1dcc015d1e6d7a10602c748d4f810da68,true,unittests/test_schedulers.py::test_flex_alloc_sched_access_idle,fail,skipped,0,0,100,0,true,brit_confirmed,,results/idoft-od/reframe-unittests_test_schedulers_py__test_flex_alloc_sched_access_i.json
reframe,https://github.com/eth-cscs/reframe,OD-Brit,576eb3f1dcc015d1e6d7a10602c748d4f810da68,true,unittests/test_schedulers.py::test_flex_alloc_sched_access_idle_sequence_view,fail,skipped,0,0,100,0,true,brit_confirmed,,results/idoft-od/reframe-unittests_test_schedulers_py__test_flex_alloc_sched_access_i.json
reframe,https://github.com/eth-cscs/reframe,OD-Brit,576eb3f1dcc015d1e6d7a10602c748d4f810da68,true,unittests/test_schedulers.py::test_flex_alloc_sched_access_partition,fail,skipped,0,0,100,0,true,brit_confirmed,,results/idoft-od/reframe-unittests_test_schedulers_py__test_flex_alloc_sched_access_p.json
reframe,https://github.com/eth-cscs/reframe,OD-Brit,576eb3f1dcc015d1e6d7a10602c748d4f810da68,true,unittests/test_schedulers.py::test_flex_alloc_valid_constraint_opt,fail,skipped,0,0,100,0,true,brit_confirmed,,results/idoft-od/reframe-unittests_test_schedulers_py__test_flex_alloc_valid_constrai.json
reframe,https://github.com/eth-cscs/reframe,OD-Brit,576eb3f1dcc015d1e6d7a10602c748d4f810da68,true,unittests/test_schedulers.py::test_flex_alloc_valid_constraint_partition,fail,skipped,0,0,100,0,true,brit_confirmed,,results/idoft-od/reframe-unittests_test_schedulers_py__test_flex_alloc_valid_constrai.json
reframe,https://github.com/eth-cscs/reframe,OD-Brit,576eb3f1dcc015d1e6d7a10602c748d4f810da68,true,unittests/test_schedulers.py::test_flex_alloc_valid_multiple_constraints,fail,skipped,0,0,100,0,true,brit_confirmed,,results/idoft-od/reframe-unittests_test_schedulers_py__test_flex_alloc_valid_multiple.json
reframe,https://github.com/eth-cscs/reframe,OD-Brit,576eb3f1dcc015d1e6d7a10602c748d4f810da68,true,unittests/test_schedulers.py::test_flex_alloc_valid_multiple_partitions,fail,skipped,0,0,100,0,true,brit_confirmed,,results/idoft-od/reframe-unittests_test_schedulers_py__test_flex_alloc_valid_multiple.json
reframe,https://github.com/eth-cscs/reframe,OD-Brit,576eb3f1dcc015d1e6d7a10602c748d4f810da68,true,unittests/test_schedulers.py::test_flex_alloc_valid_partition_cmd,fail,skipped,0,0,100,0,true,brit_confirmed,,results/idoft-od/reframe-unittests_test_schedulers_py__test_flex_alloc_valid_partitio.json
reframe,https://github.com/eth-cscs/reframe,OD-Brit,576eb3f1dcc015d1e6d7a10602c748d4f810da68,true,unittests/test_schedulers.py::test_flex_alloc_valid_partition_opt,fail,skipped,0,0,100,0,true,brit_confirmed,,results/idoft-od/reframe-unittests_test_schedulers_py__test_flex_alloc_valid_partitio.json
reframe,https://github.com/eth-cscs/reframe,OD-Brit,576eb3f1dcc015d1e6d7a10602c748d4f810da68,true,unittests/test_schedulers.py::test_flex_alloc_valid_reservation_cmd,fail,skipped,0,0,100,0,true,brit_confirmed,,results/idoft-od/reframe-unittests_test_schedulers_py__test_flex_alloc_valid_reservat.json
reframe,https://github.com/eth-cscs/reframe,OD-Brit,576eb3f1dcc015d1e6d7a10602c748d4f810da68,true,unittests/test_schedulers.py::test_flex_alloc_valid_reservation_option,fail,skipped,0,0,100,0,true,brit_confirmed,,results/idoft-od/reframe-unittests_test_schedulers_py__test_flex_alloc_valid_reservat.json
reframe,https://github.com/eth-cscs/reframe,OD-Brit,576eb3f1dcc015d1e6d7a10602c748d4f810da68,true,unittests/test_schedulers.py::test_guess_num_tasks[slurm],fail,skipped,0,0,100,0,true,brit_confirmed,,results/idoft-od/reframe-unittests_test_schedulers_py__test_guess_num_tasks_slurm_.json
reframe,https://github.com/eth-cscs/reframe,OD-Brit,576eb3f1dcc015d1e6d7a10602c748d4f810da68,true,unittests/test_schedulers.py::test_guess_num_tasks[squeue],fail,skipped,0,0,100,0,true,brit_confirmed,,results/idoft-od/reframe-unittests_test_schedulers_py__test_guess_num_tasks_squeue_.json
reframe,https://github.com/eth-cscs/reframe,OD-Brit,576eb3f1dcc015d1e6d7a10602c748d4f810da68,true,unittests/test_schedulers.py::test_guess_num_tasks[torque],fail,skipped,0,0,100,0,true,brit_confirmed,,results/idoft-od/reframe-unittests_test_schedulers_py__test_guess_num_tasks_torque_.json
reframe,https://github.com/eth-cscs/reframe,OD-Brit,576eb3f1dcc015d1e6d7a10602c748d4f810da68,true,unittests/test_schedulers.py::test_no_empty_lines_in_preamble[pbs],fail,skipped,0,0,100,0,true,brit_confirmed,,results/idoft-od/reframe-unittests_test_schedulers_py__test_no_empty_lines_in_preambl.json
reframe,https://github.com/eth-cscs/reframe,OD-Brit,576eb3f1dcc015d1e6d7a10602c748d4f810da68,true,unittests/test_schedulers.py::test_no_empty_lines_in_preamble[slurm],fail,skipped,0,0,100,0,true,brit_confirmed,,results/idoft-od/reframe-unittests_test_schedulers_py__test_no_empty_lines_in_preambl.json
reframe,https://github.com/eth-cscs/reframe,OD-Brit,576eb3f1dcc015d1e6d7a10602c748d4f810da68,true,unittests/test_schedulers.py::test_no_empty_lines_in_preamble[squeue],fail,skipped,0,0,100,0,true,brit_confirmed,,results/idoft-od/reframe-unittests_test_schedulers_py__test_no_empty_lines_in_preambl.json
reframe,https://github.com/eth-cscs/reframe,OD-Brit,576eb3f1dcc015d1e6d7a10602c748d4f810da68,true,unittests/test_schedulers.py::test_no_empty_lines_in_preamble[torque],fail,skipped,0,0,100,0,true,brit_confirmed,,results/idoft-od/reframe-unittests_test_schedulers_py__test_no_empty_lines_in_preambl.json
reframe,https://github.com/eth-cscs/reframe,OD-Brit,576eb3f1dcc015d1e6d7a10602c748d4f810da68,true,unittests/test_schedulers.py::test_poll_before_submit[local],fail,skipped,0,0,100,0,true,brit_confirmed,,results/idoft-od/reframe-unittests_test_schedulers_py__test_poll_before_submit_local_.json
reframe,https://github.com/eth-cscs/reframe,OD-Brit,576eb3f1dcc015d1e6d7a10602c748d4f810da68,true,unittests/test_schedulers.py::test_poll_before_submit[pbs],fail,skipped,0,0,100,0,true,brit_confirmed,,results/idoft-od/reframe-unittests_test_schedulers_py__test_poll_before_submit_pbs_.json
reframe,https://github.com/eth-cscs/reframe,OD-Brit,576eb3f1dcc015d1e6d7a10602c748d4f810da68,true,unittests/test_schedulers.py::test_poll_before_submit[slurm],fail,skipped,0,0,100,0,true,brit_confirmed,,results/idoft-od/reframe-unittests_test_schedulers_py__test_poll_before_submit_slurm_.json
reframe,https://github.com/eth-cscs/reframe,OD-Brit,576eb3f1dcc015d1e6d7a10602c748d4f810da68,true,unittests/test_schedulers.py::test_poll_before_submit[squeue],fail,skipped,0,0,100,0,true,brit_confirmed,,results/idoft-od/reframe-unittests_test_schedulers_py__test_poll_before_submit_squeue.json
reframe,https://github.com/eth-cscs/reframe,OD-Brit,576eb3f1dcc015d1e6d7a10602c748d4f810da68,true,unittests/test_schedulers.py::test_poll_before_submit[torque],fail,skipped,0,0,100,0,true,brit_confirmed,,results/idoft-od/reframe-unittests_test_schedulers_py__test_poll_before_submit_torque.json
reframe,https://github.com/eth-cscs/reframe,OD-Brit,576eb3f1dcc015d1e6d7a10602c748d4f810da68,true,unittests/test_schedulers.py::test_prepare[local],fail,skipped,0,0,100,0,true,brit_confirmed,,results/idoft-od/reframe-unittests_test_schedulers_py__test_prepare_local_.json
reframe,https://github.com/eth-cscs/reframe,OD-Brit,576eb3f1dcc015d1e6d7a10602c748d4f810da68,true,unittests/test_schedulers.py::test_prepare[pbs],fail,skipped,0,0,100,0,true,brit_confirmed,,results/idoft-od/reframe-unittests_test_schedulers_py__test_prepare_pbs_.json
reframe,https://github.com/eth-cscs/reframe,OD-Brit,576eb3f1dcc015d1e6d7a10602c748d4f810da68,true,unittests/test_schedulers.py::test_prepare[slurm],fail,skipped,0,0,100,0,true,brit_confirmed,,results/idoft-od/reframe-unittests_test_schedulers_py__test_prepare_slurm_.json
reframe,https://github.com/eth-cscs/reframe,OD-Brit,576eb3f1dcc015d1e6d7a10602c748d4f810da68,true,unittests/test_schedulers.py::test_prepare[squeue],fail,skipped,0,0,100,0,true,brit_confirmed,,results/idoft-od/reframe-unittests_test_schedulers_py__test_prepare_squeue_.json
reframe,https://github.com/eth-cscs/reframe,OD-Brit,576eb3f1dcc015d1e6d7a10602c748d4f810da68,true,unittests/test_schedulers.py::test_prepare[torque],fail,skipped,0,0,100,0,true,brit_confirmed,,results/idoft-od/reframe-unittests_test_schedulers_py__test_prepare_torque_.json
reframe,https://github.com/eth-cscs/reframe,OD-Brit,576eb3f1dcc015d1e6d7a10602c748d4f810da68,true,unittests/test_schedulers.py::test_prepare_no_exclusive[slurm],fail,skipped,0,0,100,0,true,brit_confirmed,,results/idoft-od/reframe-unittests_test_schedulers_py__test_prepare_no_exclusive_slur.json
reframe,https://github.com/eth-cscs/reframe,OD-Brit,576eb3f1dcc015d1e6d7a10602c748d4f810da68,true,unittests/test_schedulers.py::test_prepare_no_exclusive[squeue],fail,skipped,0,0,100,0,true,brit_confirmed,,results/idoft-od/reframe-unittests_test_schedulers_py__test_prepare_no_exclusive_sque.json
reframe,https://github.com/eth-cscs/reframe,OD-Brit,576eb3f1dcc015d1e6d7a10602c748d4f810da68,true,unittests/test_schedulers.py::test_prepare_no_smt[squeue],fail,skipped,0,0,100,0,true,brit_confirmed,,results/idoft-od/reframe-unittests_test_schedulers_py__test_prepare_no_smt_squeue_.json
reframe,https://github.com/eth-cscs/reframe,OD-Brit,576eb3f1dcc015d1e6d7a10602c748d4f810da68,true,unittests/test_schedulers.py::test_prepare_without_smt[squeue],fail,skipped,0,0,100,0,true,brit_confirmed,,results/idoft-od/reframe-unittests_test_schedulers_py__test_prepare_without_smt_squeu.json
reframe,https://github.com/eth-cscs/reframe,OD-Brit,576eb3f1dcc015d1e6d7a10602c748d4f810da68,true,unittests/test_schedulers.py::test_prepare_with_smt[slurm],fail,skipped,0,0,100,0,true,brit_confirmed,,results/idoft-od/reframe-unittests_test_schedulers_py__test_prepare_with_smt_slurm_.json
reframe,https://github.com/eth-cscs/reframe,OD-Brit,576eb3f1dcc015d1e6d7a10602c748d4f810da68,true,unittests/test_schedulers.py::test_prepare_with_smt[squeue],fail,skipped,0,0,100,0,true,brit_confirmed,,results/idoft-od/reframe-unittests_test_schedulers_py__test_prepare_with_smt_squeue_.json
reframe,https://github.com/eth-cscs/reframe,OD-Brit,576eb3f1dcc015d1e6d7a10602c748d4f810da68,true,unittests/test_schedulers.py::test_submit[local],fail,skipped,0,0,100,0,true,brit_confirmed,,results/idoft-od/reframe-unittests_test_schedulers_py__test_submit_local_.json
reframe,https://github.com/eth-cscs/reframe,OD-Brit,576eb3f1dcc015d1e6d7a10602c748d4f810da68,true,unittests/test_schedulers.py::test_submit_timelimit[local],fail,skipped,0,0,100,0,true,brit_confirmed,,results/idoft-od/reframe-unittests_test_schedulers_py__test_submit_timelimit_local_.json
reframe,https://github.com/eth-cscs/reframe,OD-Brit,576eb3f1dcc015d1e6d7a10602c748d4f810da68,true,unittests/test_schedulers.py::test_wait_before_submit[local],fail,skipped,0,0,100,0,true,brit_confirmed,,results/idoft-od/reframe-unittests_test_schedulers_py__test_wait_before_submit_local_.json
reframe,https://github.com/eth-cscs/reframe,OD-Brit,576eb3f1dcc015d1e6d7a10602c748d4f810da68,true,unittests/test_schedulers.py::test_wait_before_submit[pbs],fail,skipped,0,0,100,0,true,brit_confirmed,,results/idoft-od/reframe-unittests_test_schedulers_py__test_wait_before_submit_pbs_.json
reframe,https://github.com/eth-cscs/reframe,OD-Brit,576eb3f1dcc015d1e6d7a10602c748d4f810da68,true,unittests/test_schedulers.py::test_wait_before_submit[slurm],fail,skipped,0,0,100,0,true,brit_confirmed,,results/idoft-od/reframe-unittests_test_schedulers_py__test_wait_before_submit_slurm_.json
reframe,https://github.com/eth-cscs/reframe,OD-Brit,576eb3f1dcc015d1e6d7a10602c748d4f810da68,true,unittests/test_schedulers.py::test_wait_before_submit[squeue],fail,skipped,0,0,100,0,true,brit_confirmed,,results/idoft-od/reframe-unittests_test_schedulers_py__test_wait_before_submit_squeue.json
reframe,https://github.com/eth-cscs/reframe,OD-Brit,576eb3f1dcc015d1e6d7a10602c748d4f810da68,true,unittests/test_schedulers.py::test_wait_before_submit[torque],fail,skipped,0,0,100,0,true,brit_confirmed,,results/idoft-od/reframe-unittests_test_schedulers_py__test_wait_before_submit_torque.json
HARK,https://github.com/econ-ark/HARK,OD-Vic,c9138af45fd0a0d97c718c8558f3ea8d9f2ae820,true,HARK/ConsumptionSaving/tests/test_ConsAggShockModel.py::testAggShockMarkovConsumerType::test_agent,pass,pass,4,1,100,6,true,vic_confirmed,,results/idoft-od/HARK-hark_consumptionsaving_tests_test_consaggshockmodel_py__test.json
uberdict,https://github.com/eukaryote/uberdict,OD-Vic,852b9d8b80ab032ce7eb5c439ea8084336b69d04,true,tests/test_uberdict.py::test_pickle_dumpsloads_dotted,pass,fail,0,0,100,1,true,vic_confirmed,,results/idoft-od/uberdict-tests_test_uberdict_py__test_pickle_dumpsloads_dotted.json
uberdict,https://github.com/eukaryote/uberdict,OD-Vic,852b9d8b80ab032ce7eb5c439ea8084336b69d04,true,tests/test_uberdict.py::test_pickle_dumpsloads_nested,pass,pass,0,1,100,2,true,vic_confirmed,,results/idoft-od/uberdict-tests_test_uberdict_py__test_pickle_dumpsloads_nested.json
uberdict,https://github.com/eukaryote/uberdict,OD-Vic,852b9d8b80ab032ce7eb5c439ea8084336b69d04,true,tests/test_uberdict.py::test_pickle_dumpsloads_nested_dotted,pass,fail,0,0,100,1,true,vic_confirmed,,results/idoft-od/uberdict-tests_test_uberdict_py__test_pickle_dumpsloads_nested_dotted.json
uberdict,https://github.com/eukaryote/uberdict,OD-Vic,852b9d8b80ab032ce7eb5c439ea8084336b69d04,true,tests/test_uberdict.py::test_pickle_dumpsloads_simple,pass,fail,0,0,100,1,true,vic_confirmed,,results/idoft-od/uberdict-tests_test_uberdict_py__test_pickle_dumpsloads_simple.json
python-n26,https://github.com/femueller/python-n26,OD-Brit,22cb609efbf5125e36879441ea20d5a1c2a51e98,true,tests/test_cards.py::CardsTests::test_block_card_cli_all,fail,skipped,0,0,100,0,true,brit_confirmed,,results/idoft-od/python-n26-tests_test_cards_py__cardstests__test_block_card_cli_all.json
python-n26,https://github.com/femueller/python-n26,OD-Brit,22cb609efbf5125e36879441ea20d5a1c2a51e98,true,tests/test_cards.py::CardsTests::test_block_card_cli_single,fail,skipped,0,0,100,0,true,brit_confirmed,,results/idoft-od/python-n26-tests_test_cards_py__cardstests__test_block_card_cli_single.json
python-n26,https://github.com/femueller/python-n26,OD-Brit,22cb609efbf5125e36879441ea20d5a1c2a51e98,true,tests/test_cards.py::CardsTests::test_unblock_card_cli_single,fail,skipped,0,0,100,0,true,brit_confirmed,,results/idoft-od/python-n26-tests_test_cards_py__cardstests__test_unblock_card_cli_singl.json
filestack-python,https://github.com/filestack/filestack-python,OD-Vic,1bd6749735e5c78dde767e0685ddfdf0cd7423e2,true,tests/intelligent_ingestion_test.py::test_upload_part_success,pass,fail,0,0,100,1,true,vic_confirmed,,results/idoft-od/filestack-python-tests_intelligent_ingestion_test_py__test_upload_part_succes.json
filestack-python,https://github.com/filestack/filestack-python,OD-Vic,1bd6749735e5c78dde767e0685ddfdf0cd7423e2,true,tests/intelligent_ingestion_test.py::test_upload_part_with_resize,pass,fail,0,0,100,1,true,vic_confirmed,,results/idoft-od/filestack-python-tests_intelligent_ingestion_test_py__test_upload_part_with_r.json
pyMeterBus,https://github.com/ganehag/pyMeterBus,OD-Vic,bc853aa38ac6b10301bdf97f13ac25b36985316f,true,tests/test_globals.py::TestSequenceFunctions::test_debug_default_value,pass,fail,0,0,100,1,true,vic_confirmed,,results/idoft-od/pyMeterBus-tests_test_globals_py__testsequencefunctions__test_debug_def.json
LabIFSC,https://github.com/gjvnq/LabIFSC,OD-Brit,cb56b75f51eb54680d0b81f4c87aa0234538a2a8,true,tests/medida_test.py::test_medida_si_2,fail,skipped,0,0,100,0,true,brit_confirmed,,results/idoft-od/LabIFSC-tests_medida_test_py__test_medida_si_2.json
LabIFSC,https://github.com/gjvnq/LabIFSC,OD-Brit,cb56b75f51eb54680d0b81f4c87aa0234538a2a8,true,tests/medida_test.py::test_medida_si_3,fail,skipped,0,0,100,0,true,brit_confirmed,,results/idoft-od/LabIFSC-tests_medida_test_py__test_medida_si_3.json
HARK,https://github.com/econ-ark/HARK,OD-Vic,c9138af45fd0a0d97c718c8558f3ea8d9f2ae820,true,HARK/ConsumptionSaving/tests/test_ConsAggShockModel.py::testKrusellSmith::test_agent,fail,error,4,1,100,6,true,vic_confirmed,,results/idoft-od/HARK-hark_consumptionsaving_tests_test_consaggshockmodel_py__test.json
omf,https://github.com/gmggroup/omf,OD-Vic,bf0cfaa4d05c438606d7b4561166bf12d2c1be74,false,tests/test_base.py::test_deserialize,fail,error,0,0,100,1,false,could_not_reproduce,,results/idoft-od/omf-tests_test_base_py__test_deserialize.json
googkit,https://github.com/googkit/googkit,OD-Vic,cacb37bf65e5ac19379b329beb02af907240aa60,true,test/commands/test_candidates.py::TestCandidatesCommand::test_run_internal,pass,pass,100,0,100,101,false,could_not_reproduce,,results/idoft-od/googkit-test_commands_test_candidates_py__testcandidatescommand__tes.json
DotDot,https://github.com/Gsllchb/DotDot,OD-Vic,89a6f7a86866de9c348f7e91da57c359c94568db,true,tests/test_dot.py::test_dot,pass,pass,100,0,100,101,false,could_not_reproduce,,results/idoft-od/DotDot-tests_test_dot_py__test_dot.json
DotDot,https://github.com/Gsllchb/DotDot,OD-Vic,89a6f7a86866de9c348f7e91da57c359c94568db,true,tests/test_dotdot.py::test_dotdot,pass,pass,100,0,100,101,false,could_not_reproduce,,results/idoft-od/DotDot-tests_test_dotdot_py__test_dotdot.json
HARK,https://github.com/econ-ark/HARK,OD-Vic,c9138af45fd0a0d97c718c8558f3ea8d9f2ae820,true,HARK/ConsumptionSaving/tests/test_IndShockConsumerType.py::testIndShockConsumerType::test_simulated_values,pass,pass,100,0,100,101,false,could_not_reproduce,,results/idoft-od/HARK-hark_consumptionsaving_tests_test_indshockconsumertype_py__t.json
DotDot,https://github.com/Gsllchb/DotDot,OD-Vic,89a6f7a86866de9c348f7e91da57c359c94568db,true,tests/test_dotdotdot.py::test_dotdotdot,pass,pass,100,0,100,101,false,could_not_reproduce,,results/idoft-od/DotDot-tests_test_dotdotdot_py__test_dotdotdot.json
centreon-sdk-python,https://github.com/guillaumewatteeux/centreon-sdk-python,OD-Brit,9f207d5458afc3304e24f16988069467b19eab81,true,tests/test_command.py::TestCommands::test_command_add,fail,skipped,0,0,100,0,true,brit_confirmed,,results/idoft-od/centreon-sdk-python-tests_test_command_py__testcommands__test_command_add.json
centreon-sdk-python,https://github.com/guillaumewatteeux/centreon-sdk-python,OD-Brit,9f207d5458afc3304e24f16988069467b19eab81,true,tests/test_command.py::TestCommands::test_command_delete,fail,skipped,0,0,100,0,true,brit_confirmed,,results/idoft-od/centreon-sdk-python-tests_test_command_py__testcommands__test_command_delete.json
centreon-sdk-python,https://github.com/guillaumewatteeux/centreon-sdk-python,OD-Brit,9f207d5458afc3304e24f16988069467b19eab81,true,tests/test_command.py::TestCommands::test_command_list,fail,skipped,0,0,100,0,true,brit_confirmed,,results/idoft-od/centreon-sdk-python-tests_test_command_py__testcommands__test_command_list.json
centreon-sdk-python,https://github.com/guillaumewatteeux/centreon-sdk-python,OD-Brit,9f207d5458afc3304e24f16988069467b19eab81,true,tests/test_command.py::TestCommands::test_command_not_exist,fail,skipped,0,0,100,0,true,brit_confirmed,,results/idoft-od/centreon-sdk-python-tests_test_command_py__testcommands__test_command_not_exist.json
centreon-sdk-python,https://github.com/guillaumewatteeux/centreon-sdk-python,OD-Brit,9f207d5458afc3304e24f16988069467b19eab81,true,tests/test_command.py::TestCommands::test_command_setparam,fail,skipped,0,0,100,0,true,brit_confirmed,,results/idoft-od/centreon-sdk-python-tests_test_command_py__testcommands__test_command_setparam.json
centreon-sdk-python,https://github.com/guillaumewatteeux/centreon-sdk-python,OD-Brit,9f207d5458afc3304e24f16988069467b19eab81,true,tests/test_hosts.py::TestHost::test_host_addcontact,fail,skipped,0,0,100,0,true,brit_confirmed,,results/idoft-od/centreon-sdk-python-tests_test_hosts_py__testhost__test_host_addcontact.json
centreon-sdk-python,https://github.com/guillaumewatteeux/centreon-sdk-python,OD-Brit,9f207d5458afc3304e24f16988069467b19eab81,true,tests/test_hosts.py::TestHost::test_host_addcontactgroupt,fail,skipped,0,0,100,0,true,brit_confirmed,,results/idoft-od/centreon-sdk-python-tests_test_hosts_py__testhost__test_host_addcontactgroupt.json
centreon-sdk-python,https://github.com/guillaumewatteeux/centreon-sdk-python,OD-Brit,9f207d5458afc3304e24f16988069467b19eab81,true,tests/test_hosts.py::TestHost::test_host_addparent,fail,skipped,0,0,100,0,true,brit_confirmed,,results/idoft-od/centreon-sdk-python-tests_test_hosts_py__testhost__test_host_addparent.json
centreon-sdk-python,https://github.com/guillaumewatteeux/centreon-sdk-python,OD-Brit,9f207d5458afc3304e24f16988069467b19eab81,true,tests/test_hosts.py::TestHost::test_host_addtemplate,fail,skipped,0,0,100,0,true,brit_confirmed,,results/idoft-od/centreon-sdk-python-tests_test_hosts_py__testhost__test_host_addtemplate.json
centreon-sdk-python,https://github.com/guillaumewatteeux/centreon-sdk-python,OD-Brit,9f207d5458afc3304e24f16988069467b19eab81,true,tests/test_hosts.py::TestHost::test_host_applytemplate,fail,skipped,0,0,100,0,true,brit_confirmed,,results/idoft-od/centreon-sdk-python-tests_test_hosts_py__testhost__test_host_applytemplate.json
centreon-sdk-python,https://github.com/guillaumewatteeux/centreon-sdk-python,OD-Brit,9f207d5458afc3304e24f16988069467b19eab81,true,tests/test_hosts.py::TestHost::test_host_deletecontact,fail,skipped,0,0,100,0,true,brit_confirmed,,results/idoft-od/centreon-sdk-python-tests_test_hosts_py__testhost__test_host_deletecontact.json
centreon-sdk-python,https://github.com/guillaumewatteeux/centreon-sdk-python,OD-Brit,9f207d5458afc3304e24f16988069467b19eab81,true,tests/test_hosts.py::TestHost::test_host_deletecontactgroup,fail,skipped,0,0,100,0,true,brit_confirmed,,results/idoft-od/centreon-sdk-python-tests_test_hosts_py__testhost__test_host_deletecontactgroup.json
centreon-sdk-python,https://github.com/guillaumewatteeux/centreon-sdk-python,OD-Brit,9f207d5458afc3304e24f16988069467b19eab81,true,tests/test_hosts.py::TestHost::test_host_deletehostgroup,fail,skipped,0,0,100,0,true,brit_confirmed,,results/idoft-od/centreon-sdk-python-tests_test_hosts_py__testhost__test_host_deletehostgroup.json
centreon-sdk-python,https://github.com/guillaumewatteeux/centreon-sdk-python,OD-Brit,9f207d5458afc3304e24f16988069467b19eab81,true,tests/test_hosts.py::TestHost::test_host_delmacro,fail,skipped,0,0,100,0,true,brit_confirmed,,results/idoft-od/centreon-sdk-python-tests_test_hosts_py__testhost__test_host_delmacro.json
centreon-sdk-python,https://github.com/guillaumewatteeux/centreon-sdk-python,OD-Brit,9f207d5458afc3304e24f16988069467b19eab81,true,tests/test_hosts.py::TestHost::test_host_deteletemplate,fail,skipped,0,0,100,0,true,brit_confirmed,,results/idoft-od/centreon-sdk-python-tests_test_hosts_py__testhost__test_host_deteletemplate.json
centreon-sdk-python,https://github.com/guillaumewatteeux/centreon-sdk-python,OD-Brit,9f207d5458afc3304e24f16988069467b19eab81,true,tests/test_hosts.py::TestHost::test_host_disable,fail,skipped,0,0,100,0,true,brit_confirmed,,results/idoft-od/centreon-sdk-python-tests_test_hosts_py__testhost__test_host_disable.json
centreon-sdk-python,https://github.com/guillaumewatteeux/centreon-sdk-python,OD-Brit,9f207d5458afc3304e24f16988069467b19eab81,true,tests/test_hosts.py::TestHost::test_host_enable,fail,skipped,0,0,100,0,true,brit_confirmed,,results/idoft-od/centreon-sdk-python-tests_test_hosts_py__testhost__test_host_enable.json
centreon-sdk-python,https://github.com/guillaumewatteeux/centreon-sdk-python,OD-Brit,9f207d5458afc3304e24f16988069467b19eab81,true,tests/test_hosts.py::TestHost::test_host_getcontact,fail,skipped,0,0,100,0,true,brit_confirmed,,results/idoft-od/centreon-sdk-python-tests_test_hosts_py__testhost__test_host_getcontact.json
centreon-sdk-python,https://github.com/guillaumewatteeux/centreon-sdk-python,OD-Brit,9f207d5458afc3304e24f16988069467b19eab81,true,tests/test_hosts.py::TestHost::test_host_getcontactgroup,fail,skipped,0,0,100,0,true,brit_confirmed,,results/idoft-od/centreon-sdk-python-tests_test_hosts_py__testhost__test_host_getcontactgroup.json
centreon-sdk-python,https://github.com/guillaumewatteeux/centreon-sdk-python,OD-Brit,9f207d5458afc3304e24f16988069467b19eab81,true,tests/test_hosts.py::TestHost::test_host_gethostgroup,fail,skipped,0,0,100,0,true,brit_confirmed,,results/idoft-od/centreon-sdk-python-tests_test_hosts_py__testhost__test_host_gethostgroup.json
centreon-sdk-python,https://github.com/guillaumewatteeux/centreon-sdk-python,OD-Brit,9f207d5458afc3304e24f16988069467b19eab81,true,tests/test_hosts.py::TestHost::test_host_getmacro,fail,skipped,0,0,100,0,true,brit_confirmed,,results/idoft-od/centreon-sdk-python-tests_test_hosts_py__testhost__test_host_getmacro.json
centreon-sdk-python,https://github.com/guillaumewatteeux/centreon-sdk-python,OD-Brit,9f207d5458afc3304e24f16988069467b19eab81,true,tests/test_hosts.py::TestHost::test_host_getparents,fail,skipped,0,0,100,0,true,brit_confirmed,,results/idoft-od/centreon-sdk-python-tests_test_hosts_py__testhost__test_host_getparents.json
centreon-sdk-python,https://github.com/guillaumewatteeux/centreon-sdk-python,OD-Brit,9f207d5458afc3304e24f16988069467b19eab81,true,tests/test_hosts.py::TestHost::test_host_gettemplate,fail,skipped,0,0,100,0,true,brit_confirmed,,results/idoft-od/centreon-sdk-python-tests_test_hosts_py__testhost__test_host_gettemplate.json
centreon-sdk-python,https://github.com/guillaumewatteeux/centreon-sdk-python,OD-Brit,9f207d5458afc3304e24f16988069467b19eab81,true,tests/test_hosts.py::TestHost::test_host_setcontact,fail,skipped,0,0,100,0,true,brit_confirmed,,results/idoft-od/centreon-sdk-python-tests_test_hosts_py__testhost__test_host_setcontact.json
centreon-sdk-python,https://github.com/guillaumewatteeux/centreon-sdk-python,OD-Brit,9f207d5458afc3304e24f16988069467b19eab81,true,tests/test_hosts.py::TestHost::test_host_setcontactgroup,fail,skipped,0,0,100,0,true,brit_confirmed,,results/idoft-od/centreon-sdk-python-tests_test_hosts_py__testhost__test_host_setcontactgroup.json
centreon-sdk-python,https://github.com/guillaumewatteeux/centreon-sdk-python,OD-Brit,9f207d5458afc3304e24f16988069467b19eab81,true,tests/test_hosts.py::TestHost::test_host_setinstance,fail,skipped,0,0,100,0,true,brit_confirmed,,results/idoft-od/centreon-sdk-python-tests_test_hosts_py__testhost__test_host_setinstance.json
centreon-sdk-python,https://github.com/guillaumewatteeux/centreon-sdk-python,OD-Brit,9f207d5458afc3304e24f16988069467b19eab81,true,tests/test_hosts.py::TestHost::test_host_setmacro,fail,skipped,0,0,100,0,true,brit_confirmed,,results/idoft-od/centreon-sdk-python-tests_test_hosts_py__testhost__test_host_setmacro.json
centreon-sdk-python,https://github.com/guillaumewatteeux/centreon-sdk-python,OD-Brit,9f207d5458afc3304e24f16988069467b19eab81,true,tests/test_hosts.py::TestHost::test_host_setparam,fail,skipped,0,0,100,0,true,brit_confirmed,,results/idoft-od/centreon-sdk-python-tests_test_hosts_py__testhost__test_host_setparam.json
centreon-sdk-python,https://github.com/guillaumewatteeux/centreon-sdk-python,OD-Brit,9f207d5458afc3304e24f16988069467b19eab81,true,tests/test_hosts.py::TestHost::test_host_setparent,fail,skipped,0,0,100,0,true,brit_confirmed,,results/idoft-od/centreon-sdk-python-tests_test_hosts_py__testhost__test_host_setparent.json
centreon-sdk-python,https://github.com/guillaumewatteeux/centreon-sdk-python,OD-Brit,9f207d5458afc3304e24f16988069467b19eab81,true,tests/test_hosts.py::TestHost::test_host_settemplate,fail,skipped,0,0,100,0,true,brit_confirmed,,results/idoft-od/centreon-sdk-python-tests_test_hosts_py__testhost__test_host_settemplate.json
centreon-sdk-python,https://github.com/guillaumewatteeux/centreon-sdk-python,OD-Brit,9f207d5458afc3304e24f16988069467b19eab81,true,tests/test_hosts.py::TestHosts::test_hosts_add,fail,skipped,0,0,100,0,true,brit_confirmed,,results/idoft-od/centreon-sdk-python-tests_test_hosts_py__testhosts__test_hosts_add.json
centreon-sdk-python,https://github.com/guillaumewatteeux/centreon-sdk-python,OD-Brit,9f207d5458afc3304e24f16988069467b19eab81,true,tests/test_hosts.py::TestHosts::test_hosts_delete,fail,skipped,0,0,100,0,true,brit_confirmed,,results/idoft-od/centreon-sdk-python-tests_test_hosts_py__testhosts__test_hosts_delete.json
centreon-sdk-python,https://github.com/guillaumewatteeux/centreon-sdk-python,OD-Brit,9f207d5458afc3304e24f16988069467b19eab81,true,tests/test_hosts.py::TestHosts::test_hosts_delete_with_obj,fail,skipped,0,0,100,0,true,brit_confirmed,,results/idoft-od/centreon-sdk-python-tests_test_hosts_py__testhosts__test_hosts_delete_with_obj.json
centreon-sdk-python,https://github.com/guillaumewatteeux/centreon-sdk-python,OD-Brit,9f207d5458afc3304e24f16988069467b19eab81,true,tests/test_hosts.py::TestHosts::test_hosts_list,fail,skipped,0,0,100,0,true,brit_confirmed,,results/idoft-od/centreon-sdk-python-tests_test_hosts_py__testhosts__test_hosts_list.json
centreon-sdk-python,https://github.com/guillaumewatteeux/centreon-sdk-python,OD-Brit,9f207d5458afc3304e24f16988069467b19eab81,true,tests/test_hosts.py::TestHosts::test_hosts_not_exist,fail,skipped,0,0,100,0,true,brit_confirmed,,results/idoft-od/centreon-sdk-python-tests_test_hosts_py__testhosts__test_hosts_not_exist.json
centreon-sdk-python,https://github.com/guillaumewatteeux/centreon-sdk-python,OD-Brit,9f207d5458afc3304e24f16988069467b19eab81,true,tests/test_resourcecfg.py::TestResourceCFG::test_resourcecfg_add,fail,skipped,0,0,100,0,true,brit_confirmed,,results/idoft-od/centreon-sdk-python-tests_test_resourcecfg_py__testresourcecfg__test_resourcecfg.json
centreon-sdk-python,https://github.com/guillaumewatteeux/centreon-sdk-python,OD-Brit,9f207d5458afc3304e24f16988069467b19eab81,true,tests/test_resourcecfg.py::TestResourceCFG::test_resourcecfg_building_line,fail,skipped,0,0,100,0,true,brit_confirmed,,results/idoft-od/centreon-sdk-python-tests_test_resourcecfg_py__testresourcecfg__test_resourcecfg.json
centreon-sdk-python,https://github.com/guillaumewatteeux/centreon-sdk-python,OD-Brit,9f207d5458afc3304e24f16988069467b19eab81,true,tests/test_resourcecfg.py::TestResourceCFG::test_resourcecfg_delete,fail,skipped,0,0,100,0,true,brit_confirmed,,results/idoft-od/centreon-sdk-python-tests_test_resourcecfg_py__testresourcecfg__test_resourcecfg.json
centreon-sdk-python,https://github.com/guillaumewatteeux/centreon-sdk-python,OD-Brit,9f207d5458afc3304e24f16988069467b19eab81,true,tests/test_resourcecfg.py::TestResourceCFG::test_resourcecfg_get_one,fail,skipped,0,0,100,0,true,brit_confirmed,,results/idoft-od/centreon-sdk-python-tests_test_resourcecfg_py__testresourcecfg__test_resourcecfg.json
centreon-sdk-python,https://github.com/guillaumewatteeux/centreon-sdk-python,OD-Brit,9f207d5458afc3304e24f16988069467b19eab81,true,tests/test_resourcecfg.py::TestResourceCFG::test_resourcecfg_not_exist,fail,skipped,0,0,100,0,true,brit_confirmed,,results/idoft-od/centreon-sdk-python-tests_test_resourcecfg_py__testresourcecfg__test_resourcecfg.json
centreon-sdk-python,https://github.com/guillaumewatteeux/centreon-sdk-python,OD-Brit,9f207d5458afc3304e24f16988069467b19eab81,true,tests/test_resourcecfg.py::TestResourceCFG::test_resourcecfg_setparam,fail,skipped,0,0,100,0,true,brit_confirmed,,results/idoft-od/centreon-sdk-python-tests_test_resourcecfg_py__testresourcecfg__test_resourcecfg.json
DotDot,https://github.com/Gsllchb/DotDot,OD-Vic,89a6f7a86866de9c348f7e91da57c359c94568db,true,tests/test_dotdotdotdot.py::test_dotdotdotdot,pass,pass,100,0,100,101,false,could_not_reproduce,,results/idoft-od/DotDot-tests_test_dotdotdotdot_py__test_dotdotdotdot.json
python-ansel,https://github.com/haney/python-ansel,OD-Brit,afb2b28d8595beeb1f87e355b611f01e13b8e664,true,tests/test_incremental.py::test_decode_invalid_raising_error_handler[+],fail,skipped,0,0,100,0,true,brit_confirmed,,results/idoft-od/python-ansel-tests_test_incremental_py__test_decode_invalid_raising_error.json
pook,https://github.com/h2non/pook,OD-Brit,2071da27701c82ce02b015e01e2aa6fd203e7bb5,true,tests/unit/api_test.py::test_activate,fail,skipped,0,0,100,0,true,brit_confirmed,,results/idoft-od/pook-tests_unit_api_test_py__test_activate.json
pook,https://github.com/h2non/pook,OD-Vic,2071da27701c82ce02b015e01e2aa6fd203e7bb5,true,tests/unit/api_test.py::test_mock_contructors,fail,error,0,0,100,1,false,could_not_reproduce,,results/idoft-od/pook-tests_unit_api_test_py__test_mock_contructors.json
pook,https://github.com/h2non/pook,OD-Brit,2071da27701c82ce02b015e01e2aa6fd203e7bb5,true,tests/unit/api_test.py::test_on,fail,skipped,0,0,100,0,true,brit_confirmed,,results/idoft-od/pook-tests_unit_api_test_py__test_on.json
pook,https://github.com/h2non/pook,OD-Brit,2071da27701c82ce02b015e01e2aa6fd203e7bb5,true,tests/unit/api_test.py::test_use,fail,skipped,0,0,100,0,true,brit_confirmed,,results/idoft-od/pook-tests_unit_api_test_py__test_use.json
ext_pylib,https://github.com/hbradleyiii/ext_pylib,OD-Vic,15a9b5a80db87b5f20e03ef6bfa015acf4bf8543,true,"tests/files/test_node.py::test_node_repr[atts0-{'path' : None, 'group' : None}]",fail,unknown,0,0,100,1,false,could_not_reproduce,,results/idoft-od/ext_pylib-tests_files_test_node_py__test_node_repr_atts0___path____non.json
ext_pylib,https://github.com/hbradleyiii/ext_pylib,OD-Vic,15a9b5a80db87b5f20e03ef6bfa015acf4bf8543,true,"tests/files/test_node.py::test_node_repr[atts1-{'path' : '/this/path/file', 'group' : None}]",fail,unknown,0,0,100,1,false,could_not_reproduce,,results/idoft-od/ext_pylib-tests_files_test_node_py__test_node_repr_atts1___path______t.json
py-autodoc,https://github.com/heavenshell/py-autodoc,OD-Vic,001d5ff03d41a5d714075eb08e666c413d50f0ac,true,examples/test_gen_each_case.py::TestUnittest::test_foo_bar,pass,pass,100,0,100,101,false,could_not_reproduce,,results/idoft-od/py-autodoc-examples_test_gen_each_case_py__testunittest__test_foo_bar.json
ext_pylib,https://github.com/hbradleyiii/ext_pylib,OD-Vic,15a9b5a80db87b5f20e03ef6bfa015acf4bf8543,true,"tests/files/test_node.py::test_node_repr[atts2-{'path' : '/etc/path/file', 'group' : None}]",fail,unknown,0,0,100,1,false,could_not_reproduce,,results/idoft-od/ext_pylib-tests_files_test_node_py__test_node_repr_atts2___path______e.json
py-autodoc,https://github.com/heavenshell/py-autodoc,OD-Vic,001d5ff03d41a5d714075eb08e666c413d50f0ac,true,examples/test_gen_each_case.py::TestUnittest::test_post,pass,pass,100,0,100,101,false,could_not_reproduce,,results/idoft-od/py-autodoc-examples_test_gen_each_case_py__testunittest__test_post.json
json-storage-manager,https://github.com/hefnawi/json-storage-manager,OD-Brit,c7521fc4a576cf23a8c2454106bed6fb8c951b8d,true,tests/test_main.py::test_get_item,fail,skipped,0,0,100,0,true,brit_confirmed,,results/idoft-od/json-storage-manager-tests_test_main_py__test_get_item.json
json-storage-manager,https://github.com/hefnawi/json-storage-manager,OD-Vic,c7521fc4a576cf23a8c2454106bed6fb8c951b8d,true,tests/test_main.py::test_get_no_item,pass,fail,0,0,100,1,true,vic_confirmed,,results/idoft-od/json-storage-manager-tests_test_main_py__test_get_no_item.json
json-storage-manager,https://github.com/hefnawi/json-storage-manager,OD-Vic,c7521fc4a576cf23a8c2454106bed6fb8c951b8d,true,tests/test_main.py::test_read_json,pass,fail,0,0,100,1,true,vic_confirmed,,results/idoft-od/json-storage-manager-tests_test_main_py__test_read_json.json
json-storage-manager,https://github.com/hefnawi/json-storage-manager,OD-Vic,c7521fc4a576cf23a8c2454106bed6fb8c951b8d,true,tests/test_main.py::test_set_item,pass,fail,0,0,100,1,true,vic_confirmed,,results/idoft-od/json-storage-manager-tests_test_main_py__test_set_item.json
json-storage-manager,https://github.com/hefnawi/json-storage-manager,OD-Brit,c7521fc4a576cf23a8c2454106bed6fb8c951b8d,true,tests/test_main.py::test_set_item_fail,fail,skipped,0,0,100,0,true,brit_confirmed,,results/idoft-od/json-storage-manager-tests_test_main_py__test_set_item_fail.json
json-storage-manager,https://github.com/hefnawi/json-storage-manager,OD-Brit,c7521fc4a576cf23a8c2454106bed6fb8c951b8d,true,tests/test_main.py::test_update_item,fail,skipped,0,0,100,0,true,brit_confirmed,,results/idoft-od/json-storage-manager-tests_test_main_py__test_update_item.json
json-storage-manager,https://github.com/hefnawi/json-storage-manager,OD-Vic,c7521fc4a576cf23a8c2454106bed6fb8c951b8d,true,tests/test_main.py::test_write_json,pass,fail,0,0,100,1,true,vic_confirmed,,results/idoft-od/json-storage-manager-tests_test_main_py__test_write_json.json
py-autodoc,https://github.com/heavenshell/py-autodoc,OD-Vic,001d5ff03d41a5d714075eb08e666c413d50f0ac,true,examples/test_pytest.py::test_index,pass,pass,100,0,100,101,false,could_not_reproduce,,results/idoft-od/py-autodoc-examples_test_pytest_py__test_index.json
py-autodoc,https://github.com/heavenshell/py-autodoc,OD-Vic,001d5ff03d41a5d714075eb08e666c413d50f0ac,true,tests/test_autodoc.py::TestAutodoc::test_create_document,pass,pass,100,0,100,101,false,could_not_reproduce,,results/idoft-od/py-autodoc-tests_test_autodoc_py__testautodoc__test_create_document.json
py-autodoc,https://github.com/heavenshell/py-autodoc,OD-Vic,001d5ff03d41a5d714075eb08e666c413d50f0ac,true,tests/test_autodoc.py::TestAutodoc::test_parse_response,pass,pass,2,1,100,4,true,vic_confirmed,,results/idoft-od/py-autodoc-tests_test_autodoc_py__testautodoc__test_parse_response.json
py-autodoc,https://github.com/heavenshell/py-autodoc,OD-Vic,001d5ff03d41a5d714075eb08e666c413d50f0ac,true,tests/test_autodoc.py::TestAutodoc::test_parse_responses,pass,fail,0,0,100,1,true,vic_confirmed,,results/idoft-od/py-autodoc-tests_test_autodoc_py__testautodoc__test_parse_responses.json
SCout,https://github.com/holzkohlengrill/SCout,OD-Vic,8fd1eca0607b27d6e0c537b2ea1211d23356edff,true,tests/test_header.py::TestHeaderLogger::testSingleArg,pass,pass,100,0,100,101,false,could_not_reproduce,,results/idoft-od/SCout-tests_test_header_py__testheaderlogger__testsinglearg.json
py-autodoc,https://github.com/heavenshell/py-autodoc,OD-Vic,001d5ff03d41a5d714075eb08e666c413d50f0ac,true,tests/test_autodoc.py::TestAutodoc::test_should_change_separators,pass,pass,36,1,100,38,true,vic_confirmed,,results/idoft-od/py-autodoc-tests_test_autodoc_py__testautodoc__test_should_change_separ.json
webssh,https://github.com/huashengdun/webssh,OD-Vic,51d527fe75a62aed239126a6697749a30baecb30,true,tests/test_app.py::TestAppBasic::test_app_auth_with_valid_pubkey_by_urlencoded_form,fail,error,0,0,100,1,false,could_not_reproduce,,results/idoft-od/webssh-tests_test_app_py__testappbasic__test_app_auth_with_valid_pu.json
aries-staticagent-python,https://github.com/hyperledger/aries-staticagent-python,OD-Vic,62f0e4e435e4e324f76a8fb724d0f733192bc0c3,true,tests/test_pack_unpack.py::test_pack_unpack_anon,fail,error,0,0,100,1,false,could_not_reproduce,,results/idoft-od/aries-staticagent-python-tests_test_pack_unpack_py__test_pack_unpack_anon.json
webssh,https://github.com/huashengdun/webssh,OD-Vic,51d527fe75a62aed239126a6697749a30baecb30,true,tests/test_app.py::TestAppBasic::test_app_with_correct_credentials_but_empty_id,fail,error,0,0,100,1,false,could_not_reproduce,,results/idoft-od/webssh-tests_test_app_py__testappbasic__test_app_with_correct_crede.json
aries-staticagent-python,https://github.com/hyperledger/aries-staticagent-python,OD-Vic,62f0e4e435e4e324f76a8fb724d0f733192bc0c3,true,tests/test_pack_unpack.py::test_pack_unpack_auth,fail,error,0,0,100,1,false,could_not_reproduce,,results/idoft-od/aries-staticagent-python-tests_test_pack_unpack_py__test_pack_unpack_auth.json
webssh,https://github.com/huashengdun/webssh,OD-Vic,51d527fe75a62aed239126a6697749a30baecb30,true,tests/test_app.py::TestAppBasic::test_app_with_correct_credentials_but_without_id_argument,fail,error,0,0,100,1,false,could_not_reproduce,,results/idoft-od/webssh-tests_test_app_py__testappbasic__test_app_with_correct_crede.json
webssh,https://github.com/huashengdun/webssh,OD-Vic,51d527fe75a62aed239126a6697749a30baecb30,true,tests/test_app.py::TestAppBasic::test_app_with_correct_credentials_but_with_no_port,fail,error,0,0,100,1,false,could_not_reproduce,,results/idoft-od/webssh-tests_test_app_py__testappbasic__test_app_with_correct_crede.json
python-aws-dataclasses,https://github.com/hypoport/python-aws-dataclasses,OD-Vic,30bfe90457a83957d10ec18fe7d61439b5b74280,true,tests/test_sns_event.py::test_message_attributes,fail,error,0,0,100,1,false,could_not_reproduce,,results/idoft-od/python-aws-dataclasses-tests_test_sns_event_py__test_message_attributes.json
webssh,https://github.com/huashengdun/webssh,OD-Vic,51d527fe75a62aed239126a6697749a30baecb30,true,tests/test_app.py::TestAppBasic::test_app_with_correct_credentials_timeout,fail,error,0,0,100,1,false,could_not_reproduce,,results/idoft-od/webssh-tests_test_app_py__testappbasic__test_app_with_correct_crede.json
identixone-python,https://github.com/identixone/identixone-python,OD-Vic,232e5dfcf98ebe91a3ed433a265be161ee965a5e,true,tests/api/test_api_client.py::TestAPIClient::test_no_token_raises_exception,pass,fail,0,0,100,1,true,vic_confirmed,,results/idoft-od/identixone-python-tests_api_test_api_client_py__testapiclient__test_no_token_r.json
identixone-python,https://github.com/identixone/identixone-python,OD-Vic,232e5dfcf98ebe91a3ed433a265be161ee965a5e,true,tests/api/test_api_client.py::TestAPIClient::test_unsupported_version_raises_exception,pass,fail,0,0,100,1,true,vic_confirmed,,results/idoft-od/identixone-python-tests_api_test_api_client_py__testapiclient__test_unsupporte.json
identixone-python,https://github.com/identixone/identixone-python,OD-Vic,232e5dfcf98ebe91a3ed433a265be161ee965a5e,true,tests/utils/test_environment.py::TestEnvironmentVar::test_dict_environ_invalid_without_prefix,pass,fail,0,0,100,1,true,vic_confirmed,,results/idoft-od/identixone-python-tests_utils_test_environment_py__testenvironmentvar__test_di.json
identixone-python,https://github.com/identixone/identixone-python,OD-Vic,232e5dfcf98ebe91a3ed433a265be161ee965a5e,true,tests/utils/test_environment.py::TestEnvironmentVar::test_os_environ_invalid_without_prefix,pass,fail,0,0,100,1,true,vic_confirmed,,results/idoft-od/identixone-python-tests_utils_test_environment_py__testenvironmentvar__test_os.json
webssh,https://github.com/huashengdun/webssh,OD-Vic,51d527fe75a62aed239126a6697749a30baecb30,true,tests/test_app.py::TestAppBasic::test_app_with_correct_credentials_user_robey,fail,error,0,0,100,1,false,could_not_reproduce,,results/idoft-od/webssh-tests_test_app_py__testappbasic__test_app_with_correct_crede.json
Pyro5,https://github.com/irmen/Pyro5,OD,55bec91891bb9007441024186f3c62b06a3a6870,true,test_pyro4compat.py::test_compat_config,fail,error,0,0,100,1,false,could_not_reproduce,,results/idoft-od/Pyro5-test_pyro4compat_py__test_compat_config.json
webssh,https://github.com/huashengdun/webssh,OD-Vic,51d527fe75a62aed239126a6697749a30baecb30,true,tests/test_app.py::TestAppBasic::test_app_with_user_keyonly_for_bad_authentication_type,fail,error,0,0,100,1,false,could_not_reproduce,,results/idoft-od/webssh-tests_test_app_py__testappbasic__test_app_with_user_keyonly_.json
Tale,https://github.com/irmen/Tale,OD-Vic,a2a26443465ab6978b32d9253e833471500e7b68,true,tests/test_pubsub.py::TestPubsub::test_unsubscribe_all,pass,pass,5,1,100,7,true,vic_confirmed,,results/idoft-od/Tale-tests_test_pubsub_py__testpubsub__test_unsubscribe_all.json
webssh,https://github.com/huashengdun/webssh,OD-Vic,51d527fe75a62aed239126a6697749a30baecb30,true,tests/test_app.py::TestAppBasic::test_app_with_user_pass2fa_with_wrong_pkey_correct_passwords,fail,error,0,0,100,1,false,could_not_reproduce,,results/idoft-od/webssh-tests_test_app_py__testappbasic__test_app_with_user_pass2fa_.json
linux_aio,https://github.com/isac322/linux_aio,OD-Brit,007d033b42703e9bb4d7cd99ca50e54108215d46,true,test/test_non_vector_rw.py::TestRW::test_02_read,fail,skipped,0,0,100,0,true,brit_confirmed,,results/idoft-od/linux_aio-test_test_non_vector_rw_py__testrw__test_02_read.json
linux_aio,https://github.com/isac322/linux_aio,OD-Brit,007d033b42703e9bb4d7cd99ca50e54108215d46,true,test/test_non_vector_rw.py::TestRW::test_02_read_2_str,fail,skipped,0,0,100,0,true,brit_confirmed,,results/idoft-od/linux_aio-test_test_non_vector_rw_py__testrw__test_02_read_2_str.json
linux_aio,https://github.com/isac322/linux_aio,OD-Brit,007d033b42703e9bb4d7cd99ca50e54108215d46,true,test/test_non_vector_rw.py::TestRW::test_02_read_replace_file,fail,skipped,0,0,100,0,true,brit_confirmed,,results/idoft-od/linux_aio-test_test_non_vector_rw_py__testrw__test_02_read_replace_fil.json
linux_aio,https://github.com/isac322/linux_aio,OD-Brit,007d033b42703e9bb4d7cd99ca50e54108215d46,true,test/test_non_vector_rw.py::TestRW::test_02_read_w_io_priority,fail,skipped,0,0,100,0,true,brit_confirmed,,results/idoft-od/linux_aio-test_test_non_vector_rw_py__testrw__test_02_read_w_io_priori.json
linux_aio,https://github.com/isac322/linux_aio,OD-Brit,007d033b42703e9bb4d7cd99ca50e54108215d46,true,test/test_non_vector_rw.py::TestRW::test_02_read_w_non_zero_offset,fail,skipped,0,0,100,0,true,brit_confirmed,,results/idoft-od/linux_aio-test_test_non_vector_rw_py__testrw__test_02_read_w_non_zero_.json
linux_aio,https://github.com/isac322/linux_aio,OD-Brit,007d033b42703e9bb4d7cd99ca50e54108215d46,true,test/test_non_vector_rw.py::TestRW::test_02_read_w_rw_flags,fail,skipped,0,0,100,0,true,brit_confirmed,,results/idoft-od/linux_aio-test_test_non_vector_rw_py__testrw__test_02_read_w_rw_flags.json
webssh,https://github.com/huashengdun/webssh,OD-Vic,51d527fe75a62aed239126a6697749a30baecb30,true,tests/test_app.py::TestAppBasic::test_app_with_wrong_credentials,fail,error,0,0,100,1,false,could_not_reproduce,,results/idoft-od/webssh-tests_test_app_py__testappbasic__test_app_with_wrong_credent.json
data-pypes,https://github.com/isnok/data-pypes,OD-Vic,dcfe6feac2b617f9f8624cff81c44f72c0313ee6,true,pypes/logsetup.py::pypes.logsetup.get_logconfig,pass,fail,0,0,100,1,true,vic_confirmed,,results/idoft-od/data-pypes-pypes_logsetup_py__pypes_logsetup_get_logconfig.json
sdklib,https://github.com/ivanprjcts/sdklib,OD-Vic,5384b1c7f05abd6350151c08ad6a4a8b5855f8f0,true,tests/test_http_context.py::TestHttpContext::test_http_context_singleton_clear,pass,fail,0,0,100,1,true,vic_confirmed,,results/idoft-od/sdklib-tests_test_http_context_py__testhttpcontext__test_http_conte.json
ReactOBus,https://github.com/ivoire/ReactOBus,OD-Vic,841d5c0442ffe92fcaec278e07053afe5b93d925,true,tests/test_db.py::test_run,fail,error,0,0,100,1,false,could_not_reproduce,,results/idoft-od/ReactOBus-tests_test_db_py__test_run.json
pytm,https://github.com/izar/pytm,OD-Vic,724df0c6346706e9c3678bee11e23d9609d8fa4c,true,tests/test_private_func.py::TestMethod::test_defaults,pass,pass,100,0,100,101,false,could_not_reproduce,,results/idoft-od/pytm-tests_test_private_func_py__testmethod__test_defaults.json
colltools,https://github.com/JakubTesarek/colltools,OD-Vic,e50f98ccda33ab409fcdba277a39f071824e24c7,true,tests/test_name_registry.py::test_name_registry_has_no_instances,pass,fail,0,0,100,1,true,vic_confirmed,,results/idoft-od/colltools-tests_test_name_registry_py__test_name_registry_has_no_insta.json
pytm,https://github.com/izar/pytm,OD-Vic,724df0c6346706e9c3678bee11e23d9609d8fa4c,true,tests/test_private_func.py::TestUniqueNames::test_duplicate_boundary_names_have_different_unique_names,pass,pass,100,0,100,101,false,could_not_reproduce,,results/idoft-od/pytm-tests_test_private_func_py__testuniquenames__test_duplicate_.json
l293d,https://github.com/jamesevickery/l293d,OD-Vic,c026a9b58769f23d3e999234ba9df30fb021f949,true,tests/test_l293d.py::L293DTestCase::test_create_motor_with_force_selection,pass,fail,0,0,100,1,true,vic_confirmed,,results/idoft-od/l293d-tests_test_l293d_py__l293dtestcase__test_create_motor_with_f.json
l293d,https://github.com/jamesevickery/l293d,OD-Vic,c026a9b58769f23d3e999234ba9df30fb021f949,true,tests/test_l293d.py::L293DTestCase::test_motor_can_be_removed,pass,fail,0,0,100,1,true,vic_confirmed,,results/idoft-od/l293d-tests_test_l293d_py__l293dtestcase__test_motor_can_be_remove.json
l293d,https://github.com/jamesevickery/l293d,OD-Vic,c026a9b58769f23d3e999234ba9df30fb021f949,true,tests/test_l293d.py::L293DTestCase::test_pin_numbering_lock,pass,fail,0,0,100,1,true,vic_confirmed,,results/idoft-od/l293d-tests_test_l293d_py__l293dtestcase__test_pin_numbering_lock.json
compilertools,https://github.com/JGoutin/compilertools,OD-Brit,7b898cb6970f5f25c5356b15a2efd0cb2e54d566,true,tests/test_build.py::tests_patch___new__,fail,skipped,0,0,100,0,true,brit_confirmed,,results/idoft-od/compilertools-tests_test_build_py__tests_patch___new__.json
compilertools,https://github.com/JGoutin/compilertools,OD-Vic,7b898cb6970f5f25c5356b15a2efd0cb2e54d566,true,tests/test___init__.py::tests_init,pass,fail,0,0,100,1,true,vic_confirmed,,results/idoft-od/compilertools-tests_test___init___py__tests_init.json
dynamic-conf,https://github.com/jnoortheen/dynamic-conf,OD-Vic,42257f06a66765ac4f5de1c6a4637f4db779c5ab,true,tests/test_conf.py::test_cofig_writing[.env-ARG1=VAL1\nARG2=VAL2],pass,unknown,1,1,100,3,true,vic_confirmed,,results/idoft-od/dynamic-conf-tests_test_conf_py__test_cofig_writing__env_arg1_val1_narg2_.json
dynamic-conf,https://github.com/jnoortheen/dynamic-conf,OD-Vic,42257f06a66765ac4f5de1c6a4637f4db779c5ab,true,tests/test_conf.py::test_cofig_writing[env.py-ARG1 = 'VAL1'\nARG2 = 'VAL2'],fail,unknown,1,1,100,3,true,vic_confirmed,,results/idoft-od/dynamic-conf-tests_test_conf_py__test_cofig_writing_env_py_arg1____val1__.json
dynamic-conf,https://github.com/jnoortheen/dynamic-conf,OD-Vic,42257f06a66765ac4f5de1c6a4637f4db779c5ab,true,tests/test_conf.py::test_cofig_writing_with_dump[.env-ARG1=VAL1\nARG3=3\nARG2=VAL2],pass,unknown,1,1,100,3,true,vic_confirmed,,results/idoft-od/dynamic-conf-tests_test_conf_py__test_cofig_writing_with_dump__env_arg1_v.json
dynamic-conf,https://github.com/jnoortheen/dynamic-conf,OD-Vic,42257f06a66765ac4f5de1c6a4637f4db779c5ab,true,tests/test_conf.py::test_cofig_writing_with_dump[env.py-ARG1 = 'VAL1'\nARG3 = 3\nARG2 = 'VAL2'],fail,unknown,1,1,100,3,true,vic_confirmed,,results/idoft-od/dynamic-conf-tests_test_conf_py__test_cofig_writing_with_dump_env_py_arg1.json
dynamic-conf,https://github.com/jnoortheen/dynamic-conf,OD-Vic,42257f06a66765ac4f5de1c6a4637f4db779c5ab,true,tests/test_conf.py::test_cofig_writing_with_filter_prefix[.env-ARG1=VAL1\nARG2=VAL2],pass,unknown,1,1,100,3,true,vic_confirmed,,results/idoft-od/dynamic-conf-tests_test_conf_py__test_cofig_writing_with_filter_prefix__e.json
dynamic-conf,https://github.com/jnoortheen/dynamic-conf,OD-Vic,42257f06a66765ac4f5de1c6a4637f4db779c5ab,true,tests/test_conf.py::test_cofig_writing_with_filter_prefix[env.py-ARG1 = 'VAL1'\nARG2 = 'VAL2'],fail,unknown,1,1,100,3,true,vic_confirmed,,results/idoft-od/dynamic-conf-tests_test_conf_py__test_cofig_writing_with_filter_prefix_en.json
dynamic-conf,https://github.com/jnoortheen/dynamic-conf,OD-Vic,42257f06a66765ac4f5de1c6a4637f4db779c5ab,true,tests/test_conf.py::test_config_reading[.env],pass,unknown,2,1,100,4,true,vic_confirmed,,results/idoft-od/dynamic-conf-tests_test_conf_py__test_config_reading__env_.json
dynamic-conf,https://github.com/jnoortheen/dynamic-conf,OD-Vic,42257f06a66765ac4f5de1c6a4637f4db779c5ab,true,tests/test_conf.py::test_config_reading[env.py],pass,unknown,2,1,100,4,true,vic_confirmed,,results/idoft-od/dynamic-conf-tests_test_conf_py__test_config_reading_env_py_.json
py_ev,https://github.com/JBielan/py_ev,OD-Vic,0a2d48235b8ff2268254c151a179a2ece40cbd37,true,tests/test_py_ev.py::test_reset,pass,fail,0,0,100,1,true,vic_confirmed,,results/idoft-od/py_ev-tests_test_py_ev_py__test_reset.json
Flask-JWT-Router,https://github.com/joegasewicz/Flask-JWT-Router,OD-Vic,0fb1e256c81409be6f08d8be12f07e5f58b4f914,true,tests/test_routing.py::TestRouting::test_dynamic_params,pass,pass,100,0,100,101,false,could_not_reproduce,,results/idoft-od/Flask-JWT-Router-tests_test_routing_py__testrouting__test_dynamic_params.json
litedb,https://github.com/JonathanVusich/litedb,OD-Brit,2694bc39676d8398f669c0aed96aef89623dbc9a,true,tests/test_database/test_memory_database_hypothesis.py::TestMemoryDatabase::test_database_retrieve,fail,skipped,0,0,100,0,true,brit_confirmed,,results/idoft-od/litedb-tests_test_database_test_memory_database_hypothesis_py__test.json
Flask-JWT-Router,https://github.com/joegasewicz/Flask-JWT-Router,OD-Vic,0fb1e256c81409be6f08d8be12f07e5f58b4f914,true,tests/test_routing.py::TestRouting::test_ignored_routes,pass,pass,100,0,100,101,false,could_not_reproduce,,results/idoft-od/Flask-JWT-Router-tests_test_routing_py__testrouting__test_ignored_routes.json
Flask-JWT-Router,https://github.com/joegasewicz/Flask-JWT-Router,OD-Vic,0fb1e256c81409be6f08d8be12f07e5f58b4f914,true,tests/test_routing.py::TestRouting::test_jwt_route[jwt_router_client0-None-200],pass,fail,0,0,100,1,true,vic_confirmed,,results/idoft-od/Flask-JWT-Router-tests_test_routing_py__testrouting__test_jwt_route_jwt_route.json
geom,https://github.com/josiest/geom,OD-Vic,d12b381706ee620cba1c6a6cb45ab7815e5a1dc9,true,test_geom.py::test_epsilon,pass,pass,4,1,100,6,true,vic_confirmed,,results/idoft-od/geom-test_geom_py__test_epsilon.json
geom,https://github.com/josiest/geom,OD-Brit,d12b381706ee620cba1c6a6cb45ab7815e5a1dc9,true,test_geom.py::test_veceq,fail,skipped,0,0,100,0,true,brit_confirmed,,results/idoft-od/geom-test_geom_py__test_veceq.json
Flask-JWT-Router,https://github.com/joegasewicz/Flask-JWT-Router,OD-Vic,0fb1e256c81409be6f08d8be12f07e5f58b4f914,true,tests/test_routing.py::TestRouting::test_jwt_route[jwt_router_client3-None-401],pass,pass,100,0,100,101,false,could_not_reproduce,,results/idoft-od/Flask-JWT-Router-tests_test_routing_py__testrouting__test_jwt_route_jwt_route.json
django-hug,https://github.com/jounderwood/django-hug,OD-Vic,778b16f568ce9fdb01f360b7bff89c9d8b6c2ef7,true,tests/test_api.py::test_simple_post_ok,fail,unknown,0,0,100,1,false,could_not_reproduce,,results/idoft-od/django-hug-tests_test_api_py__test_simple_post_ok.json
django-hug,https://github.com/jounderwood/django-hug,OD-Vic,778b16f568ce9fdb01f360b7bff89c9d8b6c2ef7,true,tests/test_api.py::test_whole_body_post_ok,fail,unknown,0,0,100,1,false,could_not_reproduce,,results/idoft-od/django-hug-tests_test_api_py__test_whole_body_post_ok.json
atlasclient,https://github.com/jpoullet2000/atlasclient,OD-Vic,02b3e7d9a6596d1123fc22b6bfed08d60105d19e,true,tests/test_models.py::TestDiscoveryREST::test_search_attribute_get,fail,error,0,0,100,1,false,could_not_reproduce,,results/idoft-od/atlasclient-tests_test_models_py__testdiscoveryrest__test_search_attribu.json
regex4ocr,https://github.com/juntossomosmais/regex4ocr,OD-Brit,9f96e9c6fe6ffc3e1452b23103fdfa6a0f1dcede,true,tests/integration/test_type_casting.py::test_validate_types_removal,fail,skipped,0,0,100,0,true,brit_confirmed,,results/idoft-od/regex4ocr-tests_integration_test_type_casting_py__test_validate_types_.json
regex4ocr,https://github.com/juntossomosmais/regex4ocr,OD,a140c62e01b378ef9fc334e66eaf3450da70feed,true,test_drm_scanner.py::test_scan_drms_folder,fail,error,0,0,100,1,false,could_not_reproduce,,results/idoft-od/regex4ocr-test_drm_scanner_py__test_scan_drms_folder.json
configparse,https://github.com/jyn514/configparse,OD-Vic,d7a4ee5b121de2be1858104723bdb7ac47df64ce,true,test/test_all.py::test_positional,pass,pass,2,1,100,4,true,vic_confirmed,,results/idoft-od/configparse-test_test_all_py__test_positional.json
config-better,https://github.com/kade-robertson/config-better,OD-Vic,c14638da3fe95a669a04db2602e1f6ea15591c36,true,tests/test___init__.py::TestLinuxNoXDG::test_noxdg_cache,pass,pass,2,1,100,4,true,vic_confirmed,,results/idoft-od/config-better-tests_test___init___py__testlinuxnoxdg__test_noxdg_cache.json
config-better,https://github.com/kade-robertson/config-better,OD-Vic,c14638da3fe95a669a04db2602e1f6ea15591c36,true,tests/test___init__.py::TestLinuxNoXDG::test_noxdg_config,pass,pass,2,1,100,4,true,vic_confirmed,,results/idoft-od/config-better-tests_test___init___py__testlinuxnoxdg__test_noxdg_config.json
config-better,https://github.com/kade-robertson/config-better,OD-Vic,c14638da3fe95a669a04db2602e1f6ea15591c36,true,tests/test___init__.py::TestLinuxNoXDG::test_noxdg_data,pass,pass,2,1,100,4,true,vic_confirmed,,results/idoft-od/config-better-tests_test___init___py__testlinuxnoxdg__test_noxdg_data.json
config-better,https://github.com/kade-robertson/config-better,OD-Vic,c14638da3fe95a669a04db2602e1f6ea15591c36,true,tests/test___init__.py::TestMacForceUnix::test_noxdg_cache,pass,pass,2,1,100,4,true,vic_confirmed,,results/idoft-od/config-better-tests_test___init___py__testmacforceunix__test_noxdg_cache.json
config-better,https://github.com/kade-robertson/config-better,OD-Vic,c14638da3fe95a669a04db2602e1f6ea15591c36,true,tests/test___init__.py::TestMacForceUnix::test_noxdg_config,pass,pass,2,1,100,4,true,vic_confirmed,,results/idoft-od/config-better-tests_test___init___py__testmacforceunix__test_noxdg_config.json
config-better,https://github.com/kade-robertson/config-better,OD-Vic,c14638da3fe95a669a04db2602e1f6ea15591c36,true,tests/test___init__.py::TestMacForceUnix::test_noxdg_data,pass,pass,2,1,100,4,true,vic_confirmed,,results/idoft-od/config-better-tests_test___init___py__testmacforceunix__test_noxdg_data.json
config-better,https://github.com/kade-robertson/config-better,OD-Vic,c14638da3fe95a669a04db2602e1f6ea15591c36,true,tests/test___init__.py::TestMacNoXDG::test_noxdg_cache,pass,pass,2,1,100,4,true,vic_confirmed,,results/idoft-od/config-better-tests_test___init___py__testmacnoxdg__test_noxdg_cache.json
config-better,https://github.com/kade-robertson/config-better,OD-Vic,c14638da3fe95a669a04db2602e1f6ea15591c36,true,tests/test___init__.py::TestMacNoXDG::test_noxdg_config,pass,pass,2,1,100,4,true,vic_confirmed,,results/idoft-od/config-better-tests_test___init___py__testmacnoxdg__test_noxdg_config.json
config-better,https://github.com/kade-robertson/config-better,OD-Vic,c14638da3fe95a669a04db2602e1f6ea15591c36,true,tests/test___init__.py::TestMacNoXDG::test_noxdg_data,pass,pass,2,1,100,4,true,vic_confirmed,,results/idoft-od/config-better-tests_test___init___py__testmacnoxdg__test_noxdg_data.json
config-better,https://github.com/kade-robertson/config-better,OD-Vic,c14638da3fe95a669a04db2602e1f6ea15591c36,true,tests/test___init__.py::TestWindowsNoXDG::test_noxdg_cache,pass,pass,2,1,100,4,true,vic_confirmed,,results/idoft-od/config-better-tests_test___init___py__testwindowsnoxdg__test_noxdg_cache.json
config-better,https://github.com/kade-robertson/config-better,OD-Vic,c14638da3fe95a669a04db2602e1f6ea15591c36,true,tests/test___init__.py::TestWindowsNoXDG::test_noxdg_config,pass,pass,2,1,100,4,true,vic_confirmed,,results/idoft-od/config-better-tests_test___init___py__testwindowsnoxdg__test_noxdg_config.json
config-better,https://github.com/kade-robertson/config-better,OD-Vic,c14638da3fe95a669a04db2602e1f6ea15591c36,true,tests/test___init__.py::TestWindowsNoXDG::test_noxdg_data,pass,pass,2,1,100,4,true,vic_confirmed,,results/idoft-od/config-better-tests_test___init___py__testwindowsnoxdg__test_noxdg_data.json
engfmt,https://github.com/kenkundert/engfmt,OD-Vic,b908ef69aa7941e561019e24f969703f3234753b,true,test_constants.py::test_constants,pass,pass,100,0,100,101,false,could_not_reproduce,,results/idoft-od/engfmt-test_constants_py__test_constants.json
pysllo,https://github.com/kivio/pysllo,OD-Vic,8bc4d17f9a668e9aff3c77f688f0c06ed2e7686b,true,tests/test_propagation_logger.py::test_forcing_level_by_dict,pass,pass,1,1,100,3,true,vic_confirmed,,results/idoft-od/pysllo-tests_test_propagation_logger_py__test_forcing_level_by_dict.json
pysllo,https://github.com/kivio/pysllo,OD-Vic,8bc4d17f9a668e9aff3c77f688f0c06ed2e7686b,true,tests/test_propagation_logger.py::test_forcing_level_with_kwargs_by_level,pass,pass,1,1,100,3,true,vic_confirmed,,results/idoft-od/pysllo-tests_test_propagation_logger_py__test_forcing_level_with_kw.json
engfmt,https://github.com/kenkundert/engfmt,OD-Vic,b908ef69aa7941e561019e24f969703f3234753b,true,test_format.py::test_format,pass,pass,100,0,100,101,false,could_not_reproduce,,results/idoft-od/engfmt-test_format_py__test_format.json
engfmt,https://github.com/kenkundert/engfmt,OD-Vic,b908ef69aa7941e561019e24f969703f3234753b,true,test_misc.py::test_misc,pass,pass,100,0,100,101,false,could_not_reproduce,,results/idoft-od/engfmt-test_misc_py__test_misc.json
python-openflow,https://github.com/kytos/python-openflow,OD-Brit,a3387a7b28d529a3605aa1506a028e03394e4526,true,tests/unit/v0x04/test_controller2switch/test_flow_mod.py::TestFlowMod::test_minimum_size,pass,pass,100,0,100,101,false,could_not_reproduce,,results/idoft-od/python-openflow-tests_unit_v0x04_test_controller2switch_test_flow_mod_py__te.json
engfmt,https://github.com/kenkundert/engfmt,OD-Vic,b908ef69aa7941e561019e24f969703f3234753b,true,test_namespace.py::test_namespace,pass,pass,100,0,100,101,false,could_not_reproduce,,results/idoft-od/engfmt-test_namespace_py__test_namespace.json
pdir2,https://github.com/laike9m/pdir2,OD-Brit,ef5e2200074d68e2ca3df4ee441a1b9ea6ca5abc,true,tests/test_user_config.py::test_invalid_config_1,fail,skipped,0,0,100,0,true,brit_confirmed,,results/idoft-od/pdir2-tests_test_user_config_py__test_invalid_config_1.json
pdir2,https://github.com/laike9m/pdir2,OD-Brit,ef5e2200074d68e2ca3df4ee441a1b9ea6ca5abc,true,tests/test_user_config.py::test_invalid_config_2,fail,skipped,0,0,100,0,true,brit_confirmed,,results/idoft-od/pdir2-tests_test_user_config_py__test_invalid_config_2.json
pdir2,https://github.com/laike9m/pdir2,OD-Brit,ef5e2200074d68e2ca3df4ee441a1b9ea6ca5abc,true,tests/test_user_config.py::test_read_config,fail,skipped,0,0,100,0,true,brit_confirmed,,results/idoft-od/pdir2-tests_test_user_config_py__test_read_config.json
pdir2,https://github.com/laike9m/pdir2,OD-Brit,ef5e2200074d68e2ca3df4ee441a1b9ea6ca5abc,true,tests/test_user_config.py::test_read_config_from_custom_location,fail,skipped,0,0,100,0,true,brit_confirmed,,results/idoft-od/pdir2-tests_test_user_config_py__test_read_config_from_custom_loca.json
pdir2,https://github.com/laike9m/pdir2,OD-Brit,ef5e2200074d68e2ca3df4ee441a1b9ea6ca5abc,true,tests/test_user_config.py::test_set_env_without_config,fail,skipped,0,0,100,0,true,brit_confirmed,,results/idoft-od/pdir2-tests_test_user_config_py__test_set_env_without_config.json
pdir2,https://github.com/laike9m/pdir2,OD-Brit,ef5e2200074d68e2ca3df4ee441a1b9ea6ca5abc,true,tests/test_user_config.py::test_uniform_color,fail,skipped,0,0,100,0,true,brit_confirmed,,results/idoft-od/pdir2-tests_test_user_config_py__test_uniform_color.json
GOApy,https://github.com/leopepe/GOApy,OD-Brit,a8e0dfe5f0f593107884ad54f89a27f67ee28129,true,tests/Sensor_test.py::SensorsTest::test_remove_sensor_success,fail,skipped,0,0,100,0,true,brit_confirmed,,results/idoft-od/GOApy-tests_sensor_test_py__sensorstest__test_remove_sensor_succes.json
instabrade,https://github.com/levi-rs/instabrade,OD-Vic,73d027ce2e3b0141c7f1c83567151b5638905355,true,tests/test_instagram.py::test_app_store_center_popup_displayed,fail,unknown,0,0,100,1,false,could_not_reproduce,,results/idoft-od/instabrade-tests_test_instagram_py__test_app_store_center_popup_display.json
instabrade,https://github.com/levi-rs/instabrade,OD-Vic,73d027ce2e3b0141c7f1c83567151b5638905355,true,tests/test_instagram.py::test_app_store_footer_popup_displayed,fail,unknown,0,0,100,1,false,could_not_reproduce,,results/idoft-od/instabrade-tests_test_instagram_py__test_app_store_footer_popup_display.json
tunacell,https://github.com/LeBarbouze/tunacell,OD-Vic,837d57e1e6caeddf2e6bcdd2db2986fb456dd605,true,tunacell/tests/test_experiment.py::test_counts,pass,pass,100,0,100,101,false,could_not_reproduce,,results/idoft-od/tunacell-tunacell_tests_test_experiment_py__test_counts.json
dcard-spider,https://github.com/leVirve/dcard-spider,OD-Vic,ac64cbcfe7ef6be7e554cef422b1a8a6bb968d46,true,tests/test_forums.py::TestForums::test_with_none_name_in_dcard_instance,fail,unknown,0,0,100,1,false,could_not_reproduce,,results/idoft-od/dcard-spider-tests_test_forums_py__testforums__test_with_none_name_in_dca.json
tunacell,https://github.com/LeBarbouze/tunacell,OD-Vic,837d57e1e6caeddf2e6bcdd2db2986fb456dd605,true,tunacell/tests/test_experiment.py::test_experiment_abspath,pass,pass,100,0,100,101,false,could_not_reproduce,,results/idoft-od/tunacell-tunacell_tests_test_experiment_py__test_experiment_abspath.json
dcard-spider,https://github.com/leVirve/dcard-spider,OD-Vic,ac64cbcfe7ef6be7e554cef422b1a8a6bb968d46,true,tests/test_posts.py::TestPosts::test_with_none_in_dcard_instance,fail,unknown,0,0,100,1,false,could_not_reproduce,,results/idoft-od/dcard-spider-tests_test_posts_py__testposts__test_with_none_in_dcard_inst.json
tunacell,https://github.com/LeBarbouze/tunacell,OD-Vic,837d57e1e6caeddf2e6bcdd2db2986fb456dd605,true,tunacell/tests/test_experiment.py::test_experiment_attributes,pass,pass,100,0,100,101,false,could_not_reproduce,,results/idoft-od/tunacell-tunacell_tests_test_experiment_py__test_experiment_attribute.json
jupyter-sigplot,https://github.com/LGSInnovations/jupyter-sigplot,OD-Vic,498cda8f3648282cba84745d97e8973d2a02ed89,true,test/test_jupyter_sigplot.py::test_empty_object,fail,error,0,0,100,1,false,could_not_reproduce,,results/idoft-od/jupyter-sigplot-test_test_jupyter_sigplot_py__test_empty_object.json
tunacell,https://github.com/LeBarbouze/tunacell,OD-Vic,837d57e1e6caeddf2e6bcdd2db2986fb456dd605,true,tunacell/tests/test_experiment.py::test_experiment_datatype,pass,pass,100,0,100,101,false,could_not_reproduce,,results/idoft-od/tunacell-tunacell_tests_test_experiment_py__test_experiment_datatype.json
jupyter-sigplot,https://github.com/LGSInnovations/jupyter-sigplot,OD-Vic,498cda8f3648282cba84745d97e8973d2a02ed89,true,test/test_jupyter_sigplot.py::test_overlay_href,fail,error,0,0,100,1,false,could_not_reproduce,,results/idoft-od/jupyter-sigplot-test_test_jupyter_sigplot_py__test_overlay_href.json
tunacell,https://github.com/LeBarbouze/tunacell,OD-Vic,837d57e1e6caeddf2e6bcdd2db2986fb456dd605,true,tunacell/tests/test_experiment.py::test_experiment_get_container,pass,pass,100,0,100,101,false,could_not_reproduce,,results/idoft-od/tunacell-tunacell_tests_test_experiment_py__test_experiment_get_conta.json
pyswarms,https://github.com/ljvmiranda921/pyswarms,OD-Vic,08756526f39699eef28e515cac2ead17cef55710,true,tests/optimizers/test_tolerance.py::TestToleranceOptions::test_ftol_effect[GeneralOptimizerPSO],fail,error,0,0,100,1,false,could_not_reproduce,,results/idoft-od/pyswarms-tests_optimizers_test_tolerance_py__testtoleranceoptions__te.json
tunacell,https://github.com/LeBarbouze/tunacell,OD-Vic,837d57e1e6caeddf2e6bcdd2db2986fb456dd605,true,tunacell/tests/test_experiment.py::test_experiment_iter,pass,pass,100,0,100,101,false,could_not_reproduce,,results/idoft-od/tunacell-tunacell_tests_test_experiment_py__test_experiment_iter.json
pyswarms,https://github.com/ljvmiranda921/pyswarms,OD-Vic,08756526f39699eef28e515cac2ead17cef55710,true,tests/optimizers/test_tolerance.py::TestToleranceOptions::test_ftol_effect[GlobalBestPSO],fail,error,0,0,100,1,false,could_not_reproduce,,results/idoft-od/pyswarms-tests_optimizers_test_tolerance_py__testtoleranceoptions__te.json
pyswarms,https://github.com/ljvmiranda921/pyswarms,OD-Vic,08756526f39699eef28e515cac2ead17cef55710,true,tests/optimizers/test_tolerance.py::TestToleranceOptions::test_ftol_effect[LocalBestPSO],fail,error,0,0,100,1,false,could_not_reproduce,,results/idoft-od/pyswarms-tests_optimizers_test_tolerance_py__testtoleranceoptions__te.json
tunacell,https://github.com/LeBarbouze/tunacell,OD-Vic,837d57e1e6caeddf2e6bcdd2db2986fb456dd605,true,tunacell/tests/test_experiment.py::test_experiment_label,pass,pass,100,0,100,101,false,could_not_reproduce,,results/idoft-od/tunacell-tunacell_tests_test_experiment_py__test_experiment_label.json
pyswarms,https://github.com/ljvmiranda921/pyswarms,OD-Vic,08756526f39699eef28e515cac2ead17cef55710,true,tests/optimizers/test_tolerance.py::TestToleranceOptions::test_no_ftol[GeneralOptimizerPSO],fail,error,0,0,100,1,false,could_not_reproduce,,results/idoft-od/pyswarms-tests_optimizers_test_tolerance_py__testtoleranceoptions__te.json
pyswarms,https://github.com/ljvmiranda921/pyswarms,OD-Vic,08756526f39699eef28e515cac2ead17cef55710,true,tests/optimizers/test_tolerance.py::TestToleranceOptions::test_no_ftol[GlobalBestPSO],fail,error,0,0,100,1,false,could_not_reproduce,,results/idoft-od/pyswarms-tests_optimizers_test_tolerance_py__testtoleranceoptions__te.json
tunacell,https://github.com/LeBarbouze/tunacell,OD-Vic,837d57e1e6caeddf2e6bcdd2db2986fb456dd605,true,tunacell/tests/test_experiment.py::test_experiment_metadata,pass,pass,100,0,100,101,false,could_not_reproduce,,results/idoft-od/tunacell-tunacell_tests_test_experiment_py__test_experiment_metadata.json
pyswarms,https://github.com/ljvmiranda921/pyswarms,OD-Vic,08756526f39699eef28e515cac2ead17cef55710,true,tests/optimizers/test_tolerance.py::TestToleranceOptions::test_no_ftol[LocalBestPSO],fail,error,0,0,100,1,false,could_not_reproduce,,results/idoft-od/pyswarms-tests_optimizers_test_tolerance_py__testtoleranceoptions__te.json
tunacell,https://github.com/LeBarbouze/tunacell,OD-Vic,837d57e1e6caeddf2e6bcdd2db2986fb456dd605,true,tunacell/tests/test_experiment.py::test_experiment_number_container,pass,pass,100,0,100,101,false,could_not_reproduce,,results/idoft-od/tunacell-tunacell_tests_test_experiment_py__test_experiment_number_co.json
icloud_photos_downloader,https://github.com/lonly7star/icloud_photos_downloader,OD,999c804a02c6db420aeb517700d09d9ba1c5a9df,true,test_logger.py::LoggerTestCase::test_logger_tqdm_fallback,fail,error,0,0,100,1,false,could_not_reproduce,,results/idoft-od/icloud_photos_downloader-test_logger_py__loggertestcase__test_logger_tqdm_fallback.json
icloud_photos_downloader,https://github.com/ndbroadbent/icloud_photos_downloader,OD-Brit,e5f304941e2a74b1fbda06c4270ec2fc100e6a49,true,tests/test_cli.py::CliTestCase::test_tqdm,fail,skipped,0,0,100,0,true,brit_confirmed,,results/idoft-od/icloud_photos_downloader-tests_test_cli_py__clitestcase__test_tqdm.json
tunacell,https://github.com/LeBarbouze/tunacell,OD-Vic,837d57e1e6caeddf2e6bcdd2db2986fb456dd605,true,tunacell/tests/test_experiment.py::test_load_experiment,pass,pass,100,0,100,101,false,could_not_reproduce,,results/idoft-od/tunacell-tunacell_tests_test_experiment_py__test_load_experiment.json
tunacell,https://github.com/LeBarbouze/tunacell,OD-Vic,837d57e1e6caeddf2e6bcdd2db2986fb456dd605,true,tunacell/tests/test_filters.py::test_cell_any,pass,fail,0,0,100,1,true,vic_confirmed,,results/idoft-od/tunacell-tunacell_tests_test_filters_py__test_cell_any.json
tunacell,https://github.com/LeBarbouze/tunacell,OD-Brit,837d57e1e6caeddf2e6bcdd2db2986fb456dd605,true,tunacell/tests/test_observable.py::test_observable_str,fail,skipped,0,0,100,0,true,brit_confirmed,,results/idoft-od/tunacell-tunacell_tests_test_observable_py__test_observable_str.json
pytest_exact_fixtures,https://github.com/lrowe/pytest_exact_fixtures,OD-Vic,b72bf9d7661c65e1535e5fbbddc343fd6120e15c,true,test_exact_fixtures.py::test_alternative1,fail,unknown,0,0,100,1,false,could_not_reproduce,,results/idoft-od/pytest_exact_fixtures-test_exact_fixtures_py__test_alternative1.json
pytest_exact_fixtures,https://github.com/lrowe/pytest_exact_fixtures,OD-Vic,b72bf9d7661c65e1535e5fbbddc343fd6120e15c,true,test_exact_fixtures.py::test_alternative2,fail,unknown,0,0,100,1,false,could_not_reproduce,,results/idoft-od/pytest_exact_fixtures-test_exact_fixtures_py__test_alternative2.json
PyJsonFriendly,https://github.com/maboualidev/PyJsonFriendly,OD-Vic,8b1ee498bc7a27024851b5101bf09913031e2477,true,tests/test_pyJsonFriendly.py::TestPyJsonFriendly::test_01,pass,fail,0,0,100,1,true,vic_confirmed,,results/idoft-od/PyJsonFriendly-tests_test_pyjsonfriendly_py__testpyjsonfriendly__test_01.json
lithoxyl,https://github.com/mahmoud/lithoxyl,OD-Brit,9961553a065a1ad8bb7a2407fe74f2cfd6c79a20,true,lithoxyl/tests/test_stats.py::test_acc_random,fail,skipped,0,0,100,0,true,brit_confirmed,,results/idoft-od/lithoxyl-lithoxyl_tests_test_stats_py__test_acc_random.json
exceltojson,https://github.com/malongge/exceltojson,OD-Brit,6724c7de5153a7b125011e879419273589206d0d,true,tests/test_excel_2_json.py::TestProcessExcel::test_excel_process_not_patch_sheet_names,fail,skipped,0,0,100,0,true,brit_confirmed,,results/idoft-od/exceltojson-tests_test_excel_2_json_py__testprocessexcel__test_excel_pro.json
exceltojson,https://github.com/malongge/exceltojson,OD-Brit,6724c7de5153a7b125011e879419273589206d0d,true,tests/test_excel_2_json.py::TestProcessExcel::test_excel_process_with_sheet_names,fail,skipped,0,0,100,0,true,brit_confirmed,,results/idoft-od/exceltojson-tests_test_excel_2_json_py__testprocessexcel__test_excel_pro.json
flask-ipban,https://github.com/Martlark/flask-ipban,OD,1a56cbfee501da36a3c86c7f38882381a14f45bb,true,blob/master/flask_ipban/test_persistence.py,fail,error,0,1,100,2,true,vic_confirmed,,results/idoft-od/flask-ipban-blob_master_flask_ipban_test_persistence_py.json
flask-smorest,https://github.com/marshmallow-code/flask-smorest,OD-Vic,02e9e84def5ace80522c76b830fbef9930a28771,true,tests/test_pagination.py::TestPagination::test_pagination_max_page_size[app_fixture0-AppConfig-1000],fail,unknown,0,0,100,1,false,could_not_reproduce,,results/idoft-od/flask-smorest-tests_test_pagination_py__testpagination__test_pagination_ma.json
flask-smorest,https://github.com/marshmallow-code/flask-smorest,OD-Vic,02e9e84def5ace80522c76b830fbef9930a28771,true,tests/test_pagination.py::TestPagination::test_pagination_max_page_size[app_fixture1-AppConfig-1000],fail,unknown,0,0,100,1,false,could_not_reproduce,,results/idoft-od/flask-smorest-tests_test_pagination_py__testpagination__test_pagination_ma.json
autoyaml,https://github.com/martyni/autoyaml,OD-Brit,be3f450667bcca477683e63bcc49c67c5d170855,true,tests/autoyaml_test.py::TestAutoyamlMethods::test_b_decrypt_config,fail,skipped,0,0,100,0,true,brit_confirmed,,results/idoft-od/autoyaml-tests_autoyaml_test_py__testautoyamlmethods__test_b_decrypt_.json
autoyaml,https://github.com/martyni/autoyaml,OD-Brit,be3f450667bcca477683e63bcc49c67c5d170855,true,tests/autoyaml_test.py::TestEncryptorMethods::test_b_decrypt,fail,skipped,0,0,100,0,true,brit_confirmed,,results/idoft-od/autoyaml-tests_autoyaml_test_py__testencryptormethods__test_b_decrypt.json
flask-smorest,https://github.com/marshmallow-code/flask-smorest,OD-Vic,02e9e84def5ace80522c76b830fbef9930a28771,true,tests/test_pagination.py::TestPagination::test_pagination_max_page_size[app_fixture2-AppConfig-1000],fail,unknown,0,0,100,1,false,could_not_reproduce,,results/idoft-od/flask-smorest-tests_test_pagination_py__testpagination__test_pagination_ma.json
flask-smorest,https://github.com/marshmallow-code/flask-smorest,OD-Vic,02e9e84def5ace80522c76b830fbef9930a28771,true,tests/test_pagination.py::TestPagination::test_pagination_max_page_size[app_fixture3-AppConfig-1000],fail,unknown,0,0,100,1,false,could_not_reproduce,,results/idoft-od/flask-smorest-tests_test_pagination_py__testpagination__test_pagination_ma.json
plai,https://github.com/matheusbsilva/plai,OD-Vic,1d3bfb0438bb6bd2f8d8e42f17207f9449319763,true,tests/test_evaluation.py::TestPipeline::test_pipeline_raise_error_on_undeclared_dataframe,fail,unknown,0,0,100,1,false,could_not_reproduce,,results/idoft-od/plai-tests_test_evaluation_py__testpipeline__test_pipeline_raise_.json
flask-smorest,https://github.com/marshmallow-code/flask-smorest,OD-Vic,02e9e84def5ace80522c76b830fbef9930a28771,true,tests/test_pagination.py::TestPagination::test_pagination_max_page_size[app_fixture4-AppConfig-1000],fail,unknown,0,0,100,1,false,could_not_reproduce,,results/idoft-od/flask-smorest-tests_test_pagination_py__testpagination__test_pagination_ma.json
flask-smorest,https://github.com/marshmallow-code/flask-smorest,OD-Vic,02e9e84def5ace80522c76b830fbef9930a28771,true,tests/test_pagination.py::TestPagination::test_pagination_max_page_size[app_fixture5-AppConfig-1000],fail,unknown,0,0,100,1,false,could_not_reproduce,,results/idoft-od/flask-smorest-tests_test_pagination_py__testpagination__test_pagination_ma.json
flask-smorest,https://github.com/marshmallow-code/flask-smorest,OD-Vic,02e9e84def5ace80522c76b830fbef9930a28771,true,tests/test_pagination.py::TestPagination::test_pagination_max_page_size[app_fixture6-AppConfig-1000],fail,unknown,0,0,100,1,false,could_not_reproduce,,results/idoft-od/flask-smorest-tests_test_pagination_py__testpagination__test_pagination_ma.json
gplaycli,https://github.com/matlink/gplaycli,OD-Vic,b161dbffa64ddc7081ca7c880ce27f84c2f0a0d8,true,tests/test_init.py::test_default_settings,fail,error,0,0,100,1,false,could_not_reproduce,,results/idoft-od/gplaycli-tests_test_init_py__test_default_settings.json
flask-smorest,https://github.com/marshmallow-code/flask-smorest,OD-Vic,02e9e84def5ace80522c76b830fbef9930a28771,true,tests/test_pagination.py::TestPagination::test_pagination_max_page_size[app_fixture7-AppConfig-1000],fail,unknown,0,0,100,1,false,could_not_reproduce,,results/idoft-od/flask-smorest-tests_test_pagination_py__testpagination__test_pagination_ma.json
base10,https://github.com/mattdavis90/base10,OD-Vic,93577e85215e4cd7f02a504ff6a23501d56a1748,true,base10/test/test_helpers.py::TestMetricHelper::test_metric_helper_fields_exception,pass,fail,0,0,100,1,true,vic_confirmed,,results/idoft-od/base10-base10_test_test_helpers_py__testmetrichelper__test_metric_h.json
base10,https://github.com/mattdavis90/base10,OD-Vic,93577e85215e4cd7f02a504ff6a23501d56a1748,true,base10/test/test_helpers.py::TestMetricHelper::test_metric_helper_handles_time_field,pass,fail,0,0,100,1,true,vic_confirmed,,results/idoft-od/base10-base10_test_test_helpers_py__testmetrichelper__test_metric_h.json
base10,https://github.com/mattdavis90/base10,OD-Vic,93577e85215e4cd7f02a504ff6a23501d56a1748,true,base10/test/test_helpers.py::TestMetricHelper::test_metric_helper_metadata_exception,pass,fail,0,0,100,1,true,vic_confirmed,,results/idoft-od/base10-base10_test_test_helpers_py__testmetrichelper__test_metric_h.json
base10,https://github.com/mattdavis90/base10,OD-Vic,93577e85215e4cd7f02a504ff6a23501d56a1748,true,base10/test/test_helpers.py::TestMetricHelper::test_metric_helper_name_exception,pass,fail,0,0,100,1,true,vic_confirmed,,results/idoft-od/base10-base10_test_test_helpers_py__testmetrichelper__test_metric_h.json
flask-smorest,https://github.com/marshmallow-code/flask-smorest,OD-Vic,02e9e84def5ace80522c76b830fbef9930a28771,true,tests/test_pagination.py::TestPagination::test_pagination_min_page_page_size[app_fixture0-AppConfig-1000],fail,unknown,0,0,100,1,false,could_not_reproduce,,results/idoft-od/flask-smorest-tests_test_pagination_py__testpagination__test_pagination_mi.json
flask-smorest,https://github.com/marshmallow-code/flask-smorest,OD-Vic,02e9e84def5ace80522c76b830fbef9930a28771,true,tests/test_pagination.py::TestPagination::test_pagination_min_page_page_size[app_fixture1-AppConfig-1000],fail,unknown,0,0,100,1,false,could_not_reproduce,,results/idoft-od/flask-smorest-tests_test_pagination_py__testpagination__test_pagination_mi.json
flask-smorest,https://github.com/marshmallow-code/flask-smorest,OD-Vic,02e9e84def5ace80522c76b830fbef9930a28771,true,tests/test_pagination.py::TestPagination::test_pagination_min_page_page_size[app_fixture2-AppConfig-1000],fail,unknown,0,0,100,1,false,could_not_reproduce,,results/idoft-od/flask-smorest-tests_test_pagination_py__testpagination__test_pagination_mi.json
flask-smorest,https://github.com/marshmallow-code/flask-smorest,OD-Vic,02e9e84def5ace80522c76b830fbef9930a28771,true,tests/test_pagination.py::TestPagination::test_pagination_min_page_page_size[app_fixture3-AppConfig-1000],fail,unknown,0,0,100,1,false,could_not_reproduce,,results/idoft-od/flask-smorest-tests_test_pagination_py__testpagination__test_pagination_mi.json
flask-multi-redis,https://github.com/max-k/flask-multi-redis,OD-Vic,fa781d3598448a6429309a686de9a8adb53f9f34,true,test/integration/test_flask_multi_redis.py::test_aggregated_delitem_method,fail,error,0,0,100,1,false,could_not_reproduce,,results/idoft-od/flask-multi-redis-test_integration_test_flask_multi_redis_py__test_aggregated_.json
flask-smorest,https://github.com/marshmallow-code/flask-smorest,OD-Vic,02e9e84def5ace80522c76b830fbef9930a28771,true,tests/test_pagination.py::TestPagination::test_pagination_min_page_page_size[app_fixture4-AppConfig-1000],fail,unknown,0,0,100,1,false,could_not_reproduce,,results/idoft-od/flask-smorest-tests_test_pagination_py__testpagination__test_pagination_mi.json
flask-multi-redis,https://github.com/max-k/flask-multi-redis,OD-Vic,fa781d3598448a6429309a686de9a8adb53f9f34,true,test/integration/test_flask_multi_redis.py::test_aggregated_getitem_method,fail,error,0,0,100,1,false,could_not_reproduce,,results/idoft-od/flask-multi-redis-test_integration_test_flask_multi_redis_py__test_aggregated_.json
flask-smorest,https://github.com/marshmallow-code/flask-smorest,OD-Vic,02e9e84def5ace80522c76b830fbef9930a28771,true,tests/test_pagination.py::TestPagination::test_pagination_min_page_page_size[app_fixture5-AppConfig-1000],fail,unknown,0,0,100,1,false,could_not_reproduce,,results/idoft-od/flask-smorest-tests_test_pagination_py__testpagination__test_pagination_mi.json
flask-smorest,https://github.com/marshmallow-code/flask-smorest,OD-Vic,02e9e84def5ace80522c76b830fbef9930a28771,true,tests/test_pagination.py::TestPagination::test_pagination_min_page_page_size[app_fixture6-AppConfig-1000],fail,unknown,0,0,100,1,false,could_not_reproduce,,results/idoft-od/flask-smorest-tests_test_pagination_py__testpagination__test_pagination_mi.json
flask-multi-redis,https://github.com/max-k/flask-multi-redis,OD-Vic,fa781d3598448a6429309a686de9a8adb53f9f34,true,test/integration/test_flask_multi_redis.py::test_aggregated_setitem_method,fail,error,0,0,100,1,false,could_not_reproduce,,results/idoft-od/flask-multi-redis-test_integration_test_flask_multi_redis_py__test_aggregated_.json
flask-smorest,https://github.com/marshmallow-code/flask-smorest,OD-Vic,02e9e84def5ace80522c76b830fbef9930a28771,true,tests/test_pagination.py::TestPagination::test_pagination_min_page_page_size[app_fixture7-AppConfig-1000],fail,unknown,0,0,100,1,false,could_not_reproduce,,results/idoft-od/flask-smorest-tests_test_pagination_py__testpagination__test_pagination_mi.json
flask-multi-redis,https://github.com/max-k/flask-multi-redis,OD-Vic,fa781d3598448a6429309a686de9a8adb53f9f34,true,test/integration/test_flask_multi_redis.py::test_aggregator_delete_method,fail,error,0,0,100,1,false,could_not_reproduce,,results/idoft-od/flask-multi-redis-test_integration_test_flask_multi_redis_py__test_aggregator_.json
clashogram,https://github.com/mehdisadeghi/clashogram,OD-Vic,6ea9eef543201f117749fa290df800c32eb18f54,true,test_everything.py::MessageFactoryTestCase::test_format_time_default,pass,fail,0,0,100,1,true,vic_confirmed,,results/idoft-od/clashogram-test_everything_py__messagefactorytestcase__test_format_time.json
logzero,https://github.com/metachris/logzero,OD-Brit,b5d49fc2b118c370994c4ae5360d7c246d43ddc8,true,tests/test_logzero.py::test_default_logger_stderr_output,fail,skipped,0,0,100,0,true,brit_confirmed,,results/idoft-od/logzero-tests_test_logzero_py__test_default_logger_stderr_output.json
logzero,https://github.com/metachris/logzero,OD-Vic,b5d49fc2b118c370994c4ae5360d7c246d43ddc8,true,tests/test_logzero.py::test_write_to_logfile_and_stderr,pass,fail,0,0,100,1,true,vic_confirmed,,results/idoft-od/logzero-tests_test_logzero_py__test_write_to_logfile_and_stderr.json
flask-multi-redis,https://github.com/max-k/flask-multi-redis,OD-Vic,fa781d3598448a6429309a686de9a8adb53f9f34,true,test/integration/test_flask_multi_redis.py::test_aggregator_get_method,fail,error,0,0,100,1,false,could_not_reproduce,,results/idoft-od/flask-multi-redis-test_integration_test_flask_multi_redis_py__test_aggregator_.json
flask-multi-redis,https://github.com/max-k/flask-multi-redis,OD-Vic,fa781d3598448a6429309a686de9a8adb53f9f34,true,test/integration/test_flask_multi_redis.py::test_aggregator_keys_method,fail,error,0,0,100,1,false,could_not_reproduce,,results/idoft-od/flask-multi-redis-test_integration_test_flask_multi_redis_py__test_aggregator_.json
fastapi-sqlalchemy,https://github.com/mfreeborn/fastapi-sqlalchemy,OD-Vic,8ddf0edab22873365441757107ce21234bc09f8f,true,tests/test_session.py::test_inside_route_without_middleware_fails,pass,pass,2,1,100,4,true,vic_confirmed,,results/idoft-od/fastapi-sqlalchemy-tests_test_session_py__test_inside_route_without_middleware_.json
fastapi-sqlalchemy,https://github.com/mfreeborn/fastapi-sqlalchemy,OD-Vic,8ddf0edab22873365441757107ce21234bc09f8f,true,tests/test_session.py::test_outside_of_route_without_middleware_fails,pass,pass,3,1,100,5,true,vic_confirmed,,results/idoft-od/fastapi-sqlalchemy-tests_test_session_py__test_outside_of_route_without_middlew.json
flask-multi-redis,https://github.com/max-k/flask-multi-redis,OD-Vic,fa781d3598448a6429309a686de9a8adb53f9f34,true,test/integration/test_flask_multi_redis.py::test_aggregator_keys_method_with_empty_nodes,fail,error,0,0,100,1,false,could_not_reproduce,,results/idoft-od/flask-multi-redis-test_integration_test_flask_multi_redis_py__test_aggregator_.json
stowage,https://github.com/michaelpb/stowage,OD-Vic,7c619be755b9b73fd202367bcf9014472f318834,true,test/test_stowage.py::TestPathGenerators::test_directory_walk,pass,pass,1,1,100,3,true,vic_confirmed,,results/idoft-od/stowage-test_test_stowage_py__testpathgenerators__test_directory_wal.json
stowage,https://github.com/michaelpb/stowage,OD-Vic,7c619be755b9b73fd202367bcf9014472f318834,true,test/test_stowage.py::TestPathGenerators::test_needed_symlink_walk,pass,pass,1,1,100,3,true,vic_confirmed,,results/idoft-od/stowage-test_test_stowage_py__testpathgenerators__test_needed_symlin.json
fanstatic-tools,https://github.com/MiCHiLU/fanstatic-tools,OD-Vic,c075a2195c8138d103b72ef8445ef08f2a865984,true,fanstatic/test_core.py::test_convenience_clear_not_initialized,pass,fail,0,0,100,1,true,vic_confirmed,,results/idoft-od/fanstatic-tools-fanstatic_test_core_py__test_convenience_clear_not_initializ.json
fanstatic-tools,https://github.com/MiCHiLU/fanstatic-tools,OD-Vic,c075a2195c8138d103b72ef8445ef08f2a865984,true,fanstatic/test_core.py::test_convenience_need_not_initialized,pass,fail,0,0,100,1,true,vic_confirmed,,results/idoft-od/fanstatic-tools-fanstatic_test_core_py__test_convenience_need_not_initialize.json
fanstatic-tools,https://github.com/MiCHiLU/fanstatic-tools,OD-Vic,c075a2195c8138d103b72ef8445ef08f2a865984,true,fanstatic/test_core.py::test_inclusion_renderers,pass,fail,0,0,100,1,true,vic_confirmed,,results/idoft-od/fanstatic-tools-fanstatic_test_core_py__test_inclusion_renderers.json
flask-multi-redis,https://github.com/max-k/flask-multi-redis,OD-Vic,fa781d3598448a6429309a686de9a8adb53f9f34,true,test/integration/test_flask_multi_redis.py::test_aggregator_scan_iter_method,fail,error,0,0,100,1,false,could_not_reproduce,,results/idoft-od/flask-multi-redis-test_integration_test_flask_multi_redis_py__test_aggregator_.json
flask-multi-redis,https://github.com/max-k/flask-multi-redis,OD-Vic,fa781d3598448a6429309a686de9a8adb53f9f34,true,test/integration/test_flask_multi_redis.py::test_aggregator_set_method,fail,error,0,0,100,1,false,could_not_reproduce,,results/idoft-od/flask-multi-redis-test_integration_test_flask_multi_redis_py__test_aggregator_.json
knack,https://github.com/microsoft/knack,OD-Vic,dc7b7d857ce3c11b2a3155b81f2470b3b579e7c9,true,tests/test_cli_scenarios.py::TestCLIScenarios::test_case_insensitive_command_path,pass,pass,100,0,100,101,false,could_not_reproduce,,results/idoft-od/knack-tests_test_cli_scenarios_py__testcliscenarios__test_case_ins.json
knack,https://github.com/microsoft/knack,OD-Vic,dc7b7d857ce3c11b2a3155b81f2470b3b579e7c9,true,tests/test_command_with_configured_defaults.py::TestCommandWithConfiguredDefaults::test_no_configured_default_on_required_arg,pass,pass,100,0,100,101,false,could_not_reproduce,,results/idoft-od/knack-tests_test_command_with_configured_defaults_py__testcommandw.json
flask-multi-redis,https://github.com/max-k/flask-multi-redis,OD-Vic,fa781d3598448a6429309a686de9a8adb53f9f34,true,test/integration/test_flask_multi_redis.py::test_aggregator_strategy,fail,error,0,0,100,1,false,could_not_reproduce,,results/idoft-od/flask-multi-redis-test_integration_test_flask_multi_redis_py__test_aggregator_.json
knack,https://github.com/microsoft/knack,OD-Vic,dc7b7d857ce3c11b2a3155b81f2470b3b579e7c9,true,tests/test_deprecation.py::TestArgumentDeprecation::test_deprecate_arguments_execute_expired,pass,pass,100,0,100,101,false,could_not_reproduce,,results/idoft-od/knack-tests_test_deprecation_py__testargumentdeprecation__test_dep.json
flask-multi-redis,https://github.com/max-k/flask-multi-redis,OD-Vic,fa781d3598448a6429309a686de9a8adb53f9f34,true,test/integration/test_flask_multi_redis.py::test_attributes_transmission_from_aggregated_node,fail,error,0,0,100,1,false,could_not_reproduce,,results/idoft-od/flask-multi-redis-test_integration_test_flask_multi_redis_py__test_attributes_.json
knack,https://github.com/microsoft/knack,OD-Vic,dc7b7d857ce3c11b2a3155b81f2470b3b579e7c9,true,tests/test_deprecation.py::TestArgumentDeprecation::test_deprecate_options_execute_expired,pass,pass,100,0,100,101,false,could_not_reproduce,,results/idoft-od/knack-tests_test_deprecation_py__testargumentdeprecation__test_dep.json
flask-multi-redis,https://github.com/max-k/flask-multi-redis,OD-Vic,fa781d3598448a6429309a686de9a8adb53f9f34,true,test/integration/test_flask_multi_redis.py::test_attributes_transmission_from_loadbalanced_node,fail,error,0,0,100,1,false,could_not_reproduce,,results/idoft-od/flask-multi-redis-test_integration_test_flask_multi_redis_py__test_attributes_.json
knack,https://github.com/microsoft/knack,OD-Vic,dc7b7d857ce3c11b2a3155b81f2470b3b579e7c9,true,tests/test_deprecation.py::TestCommandDeprecation::test_deprecate_command_expired_execute,pass,pass,100,0,100,101,false,could_not_reproduce,,results/idoft-od/knack-tests_test_deprecation_py__testcommanddeprecation__test_depr.json
flask-multi-redis,https://github.com/max-k/flask-multi-redis,OD-Vic,fa781d3598448a6429309a686de9a8adb53f9f34,true,test/integration/test_flask_multi_redis.py::test_attributes_transmission_if_aggregated_has_no_host,fail,error,0,0,100,1,false,could_not_reproduce,,results/idoft-od/flask-multi-redis-test_integration_test_flask_multi_redis_py__test_attributes_.json
knack,https://github.com/microsoft/knack,OD-Vic,dc7b7d857ce3c11b2a3155b81f2470b3b579e7c9,true,tests/test_deprecation.py::TestCommandDeprecation::test_deprecate_command_expired_execute_no_color,pass,pass,100,0,100,101,false,could_not_reproduce,,results/idoft-od/knack-tests_test_deprecation_py__testcommanddeprecation__test_depr.json
flask-multi-redis,https://github.com/max-k/flask-multi-redis,OD-Vic,fa781d3598448a6429309a686de9a8adb53f9f34,true,test/integration/test_flask_multi_redis.py::test_constructor,fail,error,0,0,100,1,false,could_not_reproduce,,results/idoft-od/flask-multi-redis-test_integration_test_flask_multi_redis_py__test_constructor.json
knack,https://github.com/microsoft/knack,OD-Vic,dc7b7d857ce3c11b2a3155b81f2470b3b579e7c9,true,tests/test_help.py::TestHelp::test_help_extra_params,pass,pass,100,0,100,101,false,could_not_reproduce,,results/idoft-od/knack-tests_test_help_py__testhelp__test_help_extra_params.json
flask-multi-redis,https://github.com/max-k/flask-multi-redis,OD-Vic,fa781d3598448a6429309a686de9a8adb53f9f34,true,test/integration/test_flask_multi_redis.py::test_custom_default_config,fail,error,0,0,100,1,false,could_not_reproduce,,results/idoft-od/flask-multi-redis-test_integration_test_flask_multi_redis_py__test_custom_defa.json
knack,https://github.com/microsoft/knack,OD-Vic,dc7b7d857ce3c11b2a3155b81f2470b3b579e7c9,true,tests/test_help.py::TestHelp::test_help_missing_params,pass,pass,100,0,100,101,false,could_not_reproduce,,results/idoft-od/knack-tests_test_help_py__testhelp__test_help_missing_params.json
zanna,https://github.com/MirkoRossini/zanna,OD-Vic,4c28b5ea3940fba69bee3fdf965a039c9b8f45c5,true,tests/test_decorators.py::TestDecorators::test_class_decorated,pass,fail,0,0,100,1,true,vic_confirmed,,results/idoft-od/zanna-tests_test_decorators_py__testdecorators__test_class_decorat.json
flask-multi-redis,https://github.com/max-k/flask-multi-redis,OD-Vic,fa781d3598448a6429309a686de9a8adb53f9f34,true,test/integration/test_flask_multi_redis.py::test_custom_default_ssl,fail,error,0,0,100,1,false,could_not_reproduce,,results/idoft-od/flask-multi-redis-test_integration_test_flask_multi_redis_py__test_custom_defa.json
zanna,https://github.com/MirkoRossini/zanna,OD-Vic,4c28b5ea3940fba69bee3fdf965a039c9b8f45c5,true,tests/test_decorators.py::TestDecorators::test_provider_decorated,pass,pass,100,0,100,101,false,could_not_reproduce,,results/idoft-od/zanna-tests_test_decorators_py__testdecorators__test_provider_deco.json
flask-multi-redis,https://github.com/max-k/flask-multi-redis,OD-Vic,fa781d3598448a6429309a686de9a8adb53f9f34,true,test/integration/test_flask_multi_redis.py::test_custom_node,fail,error,0,0,100,1,false,could_not_reproduce,,results/idoft-od/flask-multi-redis-test_integration_test_flask_multi_redis_py__test_custom_node.json
OccamTools,https://github.com/mortele/OccamTools,OD-Vic,26c47709f6b870c89403f03ade0950de9f301639,true,test/test_occam_data.py::test_occam_data_progress_bars,pass,pass,0,1,100,2,true,vic_confirmed,,results/idoft-od/OccamTools-test_test_occam_data_py__test_occam_data_progress_bars.json
flask-multi-redis,https://github.com/max-k/flask-multi-redis,OD-Vic,fa781d3598448a6429309a686de9a8adb53f9f34,true,test/integration/test_flask_multi_redis.py::test_custom_prefix,fail,error,0,0,100,1,false,could_not_reproduce,,results/idoft-od/flask-multi-redis-test_integration_test_flask_multi_redis_py__test_custom_pref.json
moyasar-python,https://github.com/moyasar/moyasar-python,OD-Brit,aa8716ae3f98f8782141abe6869dfbb90af98b62,true,tests/moyasar_test.py::test_request_should_return_json_object,fail,skipped,0,0,100,0,true,brit_confirmed,,results/idoft-od/moyasar-python-tests_moyasar_test_py__test_request_should_return_json_objec.json
flask-multi-redis,https://github.com/max-k/flask-multi-redis,OD-Vic,fa781d3598448a6429309a686de9a8adb53f9f34,true,test/integration/test_flask_multi_redis.py::test_extension_registration_if_app_has_no_extensions,fail,error,0,0,100,1,false,could_not_reproduce,,results/idoft-od/flask-multi-redis-test_integration_test_flask_multi_redis_py__test_extension_r.json
neon,https://github.com/mrmechko/neon,OD-Brit,42ad78e3d79583a93abce6d06b81dafc29017514,true,tests/basic_tests.py::test_dont_memoize,fail,skipped,0,0,100,0,true,brit_confirmed,,results/idoft-od/neon-tests_basic_tests_py__test_dont_memoize.json
flask-multi-redis,https://github.com/max-k/flask-multi-redis,OD-Vic,fa781d3598448a6429309a686de9a8adb53f9f34,true,test/integration/test_flask_multi_redis.py::test_init_app,fail,error,0,0,100,1,false,could_not_reproduce,,results/idoft-od/flask-multi-redis-test_integration_test_flask_multi_redis_py__test_init_app.json
Breathe,https://github.com/mrob95/Breathe,OD-Brit,4600818e24f4156cd7bb8cc0f43886b27323968e,true,tests/test_command_context.py::test_manual_context_noccr,fail,skipped,0,0,100,0,true,brit_confirmed,,results/idoft-od/Breathe-tests_test_command_context_py__test_manual_context_noccr.json
Breathe,https://github.com/mrob95/Breathe,OD-Brit,4600818e24f4156cd7bb8cc0f43886b27323968e,true,tests/test_loading.py::test_loading,fail,skipped,0,0,100,0,true,brit_confirmed,,results/idoft-od/Breathe-tests_test_loading_py__test_loading.json
flask-multi-redis,https://github.com/max-k/flask-multi-redis,OD-Vic,fa781d3598448a6429309a686de9a8adb53f9f34,true,test/integration/test_flask_multi_redis.py::test_loadbalanced_delitem_method,fail,error,0,0,100,1,false,could_not_reproduce,,results/idoft-od/flask-multi-redis-test_integration_test_flask_multi_redis_py__test_loadbalance.json
Breathe,https://github.com/mrob95/Breathe,OD-Vic,4600818e24f4156cd7bb8cc0f43886b27323968e,true,tests/test_loading.py::test_loading_failure,pass,pass,100,0,100,101,false,could_not_reproduce,,results/idoft-od/Breathe-tests_test_loading_py__test_loading_failure.json
flask-multi-redis,https://github.com/max-k/flask-multi-redis,OD-Vic,fa781d3598448a6429309a686de9a8adb53f9f34,true,test/integration/test_flask_multi_redis.py::test_loadbalanced_getitem_method,fail,error,0,0,100,1,false,could_not_reproduce,,results/idoft-od/flask-multi-redis-test_integration_test_flask_multi_redis_py__test_loadbalance.json
Breathe,https://github.com/mrob95/Breathe,OD-Brit,4600818e24f4156cd7bb8cc0f43886b27323968e,true,tests/test_loading.py::test_reloading,fail,skipped,0,0,100,0,true,brit_confirmed,,results/idoft-od/Breathe-tests_test_loading_py__test_reloading.json
Breathe,https://github.com/mrob95/Breathe,OD-Brit,4600818e24f4156cd7bb8cc0f43886b27323968e,true,tests/test_merger.py::test_context_commands,fail,skipped,0,0,100,0,true,brit_confirmed,,results/idoft-od/Breathe-tests_test_merger_py__test_context_commands.json
Breathe,https://github.com/mrob95/Breathe,OD-Vic,4600818e24f4156cd7bb8cc0f43886b27323968e,true,tests/test_merger.py::test_core_commands,pass,pass,0,1,100,2,true,vic_confirmed,,results/idoft-od/Breathe-tests_test_merger_py__test_core_commands.json
flask-multi-redis,https://github.com/max-k/flask-multi-redis,OD-Vic,fa781d3598448a6429309a686de9a8adb53f9f34,true,test/integration/test_flask_multi_redis.py::test_loadbalanced_setitem_method,fail,error,0,0,100,1,false,could_not_reproduce,,results/idoft-od/flask-multi-redis-test_integration_test_flask_multi_redis_py__test_loadbalance.json
Breathe,https://github.com/mrob95/Breathe,OD,3ebcdfc9c011f1b64f00ae320f4704b78783f751,true,tests/test_merger.py::test_global_extras,pass,pass,100,0,100,101,false,could_not_reproduce,,results/idoft-od/Breathe-tests_test_merger_py__test_global_extras.json
Breathe,https://github.com/mrob95/Breathe,OD-Brit,4600818e24f4156cd7bb8cc0f43886b27323968e,true,tests/test_merger.py::test_grammar_numbers,fail,skipped,0,0,100,0,true,brit_confirmed,,results/idoft-od/Breathe-tests_test_merger_py__test_grammar_numbers.json
Breathe,https://github.com/mrob95/Breathe,OD-Brit,4600818e24f4156cd7bb8cc0f43886b27323968e,true,tests/test_merger.py::test_invalid,fail,skipped,0,0,100,0,true,brit_confirmed,,results/idoft-od/Breathe-tests_test_merger_py__test_invalid.json
Breathe,https://github.com/mrob95/Breathe,OD-Brit,4600818e24f4156cd7bb8cc0f43886b27323968e,true,tests/test_merger.py::test_noccr_commands,fail,skipped,0,0,100,0,true,brit_confirmed,,results/idoft-od/Breathe-tests_test_merger_py__test_noccr_commands.json
Breathe,https://github.com/mrob95/Breathe,OD-Brit,4600818e24f4156cd7bb8cc0f43886b27323968e,true,tests/test_top_level.py::test_recognition,fail,skipped,0,0,100,0,true,brit_confirmed,,results/idoft-od/Breathe-tests_test_top_level_py__test_recognition.json
Breathe,https://github.com/mrob95/Breathe,OD-Brit,4600818e24f4156cd7bb8cc0f43886b27323968e,true,tests/test_top_level.py::test_top_level_command_failure,fail,skipped,0,0,100,0,true,brit_confirmed,,results/idoft-od/Breathe-tests_test_top_level_py__test_top_level_command_failure.json
flask-multi-redis,https://github.com/max-k/flask-multi-redis,OD-Vic,fa781d3598448a6429309a686de9a8adb53f9f34,true,test/integration/test_flask_multi_redis.py::test_methods_transmission_from_aggregator,fail,error,0,0,100,1,false,could_not_reproduce,,results/idoft-od/flask-multi-redis-test_integration_test_flask_multi_redis_py__test_methods_tra.json
yamicache,https://github.com/mtik00/yamicache,OD-Vic,1109d08b18be94bdee55e113309f7be29f25d840,true,tests/test_class.py::test_cached,pass,fail,0,0,100,1,true,vic_confirmed,,results/idoft-od/yamicache-tests_test_class_py__test_cached.json
yamicache,https://github.com/mtik00/yamicache,OD-Vic,1109d08b18be94bdee55e113309f7be29f25d840,true,tests/test_class.py::test_keyed_cached,pass,fail,0,0,100,1,true,vic_confirmed,,results/idoft-od/yamicache-tests_test_class_py__test_keyed_cached.json
yamicache,https://github.com/mtik00/yamicache,OD-Vic,1109d08b18be94bdee55e113309f7be29f25d840,true,tests/test_class.py::test_utility,pass,fail,0,0,100,1,true,vic_confirmed,,results/idoft-od/yamicache-tests_test_class_py__test_utility.json
yamicache,https://github.com/mtik00/yamicache,OD-Vic,1109d08b18be94bdee55e113309f7be29f25d840,true,tests/test_noclass.py::test_main,pass,fail,0,0,100,1,true,vic_confirmed,,results/idoft-od/yamicache-tests_test_noclass_py__test_main.json
flask-multi-redis,https://github.com/max-k/flask-multi-redis,OD-Vic,fa781d3598448a6429309a686de9a8adb53f9f34,true,test/integration/test_flask_multi_redis.py::test_methods_transmission_from_redis,fail,error,0,0,100,1,false,could_not_reproduce,,results/idoft-od/flask-multi-redis-test_integration_test_flask_multi_redis_py__test_methods_tra.json
flask-multi-redis,https://github.com/max-k/flask-multi-redis,OD-Vic,fa781d3598448a6429309a686de9a8adb53f9f34,true,test/integration/test_flask_multi_redis.py::test_task_runner,fail,error,0,0,100,1,false,could_not_reproduce,,results/idoft-od/flask-multi-redis-test_integration_test_flask_multi_redis_py__test_task_runner.json
parse_it,https://github.com/naorlivne/parse_it,OD-Vic,886d7de0e74e67edc136411a5220e35c1149e743,true,test/test_prase_it.py::BaseTests::test_envvar_defined_false,pass,pass,1,1,100,3,true,vic_confirmed,,results/idoft-od/parse_it-test_test_prase_it_py__basetests__test_envvar_defined_false.json
parse_it,https://github.com/naorlivne/parse_it,OD-Brit,886d7de0e74e67edc136411a5220e35c1149e743,true,test/test_prase_it.py::BaseTests::test_parser_read_all_configuration_variables_raise_allowed_types_error,fail,skipped,0,0,100,0,true,brit_confirmed,,results/idoft-od/parse_it-test_test_prase_it_py__basetests__test_parser_read_all_confi.json
policyuniverse,https://github.com/Netflix-Skunkworks/policyuniverse,OD-Vic,b633e572ecdba45d70398ac034fb44e0e4e7dbf8,true,policyuniverse/tests/test_expander_minimizer.py::TestMethods::test_expand_1,pass,fail,0,0,100,1,true,vic_confirmed,,results/idoft-od/policyuniverse-policyuniverse_tests_test_expander_minimizer_py__testmethods.json
napalm,https://github.com/napalm-automation/napalm,OD-Vic,0e23a55f52221e528be66c1f06a141f937e842f7,true,test/pyiosxr/test_iosxr.py::TestIOSXRDevice::test_lock_raises_LockError,fail,error,0,0,100,1,false,could_not_reproduce,,results/idoft-od/napalm-test_pyiosxr_test_iosxr_py__testiosxrdevice__test_lock_raise.json
policyuniverse,https://github.com/Netflix-Skunkworks/policyuniverse,OD-Vic,b633e572ecdba45d70398ac034fb44e0e4e7dbf8,true,policyuniverse/tests/test_expander_minimizer.py::TestMethods::test_expand_minimize_over_policies,pass,pass,100,0,100,101,false,could_not_reproduce,,results/idoft-od/policyuniverse-policyuniverse_tests_test_expander_minimizer_py__testmethods.json
napalm,https://github.com/napalm-automation/napalm,OD-Vic,0e23a55f52221e528be66c1f06a141f937e842f7,true,test/pyiosxr/test_iosxr.py::TestIOSXRDevice::test_mock_lock_connection_open,fail,error,0,0,100,1,false,could_not_reproduce,,results/idoft-od/napalm-test_pyiosxr_test_iosxr_py__testiosxrdevice__test_mock_lock_.json
compare-mt,https://github.com/neulab/compare-mt,OD-Brit,92502b30b1f228773179a01dd86fe1b8dfd400e5,true,tests/test_cache.py::TestSentBucketCache::test_sentbucket_cache,fail,skipped,0,0,100,0,true,brit_confirmed,,results/idoft-od/compare-mt-tests_test_cache_py__testsentbucketcache__test_sentbucket_ca.json
compare-mt,https://github.com/neulab/compare-mt,OD-Brit,92502b30b1f228773179a01dd86fe1b8dfd400e5,true,tests/test_cache.py::TestSrcWordAccCache::test_src_wordacc_cache,fail,skipped,0,0,100,0,true,brit_confirmed,,results/idoft-od/compare-mt-tests_test_cache_py__testsrcwordacccache__test_src_wordacc_c.json
compare-mt,https://github.com/neulab/compare-mt,OD-Brit,92502b30b1f228773179a01dd86fe1b8dfd400e5,true,tests/test_cache.py::TestWordAccCache::test_wordacc_cache,fail,skipped,0,0,100,0,true,brit_confirmed,,results/idoft-od/compare-mt-tests_test_cache_py__testwordacccache__test_wordacc_cache.json
neurodsp,https://github.com/neurodsp-tools/neurodsp,OD-Brit,19aa50c71deaa19e4ed85efa192afa8ab63d0bf1,true,neurodsp/tests/utils/test_download.py::test_check_data_file,fail,skipped,0,0,100,0,true,brit_confirmed,,results/idoft-od/neurodsp-neurodsp_tests_utils_test_download_py__test_check_data_file.json
autodiscover,https://github.com/nicolaszein/autodiscover,OD-Brit,3009f81c51b7a4cb077427e429d740db98eb173b,true,tests/test_autodiscover.py::TestAutoDiscover::test_autodiscover_with_pattern,fail,skipped,0,0,100,0,true,brit_confirmed,,results/idoft-od/autodiscover-tests_test_autodiscover_py__testautodiscover__test_autodisco.json
Neuraxle,https://github.com/Neuraxio/Neuraxle,OD-Vic,20c6e5713198345b43bf6899355f1b5cf65eb02c,true,testing/hyperparams/test_distributions.py::test_gaussian_distribution_mixture_log,pass,pass,10,1,100,12,true,vic_confirmed,,results/idoft-od/Neuraxle-testing_hyperparams_test_distributions_py__test_gaussian_dis.json
debinterface,https://github.com/nMustaki/debinterface,OD-Vic,abd30a55dcbadc30fd66143adc196034b663054f,true,test/test_hostapd.py::TestHostapd::test_read,pass,fail,0,0,100,1,true,vic_confirmed,,results/idoft-od/debinterface-test_test_hostapd_py__testhostapd__test_read.json
clu,https://github.com/nir0s/clu,OD-Vic,77da967a4577ca4cf100cfe34e87b39ad88bf21c,true,tests/test_ghost.py::TestCLI::test_fail_init_two_stashes_passphrase_file_exists,fail,error,0,0,100,1,false,could_not_reproduce,,results/idoft-od/clu-tests_test_ghost_py__testcli__test_fail_init_two_stashes_pas.json
clu,https://github.com/nir0s/clu,OD-Brit,77da967a4577ca4cf100cfe34e87b39ad88bf21c,true,tests/test_ghost.py::TestCLI::test_init_already_initialized,fail,skipped,0,0,100,0,true,brit_confirmed,,results/idoft-od/clu-tests_test_ghost_py__testcli__test_init_already_initialized.json
clu,https://github.com/nir0s/clu,OD-Brit,77da967a4577ca4cf100cfe34e87b39ad88bf21c,true,tests/test_ghost.py::TestCLI::test_init_permission_denied_on_passphrase,fail,skipped,0,0,100,0,true,brit_confirmed,,results/idoft-od/clu-tests_test_ghost_py__testcli__test_init_permission_denied_on.json
BT-Tracker,https://github.com/nordwind80/BT-Tracker,OD-Brit,558c15b399871c1ca11d0c4ae1eb598e3060931e,true,Tracker/tests/test_event.py::TestEvent::test_object,fail,skipped,0,0,100,0,true,brit_confirmed,,results/idoft-od/BT-Tracker-tracker_tests_test_event_py__testevent__test_object.json
clu,https://github.com/nir0s/clu,OD-Vic,77da967a4577ca4cf100cfe34e87b39ad88bf21c,true,tests/test_ghost.py::TestSQLAlchemyStorage::test_is_initialized,fail,error,0,0,100,1,false,could_not_reproduce,,results/idoft-od/clu-tests_test_ghost_py__testsqlalchemystorage__test_is_initiali.json
clu,https://github.com/nir0s/clu,OD-Brit,77da967a4577ca4cf100cfe34e87b39ad88bf21c,true,tests/test_ghost.py::TestStash::test_broken_is_initialized,fail,skipped,0,0,100,0,true,brit_confirmed,,results/idoft-od/clu-tests_test_ghost_py__teststash__test_broken_is_initialized.json
clu,https://github.com/nir0s/clu,OD-Vic,77da967a4577ca4cf100cfe34e87b39ad88bf21c,true,tests/test_ghost.py::TestTinyDBStorage::test_init_stash_in_current_dir,fail,error,0,0,100,1,false,could_not_reproduce,,results/idoft-od/clu-tests_test_ghost_py__testtinydbstorage__test_init_stash_in_c.json
sqs-polling,https://github.com/ohke/sqs-polling,OD-Vic,34d1375cf73e05211c73cd43bdd120ce076181c8,true,sqs_polling/tests/test_sqs_polling.py::TestSqsPolling::test_execute_delete,fail,error,0,0,100,1,false,could_not_reproduce,,results/idoft-od/sqs-polling-sqs_polling_tests_test_sqs_polling_py__testsqspolling__test_.json
clu,https://github.com/nir0s/clu,OD-Vic,77da967a4577ca4cf100cfe34e87b39ad88bf21c,true,tests/test_ghost.py::TestTinyDBStorage::test_is_initialized,fail,error,0,0,100,1,false,could_not_reproduce,,results/idoft-od/clu-tests_test_ghost_py__testtinydbstorage__test_is_initialized.json
IOCynergy,https://github.com/omersaraf/IOCynergy,OD-Vic,1821423680f741d8ca06bcc6a02c8b21156f9ba0,true,cynergy/tests/test_register_multiple.py::test_register_multiple,fail,fail,0,0,100,1,true,vic_confirmed,,results/idoft-od/IOCynergy-cynergy_tests_test_register_multiple_py__test_register_multi.json
YAROM,https://github.com/openworm/YAROM,OD-Brit,cd4fb6cb8fac72a198858225ce89ad8b9c9175fd,true,tests/test_mapper.py::MapperTest::test_children_are_added,fail,skipped,0,0,100,0,true,brit_confirmed,,results/idoft-od/YAROM-tests_test_mapper_py__mappertest__test_children_are_added.json
YAROM,https://github.com/openworm/YAROM,OD-Brit,cd4fb6cb8fac72a198858225ce89ad8b9c9175fd,true,tests/test_mapper.py::MapperTest::test_children_are_deregistered,fail,skipped,0,0,100,0,true,brit_confirmed,,results/idoft-od/YAROM-tests_test_mapper_py__mappertest__test_children_are_deregist.json
YAROM,https://github.com/openworm/YAROM,OD-Brit,cd4fb6cb8fac72a198858225ce89ad8b9c9175fd,true,tests/test_mapper.py::MapperTest::test_object_from_id_class,fail,skipped,0,0,100,0,true,brit_confirmed,,results/idoft-od/YAROM-tests_test_mapper_py__mappertest__test_object_from_id_class.json
pyserverpilot,https://github.com/opper/pyserverpilot,OD-Brit,b6b896fea1155fa95febde84f74e0d2230523ab0,true,tests/test_app.py::TestApp::test_add_ssl,fail,skipped,0,0,100,0,true,brit_confirmed,,results/idoft-od/pyserverpilot-tests_test_app_py__testapp__test_add_ssl.json
pyserverpilot,https://github.com/opper/pyserverpilot,OD-Brit,b6b896fea1155fa95febde84f74e0d2230523ab0,true,tests/test_app.py::TestApp::test_enable_force_ssl,fail,skipped,0,0,100,0,true,brit_confirmed,,results/idoft-od/pyserverpilot-tests_test_app_py__testapp__test_enable_force_ssl.json
pyserverpilot,https://github.com/opper/pyserverpilot,OD-Brit,b6b896fea1155fa95febde84f74e0d2230523ab0,true,tests/test_app.py::TestApp::test_get_app,fail,skipped,0,0,100,0,true,brit_confirmed,,results/idoft-od/pyserverpilot-tests_test_app_py__testapp__test_get_app.json
pyserverpilot,https://github.com/opper/pyserverpilot,OD-Brit,b6b896fea1155fa95febde84f74e0d2230523ab0,true,tests/test_app.py::TestApp::test_update_app_validation,fail,skipped,0,0,100,0,true,brit_confirmed,,results/idoft-od/pyserverpilot-tests_test_app_py__testapp__test_update_app_validation.json
pyserverpilot,https://github.com/opper/pyserverpilot,OD-Brit,b6b896fea1155fa95febde84f74e0d2230523ab0,true,tests/test_db.py::TestDb::test_get_db,fail,skipped,0,0,100,0,true,brit_confirmed,,results/idoft-od/pyserverpilot-tests_test_db_py__testdb__test_get_db.json
pyserverpilot,https://github.com/opper/pyserverpilot,OD-Brit,b6b896fea1155fa95febde84f74e0d2230523ab0,true,tests/test_db.py::TestDb::test_update_db,fail,skipped,0,0,100,0,true,brit_confirmed,,results/idoft-od/pyserverpilot-tests_test_db_py__testdb__test_update_db.json
lib-cove,https://github.com/OpenDataServices/lib-cove,OD-Vic,74ba874ec6882969894797ee0dbc5c70a16019e5,true,tests/lib/test_converters.py::test_convert_activity_xml_1,pass,fail,0,0,100,1,true,vic_confirmed,,results/idoft-od/lib-cove-tests_lib_test_converters_py__test_convert_activity_xml_1.json
lib-cove,https://github.com/OpenDataServices/lib-cove,OD-Vic,74ba874ec6882969894797ee0dbc5c70a16019e5,true,tests/lib/test_converters.py::test_convert_json_1,pass,fail,0,0,100,1,true,vic_confirmed,,results/idoft-od/lib-cove-tests_lib_test_converters_py__test_convert_json_1.json
lib-cove,https://github.com/OpenDataServices/lib-cove,OD-Vic,74ba874ec6882969894797ee0dbc5c70a16019e5,true,tests/lib/test_converters.py::test_convert_org_xml_1,pass,fail,0,0,100,1,true,vic_confirmed,,results/idoft-od/lib-cove-tests_lib_test_converters_py__test_convert_org_xml_1.json
dzonegit,https://github.com/oskar456/dzonegit,OD-Brit,8f952086aa41aee4ebb7432926ed8c6a9211ac9f,true,test_dzonegit.py::test_get_altered_files,fail,skipped,0,0,100,0,true,brit_confirmed,,results/idoft-od/dzonegit-test_dzonegit_py__test_get_altered_files.json
dzonegit,https://github.com/oskar456/dzonegit,OD-Brit,8f952086aa41aee4ebb7432926ed8c6a9211ac9f,true,test_dzonegit.py::test_get_file_contents,fail,skipped,0,0,100,0,true,brit_confirmed,,results/idoft-od/dzonegit-test_dzonegit_py__test_get_file_contents.json
dzonegit,https://github.com/oskar456/dzonegit,OD-Vic,8f952086aa41aee4ebb7432926ed8c6a9211ac9f,true,test_dzonegit.py::test_get_head,pass,fail,0,0,100,1,true,vic_confirmed,,results/idoft-od/dzonegit-test_dzonegit_py__test_get_head.json
dzonegit,https://github.com/oskar456/dzonegit,OD-Brit,8f952086aa41aee4ebb7432926ed8c6a9211ac9f,true,test_dzonegit.py::test_post_receive,fail,skipped,0,0,100,0,true,brit_confirmed,,results/idoft-od/dzonegit-test_dzonegit_py__test_post_receive.json
dzonegit,https://github.com/oskar456/dzonegit,OD-Vic,8f952086aa41aee4ebb7432926ed8c6a9211ac9f,true,test_dzonegit.py::test_pre_receive,pass,pass,4,1,100,6,true,vic_confirmed,,results/idoft-od/dzonegit-test_dzonegit_py__test_pre_receive.json
dzonegit,https://github.com/oskar456/dzonegit,OD-Brit,8f952086aa41aee4ebb7432926ed8c6a9211ac9f,true,test_dzonegit.py::test_template_config,fail,skipped,0,0,100,0,true,brit_confirmed,,results/idoft-od/dzonegit-test_dzonegit_py__test_template_config.json
dzonegit,https://github.com/oskar456/dzonegit,OD-Vic,8f952086aa41aee4ebb7432926ed8c6a9211ac9f,true,test_dzonegit.py::test_update,pass,pass,0,1,100,2,true,vic_confirmed,,results/idoft-od/dzonegit-test_dzonegit_py__test_update.json
vcdriver,https://github.com/Osirium/vcdriver,OD-Vic,2f311df9a73c82b5837d01bac16a10eb4db955eb,true,test/unit/test_config.py::test_read,fail,error,0,0,100,1,false,could_not_reproduce,,results/idoft-od/vcdriver-test_unit_test_config_py__test_read.json
metcli,https://github.com/ozzywalsh/metcli,OD-Vic,4658176034cea68955849bf488494c8ce3ffcbcd,true,metcli/test_metcli.py::test_met_request_should_handle_connection_problem,pass,fail,0,0,100,1,true,vic_confirmed,,results/idoft-od/metcli-metcli_test_metcli_py__test_met_request_should_handle_connec.json
metcli,https://github.com/ozzywalsh/metcli,OD-Vic,4658176034cea68955849bf488494c8ce3ffcbcd,true,metcli/test_metcli.py::test_met_request_should_return_dict,pass,fail,0,0,100,1,true,vic_confirmed,,results/idoft-od/metcli-metcli_test_metcli_py__test_met_request_should_return_dict.json
serpextract,https://github.com/Parsely/serpextract,OD-Vic,aec8f2bd79c66953938569a24b05c693ab70b4ce,true,tests/test_serps.py::TestSERPs::test_custom_parser_explicit,fail,error,0,0,100,1,false,could_not_reproduce,,results/idoft-od/serpextract-tests_test_serps_py__testserps__test_custom_parser_explicit.json
serpextract,https://github.com/Parsely/serpextract,OD-Brit,aec8f2bd79c66953938569a24b05c693ab70b4ce,true,tests/test_serps.py::TestSERPs::test_custom_parser_implicit,fail,skipped,0,0,100,0,true,brit_confirmed,,results/idoft-od/serpextract-tests_test_serps_py__testserps__test_custom_parser_implicit.json
dotty_dict,https://github.com/pawelzny/dotty_dict,OD,ae87e3fb76cbec5bfb9c885ccfb942afc3f0c9b5,true,tests/test_dotty_cache.py::test_getitem_cache,fail,error,100,0,100,101,false,could_not_reproduce,,results/idoft-od/dotty_dict-tests_test_dotty_cache_py__test_getitem_cache.json
serpextract,https://github.com/Parsely/serpextract,OD-Vic,aec8f2bd79c66953938569a24b05c693ab70b4ce,true,tests/test_serps.py::TestSERPs::test_naive_detection,fail,error,0,0,100,1,false,could_not_reproduce,,results/idoft-od/serpextract-tests_test_serps_py__testserps__test_naive_detection.json
autoclasswrapper,https://github.com/pierrepo/autoclasswrapper,OD-Brit,af43dd833e5586386098d1793a59332e968069da,true,tests/test_output.py::TestOutputClass::test_write_dendrogram,fail,skipped,0,0,100,0,true,brit_confirmed,,results/idoft-od/autoclasswrapper-tests_test_output_py__testoutputclass__test_write_dendrogram.json
serpextract,https://github.com/Parsely/serpextract/,OD-Vic,aec8f2bd79c66953938569a24b05c693ab70b4ce,true,tests/test_serps.py::TestSERPs::test_custom_parser_explicit,fail,error,0,0,100,1,false,could_not_reproduce,,results/idoft-od/serpextract-tests_test_serps_py__testserps__test_custom_parser_explicit.json
serpextract,https://github.com/Parsely/serpextract/,OD-Brit,aec8f2bd79c66953938569a24b05c693ab70b4ce,true,tests/test_serps.py::TestSERPs::test_custom_parser_implicit,fail,skipped,0,0,100,0,true,brit_confirmed,,results/idoft-od/serpextract-tests_test_serps_py__testserps__test_custom_parser_implicit.json
autoclasswrapper,https://github.com/pierrepo/autoclasswrapper,OD-Vic,af43dd833e5586386098d1793a59332e968069da,true,tests/test_output.py::TestOutputClass::test_write_dendrogram_no_stats,pass,fail,0,0,100,1,true,vic_confirmed,,results/idoft-od/autoclasswrapper-tests_test_output_py__testoutputclass__test_write_dendrogram.json
serpextract,https://github.com/Parsely/serpextract/,OD-Vic,aec8f2bd79c66953938569a24b05c693ab70b4ce,true,tests/test_serps.py::TestSERPs::test_naive_detection,fail,error,0,0,100,1,false,could_not_reproduce,,results/idoft-od/serpextract-tests_test_serps_py__testserps__test_naive_detection.json
docker-pretty-ps,https://github.com/politeauthority/docker-pretty-ps,OD-Vic,2fcc9db4e391df2b96ccc2e967b41b6263fdcc2d,true,tests/test_dockerprettyps.py::TestDockerPrettyPs::test_container_display_name,pass,fail,0,0,100,1,true,vic_confirmed,,results/idoft-od/docker-pretty-ps-tests_test_dockerprettyps_py__testdockerprettyps__test_conta.json
docker-pretty-ps,https://github.com/politeauthority/docker-pretty-ps,OD-Vic,2fcc9db4e391df2b96ccc2e967b41b6263fdcc2d,true,tests/test_dockerprettyps.py::TestDockerPrettyPs::test_get_container_colors,pass,fail,0,0,100,1,true,vic_confirmed,,results/idoft-od/docker-pretty-ps-tests_test_dockerprettyps_py__testdockerprettyps__test_get_c.json
docker-pretty-ps,https://github.com/politeauthority/docker-pretty-ps,OD-Vic,2fcc9db4e391df2b96ccc2e967b41b6263fdcc2d,true,tests/test_dockerprettyps.py::TestDockerPrettyPs::test_print_format,pass,fail,0,0,100,1,true,vic_confirmed,,results/idoft-od/docker-pretty-ps-tests_test_dockerprettyps_py__testdockerprettyps__test_print.json
limitediterables,https://github.com/Poogles/limitediterables,OD-Vic,3ce3bc28d5c4092db3d5499ad60339c007f4c0e0,true,tests/test_iterables.py::test_actual_rate_slower_than_rate_limit,pass,fail,0,0,100,1,true,vic_confirmed,,results/idoft-od/limitediterables-tests_test_iterables_py__test_actual_rate_slower_than_rate_l.json
limitediterables,https://github.com/Poogles/limitediterables,OD-Vic,3ce3bc28d5c4092db3d5499ad60339c007f4c0e0,true,tests/test_iterables.py::test_rate_limit,fail,fail,0,0,100,1,true,vic_confirmed,,results/idoft-od/limitediterables-tests_test_iterables_py__test_rate_limit.json
limitediterables,https://github.com/Poogles/limitediterables,OD-Vic,3ce3bc28d5c4092db3d5499ad60339c007f4c0e0,true,tests/test_iterables.py::test_rate_limit_negative,fail,fail,0,0,100,1,true,vic_confirmed,,results/idoft-od/limitediterables-tests_test_iterables_py__test_rate_limit_negative.json
torchpwl,https://github.com/PiotrDabkowski/torchpwl,OD-Vic,73b09cfa9f4c173988d8f075485b887c694fc5a8,true,torchpwl/pwl_test.py::test_pwl_default_init_response[7-3-MonoPointPWL],fail,error,0,0,100,1,false,could_not_reproduce,,results/idoft-od/torchpwl-torchpwl_pwl_test_py__test_pwl_default_init_response_7_3_mon.json
pydu,https://github.com/Prodesire/pydu,OD-Brit,e6e4055f81dbbece55dccfe29b7fb82b9bf40610,true,tests/test_iter.py::test_first_last,pass,pass,100,0,100,101,false,could_not_reproduce,,results/idoft-od/pydu-tests_test_iter_py__test_first_last.json
mccabe,https://github.com/pycqa/mccabe,OD-Brit,e92e9e79799c5796f76f3da821dbb5aa56e41028,true,test_mccabe.py::RegressionTests::test_max_complexity_is_always_an_int,fail,skipped,0,0,100,0,true,brit_confirmed,,results/idoft-od/mccabe-test_mccabe_py__regressiontests__test_max_complexity_is_alwa.json
domain2idna,https://github.com/PyFunceble/domain2idna,OD-Vic,39a1c4e1ebb877ed511e53b618fbe437a685c970,true,tests/test_cli.py::TestCLI::test_domain,pass,fail,0,0,100,1,true,vic_confirmed,,results/idoft-od/domain2idna-tests_test_cli_py__testcli__test_domain.json
domain2idna,https://github.com/PyFunceble/domain2idna,OD-Vic,39a1c4e1ebb877ed511e53b618fbe437a685c970,true,tests/test_cli.py::TestCLI::test_file,pass,error,1,1,100,3,true,vic_confirmed,,results/idoft-od/domain2idna-tests_test_cli_py__testcli__test_file.json
domain2idna,https://github.com/PyFunceble/domain2idna,OD-Vic,39a1c4e1ebb877ed511e53b618fbe437a685c970,true,tests/test_converter.py::TestConverter::test_commented_line,pass,pass,100,0,100,101,false,could_not_reproduce,,results/idoft-od/domain2idna-tests_test_converter_py__testconverter__test_commented_line.json
torchpwl,https://github.com/PiotrDabkowski/torchpwl,OD-Vic,73b09cfa9f4c173988d8f075485b887c694fc5a8,true,torchpwl/pwl_test.py::test_pwl_is_continous[2-3-PointPWL],fail,error,0,0,100,1,false,could_not_reproduce,,results/idoft-od/torchpwl-torchpwl_pwl_test_py__test_pwl_is_continous_2_3_pointpwl_.json
domain2idna,https://github.com/PyFunceble/domain2idna,OD-Vic,39a1c4e1ebb877ed511e53b618fbe437a685c970,true,tests/test_converter.py::TestConverter::test_hosts_file_format,pass,pass,100,0,100,101,false,could_not_reproduce,,results/idoft-od/domain2idna-tests_test_converter_py__testconverter__test_hosts_file_form.json
domain2idna,https://github.com/PyFunceble/domain2idna,OD-Vic,39a1c4e1ebb877ed511e53b618fbe437a685c970,true,tests/test_converter.py::TestConverter::test_to_idna_multiple,pass,pass,100,0,100,101,false,could_not_reproduce,,results/idoft-od/domain2idna-tests_test_converter_py__testconverter__test_to_idna_multipl.json
domain2idna,https://github.com/PyFunceble/domain2idna,OD-Vic,39a1c4e1ebb877ed511e53b618fbe437a685c970,true,tests/test_converter.py::TestConverter::test_to_idna_multiple_urls,pass,pass,100,0,100,101,false,could_not_reproduce,,results/idoft-od/domain2idna-tests_test_converter_py__testconverter__test_to_idna_multipl.json
domain2idna,https://github.com/PyFunceble/domain2idna,OD-Vic,39a1c4e1ebb877ed511e53b618fbe437a685c970,true,tests/test_converter.py::TestConverter::test_to_idna_single,pass,pass,100,0,100,101,false,could_not_reproduce,,results/idoft-od/domain2idna-tests_test_converter_py__testconverter__test_to_idna_single.json
torchpwl,https://github.com/PiotrDabkowski/torchpwl,OD-Vic,73b09cfa9f4c173988d8f075485b887c694fc5a8,true,torchpwl/pwl_test.py::test_pwl_is_continous[4-1-PointPWL],fail,error,0,0,100,1,false,could_not_reproduce,,results/idoft-od/torchpwl-torchpwl_pwl_test_py__test_pwl_is_continous_4_1_pointpwl_.json
domain2idna,https://github.com/PyFunceble/domain2idna,OD-Vic,39a1c4e1ebb877ed511e53b618fbe437a685c970,true,tests/test_helpers.py::TestFile::test_delete_not_exist,pass,pass,100,0,100,101,false,could_not_reproduce,,results/idoft-od/domain2idna-tests_test_helpers_py__testfile__test_delete_not_exist.json
domain2idna,https://github.com/PyFunceble/domain2idna,OD-Vic,39a1c4e1ebb877ed511e53b618fbe437a685c970,true,tests/test_helpers.py::TestFile::test_read_delete,pass,pass,100,0,100,101,false,could_not_reproduce,,results/idoft-od/domain2idna-tests_test_helpers_py__testfile__test_read_delete.json
domain2idna,https://github.com/PyFunceble/domain2idna,OD-Vic,39a1c4e1ebb877ed511e53b618fbe437a685c970,true,tests/test_helpers.py::TestFile::test_write_delete,pass,pass,100,0,100,101,false,could_not_reproduce,,results/idoft-od/domain2idna-tests_test_helpers_py__testfile__test_write_delete.json
odinweb,https://github.com/python-odin/odinweb,OD-Vic,198424133584acc18cb41c8d18d91f803abc810f,true,tests/test_containers.py::TestApiInterfaceBase::test_dispatch__encode_error_with_debug_enabled,pass,pass,100,0,100,101,false,could_not_reproduce,,results/idoft-od/odinweb-tests_test_containers_py__testapiinterfacebase__test_dispatc.json
domain2idna,https://github.com/PyFunceble/domain2idna,OD-Vic,39a1c4e1ebb877ed511e53b618fbe437a685c970,true,tests/test_helpers.py::TestFile::test_write_overwrite_delete,pass,pass,100,0,100,101,false,could_not_reproduce,,results/idoft-od/domain2idna-tests_test_helpers_py__testfile__test_write_overwrite_delete.json
odinweb,https://github.com/python-odin/odinweb,OD-Vic,198424133584acc18cb41c8d18d91f803abc810f,true,tests/test_containers.py::TestApiInterfaceBase::test_dispatch__error_handled_by_middleware,pass,pass,100,0,100,101,false,could_not_reproduce,,results/idoft-od/odinweb-tests_test_containers_py__testapiinterfacebase__test_dispatc.json
domain2idna,https://github.com/PyFunceble/domain2idna,OD-Vic,39a1c4e1ebb877ed511e53b618fbe437a685c970,true,tests/test_init.py::TestInit::test_get,pass,pass,100,0,100,101,false,could_not_reproduce,,results/idoft-od/domain2idna-tests_test_init_py__testinit__test_get.json
odinweb,https://github.com/python-odin/odinweb,OD-Vic,198424133584acc18cb41c8d18d91f803abc810f,true,tests/test_containers.py::TestApiInterfaceBase::test_dispatch__error_handled_by_middleware_raises_exception,pass,pass,100,0,100,101,false,could_not_reproduce,,results/idoft-od/odinweb-tests_test_containers_py__testapiinterfacebase__test_dispatc.json
odinweb,https://github.com/python-odin/odinweb,OD-Vic,198424133584acc18cb41c8d18d91f803abc810f,true,tests/test_containers.py::TestApiInterfaceBase::test_dispatch__error_with_debug_enabled,pass,pass,100,0,100,101,false,could_not_reproduce,,results/idoft-od/odinweb-tests_test_containers_py__testapiinterfacebase__test_dispatc.json
qgrid,https://github.com/quantopian/qgrid,OD-Vic,877b420d3bd83297bbcc97202b914001a85afff2,true,qgrid/tests/test_grid.py::test_edit_multi_index_df,fail,error,0,0,100,1,false,could_not_reproduce,,results/idoft-od/qgrid-qgrid_tests_test_grid_py__test_edit_multi_index_df.json
odinweb,https://github.com/python-odin/odinweb,OD-Vic,198424133584acc18cb41c8d18d91f803abc810f,true,tests/test_containers.py::TestApiInterfaceBase::test_dispatch__exceptions[error0-HTTPStatus.NOT_MODIFIED],pass,pass,100,0,100,101,false,could_not_reproduce,,results/idoft-od/odinweb-tests_test_containers_py__testapiinterfacebase__test_dispatc.json
odinweb,https://github.com/python-odin/odinweb,OD-Vic,198424133584acc18cb41c8d18d91f803abc810f,true,tests/test_containers.py::TestApiInterfaceBase::test_dispatch__exceptions[error1-400],pass,pass,100,0,100,101,false,could_not_reproduce,,results/idoft-od/odinweb-tests_test_containers_py__testapiinterfacebase__test_dispatc.json
odinweb,https://github.com/python-odin/odinweb,OD-Vic,198424133584acc18cb41c8d18d91f803abc810f,true,tests/test_containers.py::TestApiInterfaceBase::test_dispatch__exceptions[error2-400],pass,pass,100,0,100,101,false,could_not_reproduce,,results/idoft-od/odinweb-tests_test_containers_py__testapiinterfacebase__test_dispatc.json
pyradigm,https://github.com/raamana/pyradigm,OD-Vic,01d47cf34a9af4bb104e2891559059a522221b4d,true,pyradigm/tests/test_BaseDataset_common_behaviours.py::test_save_load,fail,error,0,0,100,1,false,could_not_reproduce,,results/idoft-od/pyradigm-pyradigm_tests_test_basedataset_common_behaviours_py__test_s.json
odinweb,https://github.com/python-odin/odinweb,OD-Vic,198424133584acc18cb41c8d18d91f803abc810f,true,tests/test_containers.py::TestApiInterfaceBase::test_dispatch__exceptions[error5-500],pass,pass,100,0,100,101,false,could_not_reproduce,,results/idoft-od/odinweb-tests_test_containers_py__testapiinterfacebase__test_dispatc.json
pyradigm,https://github.com/raamana/pyradigm,OD-Vic,01d47cf34a9af4bb104e2891559059a522221b4d,true,pyradigm/tests/test_classify_dataset.py::test_add,fail,error,0,0,100,1,false,could_not_reproduce,,results/idoft-od/pyradigm-pyradigm_tests_test_classify_dataset_py__test_add.json
odinweb,https://github.com/python-odin/odinweb,OD-Vic,198424133584acc18cb41c8d18d91f803abc810f,true,tests/test_containers.py::TestApiInterfaceBase::test_dispatch__exceptions[NotImplementedError-501],pass,pass,100,0,100,101,false,could_not_reproduce,,results/idoft-od/odinweb-tests_test_containers_py__testapiinterfacebase__test_dispatc.json
pyradigm,https://github.com/raamana/pyradigm,OD-Vic,01d47cf34a9af4bb104e2891559059a522221b4d,true,pyradigm/tests/test_classify_dataset.py::test_cant_write_to_nonexisting_dir,fail,error,0,0,100,1,false,could_not_reproduce,,results/idoft-od/pyradigm-pyradigm_tests_test_classify_dataset_py__test_cant_write_to_.json
odinweb,https://github.com/python-odin/odinweb,OD-Vic,198424133584acc18cb41c8d18d91f803abc810f,true,tests/test_containers.py::TestApiInterfaceBase::test_dispatch__exceptions[ValueError-500],pass,pass,100,0,100,101,false,could_not_reproduce,,results/idoft-od/odinweb-tests_test_containers_py__testapiinterfacebase__test_dispatc.json
pyradigm,https://github.com/raamana/pyradigm,OD-Vic,01d47cf34a9af4bb104e2891559059a522221b4d,true,pyradigm/tests/test_classify_dataset.py::test_init_with_dict,fail,error,0,0,100,1,false,could_not_reproduce,,results/idoft-od/pyradigm-pyradigm_tests_test_classify_dataset_py__test_init_with_dict.json
odinweb,https://github.com/python-odin/odinweb,OD-Vic,198424133584acc18cb41c8d18d91f803abc810f,true,tests/test_containers.py::TestApiInterfaceBase::test_dispatch__http_response,pass,pass,100,0,100,101,false,could_not_reproduce,,results/idoft-od/odinweb-tests_test_containers_py__testapiinterfacebase__test_dispatc.json
odinweb,https://github.com/python-odin/odinweb,OD-Vic,198424133584acc18cb41c8d18d91f803abc810f,true,tests/test_containers.py::TestApiInterfaceBase::test_dispatch__invalid_headers[r1-406-URI not available in preferred format],pass,pass,100,0,100,101,false,could_not_reproduce,,results/idoft-od/odinweb-tests_test_containers_py__testapiinterfacebase__test_dispatc.json
pyradigm,https://github.com/raamana/pyradigm,OD-Vic,01d47cf34a9af4bb104e2891559059a522221b4d,true,pyradigm/tests/test_classify_dataset.py::test_num_targets,fail,error,0,0,100,1,false,could_not_reproduce,,results/idoft-od/pyradigm-pyradigm_tests_test_classify_dataset_py__test_num_targets.json
odinweb,https://github.com/python-odin/odinweb,OD-Vic,198424133584acc18cb41c8d18d91f803abc810f,true,tests/test_containers.py::TestApiInterfaceBase::test_dispatch__invalid_headers[r2-405-Specified method is invalid for this resource],pass,pass,100,0,100,101,false,could_not_reproduce,,results/idoft-od/odinweb-tests_test_containers_py__testapiinterfacebase__test_dispatc.json
pyradigm,https://github.com/raamana/pyradigm,OD-Vic,01d47cf34a9af4bb104e2891559059a522221b4d,true,pyradigm/tests/test_classify_dataset.py::test_return_data_labels,fail,error,0,0,100,1,false,could_not_reproduce,,results/idoft-od/pyradigm-pyradigm_tests_test_classify_dataset_py__test_return_data_la.json
odinweb,https://github.com/python-odin/odinweb,OD-Vic,198424133584acc18cb41c8d18d91f803abc810f,true,tests/test_containers.py::TestApiInterfaceBase::test_dispatch__with_middleware,pass,pass,100,0,100,101,false,could_not_reproduce,,results/idoft-od/odinweb-tests_test_containers_py__testapiinterfacebase__test_dispatc.json
pyradigm,https://github.com/raamana/pyradigm,OD-Vic,01d47cf34a9af4bb104e2891559059a522221b4d,true,pyradigm/tests/test_old_pyradigm.py::test_add,fail,error,0,0,100,1,false,could_not_reproduce,,results/idoft-od/pyradigm-pyradigm_tests_test_old_pyradigm_py__test_add.json
pyradigm,https://github.com/raamana/pyradigm,OD-Vic,01d47cf34a9af4bb104e2891559059a522221b4d,true,pyradigm/tests/test_old_pyradigm.py::test_init_with_dict,fail,error,0,0,100,1,false,could_not_reproduce,,results/idoft-od/pyradigm-pyradigm_tests_test_old_pyradigm_py__test_init_with_dict.json
pyradigm,https://github.com/raamana/pyradigm,OD-Vic,01d47cf34a9af4bb104e2891559059a522221b4d,true,pyradigm/tests/test_old_pyradigm.py::test_num_classes,fail,error,0,0,100,1,false,could_not_reproduce,,results/idoft-od/pyradigm-pyradigm_tests_test_old_pyradigm_py__test_num_classes.json
pingouin,https://github.com/raphaelvallat/pingouin,OD-Vic,08560bb978949e97653b203f7374e90b022b88fb,true,pingouin/tests/test_regression.py::TestRegression::test_logistic_regression,fail,fail,0,0,100,1,true,vic_confirmed,,results/idoft-od/pingouin-pingouin_tests_test_regression_py__testregression__test_logi.json
pyradigm,https://github.com/raamana/pyradigm,OD-Vic,01d47cf34a9af4bb104e2891559059a522221b4d,true,pyradigm/tests/test_old_pyradigm.py::test_return_data_labels,fail,error,0,0,100,1,false,could_not_reproduce,,results/idoft-od/pyradigm-pyradigm_tests_test_old_pyradigm_py__test_return_data_labels.json
tornado-swirl,https://github.com/rduldulao/tornado-swirl,OD-Brit,b8df27efc3d7fd0dce0f0290767c94ac2e747311,true,tests/test_swirl.py::TestSampleEndpoints::test_security_scheme1,fail,skipped,0,0,100,0,true,brit_confirmed,,results/idoft-od/tornado-swirl-tests_test_swirl_py__testsampleendpoints__test_security_sche.json
tornado-swirl,https://github.com/rduldulao/tornado-swirl,OD-Brit,b8df27efc3d7fd0dce0f0290767c94ac2e747311,true,tests/test_swirl.py::TestSampleEndpoints::test_security_scheme2,fail,skipped,0,0,100,0,true,brit_confirmed,,results/idoft-od/tornado-swirl-tests_test_swirl_py__testsampleendpoints__test_security_sche.json
pyradigm,https://github.com/raamana/pyradigm,OD-Vic,01d47cf34a9af4bb104e2891559059a522221b4d,true,pyradigm/tests/test_regress_dataset.py::test_add,fail,error,0,0,100,1,false,could_not_reproduce,,results/idoft-od/pyradigm-pyradigm_tests_test_regress_dataset_py__test_add.json
pyradigm,https://github.com/raamana/pyradigm,OD-Vic,01d47cf34a9af4bb104e2891559059a522221b4d,true,pyradigm/tests/test_regress_dataset.py::test_cant_write_to_nonexisting_dir,fail,error,0,0,100,1,false,could_not_reproduce,,results/idoft-od/pyradigm-pyradigm_tests_test_regress_dataset_py__test_cant_write_to_n.json
PyGraph,https://github.com/richecr/PyGraph,OD,e81c3a0f543f5bfcda1a603c6dcecde13d582c57,true,__tests__/test_simple_graph.py::TestSimpleGraph::test_add_vertex,pass,pass,100,0,100,101,false,could_not_reproduce,,results/idoft-od/PyGraph-__tests___test_simple_graph_py__testsimplegraph__test_add_ve.json
PyGraph,https://github.com/richecr/PyGraph,OD,e81c3a0f543f5bfcda1a603c6dcecde13d582c57,true,__tests__/test_simple_graph.py::TestSimpleGraph::test_delete_vertex,fail,fail,0,0,100,1,true,vic_confirmed,,results/idoft-od/PyGraph-__tests___test_simple_graph_py__testsimplegraph__test_delete.json
PyGraph,https://github.com/richecr/PyGraph,OD,e81c3a0f543f5bfcda1a603c6dcecde13d582c57,true,__tests__/test_simple_graph.py::TestSimpleGraph::test_duplicated_edge,fail,pass,0,1,100,2,true,vic_confirmed,,results/idoft-od/PyGraph-__tests___test_simple_graph_py__testsimplegraph__test_duplic.json
PyGraph,https://github.com/richecr/PyGraph,OD,e81c3a0f543f5bfcda1a603c6dcecde13d582c57,true,__tests__/test_simple_graph.py::TestSimpleGraph::test_false_cycle_graph,fail,pass,1,1,100,3,true,vic_confirmed,,results/idoft-od/PyGraph-__tests___test_simple_graph_py__testsimplegraph__test_false_.json
PyGraph,https://github.com/richecr/PyGraph,OD,e81c3a0f543f5bfcda1a603c6dcecde13d582c57,true,__tests__/test_simple_graph.py::TestSimpleGraph::test_false_regular_graph,fail,fail,0,0,100,1,true,vic_confirmed,,results/idoft-od/PyGraph-__tests___test_simple_graph_py__testsimplegraph__test_false_.json
PyGraph,https://github.com/richecr/PyGraph,OD,e81c3a0f543f5bfcda1a603c6dcecde13d582c57,true,__tests__/test_simple_graph.py::TestSimpleGraph::test_get_all_vertex,fail,fail,0,0,100,1,true,vic_confirmed,,results/idoft-od/PyGraph-__tests___test_simple_graph_py__testsimplegraph__test_get_al.json
PyGraph,https://github.com/richecr/PyGraph,OD,e81c3a0f543f5bfcda1a603c6dcecde13d582c57,true,__tests__/test_simple_graph.py::TestSimpleGraph::test_is_terminal,fail,pass,0,1,100,2,true,vic_confirmed,,results/idoft-od/PyGraph-__tests___test_simple_graph_py__testsimplegraph__test_is_ter.json
PyGraph,https://github.com/richecr/PyGraph,OD,e81c3a0f543f5bfcda1a603c6dcecde13d582c57,true,__tests__/test_simple_graph.py::TestSimpleGraph::test_num_edges,fail,fail,0,0,100,1,true,vic_confirmed,,results/idoft-od/PyGraph-__tests___test_simple_graph_py__testsimplegraph__test_num_ed.json
PyGraph,https://github.com/richecr/PyGraph,OD,e81c3a0f543f5bfcda1a603c6dcecde13d582c57,true,__tests__/test_simple_graph.py::TestSimpleGraph::test_num_vertex,pass,fail,0,0,100,1,true,vic_confirmed,,results/idoft-od/PyGraph-__tests___test_simple_graph_py__testsimplegraph__test_num_ve.json
PyGraph,https://github.com/richecr/PyGraph,OD,e81c3a0f543f5bfcda1a603c6dcecde13d582c57,true,__tests__/test_simple_graph.py::TestSimpleGraph::test_true_regular_graph,fail,pass,0,1,100,2,true,vic_confirmed,,results/idoft-od/PyGraph-__tests___test_simple_graph_py__testsimplegraph__test_true_r.json
pyradigm,https://github.com/raamana/pyradigm,OD-Vic,01d47cf34a9af4bb104e2891559059a522221b4d,true,pyradigm/tests/test_regress_dataset.py::test_init_with_dict,fail,error,0,0,100,1,false,could_not_reproduce,,results/idoft-od/pyradigm-pyradigm_tests_test_regress_dataset_py__test_init_with_dict.json
PyGraph,https://github.com/richecr/PyGraph,OD,e81c3a0f543f5bfcda1a603c6dcecde13d582c57,true,__tests__/test_simple_graph.py::TestSimpleGraph::test_vertex_neighbors,pass,pass,100,0,100,101,false,could_not_reproduce,,results/idoft-od/PyGraph-__tests___test_simple_graph_py__testsimplegraph__test_vertex.json
PyGraph,https://github.com/Rickecr/PyGraph,OD-Brit,e81c3a0f543f5bfcda1a603c6dcecde13d582c57,true,__tests__/test_simple_graph.py::TestSimpleGraph::test_delete_vertex,fail,skipped,0,0,100,0,true,brit_confirmed,,results/idoft-od/PyGraph-__tests___test_simple_graph_py__testsimplegraph__test_delete.json
PyGraph,https://github.com/Rickecr/PyGraph,OD-Brit,e81c3a0f543f5bfcda1a603c6dcecde13d582c57,true,__tests__/test_simple_graph.py::TestSimpleGraph::test_duplicated_edge,fail,skipped,0,0,100,0,true,brit_confirmed,,results/idoft-od/PyGraph-__tests___test_simple_graph_py__testsimplegraph__test_duplic.json
PyGraph,https://github.com/Rickecr/PyGraph,OD-Brit,e81c3a0f543f5bfcda1a603c6dcecde13d582c57,true,__tests__/test_simple_graph.py::TestSimpleGraph::test_edge_exists,fail,skipped,0,0,100,0,true,brit_confirmed,,results/idoft-od/PyGraph-__tests___test_simple_graph_py__testsimplegraph__test_edge_e.json
PyGraph,https://github.com/Rickecr/PyGraph,OD-Brit,e81c3a0f543f5bfcda1a603c6dcecde13d582c57,true,__tests__/test_simple_graph.py::TestSimpleGraph::test_false_cycle_graph,fail,skipped,0,0,100,0,true,brit_confirmed,,results/idoft-od/PyGraph-__tests___test_simple_graph_py__testsimplegraph__test_false_.json
PyGraph,https://github.com/Rickecr/PyGraph,OD-Brit,e81c3a0f543f5bfcda1a603c6dcecde13d582c57,true,__tests__/test_simple_graph.py::TestSimpleGraph::test_false_regular_graph,fail,skipped,0,0,100,0,true,brit_confirmed,,results/idoft-od/PyGraph-__tests___test_simple_graph_py__testsimplegraph__test_false_.json
PyGraph,https://github.com/Rickecr/PyGraph,OD-Brit,e81c3a0f543f5bfcda1a603c6dcecde13d582c57,true,__tests__/test_simple_graph.py::TestSimpleGraph::test_is_terminal,fail,skipped,0,0,100,0,true,brit_confirmed,,results/idoft-od/PyGraph-__tests___test_simple_graph_py__testsimplegraph__test_is_ter.json
PyGraph,https://github.com/Rickecr/PyGraph,OD-Brit,e81c3a0f543f5bfcda1a603c6dcecde13d582c57,true,__tests__/test_simple_graph.py::TestSimpleGraph::test_list_graph_edges,fail,skipped,0,0,100,0,true,brit_confirmed,,results/idoft-od/PyGraph-__tests___test_simple_graph_py__testsimplegraph__test_list_g.json
PyGraph,https://github.com/Rickecr/PyGraph,OD-Brit,e81c3a0f543f5bfcda1a603c6dcecde13d582c57,true,__tests__/test_simple_graph.py::TestSimpleGraph::test_list_graph_vertices,fail,skipped,0,0,100,0,true,brit_confirmed,,results/idoft-od/PyGraph-__tests___test_simple_graph_py__testsimplegraph__test_list_g.json
PyGraph,https://github.com/Rickecr/PyGraph,OD-Brit,e81c3a0f543f5bfcda1a603c6dcecde13d582c57,true,__tests__/test_simple_graph.py::TestSimpleGraph::test_num_edges,fail,skipped,0,0,100,0,true,brit_confirmed,,results/idoft-od/PyGraph-__tests___test_simple_graph_py__testsimplegraph__test_num_ed.json
PyGraph,https://github.com/Rickecr/PyGraph,OD-Vic,e81c3a0f543f5bfcda1a603c6dcecde13d582c57,true,__tests__/test_simple_graph.py::TestSimpleGraph::test_num_vertex,pass,fail,0,0,100,1,true,vic_confirmed,,results/idoft-od/PyGraph-__tests___test_simple_graph_py__testsimplegraph__test_num_ve.json
PyGraph,https://github.com/Rickecr/PyGraph,OD-Brit,e81c3a0f543f5bfcda1a603c6dcecde13d582c57,true,__tests__/test_simple_graph.py::TestSimpleGraph::test_show_edge,fail,skipped,0,0,100,0,true,brit_confirmed,,results/idoft-od/PyGraph-__tests___test_simple_graph_py__testsimplegraph__test_show_e.json
PyGraph,https://github.com/Rickecr/PyGraph,OD-Brit,e81c3a0f543f5bfcda1a603c6dcecde13d582c57,true,__tests__/test_simple_graph.py::TestSimpleGraph::test_true_cycle_graph,fail,skipped,0,0,100,0,true,brit_confirmed,,results/idoft-od/PyGraph-__tests___test_simple_graph_py__testsimplegraph__test_true_c.json
PyGraph,https://github.com/Rickecr/PyGraph,OD-Brit,e81c3a0f543f5bfcda1a603c6dcecde13d582c57,true,__tests__/test_simple_graph.py::TestSimpleGraph::test_vertex_degree,fail,skipped,0,0,100,0,true,brit_confirmed,,results/idoft-od/PyGraph-__tests___test_simple_graph_py__testsimplegraph__test_vertex.json
PyGraph,https://github.com/Rickecr/PyGraph,OD-Brit,e81c3a0f543f5bfcda1a603c6dcecde13d582c57,true,__tests__/test_simple_graph.py::TestSimpleGraph::test_vertex_exists,fail,skipped,0,0,100,0,true,brit_confirmed,,results/idoft-od/PyGraph-__tests___test_simple_graph_py__testsimplegraph__test_vertex.json
PyGraph,https://github.com/Rickecr/PyGraph,OD-Brit,e81c3a0f543f5bfcda1a603c6dcecde13d582c57,true,__tests__/test_simple_graph.py::TestSimpleGraph::test_vertices_adjacency,fail,skipped,0,0,100,0,true,brit_confirmed,,results/idoft-od/PyGraph-__tests___test_simple_graph_py__testsimplegraph__test_vertic.json
pyradigm,https://github.com/raamana/pyradigm,OD-Vic,01d47cf34a9af4bb104e2891559059a522221b4d,true,pyradigm/tests/test_regress_dataset.py::test_num_targets,fail,error,0,0,100,1,false,could_not_reproduce,,results/idoft-od/pyradigm-pyradigm_tests_test_regress_dataset_py__test_num_targets.json
pyradigm,https://github.com/raamana/pyradigm,OD-Vic,01d47cf34a9af4bb104e2891559059a522221b4d,true,pyradigm/tests/test_regress_dataset.py::test_return_data_labels,fail,error,0,0,100,1,false,could_not_reproduce,,results/idoft-od/pyradigm-pyradigm_tests_test_regress_dataset_py__test_return_data_lab.json
abagen,https://github.com/rmarkello/abagen,OD,2aeab5bd0f147fa76b488645e148a1c18095378d,true,mouse\test_gene.py::test_get_gene_info::test_get_gene_info,fail,error,0,0,100,1,false,could_not_reproduce,,results/idoft-od/abagen-mouse_test_gene_py__test_get_gene_info__test_get_gene_info.json
basic_auth,https://github.com/rorymurdock/basic_auth,OD-Brit,622f2133c13988cec549f4ea55bed14e50f90876,true,tests/test_basic.py::test_verify_config,fail,skipped,0,0,100,0,true,brit_confirmed,,results/idoft-od/basic_auth-tests_test_basic_py__test_verify_config.json
basic_auth,https://github.com/rorymurdock/basic_auth,OD-Brit,622f2133c13988cec549f4ea55bed14e50f90876,true,tests/test_general.py::test_file_data_arguments,fail,skipped,0,0,100,0,true,brit_confirmed,,results/idoft-od/basic_auth-tests_test_general_py__test_file_data_arguments.json
basic_auth,https://github.com/rorymurdock/basic_auth,OD-Brit,622f2133c13988cec549f4ea55bed14e50f90876,true,tests/test_general.py::test_file_data_interactive,fail,skipped,0,0,100,0,true,brit_confirmed,,results/idoft-od/basic_auth-tests_test_general_py__test_file_data_interactive.json
basic_auth,https://github.com/rorymurdock/basic_auth,OD-Brit,622f2133c13988cec549f4ea55bed14e50f90876,true,tests/test_wso.py::test_file_data_arguments,fail,skipped,0,0,100,0,true,brit_confirmed,,results/idoft-od/basic_auth-tests_test_wso_py__test_file_data_arguments.json
basic_auth,https://github.com/rorymurdock/basic_auth,OD-Brit,622f2133c13988cec549f4ea55bed14e50f90876,true,tests/test_wso.py::test_file_data_interactive,fail,skipped,0,0,100,0,true,brit_confirmed,,results/idoft-od/basic_auth-tests_test_wso_py__test_file_data_interactive.json
fissa,https://github.com/rochefort-lab/fissa,OD-Vic,2077a8c8a029948dcf1d4c352f785700f42aff9f,true,fissa/tests/test_core.py::TestExperimentA::test_imagelistloaded_roizip,fail,fail,0,0,100,1,true,vic_confirmed,,results/idoft-od/fissa-fissa_tests_test_core_py__testexperimenta__test_imagelistloa.json
kafkian,https://github.com/saabeilin/kafkian,OD-Vic,79eb88b874876632590fea48afcab09592c717dd,true,tests/unit/test_producer_avro.py::test_avro_producer_produce,pass,pass,100,0,100,101,false,could_not_reproduce,,results/idoft-od/kafkian-tests_unit_test_producer_avro_py__test_avro_producer_produce.json
kafkian,https://github.com/saabeilin/kafkian,OD-Vic,79eb88b874876632590fea48afcab09592c717dd,true,tests/unit/test_producer_avro_key.py::test_avro_producer_produce,pass,pass,100,0,100,101,false,could_not_reproduce,,results/idoft-od/kafkian-tests_unit_test_producer_avro_key_py__test_avro_producer_pro.json
model-sdk,https://github.com/runwayml/model-sdk,OD-Vic,3132b2ab424f1020e8d30e4897057103ab3e6623,true,tests/test_model.py::test_model_setup_and_command,pass,fail,0,0,100,1,true,vic_confirmed,,results/idoft-od/model-sdk-tests_test_model_py__test_model_setup_and_command.json
pyTrnsysType,https://github.com/samuelduchesne/pyTrnsysType,OD-Vic,6cf552e4ccd66f7b728e84654e580befe2061114,true,tests/test_xml.py::TestTrnsysModel::test_get_attr_derivative,fail,error,0,1,100,2,true,vic_confirmed,,results/idoft-od/pyTrnsysType-tests_test_xml_py__testtrnsysmodel__test_get_attr_derivative.json
lazypr,https://github.com/sanjaz/lazypr,OD-Vic,226895868769f613d9e905f265a4fd7c421d2fd4,true,tests/test_config.py::TestConfig::test_get_default_config_file_path,pass,pass,100,0,100,101,false,could_not_reproduce,,results/idoft-od/lazypr-tests_test_config_py__testconfig__test_get_default_config_fi.json
eppy,https://github.com/santoshphilip/eppy,OD-Vic,98e58583dce6c0fcec9c7b1ff1142bae0a67ddc7,true,eppy/tests/test_bunch_subclass.py::TestEpBunch::test_getreferingobjs,pass,pass,100,0,100,101,false,could_not_reproduce,,results/idoft-od/eppy-eppy_tests_test_bunch_subclass_py__testepbunch__test_getrefe.json
eppy,https://github.com/santoshphilip/eppy,OD-Vic,98e58583dce6c0fcec9c7b1ff1142bae0a67ddc7,true,eppy/tests/test_bunch_subclass.py::TestEpBunch::test_get_referenced_object,pass,pass,100,0,100,101,false,could_not_reproduce,,results/idoft-od/eppy-eppy_tests_test_bunch_subclass_py__testepbunch__test_get_ref.json
eppy,https://github.com/santoshphilip/eppy,OD-Vic,98e58583dce6c0fcec9c7b1ff1142bae0a67ddc7,true,eppy/tests/test_case_insensitive.py::test_contains[BUILDING],pass,pass,100,0,100,101,false,could_not_reproduce,,results/idoft-od/eppy-eppy_tests_test_case_insensitive_py__test_contains_building_.json
eppy,https://github.com/santoshphilip/eppy,OD-Vic,98e58583dce6c0fcec9c7b1ff1142bae0a67ddc7,true,eppy/tests/test_case_insensitive.py::test_contains[BuIlDiNg],pass,pass,100,0,100,101,false,could_not_reproduce,,results/idoft-od/eppy-eppy_tests_test_case_insensitive_py__test_contains_building_.json
eppy,https://github.com/santoshphilip/eppy,OD-Vic,98e58583dce6c0fcec9c7b1ff1142bae0a67ddc7,true,eppy/tests/test_case_insensitive.py::test_contains[Building],pass,pass,100,0,100,101,false,could_not_reproduce,,results/idoft-od/eppy-eppy_tests_test_case_insensitive_py__test_contains_building_.json
eppy,https://github.com/santoshphilip/eppy,OD-Vic,98e58583dce6c0fcec9c7b1ff1142bae0a67ddc7,true,eppy/tests/test_case_insensitive.py::test_contains[building],pass,pass,100,0,100,101,false,could_not_reproduce,,results/idoft-od/eppy-eppy_tests_test_case_insensitive_py__test_contains_building_.json
eppy,https://github.com/santoshphilip/eppy,OD-Vic,98e58583dce6c0fcec9c7b1ff1142bae0a67ddc7,true,eppy/tests/test_case_insensitive.py::test_del[BUILDING],pass,pass,100,0,100,101,false,could_not_reproduce,,results/idoft-od/eppy-eppy_tests_test_case_insensitive_py__test_del_building_.json
eppy,https://github.com/santoshphilip/eppy,OD-Vic,98e58583dce6c0fcec9c7b1ff1142bae0a67ddc7,true,eppy/tests/test_case_insensitive.py::test_del[BuIlDiNg],pass,pass,100,0,100,101,false,could_not_reproduce,,results/idoft-od/eppy-eppy_tests_test_case_insensitive_py__test_del_building_.json
eppy,https://github.com/santoshphilip/eppy,OD-Vic,98e58583dce6c0fcec9c7b1ff1142bae0a67ddc7,true,eppy/tests/test_case_insensitive.py::test_del[Building],pass,pass,100,0,100,101,false,could_not_reproduce,,results/idoft-od/eppy-eppy_tests_test_case_insensitive_py__test_del_building_.json
eppy,https://github.com/santoshphilip/eppy,OD-Vic,98e58583dce6c0fcec9c7b1ff1142bae0a67ddc7,true,eppy/tests/test_case_insensitive.py::test_del[building],pass,pass,100,0,100,101,false,could_not_reproduce,,results/idoft-od/eppy-eppy_tests_test_case_insensitive_py__test_del_building_.json
eppy,https://github.com/santoshphilip/eppy,OD-Vic,98e58583dce6c0fcec9c7b1ff1142bae0a67ddc7,true,eppy/tests/test_case_insensitive.py::test_get_and_set[BUILDING],pass,pass,100,0,100,101,false,could_not_reproduce,,results/idoft-od/eppy-eppy_tests_test_case_insensitive_py__test_get_and_set_buildi.json
eppy,https://github.com/santoshphilip/eppy,OD-Vic,98e58583dce6c0fcec9c7b1ff1142bae0a67ddc7,true,eppy/tests/test_case_insensitive.py::test_get_and_set[BuIlDiNg],pass,pass,100,0,100,101,false,could_not_reproduce,,results/idoft-od/eppy-eppy_tests_test_case_insensitive_py__test_get_and_set_buildi.json
eppy,https://github.com/santoshphilip/eppy,OD-Vic,98e58583dce6c0fcec9c7b1ff1142bae0a67ddc7,true,eppy/tests/test_case_insensitive.py::test_get_and_set[Building],pass,pass,100,0,100,101,false,could_not_reproduce,,results/idoft-od/eppy-eppy_tests_test_case_insensitive_py__test_get_and_set_buildi.json
eppy,https://github.com/santoshphilip/eppy,OD-Vic,98e58583dce6c0fcec9c7b1ff1142bae0a67ddc7,true,eppy/tests/test_case_insensitive.py::test_get_and_set[building],pass,pass,100,0,100,101,false,could_not_reproduce,,results/idoft-od/eppy-eppy_tests_test_case_insensitive_py__test_get_and_set_buildi.json
eppy,https://github.com/santoshphilip/eppy,OD-Vic,98e58583dce6c0fcec9c7b1ff1142bae0a67ddc7,true,eppy/tests/test_examples.py::test_pythonic,pass,fail,0,0,100,1,true,vic_confirmed,,results/idoft-od/eppy-eppy_tests_test_examples_py__test_pythonic.json
eppy,https://github.com/santoshphilip/eppy,OD-Vic,98e58583dce6c0fcec9c7b1ff1142bae0a67ddc7,true,eppy/tests/test_fanpower.py::testfanpower_bhp,pass,pass,100,0,100,101,false,could_not_reproduce,,results/idoft-od/eppy-eppy_tests_test_fanpower_py__testfanpower_bhp.json
eppy,https://github.com/santoshphilip/eppy,OD-Vic,98e58583dce6c0fcec9c7b1ff1142bae0a67ddc7,true,eppy/tests/test_fanpower.py::testfanpower_watts,pass,pass,100,0,100,101,false,could_not_reproduce,,results/idoft-od/eppy-eppy_tests_test_fanpower_py__testfanpower_watts.json
eppy,https://github.com/santoshphilip/eppy,OD-Vic,98e58583dce6c0fcec9c7b1ff1142bae0a67ddc7,true,eppy/tests/test_fanpower.py::test_fan_maxcfm,pass,pass,100,0,100,101,false,could_not_reproduce,,results/idoft-od/eppy-eppy_tests_test_fanpower_py__test_fan_maxcfm.json
eppy,https://github.com/santoshphilip/eppy,OD-Vic,98e58583dce6c0fcec9c7b1ff1142bae0a67ddc7,true,eppy/tests/test_hvacbuilder.py::test_componentsintobranch,pass,pass,100,0,100,101,false,could_not_reproduce,,results/idoft-od/eppy-eppy_tests_test_hvacbuilder_py__test_componentsintobranch.json
eppy,https://github.com/santoshphilip/eppy,OD-Vic,98e58583dce6c0fcec9c7b1ff1142bae0a67ddc7,true,eppy/tests/test_hvacbuilder.py::test_connectcomponents,pass,pass,100,0,100,101,false,could_not_reproduce,,results/idoft-od/eppy-eppy_tests_test_hvacbuilder_py__test_connectcomponents.json
saga,https://github.com/saga-vcs/saga,OD-Vic,7beaae8831696ce813aa85620387e416719198db,true,tests/test_excel.py::test_merge[tests/merges/xlsx/change_rows],pass,pass,100,0,100,101,false,could_not_reproduce,,results/idoft-od/saga-tests_test_excel_py__test_merge_tests_merges_xlsx_change_row.json
eppy,https://github.com/santoshphilip/eppy,OD-Vic,98e58583dce6c0fcec9c7b1ff1142bae0a67ddc7,true,eppy/tests/test_hvacbuilder.py::test_getbranchcomponents,pass,pass,100,0,100,101,false,could_not_reproduce,,results/idoft-od/eppy-eppy_tests_test_hvacbuilder_py__test_getbranchcomponents.json
eppy,https://github.com/santoshphilip/eppy,OD-Vic,98e58583dce6c0fcec9c7b1ff1142bae0a67ddc7,true,eppy/tests/test_hvacbuilder.py::test_getfieldnamesendswith,pass,pass,100,0,100,101,false,could_not_reproduce,,results/idoft-od/eppy-eppy_tests_test_hvacbuilder_py__test_getfieldnamesendswith.json
eppy,https://github.com/santoshphilip/eppy,OD-Vic,98e58583dce6c0fcec9c7b1ff1142bae0a67ddc7,true,eppy/tests/test_hvacbuilder.py::test_getnodefieldname,pass,pass,100,0,100,101,false,could_not_reproduce,,results/idoft-od/eppy-eppy_tests_test_hvacbuilder_py__test_getnodefieldname.json
eppy,https://github.com/santoshphilip/eppy,OD-Vic,98e58583dce6c0fcec9c7b1ff1142bae0a67ddc7,true,eppy/tests/test_hvacbuilder.py::test_initinletoutlet,pass,pass,100,0,100,101,false,could_not_reproduce,,results/idoft-od/eppy-eppy_tests_test_hvacbuilder_py__test_initinletoutlet.json
eppy,https://github.com/santoshphilip/eppy,OD-Vic,98e58583dce6c0fcec9c7b1ff1142bae0a67ddc7,true,eppy/tests/test_hvacbuilder.py::test_makecondenserloop,pass,pass,100,0,100,101,false,could_not_reproduce,,results/idoft-od/eppy-eppy_tests_test_hvacbuilder_py__test_makecondenserloop.json
eppy,https://github.com/santoshphilip/eppy,OD-Vic,98e58583dce6c0fcec9c7b1ff1142bae0a67ddc7,true,eppy/tests/test_hvacbuilder.py::test_makeductbranch,pass,pass,100,0,100,101,false,could_not_reproduce,,results/idoft-od/eppy-eppy_tests_test_hvacbuilder_py__test_makeductbranch.json
eppy,https://github.com/santoshphilip/eppy,OD-Vic,98e58583dce6c0fcec9c7b1ff1142bae0a67ddc7,true,eppy/tests/test_hvacbuilder.py::test_makeductcomponent,pass,pass,100,0,100,101,false,could_not_reproduce,,results/idoft-od/eppy-eppy_tests_test_hvacbuilder_py__test_makeductcomponent.json
eppy,https://github.com/santoshphilip/eppy,OD-Vic,98e58583dce6c0fcec9c7b1ff1142bae0a67ddc7,true,eppy/tests/test_hvacbuilder.py::test_makepipebranch,pass,pass,100,0,100,101,false,could_not_reproduce,,results/idoft-od/eppy-eppy_tests_test_hvacbuilder_py__test_makepipebranch.json
eppy,https://github.com/santoshphilip/eppy,OD-Vic,98e58583dce6c0fcec9c7b1ff1142bae0a67ddc7,true,eppy/tests/test_hvacbuilder.py::test_makepipecomponent,pass,pass,100,0,100,101,false,could_not_reproduce,,results/idoft-od/eppy-eppy_tests_test_hvacbuilder_py__test_makepipecomponent.json
eppy,https://github.com/santoshphilip/eppy,OD-Vic,98e58583dce6c0fcec9c7b1ff1142bae0a67ddc7,true,eppy/tests/test_hvacbuilder.py::test_makeplantloop,pass,pass,100,0,100,101,false,could_not_reproduce,,results/idoft-od/eppy-eppy_tests_test_hvacbuilder_py__test_makeplantloop.json
eppy,https://github.com/santoshphilip/eppy,OD-Vic,98e58583dce6c0fcec9c7b1ff1142bae0a67ddc7,true,eppy/tests/test_hvacbuilder.py::test_renamenodes,pass,pass,100,0,100,101,false,could_not_reproduce,,results/idoft-od/eppy-eppy_tests_test_hvacbuilder_py__test_renamenodes.json
eppy,https://github.com/santoshphilip/eppy,OD-Vic,98e58583dce6c0fcec9c7b1ff1142bae0a67ddc7,true,eppy/tests/test_hvacbuilder.py::test_replacebranch,pass,pass,100,0,100,101,false,could_not_reproduce,,results/idoft-od/eppy-eppy_tests_test_hvacbuilder_py__test_replacebranch.json
eppy,https://github.com/santoshphilip/eppy,OD-Vic,98e58583dce6c0fcec9c7b1ff1142bae0a67ddc7,true,eppy/tests/test_IDF.py::TestIDF::test_popidfobject,pass,pass,100,0,100,101,false,could_not_reproduce,,results/idoft-od/eppy-eppy_tests_test_idf_py__testidf__test_popidfobject.json
eppy,https://github.com/santoshphilip/eppy,OD-Vic,98e58583dce6c0fcec9c7b1ff1142bae0a67ddc7,true,eppy/tests/test_IDF.py::TestIDF::test_removeidfobject,pass,pass,100,0,100,101,false,could_not_reproduce,,results/idoft-od/eppy-eppy_tests_test_idf_py__testidf__test_removeidfobject.json
eppy,https://github.com/santoshphilip/eppy,OD-Vic,98e58583dce6c0fcec9c7b1ff1142bae0a67ddc7,true,eppy/tests/test_idf_helpers.py::test_copyidfintoidf,pass,pass,100,0,100,101,false,could_not_reproduce,,results/idoft-od/eppy-eppy_tests_test_idf_helpers_py__test_copyidfintoidf.json
eppy,https://github.com/santoshphilip/eppy,OD-Vic,98e58583dce6c0fcec9c7b1ff1142bae0a67ddc7,true,eppy/tests/test_idf_helpers.py::test_getanymentions,pass,pass,100,0,100,101,false,could_not_reproduce,,results/idoft-od/eppy-eppy_tests_test_idf_helpers_py__test_getanymentions.json
eppy,https://github.com/santoshphilip/eppy,OD-Vic,98e58583dce6c0fcec9c7b1ff1142bae0a67ddc7,true,eppy/tests/test_idf_helpers.py::test_getidfkeyswithnodes,pass,pass,100,0,100,101,false,could_not_reproduce,,results/idoft-od/eppy-eppy_tests_test_idf_helpers_py__test_getidfkeyswithnodes.json
eppy,https://github.com/santoshphilip/eppy,OD-Vic,98e58583dce6c0fcec9c7b1ff1142bae0a67ddc7,true,eppy/tests/test_idf_helpers.py::test_getidfobjectlist,pass,pass,100,0,100,101,false,could_not_reproduce,,results/idoft-od/eppy-eppy_tests_test_idf_helpers_py__test_getidfobjectlist.json
eppy,https://github.com/santoshphilip/eppy,OD-Vic,98e58583dce6c0fcec9c7b1ff1142bae0a67ddc7,true,eppy/tests/test_idf_helpers.py::test_getobjectswithnode,pass,pass,100,0,100,101,false,could_not_reproduce,,results/idoft-od/eppy-eppy_tests_test_idf_helpers_py__test_getobjectswithnode.json
eppy,https://github.com/santoshphilip/eppy,OD-Vic,98e58583dce6c0fcec9c7b1ff1142bae0a67ddc7,true,eppy/tests/test_idf_helpers.py::test_getobject_use_prevfield,pass,pass,100,0,100,101,false,could_not_reproduce,,results/idoft-od/eppy-eppy_tests_test_idf_helpers_py__test_getobject_use_prevfield.json
saga,https://github.com/saga-vcs/saga,OD-Vic,7beaae8831696ce813aa85620387e416719198db,true,tests/test_excel.py::test_merge[tests/merges/xlsx/existing_file],pass,pass,100,0,100,101,false,could_not_reproduce,,results/idoft-od/saga-tests_test_excel_py__test_merge_tests_merges_xlsx_existing_f.json
eppy,https://github.com/santoshphilip/eppy,OD-Vic,98e58583dce6c0fcec9c7b1ff1142bae0a67ddc7,true,eppy/tests/test_idf_helpers.py::test_idfobjectkeys,pass,pass,100,0,100,101,false,could_not_reproduce,,results/idoft-od/eppy-eppy_tests_test_idf_helpers_py__test_idfobjectkeys.json
eppy,https://github.com/santoshphilip/eppy,OD-Vic,98e58583dce6c0fcec9c7b1ff1142bae0a67ddc7,true,eppy/tests/test_idf_helpers.py::test_name2idfobject,pass,pass,100,0,100,101,false,could_not_reproduce,,results/idoft-od/eppy-eppy_tests_test_idf_helpers_py__test_name2idfobject.json
eppy,https://github.com/santoshphilip/eppy,OD-Vic,98e58583dce6c0fcec9c7b1ff1142bae0a67ddc7,true,eppy/tests/test_json_functions.py::test_updateidf,pass,pass,100,0,100,101,false,could_not_reproduce,,results/idoft-od/eppy-eppy_tests_test_json_functions_py__test_updateidf.json
eppy,https://github.com/santoshphilip/eppy,OD-Vic,98e58583dce6c0fcec9c7b1ff1142bae0a67ddc7,true,eppy/tests/test_modeleditor.py::test_getallobjlists,pass,pass,100,0,100,101,false,could_not_reproduce,,results/idoft-od/eppy-eppy_tests_test_modeleditor_py__test_getallobjlists.json
eppy,https://github.com/santoshphilip/eppy,OD-Vic,98e58583dce6c0fcec9c7b1ff1142bae0a67ddc7,true,eppy/tests/test_modeleditor.py::test_getiddgroupdict,pass,pass,100,0,100,101,false,could_not_reproduce,,results/idoft-od/eppy-eppy_tests_test_modeleditor_py__test_getiddgroupdict.json
eppy,https://github.com/santoshphilip/eppy,OD-Vic,98e58583dce6c0fcec9c7b1ff1142bae0a67ddc7,true,eppy/tests/test_modeleditor.py::test_getrefnames,pass,pass,100,0,100,101,false,could_not_reproduce,,results/idoft-od/eppy-eppy_tests_test_modeleditor_py__test_getrefnames.json
eppy,https://github.com/santoshphilip/eppy,OD-Brit,98e58583dce6c0fcec9c7b1ff1142bae0a67ddc7,true,eppy/tests/test_modeleditor.py::test_idd_index,fail,skipped,0,0,100,0,true,brit_confirmed,,results/idoft-od/eppy-eppy_tests_test_modeleditor_py__test_idd_index.json
eppy,https://github.com/santoshphilip/eppy,OD-Vic,98e58583dce6c0fcec9c7b1ff1142bae0a67ddc7,true,eppy/tests/test_modeleditor.py::test_idfinmsequence,pass,pass,100,0,100,101,false,could_not_reproduce,,results/idoft-od/eppy-eppy_tests_test_modeleditor_py__test_idfinmsequence.json
eppy,https://github.com/santoshphilip/eppy,OD-Vic,98e58583dce6c0fcec9c7b1ff1142bae0a67ddc7,true,eppy/tests/test_modeleditor.py::test_idfstr,pass,pass,100,0,100,101,false,could_not_reproduce,,results/idoft-od/eppy-eppy_tests_test_modeleditor_py__test_idfstr.json
eppy,https://github.com/santoshphilip/eppy,OD-Vic,98e58583dce6c0fcec9c7b1ff1142bae0a67ddc7,true,eppy/tests/test_modeleditor.py::test_initread,pass,pass,100,0,100,101,false,could_not_reproduce,,results/idoft-od/eppy-eppy_tests_test_modeleditor_py__test_initread.json
eppy,https://github.com/santoshphilip/eppy,OD-Vic,98e58583dce6c0fcec9c7b1ff1142bae0a67ddc7,true,eppy/tests/test_modeleditor.py::test_initreadtxt,pass,pass,100,0,100,101,false,could_not_reproduce,,results/idoft-od/eppy-eppy_tests_test_modeleditor_py__test_initreadtxt.json
eppy,https://github.com/santoshphilip/eppy,OD-Vic,98e58583dce6c0fcec9c7b1ff1142bae0a67ddc7,true,eppy/tests/test_modeleditor.py::test_new,pass,pass,100,0,100,101,false,could_not_reproduce,,results/idoft-od/eppy-eppy_tests_test_modeleditor_py__test_new.json
eppy,https://github.com/santoshphilip/eppy,OD-Vic,98e58583dce6c0fcec9c7b1ff1142bae0a67ddc7,true,eppy/tests/test_modeleditor.py::test_newidfobject,pass,pass,100,0,100,101,false,could_not_reproduce,,results/idoft-od/eppy-eppy_tests_test_modeleditor_py__test_newidfobject.json
eppy,https://github.com/santoshphilip/eppy,OD-Vic,98e58583dce6c0fcec9c7b1ff1142bae0a67ddc7,true,eppy/tests/test_modeleditor.py::test_newidfobject_warning,pass,pass,100,0,100,101,false,could_not_reproduce,,results/idoft-od/eppy-eppy_tests_test_modeleditor_py__test_newidfobject_warning.json
eppy,https://github.com/santoshphilip/eppy,OD-Vic,98e58583dce6c0fcec9c7b1ff1142bae0a67ddc7,true,eppy/tests/test_modeleditor.py::test_refname2key,pass,pass,100,0,100,101,false,could_not_reproduce,,results/idoft-od/eppy-eppy_tests_test_modeleditor_py__test_refname2key.json
eppy,https://github.com/santoshphilip/eppy,OD-Vic,98e58583dce6c0fcec9c7b1ff1142bae0a67ddc7,true,eppy/tests/test_modeleditor.py::test_rename,pass,pass,100,0,100,101,false,could_not_reproduce,,results/idoft-od/eppy-eppy_tests_test_modeleditor_py__test_rename.json
eppy,https://github.com/santoshphilip/eppy,OD-Vic,98e58583dce6c0fcec9c7b1ff1142bae0a67ddc7,true,eppy/tests/test_modeleditor.py::test_save,pass,pass,100,0,100,101,false,could_not_reproduce,,results/idoft-od/eppy-eppy_tests_test_modeleditor_py__test_save.json
eppy,https://github.com/santoshphilip/eppy,OD-Vic,98e58583dce6c0fcec9c7b1ff1142bae0a67ddc7,true,eppy/tests/test_modeleditor.py::test_saveas,pass,pass,100,0,100,101,false,could_not_reproduce,,results/idoft-od/eppy-eppy_tests_test_modeleditor_py__test_saveas.json
eppy,https://github.com/santoshphilip/eppy,OD-Vic,98e58583dce6c0fcec9c7b1ff1142bae0a67ddc7,true,eppy/tests/test_modeleditor.py::test_savecopy,pass,pass,100,0,100,101,false,could_not_reproduce,,results/idoft-od/eppy-eppy_tests_test_modeleditor_py__test_savecopy.json
eppy,https://github.com/santoshphilip/eppy,OD-Vic,98e58583dce6c0fcec9c7b1ff1142bae0a67ddc7,true,eppy/tests/test_modeleditor.py::test_save_with_lineendings_and_encodings,pass,pass,100,0,100,101,false,could_not_reproduce,,results/idoft-od/eppy-eppy_tests_test_modeleditor_py__test_save_with_lineendings_a.json
eppy,https://github.com/santoshphilip/eppy,OD-Vic,98e58583dce6c0fcec9c7b1ff1142bae0a67ddc7,true,eppy/tests/test_modeleditor.py::test_zonearea_zonevolume,pass,pass,100,0,100,101,false,could_not_reproduce,,results/idoft-od/eppy-eppy_tests_test_modeleditor_py__test_zonearea_zonevolume.json
eppy,https://github.com/santoshphilip/eppy,OD-Vic,98e58583dce6c0fcec9c7b1ff1142bae0a67ddc7,true,eppy/tests/test_simpleread.py::test_idfreadtest,pass,pass,100,0,100,101,false,could_not_reproduce,,results/idoft-od/eppy-eppy_tests_test_simpleread_py__test_idfreadtest.json
saga,https://github.com/saga-vcs/saga,OD-Vic,7beaae8831696ce813aa85620387e416719198db,true,tests/test_excel.py::test_merge[tests/merges/xlsx/new_row_init_empty],pass,pass,100,0,100,101,false,could_not_reproduce,,results/idoft-od/saga-tests_test_excel_py__test_merge_tests_merges_xlsx_new_row_in.json
eppy,https://github.com/santoshphilip/eppy,OD-Vic,98e58583dce6c0fcec9c7b1ff1142bae0a67ddc7,true,eppy/tests/test_thermal_properties.py::Test_ThermalProperties::test_heatcapacity_1_layer_construction,pass,pass,100,0,100,101,false,could_not_reproduce,,results/idoft-od/eppy-eppy_tests_test_thermal_properties_py__test_thermalpropertie.json
eppy,https://github.com/santoshphilip/eppy,OD-Vic,98e58583dce6c0fcec9c7b1ff1142bae0a67ddc7,true,eppy/tests/test_thermal_properties.py::Test_ThermalProperties::test_heatcapacity_2_layer_construction,pass,pass,100,0,100,101,false,could_not_reproduce,,results/idoft-od/eppy-eppy_tests_test_thermal_properties_py__test_thermalpropertie.json
eppy,https://github.com/santoshphilip/eppy,OD-Vic,98e58583dce6c0fcec9c7b1ff1142bae0a67ddc7,true,eppy/tests/test_thermal_properties.py::Test_ThermalProperties::test_heatcapacity_airgap_construction,pass,pass,100,0,100,101,false,could_not_reproduce,,results/idoft-od/eppy-eppy_tests_test_thermal_properties_py__test_thermalpropertie.json
eppy,https://github.com/santoshphilip/eppy,OD-Vic,98e58583dce6c0fcec9c7b1ff1142bae0a67ddc7,true,eppy/tests/test_thermal_properties.py::Test_ThermalProperties::test_heatcapacity_infraredtransparent_construction,pass,pass,100,0,100,101,false,could_not_reproduce,,results/idoft-od/eppy-eppy_tests_test_thermal_properties_py__test_thermalpropertie.json
eppy,https://github.com/santoshphilip/eppy,OD-Vic,98e58583dce6c0fcec9c7b1ff1142bae0a67ddc7,true,eppy/tests/test_thermal_properties.py::Test_ThermalProperties::test_heatcapacity_material,pass,pass,100,0,100,101,false,could_not_reproduce,,results/idoft-od/eppy-eppy_tests_test_thermal_properties_py__test_thermalpropertie.json
eppy,https://github.com/santoshphilip/eppy,OD-Vic,98e58583dce6c0fcec9c7b1ff1142bae0a67ddc7,true,eppy/tests/test_thermal_properties.py::Test_ThermalProperties::test_heatcapacity_nomass_construction,pass,pass,100,0,100,101,false,could_not_reproduce,,results/idoft-od/eppy-eppy_tests_test_thermal_properties_py__test_thermalpropertie.json
eppy,https://github.com/santoshphilip/eppy,OD-Vic,98e58583dce6c0fcec9c7b1ff1142bae0a67ddc7,true,eppy/tests/test_thermal_properties.py::Test_ThermalProperties::test_heatcapacity_roofvegetation_construction,pass,pass,100,0,100,101,false,could_not_reproduce,,results/idoft-od/eppy-eppy_tests_test_thermal_properties_py__test_thermalpropertie.json
eppy,https://github.com/santoshphilip/eppy,OD-Vic,98e58583dce6c0fcec9c7b1ff1142bae0a67ddc7,true,eppy/tests/test_thermal_properties.py::Test_ThermalProperties::test_rvalue_1_layer_construction,pass,pass,100,0,100,101,false,could_not_reproduce,,results/idoft-od/eppy-eppy_tests_test_thermal_properties_py__test_thermalpropertie.json
eppy,https://github.com/santoshphilip/eppy,OD-Vic,98e58583dce6c0fcec9c7b1ff1142bae0a67ddc7,true,eppy/tests/test_thermal_properties.py::Test_ThermalProperties::test_rvalue_2_layer_construction,pass,pass,100,0,100,101,false,could_not_reproduce,,results/idoft-od/eppy-eppy_tests_test_thermal_properties_py__test_thermalpropertie.json
eppy,https://github.com/santoshphilip/eppy,OD-Vic,98e58583dce6c0fcec9c7b1ff1142bae0a67ddc7,true,eppy/tests/test_thermal_properties.py::Test_ThermalProperties::test_rvalue_airgap_construction,pass,pass,100,0,100,101,false,could_not_reproduce,,results/idoft-od/eppy-eppy_tests_test_thermal_properties_py__test_thermalpropertie.json
eppy,https://github.com/santoshphilip/eppy,OD-Vic,98e58583dce6c0fcec9c7b1ff1142bae0a67ddc7,true,eppy/tests/test_thermal_properties.py::Test_ThermalProperties::test_rvalue_fails,pass,pass,100,0,100,101,false,could_not_reproduce,,results/idoft-od/eppy-eppy_tests_test_thermal_properties_py__test_thermalpropertie.json
eppy,https://github.com/santoshphilip/eppy,OD-Vic,98e58583dce6c0fcec9c7b1ff1142bae0a67ddc7,true,eppy/tests/test_thermal_properties.py::Test_ThermalProperties::test_rvalue_infraredtransparent_construction,pass,pass,100,0,100,101,false,could_not_reproduce,,results/idoft-od/eppy-eppy_tests_test_thermal_properties_py__test_thermalpropertie.json
eppy,https://github.com/santoshphilip/eppy,OD-Vic,98e58583dce6c0fcec9c7b1ff1142bae0a67ddc7,true,eppy/tests/test_thermal_properties.py::Test_ThermalProperties::test_rvalue_material,pass,pass,100,0,100,101,false,could_not_reproduce,,results/idoft-od/eppy-eppy_tests_test_thermal_properties_py__test_thermalpropertie.json
eppy,https://github.com/santoshphilip/eppy,OD-Vic,98e58583dce6c0fcec9c7b1ff1142bae0a67ddc7,true,eppy/tests/test_thermal_properties.py::Test_ThermalProperties::test_rvalue_nomass_construction,pass,pass,100,0,100,101,false,could_not_reproduce,,results/idoft-od/eppy-eppy_tests_test_thermal_properties_py__test_thermalpropertie.json
eppy,https://github.com/santoshphilip/eppy,OD-Vic,98e58583dce6c0fcec9c7b1ff1142bae0a67ddc7,true,eppy/tests/test_thermal_properties.py::Test_ThermalProperties::test_rvalue_roofvegetation_construction,pass,pass,100,0,100,101,false,could_not_reproduce,,results/idoft-od/eppy-eppy_tests_test_thermal_properties_py__test_thermalpropertie.json
eppy,https://github.com/santoshphilip/eppy,OD-Vic,98e58583dce6c0fcec9c7b1ff1142bae0a67ddc7,true,eppy/tests/test_thermal_properties.py::Test_ThermalProperties::test_ufactor_1_layer_construction,pass,pass,100,0,100,101,false,could_not_reproduce,,results/idoft-od/eppy-eppy_tests_test_thermal_properties_py__test_thermalpropertie.json
eppy,https://github.com/santoshphilip/eppy,OD-Vic,98e58583dce6c0fcec9c7b1ff1142bae0a67ddc7,true,eppy/tests/test_thermal_properties.py::Test_ThermalProperties::test_ufactor_2_layer_construction,pass,pass,100,0,100,101,false,could_not_reproduce,,results/idoft-od/eppy-eppy_tests_test_thermal_properties_py__test_thermalpropertie.json
eppy,https://github.com/santoshphilip/eppy,OD-Vic,98e58583dce6c0fcec9c7b1ff1142bae0a67ddc7,true,eppy/tests/test_thermal_properties.py::Test_ThermalProperties::test_ufactor_airgap_construction,pass,pass,100,0,100,101,false,could_not_reproduce,,results/idoft-od/eppy-eppy_tests_test_thermal_properties_py__test_thermalpropertie.json
eppy,https://github.com/santoshphilip/eppy,OD-Vic,98e58583dce6c0fcec9c7b1ff1142bae0a67ddc7,true,eppy/tests/test_thermal_properties.py::Test_ThermalProperties::test_ufactor_infraredtransparent_construction,pass,pass,100,0,100,101,false,could_not_reproduce,,results/idoft-od/eppy-eppy_tests_test_thermal_properties_py__test_thermalpropertie.json
eppy,https://github.com/santoshphilip/eppy,OD-Vic,98e58583dce6c0fcec9c7b1ff1142bae0a67ddc7,true,eppy/tests/test_thermal_properties.py::Test_ThermalProperties::test_ufactor_material,pass,pass,100,0,100,101,false,could_not_reproduce,,results/idoft-od/eppy-eppy_tests_test_thermal_properties_py__test_thermalpropertie.json
eppy,https://github.com/santoshphilip/eppy,OD-Vic,98e58583dce6c0fcec9c7b1ff1142bae0a67ddc7,true,eppy/tests/test_thermal_properties.py::Test_ThermalProperties::test_ufactor_nomass_construction,pass,pass,100,0,100,101,false,could_not_reproduce,,results/idoft-od/eppy-eppy_tests_test_thermal_properties_py__test_thermalpropertie.json
eppy,https://github.com/santoshphilip/eppy,OD-Vic,98e58583dce6c0fcec9c7b1ff1142bae0a67ddc7,true,eppy/tests/test_thermal_properties.py::Test_ThermalProperties::test_ufactor_roofvegetation_construction,pass,pass,100,0,100,101,false,could_not_reproduce,,results/idoft-od/eppy-eppy_tests_test_thermal_properties_py__test_thermalpropertie.json
saga,https://github.com/saga-vcs/saga,OD-Vic,7beaae8831696ce813aa85620387e416719198db,true,tests/test_excel.py::test_merge[tests/merges/xlsx/new_string],pass,pass,100,0,100,101,false,could_not_reproduce,,results/idoft-od/saga-tests_test_excel_py__test_merge_tests_merges_xlsx_new_string.json
python-telegram-handler,https://github.com/sashgorokhov/python-telegram-handler,OD-Brit,4ac0e5cbb6ac3c3f81a57be6b3cea49dfd8e8ec4,true,tests/test_handlers.py::test_handler_init_without_chat,fail,skipped,0,0,100,0,true,brit_confirmed,,results/idoft-od/python-telegram-handler-tests_test_handlers_py__test_handler_init_without_chat.json
scikit-hep,https://github.com/scikit-hep/scikit-hep/,OD-Vic,e78234da9e754e380a7d871afb56b20baa73b99b,true,tests/dataset/test_numpydataset.py::test_methods,fail,unknown,0,0,100,1,false,could_not_reproduce,,results/idoft-od/scikit-hep-tests_dataset_test_numpydataset_py__test_methods.json
shub,https://github.com/scrapinghub/shub,OD, 7297d6b05b487749d99a4d94eea2f2de3e558f8a,true,test_utils.py::ReleaseUtilsTes::test_get_docker_client,fail,error,0,0,100,1,false,could_not_reproduce,,results/idoft-od/shub-test_utils_py__releaseutilstes__test_get_docker_client.json
securenative-python,https://github.com/securenative/securenative-python,OD-Vic,0eae99733b7565341487ad32f044be8dc51032cd,true,tests/configuration_manager_test.py::ConfigurationManagerTest::test_default_values_for_invalid_enum_config_props,pass,pass,3,1,100,5,true,vic_confirmed,,results/idoft-od/securenative-python-tests_configuration_manager_test_py__configurationmanagertes.json
securenative-python,https://github.com/securenative/securenative-python,OD-Brit,0eae99733b7565341487ad32f044be8dc51032cd,true,tests/configuration_manager_test.py::ConfigurationManagerTest::test_get_config_from_env_variables,fail,skipped,0,0,100,0,true,brit_confirmed,,results/idoft-od/securenative-python-tests_configuration_manager_test_py__configurationmanagertes.json
securenative-python,https://github.com/securenative/securenative-python,OD-Vic,0eae99733b7565341487ad32f044be8dc51032cd,true,tests/configuration_manager_test.py::ConfigurationManagerTest::test_ignore_unknown_config_in_properties_file,pass,pass,7,1,100,9,true,vic_confirmed,,results/idoft-od/securenative-python-tests_configuration_manager_test_py__configurationmanagertes.json
securenative-python,https://github.com/securenative/securenative-python,OD-Brit,0eae99733b7565341487ad32f044be8dc51032cd,true,tests/configuration_manager_test.py::ConfigurationManagerTest::test_load_default_config,fail,skipped,0,0,100,0,true,brit_confirmed,,results/idoft-od/securenative-python-tests_configuration_manager_test_py__configurationmanagertes.json
securenative-python,https://github.com/securenative/securenative-python,OD-Vic,0eae99733b7565341487ad32f044be8dc51032cd,true,tests/configuration_manager_test.py::ConfigurationManagerTest::test_parse_config_file_correctly,pass,pass,0,1,100,2,true,vic_confirmed,,results/idoft-od/securenative-python-tests_configuration_manager_test_py__configurationmanagertes.json
securenative-python,https://github.com/securenative/securenative-python,OD-Vic,0eae99733b7565341487ad32f044be8dc51032cd,true,tests/securenative_test.py::SecureNativeTest::test_get_sdk_instance_without_init_throws,pass,fail,0,0,100,1,true,vic_confirmed,,results/idoft-od/securenative-python-tests_securenative_test_py__securenativetest__test_get_sdk_i.json
py-vkontakte,https://github.com/sgaynetdinov/py-vkontakte,OD-Vic,b03246b8d4b6f5ee5ab7e5c67e09e1f14b85fd9c,true,tests/test_message.py::test_message,pass,pass,100,0,100,101,false,could_not_reproduce,,results/idoft-od/py-vkontakte-tests_test_message_py__test_message.json
anonapi,https://github.com/sjoerdk/anonapi,OD-Vic,5e70dfd9fcb7dcc4e2345a6a153d9530f4886e73,true,tests/test_cli_create.py::test_job_parameter_set,pass,pass,100,0,100,101,false,could_not_reproduce,,results/idoft-od/anonapi-tests_test_cli_create_py__test_job_parameter_set.json
feature_engine,https://github.com/solegalli/feature_engine,OD-Vic,ba4d7050b3923d620c1773b66cd4c51ed24498dd,true,tests/test_missing_data_imputer.py::test_ArbitraryNumberImputer,pass,pass,1,1,100,3,true,vic_confirmed,,results/idoft-od/feature_engine-tests_test_missing_data_imputer_py__test_arbitrarynumberimpu.json
feature_engine,https://github.com/solegalli/feature_engine,OD-Vic,ba4d7050b3923d620c1773b66cd4c51ed24498dd,true,tests/test_missing_data_imputer.py::test_CategoricalVariableImputer,pass,fail,0,0,100,1,true,vic_confirmed,,results/idoft-od/feature_engine-tests_test_missing_data_imputer_py__test_categoricalvariable.json
feature_engine,https://github.com/solegalli/feature_engine,OD-Vic,ba4d7050b3923d620c1773b66cd4c51ed24498dd,true,tests/test_missing_data_imputer.py::test_EndTailImputer,fail,fail,0,0,100,1,true,vic_confirmed,,results/idoft-od/feature_engine-tests_test_missing_data_imputer_py__test_endtailimputer.json
feature_engine,https://github.com/solegalli/feature_engine,OD-Vic,ba4d7050b3923d620c1773b66cd4c51ed24498dd,true,tests/test_missing_data_imputer.py::test_MeanMedianImputer,fail,fail,0,0,100,1,true,vic_confirmed,,results/idoft-od/feature_engine-tests_test_missing_data_imputer_py__test_meanmedianimputer.json
freezegun,https://github.com/spulec/freezegun,OD-Vic,b46da782a7a051081fd51577749cfc0074db0cc6,true,tests/test_class_import.py::test_can_ignore_email_module,pass,pass,100,0,100,101,false,could_not_reproduce,,results/idoft-od/freezegun-tests_test_class_import_py__test_can_ignore_email_module.json
freezegun,https://github.com/spulec/freezegun,OD-Vic,b46da782a7a051081fd51577749cfc0074db0cc6,true,tests/test_class_import.py::test_fake_uses_real_when_ignored,pass,pass,100,0,100,101,false,could_not_reproduce,,results/idoft-od/freezegun-tests_test_class_import_py__test_fake_uses_real_when_ignored.json
freezegun,https://github.com/spulec/freezegun,OD-Vic,b46da782a7a051081fd51577749cfc0074db0cc6,true,tests/test_class_import.py::test_import_after_start,pass,pass,100,0,100,101,false,could_not_reproduce,,results/idoft-od/freezegun-tests_test_class_import_py__test_import_after_start.json
freezegun,https://github.com/spulec/freezegun,OD-Vic,b46da782a7a051081fd51577749cfc0074db0cc6,true,tests/test_datetimes.py::test_context_manager,pass,pass,100,0,100,101,false,could_not_reproduce,,results/idoft-od/freezegun-tests_test_datetimes_py__test_context_manager.json
freezegun,https://github.com/spulec/freezegun,OD-Vic,b46da782a7a051081fd51577749cfc0074db0cc6,true,tests/test_datetimes.py::test_min_and_max,pass,pass,100,0,100,101,false,could_not_reproduce,,results/idoft-od/freezegun-tests_test_datetimes_py__test_min_and_max.json
freezegun,https://github.com/spulec/freezegun,OD-Vic,b46da782a7a051081fd51577749cfc0074db0cc6,true,tests/test_datetimes.py::test_nested_context_manager,pass,pass,100,0,100,101,false,could_not_reproduce,,results/idoft-od/freezegun-tests_test_datetimes_py__test_nested_context_manager.json
freezegun,https://github.com/spulec/freezegun,OD-Vic,b46da782a7a051081fd51577749cfc0074db0cc6,true,tests/test_datetimes.py::test_nested_context_manager_with_tz_offsets,pass,pass,100,0,100,101,false,could_not_reproduce,,results/idoft-od/freezegun-tests_test_datetimes_py__test_nested_context_manager_with_tz.json
freezegun,https://github.com/spulec/freezegun,OD-Vic,b46da782a7a051081fd51577749cfc0074db0cc6,true,tests/test_datetimes.py::test_simple_api,pass,pass,100,0,100,101,false,could_not_reproduce,,results/idoft-od/freezegun-tests_test_datetimes_py__test_simple_api.json
freezegun,https://github.com/spulec/freezegun,OD-Vic,b46da782a7a051081fd51577749cfc0074db0cc6,true,tests/test_datetimes.py::test_time_localtime,pass,pass,100,0,100,101,false,could_not_reproduce,,results/idoft-od/freezegun-tests_test_datetimes_py__test_time_localtime.json
freezegun,https://github.com/spulec/freezegun,OD-Vic,b46da782a7a051081fd51577749cfc0074db0cc6,true,tests/test_datetimes.py::test_time_ns,pass,pass,100,0,100,101,false,could_not_reproduce,,results/idoft-od/freezegun-tests_test_datetimes_py__test_time_ns.json
freezegun,https://github.com/spulec/freezegun,OD-Vic,b46da782a7a051081fd51577749cfc0074db0cc6,true,tests/test_errors.py::test_ignore_errors_in_start[ImportError],pass,pass,100,0,100,101,false,could_not_reproduce,,results/idoft-od/freezegun-tests_test_errors_py__test_ignore_errors_in_start_importerro.json
freezegun,https://github.com/spulec/freezegun,OD-Vic,b46da782a7a051081fd51577749cfc0074db0cc6,true,tests/test_errors.py::test_ignore_errors_in_start[TypeError],pass,pass,100,0,100,101,false,could_not_reproduce,,results/idoft-od/freezegun-tests_test_errors_py__test_ignore_errors_in_start_typeerror_.json
freezegun,https://github.com/spulec/freezegun,OD-Vic,b46da782a7a051081fd51577749cfc0074db0cc6,true,tests/test_uuid.py::test_uuid1_future,pass,pass,100,0,100,101,false,could_not_reproduce,,results/idoft-od/freezegun-tests_test_uuid_py__test_uuid1_future.json
freezegun,https://github.com/spulec/freezegun,OD-Vic,b46da782a7a051081fd51577749cfc0074db0cc6,true,tests/test_warnings.py::test_ignore_warnings_in_start,pass,pass,100,0,100,101,false,could_not_reproduce,,results/idoft-od/freezegun-tests_test_warnings_py__test_ignore_warnings_in_start.json
freezegun,https://github.com/spulec/freezegun,OD-Vic,b46da782a7a051081fd51577749cfc0074db0cc6,true,tests/test_warnings.py::test_ignore_warnings_in_stop,pass,pass,100,0,100,101,false,could_not_reproduce,,results/idoft-od/freezegun-tests_test_warnings_py__test_ignore_warnings_in_stop.json
qer,https://github.com/sputt/qer,OD-Vic,c77e6777967ee660447beb9522c867a7233ef78d,true,tests/repos/test_pypi.py::test_no_candidates,fail,unknown,0,0,100,1,false,could_not_reproduce,,results/idoft-od/qer-tests_repos_test_pypi_py__test_no_candidates.json
qer,https://github.com/sputt/qer,OD-Vic,c77e6777967ee660447beb9522c867a7233ef78d,true,tests/repos/test_pypi.py::test_pypi_500,fail,unknown,0,0,100,1,false,could_not_reproduce,,results/idoft-od/qer-tests_repos_test_pypi_py__test_pypi_500.json
qer,https://github.com/sputt/qer,OD-Vic,c77e6777967ee660447beb9522c867a7233ef78d,true,tests/repos/test_pypi.py::test_python_requires_wheel_tags[https://pypi.org/numpy-1.16.3-cp37-cp37m-manylinux1_x86_64.whl#sha256=HASH],fail,unknown,0,0,100,1,false,could_not_reproduce,,results/idoft-od/qer-tests_repos_test_pypi_py__test_python_requires_wheel_tags_ht.json
qer,https://github.com/sputt/qer,OD-Vic,c77e6777967ee660447beb9522c867a7233ef78d,true,tests/repos/test_pypi.py::test_python_requires_wheel_tags[https://pypi.org/numpy-1.16.3-cp37-cp37m-win_amd64.whl#sha256=HASH],fail,unknown,0,0,100,1,false,could_not_reproduce,,results/idoft-od/qer-tests_repos_test_pypi_py__test_python_requires_wheel_tags_ht.json
qer,https://github.com/sputt/qer,OD-Vic,c77e6777967ee660447beb9522c867a7233ef78d,true,tests/repos/test_pypi.py::test_python_requires_wheel_tags[https://pypi.org/numpy-1.16.3.zip#sha256=HASH],fail,unknown,0,0,100,1,false,could_not_reproduce,,results/idoft-od/qer-tests_repos_test_pypi_py__test_python_requires_wheel_tags_ht.json
qer,https://github.com/sputt/qer,OD-Vic,c77e6777967ee660447beb9522c867a7233ef78d,true,tests/repos/test_pypi.py::test_successful_numpy,fail,unknown,0,0,100,1,false,could_not_reproduce,,results/idoft-od/qer-tests_repos_test_pypi_py__test_successful_numpy.json
qer,https://github.com/sputt/qer,OD-Vic,c77e6777967ee660447beb9522c867a7233ef78d,true,tests/test_extractor.py::test_extractor[mock_targz],fail,unknown,0,0,100,1,false,could_not_reproduce,,results/idoft-od/qer-tests_test_extractor_py__test_extractor_mock_targz_.json
qer,https://github.com/sputt/qer,OD-Vic,c77e6777967ee660447beb9522c867a7233ef78d,true,tests/test_extractor.py::test_extractor[mock_zip0],fail,unknown,0,0,100,1,false,could_not_reproduce,,results/idoft-od/qer-tests_test_extractor_py__test_extractor_mock_zip0_.json
qer,https://github.com/sputt/qer,OD-Vic,c77e6777967ee660447beb9522c867a7233ef78d,true,tests/test_extractor.py::test_extractor[mock_zip1],fail,unknown,0,0,100,1,false,could_not_reproduce,,results/idoft-od/qer-tests_test_extractor_py__test_extractor_mock_zip1_.json
req-compile,https://github.com/sputt/req-compile,OD-Vic,c77e6777967ee660447beb9522c867a7233ef78d,true,tests/repos/test_pypi.py::test_no_candidates,fail,unknown,0,0,100,1,false,could_not_reproduce,,results/idoft-od/req-compile-tests_repos_test_pypi_py__test_no_candidates.json
req-compile,https://github.com/sputt/req-compile,OD-Vic,c77e6777967ee660447beb9522c867a7233ef78d,true,tests/repos/test_pypi.py::test_pypi_500,fail,unknown,0,0,100,1,false,could_not_reproduce,,results/idoft-od/req-compile-tests_repos_test_pypi_py__test_pypi_500.json
req-compile,https://github.com/sputt/req-compile,OD-Vic,c77e6777967ee660447beb9522c867a7233ef78d,true,tests/repos/test_pypi.py::test_python_requires_wheel_tags[https://pypi.org/numpy-1.16.3-cp37-cp37m-manylinux1_x86_64.whl#sha256=HASH],fail,unknown,0,0,100,1,false,could_not_reproduce,,results/idoft-od/req-compile-tests_repos_test_pypi_py__test_python_requires_wheel_tags_ht.json
req-compile,https://github.com/sputt/req-compile,OD-Vic,c77e6777967ee660447beb9522c867a7233ef78d,true,tests/repos/test_pypi.py::test_python_requires_wheel_tags[https://pypi.org/numpy-1.16.3-cp37-cp37m-win_amd64.whl#sha256=HASH],fail,unknown,0,0,100,1,false,could_not_reproduce,,results/idoft-od/req-compile-tests_repos_test_pypi_py__test_python_requires_wheel_tags_ht.json
req-compile,https://github.com/sputt/req-compile,OD-Vic,c77e6777967ee660447beb9522c867a7233ef78d,true,tests/repos/test_pypi.py::test_python_requires_wheel_tags[https://pypi.org/numpy-1.16.3.zip#sha256=HASH],fail,unknown,0,0,100,1,false,could_not_reproduce,,results/idoft-od/req-compile-tests_repos_test_pypi_py__test_python_requires_wheel_tags_ht.json
req-compile,https://github.com/sputt/req-compile,OD-Vic,c77e6777967ee660447beb9522c867a7233ef78d,true,tests/repos/test_pypi.py::test_successful_numpy,fail,unknown,0,0,100,1,false,could_not_reproduce,,results/idoft-od/req-compile-tests_repos_test_pypi_py__test_successful_numpy.json
req-compile,https://github.com/sputt/req-compile,OD-Vic,c77e6777967ee660447beb9522c867a7233ef78d,true,tests/test_extractor.py::test_extractor[mock_targz],fail,unknown,0,0,100,1,false,could_not_reproduce,,results/idoft-od/req-compile-tests_test_extractor_py__test_extractor_mock_targz_.json
req-compile,https://github.com/sputt/req-compile,OD-Vic,c77e6777967ee660447beb9522c867a7233ef78d,true,tests/test_extractor.py::test_extractor[mock_zip0],fail,unknown,0,0,100,1,false,could_not_reproduce,,results/idoft-od/req-compile-tests_test_extractor_py__test_extractor_mock_zip0_.json
req-compile,https://github.com/sputt/req-compile,OD-Vic,c77e6777967ee660447beb9522c867a7233ef78d,true,tests/test_extractor.py::test_extractor[mock_zip1],fail,unknown,0,0,100,1,false,could_not_reproduce,,results/idoft-od/req-compile-tests_test_extractor_py__test_extractor_mock_zip1_.json
stackify-api-python,https://github.com/stackify/stackify-api-python,OD-Vic,c2625f558c41dc6c79474226b1ca7766b192dd66,true,tests/test_handler.py::TestListener::test_not_identified,pass,pass,100,0,100,101,false,could_not_reproduce,,results/idoft-od/stackify-api-python-tests_test_handler_py__testlistener__test_not_identified.json
stackify-api-python,https://github.com/stackify/stackify-api-python,OD-Vic,c2625f558c41dc6c79474226b1ca7766b192dd66,true,tests/test_handler.py::TestListener::test_send_group_crash,pass,pass,100,0,100,101,false,could_not_reproduce,,results/idoft-od/stackify-api-python-tests_test_handler_py__testlistener__test_send_group_crash.json
stackify-api-python,https://github.com/stackify/stackify-api-python,OD-Vic,c2625f558c41dc6c79474226b1ca7766b192dd66,true,tests/test_handler.py::TestListener::test_send_group_if_needed,pass,pass,100,0,100,101,false,could_not_reproduce,,results/idoft-od/stackify-api-python-tests_test_handler_py__testlistener__test_send_group_if_need.json
stackify-api-python,https://github.com/stackify/stackify-api-python,OD-Vic,c2625f558c41dc6c79474226b1ca7766b192dd66,true,tests/transport/test_init.py::TestTransport::test_default_send_url,pass,pass,100,0,100,101,false,could_not_reproduce,,results/idoft-od/stackify-api-python-tests_transport_test_init_py__testtransport__test_default_se.json
saga,https://github.com/saga-vcs/saga,OD-Vic,7beaae8831696ce813aa85620387e416719198db,true,tests/test_excel.py::test_merge[tests/merges/xlsx/shift],pass,pass,100,0,100,101,false,could_not_reproduce,,results/idoft-od/saga-tests_test_excel_py__test_merge_tests_merges_xlsx_shift_.json
layeredconfig,https://github.com/staffanm/layeredconfig,OD-Vic,c0eae96da7848ea52b43ac947f284eb2324d9ce1,true,tests/test_layeredconfig.py::TestLayeredWithSingleSource::test_commandline,pass,pass,100,0,100,101,false,could_not_reproduce,,results/idoft-od/layeredconfig-tests_test_layeredconfig_py__testlayeredwithsinglesource__te.json
m3u-dump,https://github.com/stateya/m3u-dump,OD-Vic,1ec3eeedb4c650af76c6c66859375ca2d2a6e1bc,true,tests/test_m3u_dump.py::test_copy_music_dryrun,pass,fail,0,0,100,1,true,vic_confirmed,,results/idoft-od/m3u-dump-tests_test_m3u_dump_py__test_copy_music_dryrun.json
skipper,https://github.com/Stratoscale/skipper,OD-Vic,dde3194bf6cf227b30c6e54b18c37317d2e0647e,true,tests/test_cli.py::TestCLI::test_make_without_build_container_tag,fail,error,0,0,100,1,false,could_not_reproduce,,results/idoft-od/skipper-tests_test_cli_py__testcli__test_make_without_build_containe.json
skipper,https://github.com/Stratoscale/skipper,OD-Vic,dde3194bf6cf227b30c6e54b18c37317d2e0647e,true,tests/test_cli.py::TestCLI::test_run_without_build_container_tag,fail,error,0,0,100,1,false,could_not_reproduce,,results/idoft-od/skipper-tests_test_cli_py__testcli__test_run_without_build_container.json
skipper,https://github.com/Stratoscale/skipper,OD-Vic,dde3194bf6cf227b30c6e54b18c37317d2e0647e,true,tests/test_cli.py::TestCLI::test_run_without_build_container_tag_cached,fail,error,0,0,100,1,false,could_not_reproduce,,results/idoft-od/skipper-tests_test_cli_py__testcli__test_run_without_build_container.json
netutils-linux,https://github.com/strizhechenko/netutils-linux,OD-Brit,dfcb0900ffffa3020656338bbab123f6da00a168,true,netutils_linux_tuning/test_rx_buffers.py::RxBuffersTuneTest::test_all,fail,skipped,0,0,100,0,true,brit_confirmed,,results/idoft-od/netutils-linux-netutils_linux_tuning_test_rx_buffers_py__rxbufferstunetest_.json
riemann,https://github.com/summa-tx/riemann,OD-Vic,0fda32e783487572c869aaabc6af7adba01cbd00,true,riemann/tests/encoding/test_addresses.py::TestAddresses::test_make_p2sh_address_msig,pass,pass,100,0,100,101,false,could_not_reproduce,,results/idoft-od/riemann-riemann_tests_encoding_test_addresses_py__testaddresses__tes.json
riemann,https://github.com/summa-tx/riemann,OD-Vic,0fda32e783487572c869aaabc6af7adba01cbd00,true,riemann/tests/test_simple.py::TestSimple::test_unsigned_witness_tx,pass,pass,100,0,100,101,false,could_not_reproduce,,results/idoft-od/riemann-riemann_tests_test_simple_py__testsimple__test_unsigned_witn.json
riemann,https://github.com/summa-tx/riemann,OD-Vic,0fda32e783487572c869aaabc6af7adba01cbd00,true,riemann/tests/tx/test_tx_builder.py::TestTxBuilder::test_make_pkh_output_script,pass,pass,100,0,100,101,false,could_not_reproduce,,results/idoft-od/riemann-riemann_tests_tx_test_tx_builder_py__testtxbuilder__test_mak.json
flask-sqlalchemy-booster,https://github.com/SuryaSankar/flask-sqlalchemy-booster,OD-Brit,e43980e29a18e725d791b87ce1b677470bbaf22c,true,tests/test_view_boosters/test_todo_list_api/test_api_endpoints.py::test_task_get,fail,skipped,0,0,100,0,true,brit_confirmed,,results/idoft-od/flask-sqlalchemy-booster-tests_test_view_boosters_test_todo_list_api_test_api_endpoin.json
flask-sqlalchemy-booster,https://github.com/SuryaSankar/flask-sqlalchemy-booster,OD-Brit,e43980e29a18e725d791b87ce1b677470bbaf22c,true,tests/test_view_boosters/test_todo_list_api/test_api_endpoints.py::test_task_updation,fail,skipped,0,0,100,0,true,brit_confirmed,,results/idoft-od/flask-sqlalchemy-booster-tests_test_view_boosters_test_todo_list_api_test_api_endpoin.json
multiindex,https://github.com/sushobhit27/multiindex,OD-Vic,b631e60bd47558eca9067a0dc87f0e713cddc6f2,true,multiindex/tests/test_multiindex.py::test_insert,pass,pass,1,1,100,3,true,vic_confirmed,,results/idoft-od/multiindex-multiindex_tests_test_multiindex_py__test_insert.json
multiindex,https://github.com/sushobhit27/multiindex,OD-Vic,b631e60bd47558eca9067a0dc87f0e713cddc6f2,true,multiindex/tests/test_multiindex.py::test_insert_overwrite,pass,fail,0,0,100,1,true,vic_confirmed,,results/idoft-od/multiindex-multiindex_tests_test_multiindex_py__test_insert_overwrite.json
multiindex,https://github.com/sushobhit27/multiindex,OD-Brit,b631e60bd47558eca9067a0dc87f0e713cddc6f2,true,multiindex/tests/test_multiindex.py::test_remove,fail,skipped,0,0,100,0,true,brit_confirmed,,results/idoft-od/multiindex-multiindex_tests_test_multiindex_py__test_remove.json
multiindex,https://github.com/sushobhit27/multiindex,OD-Vic,b631e60bd47558eca9067a0dc87f0e713cddc6f2,true,multiindex/tests/test_multiindex_hashed_non_unique.py::test_insert,pass,fail,0,0,100,1,true,vic_confirmed,,results/idoft-od/multiindex-multiindex_tests_test_multiindex_hashed_non_unique_py__test_.json
promise,https://github.com/syrusakbary/promise,OD-Brit,4627315476f6b9fc82818327ae09b04f89f9bda7,true,tests/test_dataloader.py::test_wrong_loader_return_type_does_not_block_async_instance,fail,skipped,0,0,100,0,true,brit_confirmed,,results/idoft-od/promise-tests_test_dataloader_py__test_wrong_loader_return_type_does.json
pytidy,https://github.com/taxpon/pytidy,OD-Vic,0a0a54b80b53dadd8ecc8ff2db42444741b75865,true,tests/test_dataclass.py::test_class_is_inserted_to_dataclass,pass,pass,100,0,100,101,false,could_not_reproduce,,results/idoft-od/pytidy-tests_test_dataclass_py__test_class_is_inserted_to_dataclass.json
pytidy,https://github.com/taxpon/pytidy,OD-Vic,0a0a54b80b53dadd8ecc8ff2db42444741b75865,true,tests/test_function.py::test_object_insertion,pass,pass,100,0,100,101,false,could_not_reproduce,,results/idoft-od/pytidy-tests_test_function_py__test_object_insertion.json
pytidy,https://github.com/taxpon/pytidy,OD-Vic,0a0a54b80b53dadd8ecc8ff2db42444741b75865,true,tests/test_function.py::test_return_type_none,pass,pass,100,0,100,101,false,could_not_reproduce,,results/idoft-od/pytidy-tests_test_function_py__test_return_type_none.json
pythondi,https://github.com/teamhide/pythondi,OD-Vic,913e6a60fc5d02c3db385ad322f970ecec36969b,true,tests/test_configure.py::test_configure,pass,pass,100,0,100,101,false,could_not_reproduce,,results/idoft-od/pythondi-tests_test_configure_py__test_configure.json
pydbvolve,https://github.com/Teamworksapp/pydbvolve,OD-Vic,e18bb8cf98997c52de0cf30a8e106c480ba0bb57,true,tests/unittests/test_00_initialization.py::test_09_get_migration_table_schema,pass,fail,0,0,100,1,true,vic_confirmed,,results/idoft-od/pydbvolve-tests_unittests_test_00_initialization_py__test_09_get_migra.json
pydbvolve,https://github.com/Teamworksapp/pydbvolve,OD-Vic,e18bb8cf98997c52de0cf30a8e106c480ba0bb57,true,tests/unittests/test_00_initialization.py::test_13_pre_config,pass,fail,0,0,100,1,true,vic_confirmed,,results/idoft-od/pydbvolve-tests_unittests_test_00_initialization_py__test_13_pre_confi.json
pydbvolve,https://github.com/Teamworksapp/pydbvolve,OD-Brit,e18bb8cf98997c52de0cf30a8e106c480ba0bb57,true,tests/unittests/test_01_migration_table.py::test_02_check_migration_table_bad_structure,pass,pass,3,1,100,5,true,brit_confirmed,,results/idoft-od/pydbvolve-tests_unittests_test_01_migration_table_py__test_02_check_mi.json
HikLoad,https://github.com/Tedyst/HikLoad,OD-Brit,b3eb7be65bd34040992e1b7b15f23ff4ce2e8dc4,true,tests/test_config.py::test_envvar,fail,skipped,0,0,100,0,true,brit_confirmed,,results/idoft-od/HikLoad-tests_test_config_py__test_envvar.json
QTAF,https://github.com/Tencent/QTAF,OD-Vic,c9141e8fbdfd89f5f13dd59dfab17f9e8193dcf8,true,tests/test_testbase/test_assert.py::AssertionTest::test_assert_failure,fail,error,0,0,100,1,false,could_not_reproduce,,results/idoft-od/QTAF-tests_test_testbase_test_assert_py__assertiontest__test_asse.json
crom,https://github.com/thegetty/crom,OD-Vic,98bb6be4e32b4c81eb7e0b5e841a915b015abaf0,true,tests/test_add_classification.py::TestAddClassification::test_add_classification,pass,pass,100,0,100,101,false,could_not_reproduce,,results/idoft-od/crom-tests_test_add_classification_py__testaddclassification__tes.json
crom,https://github.com/thegetty/crom,OD-Vic,98bb6be4e32b4c81eb7e0b5e841a915b015abaf0,true,tests/test_currency.py::TestCurrencyExtraction::test_extract_est,pass,pass,100,0,100,101,false,could_not_reproduce,,results/idoft-od/crom-tests_test_currency_py__testcurrencyextraction__test_extract.json
crom,https://github.com/thegetty/crom,OD-Vic,98bb6be4e32b4c81eb7e0b5e841a915b015abaf0,true,tests/test_currency.py::TestCurrencyExtraction::test_extract_price_with_citation,pass,pass,100,0,100,101,false,could_not_reproduce,,results/idoft-od/crom-tests_test_currency_py__testcurrencyextraction__test_extract.json
crom,https://github.com/thegetty/crom,OD-Vic,98bb6be4e32b4c81eb7e0b5e841a915b015abaf0,true,tests/test_currency.py::TestCurrencyExtraction::test_extract_start,pass,pass,100,0,100,101,false,could_not_reproduce,,results/idoft-od/crom-tests_test_currency_py__testcurrencyextraction__test_extract.json
crom,https://github.com/thegetty/crom,OD-Vic,98bb6be4e32b4c81eb7e0b5e841a915b015abaf0,true,tests/test_model.py::TestAutoIdentifiers::test_no_ident,pass,fail,0,0,100,1,true,vic_confirmed,,results/idoft-od/crom-tests_test_model_py__testautoidentifiers__test_no_ident.json
crom,https://github.com/thegetty/crom,OD-Vic,98bb6be4e32b4c81eb7e0b5e841a915b015abaf0,true,tests/test_model.py::TestBaseResource::test_allows_multiple,pass,pass,13,1,100,15,true,vic_confirmed,,results/idoft-od/crom-tests_test_model_py__testbaseresource__test_allows_multiple.json
crom,https://github.com/thegetty/crom,OD-Vic,98bb6be4e32b4c81eb7e0b5e841a915b015abaf0,true,tests/test_model.py::TestBaseResource::test_check_prop,pass,pass,72,1,100,74,true,vic_confirmed,,results/idoft-od/crom-tests_test_model_py__testbaseresource__test_check_prop.json
crom,https://github.com/thegetty/crom,OD-Vic,98bb6be4e32b4c81eb7e0b5e841a915b015abaf0,true,tests/test_model.py::TestBaseResource::test_check_reference,pass,fail,0,0,100,1,true,vic_confirmed,,results/idoft-od/crom-tests_test_model_py__testbaseresource__test_check_reference.json
crom,https://github.com/thegetty/crom,OD-Vic,98bb6be4e32b4c81eb7e0b5e841a915b015abaf0,true,tests/test_model.py::TestBaseResource::test_init_params,pass,pass,13,1,100,15,true,vic_confirmed,,results/idoft-od/crom-tests_test_model_py__testbaseresource__test_init_params.json
crom,https://github.com/thegetty/crom,OD-Vic,98bb6be4e32b4c81eb7e0b5e841a915b015abaf0,true,tests/test_model.py::TestBaseResource::test_list_my_props,pass,pass,13,1,100,15,true,vic_confirmed,,results/idoft-od/crom-tests_test_model_py__testbaseresource__test_list_my_props.json
crom,https://github.com/thegetty/crom,OD-Vic,98bb6be4e32b4c81eb7e0b5e841a915b015abaf0,true,tests/test_model.py::TestBaseResource::test_multiplicity,pass,pass,13,1,100,15,true,vic_confirmed,,results/idoft-od/crom-tests_test_model_py__testbaseresource__test_multiplicity.json
crom,https://github.com/thegetty/crom,OD-Vic,98bb6be4e32b4c81eb7e0b5e841a915b015abaf0,true,tests/test_model.py::TestFactorySerialization::test_breadth,pass,pass,2,1,100,4,true,vic_confirmed,,results/idoft-od/crom-tests_test_model_py__testfactoryserialization__test_breadth.json
crom,https://github.com/thegetty/crom,OD-Vic,98bb6be4e32b4c81eb7e0b5e841a915b015abaf0,true,tests/test_model.py::TestFactorySerialization::test_collapse_json,pass,pass,23,1,100,25,true,vic_confirmed,,results/idoft-od/crom-tests_test_model_py__testfactoryserialization__test_collapse.json
crom,https://github.com/thegetty/crom,OD-Vic,98bb6be4e32b4c81eb7e0b5e841a915b015abaf0,true,tests/test_model.py::TestFactorySerialization::test_ordering,pass,pass,2,1,100,4,true,vic_confirmed,,results/idoft-od/crom-tests_test_model_py__testfactoryserialization__test_ordering.json
crom,https://github.com/thegetty/crom,OD-Vic,98bb6be4e32b4c81eb7e0b5e841a915b015abaf0,true,tests/test_model.py::TestFactorySerialization::test_pipe_scoped,pass,pass,39,1,100,41,true,vic_confirmed,,results/idoft-od/crom-tests_test_model_py__testfactoryserialization__test_pipe_sco.json
crom,https://github.com/thegetty/crom,OD-Vic,98bb6be4e32b4c81eb7e0b5e841a915b015abaf0,true,tests/test_model.py::TestFactorySerialization::test_production_mode,pass,pass,2,1,100,4,true,vic_confirmed,,results/idoft-od/crom-tests_test_model_py__testfactoryserialization__test_producti.json
crom,https://github.com/thegetty/crom,OD-Vic,98bb6be4e32b4c81eb7e0b5e841a915b015abaf0,true,tests/test_model.py::TestFactorySerialization::test_recursion,pass,pass,2,1,100,4,true,vic_confirmed,,results/idoft-od/crom-tests_test_model_py__testfactoryserialization__test_recursio.json
crom,https://github.com/thegetty/crom,OD-Vic,98bb6be4e32b4c81eb7e0b5e841a915b015abaf0,true,tests/test_model.py::TestFactorySerialization::test_string_list,pass,pass,2,1,100,4,true,vic_confirmed,,results/idoft-od/crom-tests_test_model_py__testfactoryserialization__test_string_l.json
crom,https://github.com/thegetty/crom,OD-Vic,98bb6be4e32b4c81eb7e0b5e841a915b015abaf0,true,tests/test_model.py::TestFactorySerialization::test_toFile,pass,fail,0,0,100,1,true,vic_confirmed,,results/idoft-od/crom-tests_test_model_py__testfactoryserialization__test_tofile.json
crom,https://github.com/thegetty/crom,OD-Vic,98bb6be4e32b4c81eb7e0b5e841a915b015abaf0,true,tests/test_model.py::TestFactorySerialization::test_toJSON,pass,pass,100,0,100,101,false,could_not_reproduce,,results/idoft-od/crom-tests_test_model_py__testfactoryserialization__test_tojson.json
crom,https://github.com/thegetty/crom,OD-Vic,98bb6be4e32b4c81eb7e0b5e841a915b015abaf0,true,tests/test_model.py::TestFactorySerialization::test_toJSON_fast,pass,pass,100,0,100,101,false,could_not_reproduce,,results/idoft-od/crom-tests_test_model_py__testfactoryserialization__test_tojson_f.json
crom,https://github.com/thegetty/crom,OD-Vic,98bb6be4e32b4c81eb7e0b5e841a915b015abaf0,true,tests/test_model.py::TestFactorySerialization::test_toJSON_normal,pass,pass,100,0,100,101,false,could_not_reproduce,,results/idoft-od/crom-tests_test_model_py__testfactoryserialization__test_tojson_n.json
crom,https://github.com/thegetty/crom,OD-Vic,98bb6be4e32b4c81eb7e0b5e841a915b015abaf0,true,tests/test_model.py::TestFactorySerialization::test_toString,pass,pass,100,0,100,101,false,could_not_reproduce,,results/idoft-od/crom-tests_test_model_py__testfactoryserialization__test_tostring.json
crom,https://github.com/thegetty/crom,OD-Vic,98bb6be4e32b4c81eb7e0b5e841a915b015abaf0,true,tests/test_model.py::TestFactorySerialization::test_toString_fast,pass,pass,100,0,100,101,false,could_not_reproduce,,results/idoft-od/crom-tests_test_model_py__testfactoryserialization__test_tostring.json
crom,https://github.com/thegetty/crom,OD-Vic,98bb6be4e32b4c81eb7e0b5e841a915b015abaf0,true,tests/test_model.py::TestMagicMethods::test_not_multiple_instance,pass,pass,2,1,100,4,true,vic_confirmed,,results/idoft-od/crom-tests_test_model_py__testmagicmethods__test_not_multiple_ins.json
crom,https://github.com/thegetty/crom,OD-Vic,98bb6be4e32b4c81eb7e0b5e841a915b015abaf0,true,tests/test_model.py::TestMagicMethods::test_validate_multiplicity,pass,pass,14,1,100,16,true,vic_confirmed,,results/idoft-od/crom-tests_test_model_py__testmagicmethods__test_validate_multipl.json
crom,https://github.com/thegetty/crom,OD-Vic,98bb6be4e32b4c81eb7e0b5e841a915b015abaf0,true,tests/test_model.py::TestMagicMethods::test_validate_profile_off,pass,pass,14,1,100,16,true,vic_confirmed,,results/idoft-od/crom-tests_test_model_py__testmagicmethods__test_validate_profile.json
crom,https://github.com/thegetty/crom,OD-Vic,98bb6be4e32b4c81eb7e0b5e841a915b015abaf0,true,tests/test_model.py::TestMagicMethods::test_validation_wrong_type,pass,pass,2,1,100,4,true,vic_confirmed,,results/idoft-od/crom-tests_test_model_py__testmagicmethods__test_validation_wrong.json
crom,https://github.com/thegetty/crom,OD-Vic,98bb6be4e32b4c81eb7e0b5e841a915b015abaf0,true,tests/test_model.py::TestPropertyCache::test_cache_hierarchy,pass,pass,13,1,100,15,true,vic_confirmed,,results/idoft-od/crom-tests_test_model_py__testpropertycache__test_cache_hierarchy.json
crom,https://github.com/thegetty/crom,OD-Vic,98bb6be4e32b4c81eb7e0b5e841a915b015abaf0,true,tests/test_reader.py::TestReader::test_read,pass,pass,100,0,100,101,false,could_not_reproduce,,results/idoft-od/crom-tests_test_reader_py__testreader__test_read.json
crom,https://github.com/thegetty/crom,OD-Vic,98bb6be4e32b4c81eb7e0b5e841a915b015abaf0,true,tests/test_reader.py::TestReader::test_vocab_collision,pass,pass,100,0,100,101,false,could_not_reproduce,,results/idoft-od/crom-tests_test_reader_py__testreader__test_vocab_collision.json
crom,https://github.com/thegetty/crom,OD-Vic,98bb6be4e32b4c81eb7e0b5e841a915b015abaf0,true,tests/test_vocab.py::TestClassBuilder::test_aa_check,pass,pass,100,0,100,101,false,could_not_reproduce,,results/idoft-od/crom-tests_test_vocab_py__testclassbuilder__test_aa_check.json
crom,https://github.com/thegetty/crom,OD-Vic,98bb6be4e32b4c81eb7e0b5e841a915b015abaf0,true,tests/test_vocab.py::TestClassBuilder::test_boundary_setter,pass,pass,100,0,100,101,false,could_not_reproduce,,results/idoft-od/crom-tests_test_vocab_py__testclassbuilder__test_boundary_setter.json
crom,https://github.com/thegetty/crom,OD-Vic,98bb6be4e32b4c81eb7e0b5e841a915b015abaf0,true,tests/test_vocab.py::TestClassBuilder::test_conceptual_parts,pass,pass,100,0,100,101,false,could_not_reproduce,,results/idoft-od/crom-tests_test_vocab_py__testclassbuilder__test_conceptual_parts.json
crom,https://github.com/thegetty/crom,OD-Vic,98bb6be4e32b4c81eb7e0b5e841a915b015abaf0,true,tests/test_vocab.py::TestClassBuilder::test_linguistic_object_boundary,pass,pass,100,0,100,101,false,could_not_reproduce,,results/idoft-od/crom-tests_test_vocab_py__testclassbuilder__test_linguistic_objec.json
crom,https://github.com/thegetty/crom,OD-Vic,98bb6be4e32b4c81eb7e0b5e841a915b015abaf0,true,tests/test_vocab.py::TestClassBuilder::test_metatype,pass,pass,100,0,100,101,false,could_not_reproduce,,results/idoft-od/crom-tests_test_vocab_py__testclassbuilder__test_metatype.json
crom,https://github.com/thegetty/crom,OD-Vic,98bb6be4e32b4c81eb7e0b5e841a915b015abaf0,true,tests/test_vocab.py::TestClassBuilder::test_multitype,pass,pass,100,0,100,101,false,could_not_reproduce,,results/idoft-od/crom-tests_test_vocab_py__testclassbuilder__test_multitype.json
crom,https://github.com/thegetty/crom,OD-Vic,98bb6be4e32b4c81eb7e0b5e841a915b015abaf0,true,tests/test_vocab.py::TestClassBuilder::test_procurement_boundary,pass,pass,100,0,100,101,false,could_not_reproduce,,results/idoft-od/crom-tests_test_vocab_py__testclassbuilder__test_procurement_boun.json
envyaml,https://github.com/thesimj/envyaml,OD-Brit,79a220cabb69d71397310d941de205610cf5e4cb,true,tests/test_envyaml.py::test_it_should_not_fail_when_try_load_non_exist_default_file,fail,skipped,0,0,100,0,true,brit_confirmed,,results/idoft-od/envyaml-tests_test_envyaml_py__test_it_should_not_fail_when_try_load.json
nodal,https://github.com/thimic/nodal,OD-Vic,261eeefd50298765c5722c5f7da72e6f2927bd3e,true,tests/nodal/nodes/test_noop.py::TestNoOp::test_name,pass,pass,100,0,100,101,false,could_not_reproduce,,results/idoft-od/nodal-tests_nodal_nodes_test_noop_py__testnoop__test_name.json
nodal,https://github.com/thimic/nodal,OD-Vic,261eeefd50298765c5722c5f7da72e6f2927bd3e,true,tests/nodal/test_graph.py::TestGraph::test__on_node_create,pass,pass,100,0,100,101,false,could_not_reproduce,,results/idoft-od/nodal-tests_nodal_test_graph_py__testgraph__test__on_node_create.json
nodal,https://github.com/thimic/nodal,OD-Vic,261eeefd50298765c5722c5f7da72e6f2927bd3e,true,tests/nodal/test_graph.py::TestGraph::test__on_node_destroy,pass,pass,100,0,100,101,false,could_not_reproduce,,results/idoft-od/nodal-tests_nodal_test_graph_py__testgraph__test__on_node_destroy.json
pymq,https://github.com/thrau/pymq,OD-Vic,101857bca2b705c328d3bda3b26797b51e8ffb70,true,tests/test_provider_ipc.py::IpcQueueTest::test_queue_collection_types,pass,pass,100,0,100,101,false,could_not_reproduce,,results/idoft-od/pymq-tests_test_provider_ipc_py__ipcqueuetest__test_queue_collect.json
saga,https://github.com/saga-vcs/saga,OD-Vic,7beaae8831696ce813aa85620387e416719198db,true,tests/test_excel.py::test_merge[tests/merges/xlsx/single_element],pass,pass,100,0,100,101,false,could_not_reproduce,,results/idoft-od/saga-tests_test_excel_py__test_merge_tests_merges_xlsx_single_ele.json
pymq,https://github.com/thrau/pymq,OD-Vic,101857bca2b705c328d3bda3b26797b51e8ffb70,true,tests/test_provider_ipc.py::IpcQueueTest::test_queue_complex_types,pass,pass,100,0,100,101,false,could_not_reproduce,,results/idoft-od/pymq-tests_test_provider_ipc_py__ipcqueuetest__test_queue_complex.json
pymq,https://github.com/thrau/pymq,OD-Vic,101857bca2b705c328d3bda3b26797b51e8ffb70,true,tests/test_provider_ipc.py::IpcQueueTest::test_queue_get_blocking,pass,pass,100,0,100,101,false,could_not_reproduce,,results/idoft-od/pymq-tests_test_provider_ipc_py__ipcqueuetest__test_queue_get_blo.json
pymq,https://github.com/thrau/pymq,OD-Vic,101857bca2b705c328d3bda3b26797b51e8ffb70,true,tests/test_provider_ipc.py::IpcQueueTest::test_queue_get_nowait_timeout,pass,pass,100,0,100,101,false,could_not_reproduce,,results/idoft-od/pymq-tests_test_provider_ipc_py__ipcqueuetest__test_queue_get_now.json
pymq,https://github.com/thrau/pymq,OD-Vic,101857bca2b705c328d3bda3b26797b51e8ffb70,true,tests/test_provider_ipc.py::IpcQueueTest::test_queue_primitive_types,pass,pass,100,0,100,101,false,could_not_reproduce,,results/idoft-od/pymq-tests_test_provider_ipc_py__ipcqueuetest__test_queue_primiti.json
pymq,https://github.com/thrau/pymq,OD-Vic,101857bca2b705c328d3bda3b26797b51e8ffb70,true,tests/test_provider_ipc.py::IpcQueueTest::test_queue_put_get,pass,pass,100,0,100,101,false,could_not_reproduce,,results/idoft-od/pymq-tests_test_provider_ipc_py__ipcqueuetest__test_queue_put_get.json
pymq,https://github.com/thrau/pymq,OD-Vic,101857bca2b705c328d3bda3b26797b51e8ffb70,true,tests/test_provider_ipc.py::IpcRpcTest::test_echo_command_response_function,pass,pass,100,0,100,101,false,could_not_reproduce,,results/idoft-od/pymq-tests_test_provider_ipc_py__ipcrpctest__test_echo_command_re.json
saga,https://github.com/saga-vcs/saga,OD-Vic,7beaae8831696ce813aa85620387e416719198db,true,tests/test_excel.py::test_merge[tests/merges/xlsx/string_and_number],pass,pass,100,0,100,101,false,could_not_reproduce,,results/idoft-od/saga-tests_test_excel_py__test_merge_tests_merges_xlsx_string_and.json
saga,https://github.com/saga-vcs/saga,OD-Vic,7beaae8831696ce813aa85620387e416719198db,true,tests/test_text.py::test_merge[tests/merges/txt/add_in_both],pass,pass,100,0,100,101,false,could_not_reproduce,,results/idoft-od/saga-tests_test_text_py__test_merge_tests_merges_txt_add_in_both_.json
saga,https://github.com/saga-vcs/saga,OD-Vic,7beaae8831696ce813aa85620387e416719198db,true,tests/test_text.py::test_merge[tests/merges/txt/add_in_middle],pass,pass,100,0,100,101,false,could_not_reproduce,,results/idoft-od/saga-tests_test_text_py__test_merge_tests_merges_txt_add_in_middl.json
saga,https://github.com/saga-vcs/saga,OD-Vic,7beaae8831696ce813aa85620387e416719198db,true,tests/test_text.py::test_merge[tests/merges/txt/add_line],pass,pass,100,0,100,101,false,could_not_reproduce,,results/idoft-od/saga-tests_test_text_py__test_merge_tests_merges_txt_add_line_.json
saga,https://github.com/saga-vcs/saga,OD-Vic,7beaae8831696ce813aa85620387e416719198db,true,tests/test_text.py::test_merge[tests/merges/txt/remove_in_both],pass,pass,100,0,100,101,false,could_not_reproduce,,results/idoft-od/saga-tests_test_text_py__test_merge_tests_merges_txt_remove_in_bo.json
saga,https://github.com/saga-vcs/saga,OD-Vic,7beaae8831696ce813aa85620387e416719198db,true,tests/test_text.py::test_merge[tests/merges/txt/remove_line],pass,pass,100,0,100,101,false,could_not_reproduce,,results/idoft-od/saga-tests_test_text_py__test_merge_tests_merges_txt_remove_line_.json
pymq,https://github.com/thrau/pymq,OD-Vic,101857bca2b705c328d3bda3b26797b51e8ffb70,true,tests/test_provider_ipc.py::IpcRpcTest::test_error_function,pass,pass,100,0,100,101,false,could_not_reproduce,,results/idoft-od/pymq-tests_test_provider_ipc_py__ipcrpctest__test_error_function.json
edk2-pytool-library,https://github.com/tianocore/edk2-pytool-library,OD-Brit,ab6bac82f297b4e8fe0a0d4dcde4711b3cb1bc88,true,edk2toollib/acpi/ivrs_parser_test.py::IvrsParserTest::test_ivrs_parser_ivrs_full,fail,skipped,0,0,100,0,true,brit_confirmed,,results/idoft-od/edk2-pytool-library-edk2toollib_acpi_ivrs_parser_test_py__ivrsparsertest__test_i.json
ucal,https://github.com/timkostka/ucal,OD-Brit,df0ccbc5f8af54fc69df56191bd810481a17b0e3,true,tests/test_ucal.py::TestSyntax::test_function_ln,fail,skipped,0,0,100,0,true,brit_confirmed,,results/idoft-od/ucal-tests_test_ucal_py__testsyntax__test_function_ln.json
ucal,https://github.com/timkostka/ucal,OD-Brit,df0ccbc5f8af54fc69df56191bd810481a17b0e3,true,tests/test_ucal.py::TestSyntax::test_function_log,fail,skipped,0,0,100,0,true,brit_confirmed,,results/idoft-od/ucal-tests_test_ucal_py__testsyntax__test_function_log.json
easy_python_requirements,https://github.com/tjdevries/easy_python_requirements,OD-Brit,2bf905f34065637cbc781d17d8e5806892fb66d5,true,test/test_mock_functions.py::test_mock_class_update,fail,skipped,0,0,100,0,true,brit_confirmed,,results/idoft-od/easy_python_requirements-test_test_mock_functions_py__test_mock_class_update.json
easy_python_requirements,https://github.com/tjdevries/easy_python_requirements,OD-Vic,2bf905f34065637cbc781d17d8e5806892fb66d5,true,test/test_mock_functions.py::test_mock_module_with_two_updates,pass,pass,100,0,100,101,false,could_not_reproduce,,results/idoft-od/easy_python_requirements-test_test_mock_functions_py__test_mock_module_with_two_updat.json
todo-sync,https://github.com/tmurph/todo-sync,OD-Brit,32915e9a1509aa2c4083613e256cb0d502c441aa,true,tests/test_org_to_asana.py::test_o2a_behind_make_fn[a_node0-expected_node0],fail,skipped,0,0,100,0,true,brit_confirmed,,results/idoft-od/todo-sync-tests_test_org_to_asana_py__test_o2a_behind_make_fn_a_node0_.json
todo-sync,https://github.com/tmurph/todo-sync,OD-Brit,32915e9a1509aa2c4083613e256cb0d502c441aa,true,tests/test_org_to_asana.py::test_o2a_behind_make_fn[a_node1-expected_node1],fail,skipped,0,0,100,0,true,brit_confirmed,,results/idoft-od/todo-sync-tests_test_org_to_asana_py__test_o2a_behind_make_fn_a_node1_.json
todo-sync,https://github.com/tmurph/todo-sync,OD-Brit,32915e9a1509aa2c4083613e256cb0d502c441aa,true,tests/test_org_to_asana.py::test_o2a_behind_make_fn[a_node10-expected_node10],fail,skipped,0,0,100,0,true,brit_confirmed,,results/idoft-od/todo-sync-tests_test_org_to_asana_py__test_o2a_behind_make_fn_a_node10.json
todo-sync,https://github.com/tmurph/todo-sync,OD-Brit,32915e9a1509aa2c4083613e256cb0d502c441aa,true,tests/test_org_to_asana.py::test_o2a_behind_make_fn[a_node2-expected_node2],fail,skipped,0,0,100,0,true,brit_confirmed,,results/idoft-od/todo-sync-tests_test_org_to_asana_py__test_o2a_behind_make_fn_a_node2_.json
todo-sync,https://github.com/tmurph/todo-sync,OD-Brit,32915e9a1509aa2c4083613e256cb0d502c441aa,true,tests/test_org_to_asana.py::test_o2a_behind_make_fn[a_node3-expected_node3],fail,skipped,0,0,100,0,true,brit_confirmed,,results/idoft-od/todo-sync-tests_test_org_to_asana_py__test_o2a_behind_make_fn_a_node3_.json
todo-sync,https://github.com/tmurph/todo-sync,OD-Brit,32915e9a1509aa2c4083613e256cb0d502c441aa,true,tests/test_org_to_asana.py::test_o2a_behind_make_fn[a_node4-expected_node4],fail,skipped,0,0,100,0,true,brit_confirmed,,results/idoft-od/todo-sync-tests_test_org_to_asana_py__test_o2a_behind_make_fn_a_node4_.json
todo-sync,https://github.com/tmurph/todo-sync,OD-Brit,32915e9a1509aa2c4083613e256cb0d502c441aa,true,tests/test_org_to_asana.py::test_o2a_behind_make_fn[a_node5-expected_node5],fail,skipped,0,0,100,0,true,brit_confirmed,,results/idoft-od/todo-sync-tests_test_org_to_asana_py__test_o2a_behind_make_fn_a_node5_.json
todo-sync,https://github.com/tmurph/todo-sync,OD-Brit,32915e9a1509aa2c4083613e256cb0d502c441aa,true,tests/test_org_to_asana.py::test_o2a_behind_make_fn[a_node6-expected_node6],fail,skipped,0,0,100,0,true,brit_confirmed,,results/idoft-od/todo-sync-tests_test_org_to_asana_py__test_o2a_behind_make_fn_a_node6_.json
todo-sync,https://github.com/tmurph/todo-sync,OD-Brit,32915e9a1509aa2c4083613e256cb0d502c441aa,true,tests/test_org_to_asana.py::test_o2a_behind_make_fn[a_node7-expected_node7],fail,skipped,0,0,100,0,true,brit_confirmed,,results/idoft-od/todo-sync-tests_test_org_to_asana_py__test_o2a_behind_make_fn_a_node7_.json
todo-sync,https://github.com/tmurph/todo-sync,OD-Brit,32915e9a1509aa2c4083613e256cb0d502c441aa,true,tests/test_org_to_asana.py::test_o2a_behind_make_fn[a_node8-expected_node8],fail,skipped,0,0,100,0,true,brit_confirmed,,results/idoft-od/todo-sync-tests_test_org_to_asana_py__test_o2a_behind_make_fn_a_node8_.json
todo-sync,https://github.com/tmurph/todo-sync,OD-Brit,32915e9a1509aa2c4083613e256cb0d502c441aa,true,tests/test_org_to_asana.py::test_o2a_behind_make_fn[a_node9-expected_node9],fail,skipped,0,0,100,0,true,brit_confirmed,,results/idoft-od/todo-sync-tests_test_org_to_asana_py__test_o2a_behind_make_fn_a_node9_.json
findatabroker,https://github.com/tomerten/findatabroker,OD-Brit,204c433d51e2d2de5c132a4607cd504809fd4a71,true,FinDataBroker/tests/test_mongo.py::test__load___ok,fail,skipped,0,0,100,0,true,brit_confirmed,,results/idoft-od/findatabroker-findatabroker_tests_test_mongo_py__test__load___ok.json
cloudnetpy,https://github.com/tukiains/cloudnetpy,OD-Vic,26f2607b890630146469cfa410fce99438ceee3f,false,tests/unit/test_classify.py::TestFindRain::test_1,pass,fail,0,0,100,1,true,vic_confirmed,,results/idoft-od/cloudnetpy-tests_unit_test_classify_py__testfindrain__test_1.json
cloudnetpy,https://github.com/tukiains/cloudnetpy,OD-Brit,26f2607b890630146469cfa410fce99438ceee3f,false,tests/unit/test_classify.py::TestFindRain::test_3,fail,skipped,0,0,100,0,true,brit_confirmed,,results/idoft-od/cloudnetpy-tests_unit_test_classify_py__testfindrain__test_3.json
cloudnetpy,https://github.com/tukiains/cloudnetpy,OD-Vic,26f2607b890630146469cfa410fce99438ceee3f,false,tests/unit/test_drizzle.py::test_append_data[beta_corr],pass,pass,0,1,100,2,true,vic_confirmed,,results/idoft-od/cloudnetpy-tests_unit_test_drizzle_py__test_append_data_beta_corr_.json
cloudnetpy,https://github.com/tukiains/cloudnetpy,OD-Vic,26f2607b890630146469cfa410fce99438ceee3f,false,tests/unit/test_drizzle.py::test_append_data[Do],pass,pass,0,1,100,2,true,vic_confirmed,,results/idoft-od/cloudnetpy-tests_unit_test_drizzle_py__test_append_data_do_.json
cloudnetpy,https://github.com/tukiains/cloudnetpy,OD-Vic,26f2607b890630146469cfa410fce99438ceee3f,false,tests/unit/test_drizzle.py::test_append_data[Do_bias],pass,pass,0,1,100,2,true,vic_confirmed,,results/idoft-od/cloudnetpy-tests_unit_test_drizzle_py__test_append_data_do_bias_.json
cloudnetpy,https://github.com/tukiains/cloudnetpy,OD-Vic,26f2607b890630146469cfa410fce99438ceee3f,false,tests/unit/test_drizzle.py::test_append_data[Do_error],pass,pass,0,1,100,2,true,vic_confirmed,,results/idoft-od/cloudnetpy-tests_unit_test_drizzle_py__test_append_data_do_error_.json
cloudnetpy,https://github.com/tukiains/cloudnetpy,OD-Vic,26f2607b890630146469cfa410fce99438ceee3f,false,tests/unit/test_drizzle.py::test_append_data[drizzle_lwc],pass,pass,0,1,100,2,true,vic_confirmed,,results/idoft-od/cloudnetpy-tests_unit_test_drizzle_py__test_append_data_drizzle_lwc_.json
cloudnetpy,https://github.com/tukiains/cloudnetpy,OD-Vic,26f2607b890630146469cfa410fce99438ceee3f,false,tests/unit/test_drizzle.py::test_append_data[drizzle_lwc_bias],pass,pass,0,1,100,2,true,vic_confirmed,,results/idoft-od/cloudnetpy-tests_unit_test_drizzle_py__test_append_data_drizzle_lwc_bia.json
pymq,https://github.com/thrau/pymq,OD-Vic,101857bca2b705c328d3bda3b26797b51e8ffb70,true,tests/test_provider_ipc.py::IpcRpcTest::test_remote_decorator,pass,pass,100,0,100,101,false,could_not_reproduce,,results/idoft-od/pymq-tests_test_provider_ipc_py__ipcrpctest__test_remote_decorato.json
cloudnetpy,https://github.com/tukiains/cloudnetpy,OD-Vic,26f2607b890630146469cfa410fce99438ceee3f,false,tests/unit/test_drizzle.py::test_append_data[drizzle_lwc_error],pass,pass,0,1,100,2,true,vic_confirmed,,results/idoft-od/cloudnetpy-tests_unit_test_drizzle_py__test_append_data_drizzle_lwc_err.json
cloudnetpy,https://github.com/tukiains/cloudnetpy,OD-Vic,26f2607b890630146469cfa410fce99438ceee3f,false,tests/unit/test_drizzle.py::test_append_data[drizzle_lwf],pass,pass,0,1,100,2,true,vic_confirmed,,results/idoft-od/cloudnetpy-tests_unit_test_drizzle_py__test_append_data_drizzle_lwf_.json
cloudnetpy,https://github.com/tukiains/cloudnetpy,OD-Vic,26f2607b890630146469cfa410fce99438ceee3f,false,tests/unit/test_drizzle.py::test_append_data[drizzle_lwf_bias],pass,pass,0,1,100,2,true,vic_confirmed,,results/idoft-od/cloudnetpy-tests_unit_test_drizzle_py__test_append_data_drizzle_lwf_bia.json
cloudnetpy,https://github.com/tukiains/cloudnetpy,OD-Vic,26f2607b890630146469cfa410fce99438ceee3f,false,tests/unit/test_drizzle.py::test_append_data[drizzle_lwf_error],pass,pass,0,1,100,2,true,vic_confirmed,,results/idoft-od/cloudnetpy-tests_unit_test_drizzle_py__test_append_data_drizzle_lwf_err.json
cloudnetpy,https://github.com/tukiains/cloudnetpy,OD-Vic,26f2607b890630146469cfa410fce99438ceee3f,false,tests/unit/test_drizzle.py::test_append_data[drizzle_N],pass,pass,0,1,100,2,true,vic_confirmed,,results/idoft-od/cloudnetpy-tests_unit_test_drizzle_py__test_append_data_drizzle_n_.json
cloudnetpy,https://github.com/tukiains/cloudnetpy,OD-Vic,26f2607b890630146469cfa410fce99438ceee3f,false,tests/unit/test_drizzle.py::test_append_data[drizzle_N_bias],pass,pass,0,1,100,2,true,vic_confirmed,,results/idoft-od/cloudnetpy-tests_unit_test_drizzle_py__test_append_data_drizzle_n_bias_.json
cloudnetpy,https://github.com/tukiains/cloudnetpy,OD-Vic,26f2607b890630146469cfa410fce99438ceee3f,false,tests/unit/test_drizzle.py::test_append_data[drizzle_N_error],pass,pass,0,1,100,2,true,vic_confirmed,,results/idoft-od/cloudnetpy-tests_unit_test_drizzle_py__test_append_data_drizzle_n_error.json
cloudnetpy,https://github.com/tukiains/cloudnetpy,OD-Vic,26f2607b890630146469cfa410fce99438ceee3f,false,tests/unit/test_drizzle.py::test_append_data[mu],pass,pass,0,1,100,2,true,vic_confirmed,,results/idoft-od/cloudnetpy-tests_unit_test_drizzle_py__test_append_data_mu_.json
cloudnetpy,https://github.com/tukiains/cloudnetpy,OD-Vic,26f2607b890630146469cfa410fce99438ceee3f,false,tests/unit/test_drizzle.py::test_append_data[mu_error],pass,pass,0,1,100,2,true,vic_confirmed,,results/idoft-od/cloudnetpy-tests_unit_test_drizzle_py__test_append_data_mu_error_.json
cloudnetpy,https://github.com/tukiains/cloudnetpy,OD-Vic,26f2607b890630146469cfa410fce99438ceee3f,false,tests/unit/test_drizzle.py::test_append_data[S],pass,pass,0,1,100,2,true,vic_confirmed,,results/idoft-od/cloudnetpy-tests_unit_test_drizzle_py__test_append_data_s_.json
cloudnetpy,https://github.com/tukiains/cloudnetpy,OD-Vic,26f2607b890630146469cfa410fce99438ceee3f,false,tests/unit/test_drizzle.py::test_append_data[S_error],pass,pass,0,1,100,2,true,vic_confirmed,,results/idoft-od/cloudnetpy-tests_unit_test_drizzle_py__test_append_data_s_error_.json
cloudnetpy,https://github.com/tukiains/cloudnetpy,OD-Vic,26f2607b890630146469cfa410fce99438ceee3f,false,tests/unit/test_drizzle.py::test_append_data[v_air],pass,pass,0,1,100,2,true,vic_confirmed,,results/idoft-od/cloudnetpy-tests_unit_test_drizzle_py__test_append_data_v_air_.json
cloudnetpy,https://github.com/tukiains/cloudnetpy,OD-Vic,26f2607b890630146469cfa410fce99438ceee3f,false,tests/unit/test_drizzle.py::test_append_data[v_drizzle],pass,pass,0,1,100,2,true,vic_confirmed,,results/idoft-od/cloudnetpy-tests_unit_test_drizzle_py__test_append_data_v_drizzle_.json
cloudnetpy,https://github.com/tukiains/cloudnetpy,OD-Vic,26f2607b890630146469cfa410fce99438ceee3f,false,tests/unit/test_drizzle.py::test_append_data[v_drizzle_bias],pass,pass,0,1,100,2,true,vic_confirmed,,results/idoft-od/cloudnetpy-tests_unit_test_drizzle_py__test_append_data_v_drizzle_bias_.json
cloudnetpy,https://github.com/tukiains/cloudnetpy,OD-Vic,26f2607b890630146469cfa410fce99438ceee3f,false,tests/unit/test_drizzle.py::test_append_data[v_drizzle_error],pass,pass,0,1,100,2,true,vic_confirmed,,results/idoft-od/cloudnetpy-tests_unit_test_drizzle_py__test_append_data_v_drizzle_error.json
cloudnetpy,https://github.com/tukiains/cloudnetpy,OD-Vic,26f2607b890630146469cfa410fce99438ceee3f,false,tests/unit/test_drizzle.py::test_calc_beta_z_ratio,pass,fail,0,0,100,1,true,vic_confirmed,,results/idoft-od/cloudnetpy-tests_unit_test_drizzle_py__test_calc_beta_z_ratio.json
cloudnetpy,https://github.com/tukiains/cloudnetpy,OD-Vic,26f2607b890630146469cfa410fce99438ceee3f,false,tests/unit/test_drizzle.py::test_calc_density,fail,fail,0,0,100,1,true,vic_confirmed,,results/idoft-od/cloudnetpy-tests_unit_test_drizzle_py__test_calc_density.json
cloudnetpy,https://github.com/tukiains/cloudnetpy,OD-Vic,26f2607b890630146469cfa410fce99438ceee3f,false,tests/unit/test_drizzle.py::test_calc_derived_products[drizzle_lwc],pass,pass,0,1,100,2,true,vic_confirmed,,results/idoft-od/cloudnetpy-tests_unit_test_drizzle_py__test_calc_derived_products_drizz.json
cloudnetpy,https://github.com/tukiains/cloudnetpy,OD-Vic,26f2607b890630146469cfa410fce99438ceee3f,false,tests/unit/test_drizzle.py::test_calc_derived_products[drizzle_lwf],pass,pass,0,1,100,2,true,vic_confirmed,,results/idoft-od/cloudnetpy-tests_unit_test_drizzle_py__test_calc_derived_products_drizz.json
cloudnetpy,https://github.com/tukiains/cloudnetpy,OD-Vic,26f2607b890630146469cfa410fce99438ceee3f,false,tests/unit/test_drizzle.py::test_calc_derived_products[drizzle_N],pass,pass,0,1,100,2,true,vic_confirmed,,results/idoft-od/cloudnetpy-tests_unit_test_drizzle_py__test_calc_derived_products_drizz.json
cloudnetpy,https://github.com/tukiains/cloudnetpy,OD-Vic,26f2607b890630146469cfa410fce99438ceee3f,false,tests/unit/test_drizzle.py::test_calc_derived_products[v_air],pass,pass,0,1,100,2,true,vic_confirmed,,results/idoft-od/cloudnetpy-tests_unit_test_drizzle_py__test_calc_derived_products_v_air.json
cloudnetpy,https://github.com/tukiains/cloudnetpy,OD-Vic,26f2607b890630146469cfa410fce99438ceee3f,false,tests/unit/test_drizzle.py::test_calc_derived_products[v_drizzle],pass,pass,0,1,100,2,true,vic_confirmed,,results/idoft-od/cloudnetpy-tests_unit_test_drizzle_py__test_calc_derived_products_v_dri.json
cloudnetpy,https://github.com/tukiains/cloudnetpy,OD-Vic,26f2607b890630146469cfa410fce99438ceee3f,false,tests/unit/test_drizzle.py::test_calc_dia,pass,fail,0,0,100,1,true,vic_confirmed,,results/idoft-od/cloudnetpy-tests_unit_test_drizzle_py__test_calc_dia.json
cloudnetpy,https://github.com/tukiains/cloudnetpy,OD-Brit,26f2607b890630146469cfa410fce99438ceee3f,false,tests/unit/test_drizzle.py::test_calc_fall_velocity,fail,skipped,0,0,100,0,true,brit_confirmed,,results/idoft-od/cloudnetpy-tests_unit_test_drizzle_py__test_calc_fall_velocity.json
cloudnetpy,https://github.com/tukiains/cloudnetpy,OD-Vic,26f2607b890630146469cfa410fce99438ceee3f,false,tests/unit/test_drizzle.py::test_calc_lwc,pass,pass,0,1,100,2,true,vic_confirmed,,results/idoft-od/cloudnetpy-tests_unit_test_drizzle_py__test_calc_lwc.json
cloudnetpy,https://github.com/tukiains/cloudnetpy,OD-Brit,26f2607b890630146469cfa410fce99438ceee3f,false,tests/unit/test_drizzle.py::test_calc_lwf,fail,skipped,0,0,100,0,true,brit_confirmed,,results/idoft-od/cloudnetpy-tests_unit_test_drizzle_py__test_calc_lwf.json
cloudnetpy,https://github.com/tukiains/cloudnetpy,OD-Vic,26f2607b890630146469cfa410fce99438ceee3f,false,tests/unit/test_drizzle.py::test_calc_v_air,pass,pass,0,1,100,2,true,vic_confirmed,,results/idoft-od/cloudnetpy-tests_unit_test_drizzle_py__test_calc_v_air.json
cloudnetpy,https://github.com/tukiains/cloudnetpy,OD-Vic,26f2607b890630146469cfa410fce99438ceee3f,false,tests/unit/test_drizzle.py::test_find_indices,pass,pass,0,1,100,2,true,vic_confirmed,,results/idoft-od/cloudnetpy-tests_unit_test_drizzle_py__test_find_indices.json
cloudnetpy,https://github.com/tukiains/cloudnetpy,OD-Vic,26f2607b890630146469cfa410fce99438ceee3f,false,tests/unit/test_drizzle.py::test_find_lut_indices,pass,fail,0,0,100,1,true,vic_confirmed,,results/idoft-od/cloudnetpy-tests_unit_test_drizzle_py__test_find_lut_indices.json
cloudnetpy,https://github.com/tukiains/cloudnetpy,OD-Vic,26f2607b890630146469cfa410fce99438ceee3f,false,tests/unit/test_drizzle.py::test_init_variables[beta_corr],pass,fail,0,0,100,1,true,vic_confirmed,,results/idoft-od/cloudnetpy-tests_unit_test_drizzle_py__test_init_variables_beta_corr_.json
cloudnetpy,https://github.com/tukiains/cloudnetpy,OD-Vic,26f2607b890630146469cfa410fce99438ceee3f,false,tests/unit/test_drizzle.py::test_init_variables[Do],pass,fail,0,0,100,1,true,vic_confirmed,,results/idoft-od/cloudnetpy-tests_unit_test_drizzle_py__test_init_variables_do_.json
cloudnetpy,https://github.com/tukiains/cloudnetpy,OD-Vic,26f2607b890630146469cfa410fce99438ceee3f,false,tests/unit/test_drizzle.py::test_init_variables[mu],pass,fail,0,0,100,1,true,vic_confirmed,,results/idoft-od/cloudnetpy-tests_unit_test_drizzle_py__test_init_variables_mu_.json
cloudnetpy,https://github.com/tukiains/cloudnetpy,OD-Vic,26f2607b890630146469cfa410fce99438ceee3f,false,tests/unit/test_drizzle.py::test_init_variables[S],pass,fail,0,0,100,1,true,vic_confirmed,,results/idoft-od/cloudnetpy-tests_unit_test_drizzle_py__test_init_variables_s_.json
cloudnetpy,https://github.com/tukiains/cloudnetpy,OD-Vic,26f2607b890630146469cfa410fce99438ceee3f,false,tests/unit/test_drizzle.py::test_is_converged,pass,fail,0,0,100,1,true,vic_confirmed,,results/idoft-od/cloudnetpy-tests_unit_test_drizzle_py__test_is_converged.json
cloudnetpy,https://github.com/tukiains/cloudnetpy,OD-Vic,26f2607b890630146469cfa410fce99438ceee3f,false,tests/unit/test_drizzle.py::test_screen_rain,pass,pass,0,1,100,2,true,vic_confirmed,,results/idoft-od/cloudnetpy-tests_unit_test_drizzle_py__test_screen_rain.json
cloudnetpy,https://github.com/tukiains/cloudnetpy,OD-Vic,26f2607b890630146469cfa410fce99438ceee3f,false,tests/unit/test_drizzle.py::test_update_result_tables[Do-10],pass,fail,0,0,100,1,true,vic_confirmed,,results/idoft-od/cloudnetpy-tests_unit_test_drizzle_py__test_update_result_tables_do_10_.json
cloudnetpy,https://github.com/tukiains/cloudnetpy,OD-Vic,26f2607b890630146469cfa410fce99438ceee3f,false,tests/unit/test_drizzle.py::test_update_result_tables[mu--1],pass,fail,0,0,100,1,true,vic_confirmed,,results/idoft-od/cloudnetpy-tests_unit_test_drizzle_py__test_update_result_tables_mu__1_.json
cloudnetpy,https://github.com/tukiains/cloudnetpy,OD-Vic,26f2607b890630146469cfa410fce99438ceee3f,false,tests/unit/test_drizzle.py::test_update_result_tables[S-93.7247943],pass,fail,0,0,100,1,true,vic_confirmed,,results/idoft-od/cloudnetpy-tests_unit_test_drizzle_py__test_update_result_tables_s_93_7.json
cloudnetpy,https://github.com/tukiains/cloudnetpy,OD-Vic,26f2607b890630146469cfa410fce99438ceee3f,false,tests/unit/test_lwc.py::test_init_status[0],pass,fail,0,0,100,1,true,vic_confirmed,,results/idoft-od/cloudnetpy-tests_unit_test_lwc_py__test_init_status_0_.json
cloudnetpy,https://github.com/tukiains/cloudnetpy,OD-Vic,26f2607b890630146469cfa410fce99438ceee3f,false,tests/unit/test_lwc.py::test_remove_good_profiles,pass,fail,0,0,100,1,true,vic_confirmed,,results/idoft-od/cloudnetpy-tests_unit_test_lwc_py__test_remove_good_profiles.json
cloudnetpy,https://github.com/tukiains/cloudnetpy,OD-Vic,26f2607b890630146469cfa410fce99438ceee3f,false,tests/unit/test_lwc.py::test_update_status[0],pass,fail,0,0,100,1,true,vic_confirmed,,results/idoft-od/cloudnetpy-tests_unit_test_lwc_py__test_update_status_0_.json
cloudnetpy,https://github.com/tukiains/cloudnetpy,OD-Vic,26f2607b890630146469cfa410fce99438ceee3f,false,tests/unit/test_lwc.py::test_update_status[1],pass,pass,3,1,100,5,true,vic_confirmed,,results/idoft-od/cloudnetpy-tests_unit_test_lwc_py__test_update_status_1_.json
cloudnetpy,https://github.com/tukiains/cloudnetpy,OD-Vic,26f2607b890630146469cfa410fce99438ceee3f,false,tests/unit/test_rpg.py::TestReduceHeader::test_1,pass,fail,0,0,100,1,true,vic_confirmed,,results/idoft-od/cloudnetpy-tests_unit_test_rpg_py__testreduceheader__test_1.json
python-resource-container,https://github.com/unfoldingWord-dev/python-resource-container,OD-Brit,64d87f900af969f47b20b798cf00c2861435b0d8,true,tests/container_test.py::TestResourceContainer::test_should_fail_to_load_missing_rc,fail,skipped,0,0,100,0,true,brit_confirmed,,results/idoft-od/python-resource-container-tests_container_test_py__testresourcecontainer__test_should_.json
python-resource-container,https://github.com/unfoldingWord-dev/python-resource-container,OD-Brit,64d87f900af969f47b20b798cf00c2861435b0d8,true,tests/container_test.py::TestResourceContainer::test_should_load_a_missing_rc_when_not_in_strict_mode,fail,skipped,0,0,100,0,true,brit_confirmed,,results/idoft-od/python-resource-container-tests_container_test_py__testresourcecontainer__test_should_.json
chuda,https://github.com/Varkal/chuda,OD-Vic,bd4d30c0f809d5349752ab2f322f30b01ab6b4a4,true,tests/test_app.py::test_output[argv0],pass,fail,0,0,100,1,true,vic_confirmed,,results/idoft-od/chuda-tests_test_app_py__test_output_argv0_.json
pyatlasclient,https://github.com/verdan/pyatlasclient,OD-Vic,6c3ef3926eef059f00730b6bcc1a1787f6bbcd9c,true,tests/test_models.py::TestDiscoveryREST::test_search_attribute_get,fail,error,0,0,100,1,false,could_not_reproduce,,results/idoft-od/pyatlasclient-tests_test_models_py__testdiscoveryrest__test_search_attribu.json
pymq,https://github.com/thrau/pymq,OD-Vic,101857bca2b705c328d3bda3b26797b51e8ffb70,true,tests/test_provider_ipc.py::IpcRpcTest::test_simple_function,pass,pass,100,0,100,101,false,could_not_reproduce,,results/idoft-od/pymq-tests_test_provider_ipc_py__ipcrpctest__test_simple_function.json
Verifone,https://github.com/vilkasgroup/Verifone,OD-Vic,5509c08767a9b482cfe5a9572854cf4c73ad6c02,true,tests/test_verifone.py::TestVerifone::test_001_create_object_with_defaults,pass,fail,0,0,100,1,true,vic_confirmed,,results/idoft-od/Verifone-tests_test_verifone_py__testverifone__test_001_create_object.json
flask-apify,https://github.com/vitalk/flask-apify,OD-Vic,f486d2616575be0e460ccf354d22badb7d68b387,true,tests/test_apify.py::test_apify_init,pass,pass,100,0,100,101,false,could_not_reproduce,,results/idoft-od/flask-apify-tests_test_apify_py__test_apify_init.json
flask-apify,https://github.com/vitalk/flask-apify,OD-Brit,f486d2616575be0e460ccf354d22badb7d68b387,true,tests/test_serializers.py::TestJSONPSerializer::test_support_custom_callback_name,fail,skipped,0,0,100,0,true,brit_confirmed,,results/idoft-od/flask-apify-tests_test_serializers_py__testjsonpserializer__test_support.json
flask-apify,https://github.com/vitalk/flask-apify,OD-Brit,f486d2616575be0e460ccf354d22badb7d68b387,true,tests/test_serializers.py::TestJSONPSerializer::test_use_callback_function_from_request_arguments_to_wrap_output,fail,skipped,0,0,100,0,true,brit_confirmed,,results/idoft-od/flask-apify-tests_test_serializers_py__testjsonpserializer__test_use_cal.json
myr-base,https://github.com/Vnet-as/myr-base,OD-Vic,56e347b4f4d70f53a6afe55e96c1f9e35f5454eb,true,tests/test_base.py::TestApp::test_announcing_no_tasks,fail,error,0,0,100,1,false,could_not_reproduce,,results/idoft-od/myr-base-tests_test_base_py__testapp__test_announcing_no_tasks.json
fooof,https://github.com/voytekresearch/fooof,OD-Brit,7a520c4f8ac3a44f4f18dc025b5e5d40049c9f2b,true,fooof/tests/core/test_io.py::test_load_file_contents,fail,skipped,0,0,100,0,true,brit_confirmed,,results/idoft-od/fooof-fooof_tests_core_test_io_py__test_load_file_contents.json
fooof,https://github.com/voytekresearch/fooof,OD-Brit,7a520c4f8ac3a44f4f18dc025b5e5d40049c9f2b,true,fooof/tests/core/test_io.py::test_load_jsonlines,fail,skipped,0,0,100,0,true,brit_confirmed,,results/idoft-od/fooof-fooof_tests_core_test_io_py__test_load_jsonlines.json
fooof,https://github.com/voytekresearch/fooof,OD-Brit,7a520c4f8ac3a44f4f18dc025b5e5d40049c9f2b,true,fooof/tests/core/test_io.py::test_load_json_fobj,fail,skipped,0,0,100,0,true,brit_confirmed,,results/idoft-od/fooof-fooof_tests_core_test_io_py__test_load_json_fobj.json
fooof,https://github.com/voytekresearch/fooof,OD-Brit,7a520c4f8ac3a44f4f18dc025b5e5d40049c9f2b,true,fooof/tests/core/test_io.py::test_load_json_str,fail,skipped,0,0,100,0,true,brit_confirmed,,results/idoft-od/fooof-fooof_tests_core_test_io_py__test_load_json_str.json
fooof,https://github.com/voytekresearch/fooof,OD-Vic,7a520c4f8ac3a44f4f18dc025b5e5d40049c9f2b,true,fooof/tests/objs/test_fit.py::test_fooof_fit_knee,fail,unknown,0,0,100,1,false,could_not_reproduce,,results/idoft-od/fooof-fooof_tests_objs_test_fit_py__test_fooof_fit_knee.json
fooof,https://github.com/voytekresearch/fooof,OD-Vic,7a520c4f8ac3a44f4f18dc025b5e5d40049c9f2b,true,fooof/tests/objs/test_fit.py::test_fooof_fit_nk,fail,unknown,0,0,100,1,false,could_not_reproduce,,results/idoft-od/fooof-fooof_tests_objs_test_fit_py__test_fooof_fit_nk.json
fooof,https://github.com/voytekresearch/fooof,OD-Brit,7a520c4f8ac3a44f4f18dc025b5e5d40049c9f2b,true,fooof/tests/objs/test_fit.py::test_fooof_load,fail,skipped,0,0,100,0,true,brit_confirmed,,results/idoft-od/fooof-fooof_tests_objs_test_fit_py__test_fooof_load.json
fooof,https://github.com/voytekresearch/fooof,OD-Brit,7a520c4f8ac3a44f4f18dc025b5e5d40049c9f2b,true,fooof/tests/objs/test_group.py::test_fg_load,fail,skipped,0,0,100,0,true,brit_confirmed,,results/idoft-od/fooof-fooof_tests_objs_test_group_py__test_fg_load.json
fooof,https://github.com/voytekresearch/fooof,OD-Brit,7a520c4f8ac3a44f4f18dc025b5e5d40049c9f2b,true,fooof/tests/utils/test_download.py::test_check_data_file,fail,skipped,0,0,100,0,true,brit_confirmed,,results/idoft-od/fooof-fooof_tests_utils_test_download_py__test_check_data_file.json
fooof,https://github.com/voytekresearch/fooof,OD-Brit,7a520c4f8ac3a44f4f18dc025b5e5d40049c9f2b,true,fooof/tests/utils/test_io.py::test_load_fooof,fail,skipped,0,0,100,0,true,brit_confirmed,,results/idoft-od/fooof-fooof_tests_utils_test_io_py__test_load_fooof.json
fooof,https://github.com/voytekresearch/fooof,OD-Brit,7a520c4f8ac3a44f4f18dc025b5e5d40049c9f2b,true,fooof/tests/utils/test_io.py::test_load_fooofgroup,fail,skipped,0,0,100,0,true,brit_confirmed,,results/idoft-od/fooof-fooof_tests_utils_test_io_py__test_load_fooofgroup.json
pymq,https://github.com/thrau/pymq,OD-Vic,101857bca2b705c328d3bda3b26797b51e8ffb70,true,tests/test_provider_ipc.py::IpcRpcTest::test_simple_list_param_function,pass,pass,100,0,100,101,false,could_not_reproduce,,results/idoft-od/pymq-tests_test_provider_ipc_py__ipcrpctest__test_simple_list_par.json
authnzerver,https://github.com/waqasbhatti/authnzerver,OD-Vic,bc735a1c9e1c084c40854a539a000d69a50ed486,true,authnzerver/tests/test_auth_creation.py::test_create_user,fail,fail,0,0,100,1,true,vic_confirmed,,results/idoft-od/authnzerver-authnzerver_tests_test_auth_creation_py__test_create_user.json
authnzerver,https://github.com/waqasbhatti/authnzerver,OD-Vic,bc735a1c9e1c084c40854a539a000d69a50ed486,true,authnzerver/tests/test_auth_permissions.py::test_role_permissions,fail,fail,0,0,100,1,true,vic_confirmed,,results/idoft-od/authnzerver-authnzerver_tests_test_auth_permissions_py__test_role_permis.json
wcraas_common,https://github.com/WCraaS/wcraas_common,OD-Vic,af209ab412c18473edfaaf2871eef9c0357b91e9,true,tests/test_wcraas_common.py::test_default_env_load,fail,error,0,0,100,1,false,could_not_reproduce,,results/idoft-od/wcraas_common-tests_test_wcraas_common_py__test_default_env_load.json
easypy,https://github.com/weka-io/easypy,OD-Vic,9501c3ee03dcb1630e58cbb73b1647056907bcea,true,tests/test_caching.py::test_resilient_between_timecaches,pass,pass,100,0,100,101,false,could_not_reproduce,,results/idoft-od/easypy-tests_test_caching_py__test_resilient_between_timecaches.json
pymq,https://github.com/thrau/pymq,OD-Vic,101857bca2b705c328d3bda3b26797b51e8ffb70,true,tests/test_provider_ipc.py::IpcRpcTest::test_simple_multiple_param_default_function,pass,pass,100,0,100,101,false,could_not_reproduce,,results/idoft-od/pymq-tests_test_provider_ipc_py__ipcrpctest__test_simple_multiple.json
easypy,https://github.com/weka-io/easypy,OD-Vic,9501c3ee03dcb1630e58cbb73b1647056907bcea,true,tests/test_concurrency.py::test_concurrent_done_status[False],pass,pass,100,0,100,101,false,could_not_reproduce,,results/idoft-od/easypy-tests_test_concurrency_py__test_concurrent_done_status_false.json
pymq,https://github.com/thrau/pymq,OD-Vic,101857bca2b705c328d3bda3b26797b51e8ffb70,true,tests/test_provider_ipc.py::IpcRpcTest::test_simple_multiple_param_function,pass,pass,100,0,100,101,false,could_not_reproduce,,results/idoft-od/pymq-tests_test_provider_ipc_py__ipcrpctest__test_simple_multiple.json
easypy,https://github.com/weka-io/easypy,OD-Vic,9501c3ee03dcb1630e58cbb73b1647056907bcea,true,tests/test_concurrency.py::test_concurrent_done_status[True],pass,pass,100,0,100,101,false,could_not_reproduce,,results/idoft-od/easypy-tests_test_concurrency_py__test_concurrent_done_status_true_.json
easypy,https://github.com/weka-io/easypy,OD-Vic,9501c3ee03dcb1630e58cbb73b1647056907bcea,true,tests/test_concurrency.py::test_multiexception_api[concurrent],pass,pass,100,0,100,101,false,could_not_reproduce,,results/idoft-od/easypy-tests_test_concurrency_py__test_multiexception_api_concurren.json
pymq,https://github.com/thrau/pymq,OD-Vic,101857bca2b705c328d3bda3b26797b51e8ffb70,true,tests/test_provider_ipc.py::IpcRpcTest::test_stateful_rpc,pass,pass,100,0,100,101,false,could_not_reproduce,,results/idoft-od/pymq-tests_test_provider_ipc_py__ipcrpctest__test_stateful_rpc.json
easypy,https://github.com/weka-io/easypy,OD-Vic,9501c3ee03dcb1630e58cbb73b1647056907bcea,true,tests/test_concurrency.py::test_multiexception_api[nonconcurrent],pass,pass,100,0,100,101,false,could_not_reproduce,,results/idoft-od/easypy-tests_test_concurrency_py__test_multiexception_api_nonconcur.json
pymq,https://github.com/thrau/pymq,OD-Vic,101857bca2b705c328d3bda3b26797b51e8ffb70,true,tests/test_provider_ipc.py::IpcRpcTest::test_timeout,pass,pass,100,0,100,101,false,could_not_reproduce,,results/idoft-od/pymq-tests_test_provider_ipc_py__ipcrpctest__test_timeout.json
easypy,https://github.com/weka-io/easypy,OD-Vic,9501c3ee03dcb1630e58cbb73b1647056907bcea,true,tests/test_concurrency.py::test_multiexception_pickling,pass,pass,100,0,100,101,false,could_not_reproduce,,results/idoft-od/easypy-tests_test_concurrency_py__test_multiexception_pickling.json
pymq,https://github.com/thrau/pymq,OD-Vic,101857bca2b705c328d3bda3b26797b51e8ffb70,true,tests/test_provider_ipc.py::IpcRpcTest::test_void_function_error,pass,pass,100,0,100,101,false,could_not_reproduce,,results/idoft-od/pymq-tests_test_provider_ipc_py__ipcrpctest__test_void_function_e.json
pyeventdispatcher,https://github.com/whisller/pyeventdispatcher,OD-Vic,5382e5e8578dea89a76481e15d410d516999055a,true,test/test_pyeventdispatcher.py::TestRegister::test_it_allows_to_register[<lambda>],pass,pass,0,1,100,2,true,vic_confirmed,,results/idoft-od/pyeventdispatcher-test_test_pyeventdispatcher_py__testregister__test_it_allows.json
pyeventdispatcher,https://github.com/whisller/pyeventdispatcher,OD-Vic,5382e5e8578dea89a76481e15d410d516999055a,true,test/test_pyeventdispatcher.py::TestRegister::test_it_allows_to_register[call_on_event],pass,pass,0,1,100,2,true,vic_confirmed,,results/idoft-od/pyeventdispatcher-test_test_pyeventdispatcher_py__testregister__test_it_allows.json
pyeventdispatcher,https://github.com/whisller/pyeventdispatcher,OD,433accc6e5682280189d8a584b87d4c3f815e200,true,test/test_pyeventdispatcher.py::TestRegister::test_listeners_executed_in_order test/test_pyeventdispatcher.py::TestRegister::test_it_allows_to_register,fail,error,1,1,100,3,true,vic_confirmed,,results/idoft-od/pyeventdispatcher-test_test_pyeventdispatcher_py__testregister__test_listeners.json
pyeventdispatcher,https://github.com/whisller/pyeventdispatcher,OD-Vic,5382e5e8578dea89a76481e15d410d516999055a,true,test/test_pyeventdispatcher.py::TestRegister::test_listeners_executed_in_order[to_register0-First\nSecond\n],pass,pass,0,1,100,2,true,vic_confirmed,,results/idoft-od/pyeventdispatcher-test_test_pyeventdispatcher_py__testregister__test_listeners.json
pyeventdispatcher,https://github.com/whisller/pyeventdispatcher,OD-Vic,5382e5e8578dea89a76481e15d410d516999055a,true,test/test_pyeventdispatcher.py::TestRegister::test_listeners_executed_in_order[to_register1-Second\nFirst\n],pass,pass,0,1,100,2,true,vic_confirmed,,results/idoft-od/pyeventdispatcher-test_test_pyeventdispatcher_py__testregister__test_listeners.json
coo,https://github.com/wilfredinni/coo,OD-Vic,da9e75d46ed65599cd2223b029ac30c08496a80b,true,tests/test_coo.py::test_tweet_none_media_TwitterError,pass,fail,0,0,100,1,true,vic_confirmed,,results/idoft-od/coo-tests_test_coo_py__test_tweet_none_media_twittererror.json
easypy,https://github.com/weka-io/easypy,OD-Vic,9501c3ee03dcb1630e58cbb73b1647056907bcea,true,tests/test_concurrency.py::test_multiexception_types,pass,pass,100,0,100,101,false,could_not_reproduce,,results/idoft-od/easypy-tests_test_concurrency_py__test_multiexception_types.json
urlquick,https://github.com/willforde/urlquick,OD-Vic,db765372b73800cfa056047a3f3331820abd4ae8,true,tests/test_urlquick.py::TestCacheHandler::test_cache_check_no_cache,pass,pass,0,1,100,2,true,vic_confirmed,,results/idoft-od/urlquick-tests_test_urlquick_py__testcachehandler__test_cache_check_n.json
ptemcee,https://github.com/willvousden/ptemcee,OD-Vic,a411be2e29e39585212c92acea1893f955aa9be8,true,ptemcee/tests.py::Tests::test_inf_logprob,pass,fail,0,0,100,1,true,vic_confirmed,,results/idoft-od/ptemcee-ptemcee_tests_py__tests__test_inf_logprob.json
cherry,https://github.com/Windsooon/cherry,OD-Vic,bc6ae1f0284d837fb95279098538530312313534,true,tests/test_classify.py::ClassifyTest::test_init,pass,fail,0,0,100,1,true,vic_confirmed,,results/idoft-od/cherry-tests_test_classify_py__classifytest__test_init.json
cherry,https://github.com/Windsooon/cherry,OD-Brit,bc6ae1f0284d837fb95279098538530312313534,true,tests/test_classify.py::ClassifyTest::test_load_cache,fail,skipped,0,0,100,0,true,brit_confirmed,,results/idoft-od/cherry-tests_test_classify_py__classifytest__test_load_cache.json
firestore,https://github.com/workenvoy/firestore,OD-Vic,4933f1a9f307539a8cef4ea80869c8821a92bc8d,true,tests/containers/collection_test.py::DocumentTest::test_collection_name,pass,fail,0,0,100,1,true,vic_confirmed,,results/idoft-od/firestore-tests_containers_collection_test_py__documenttest__test_coll.json
firestore,https://github.com/workenvoy/firestore,OD-Vic,4933f1a9f307539a8cef4ea80869c8821a92bc8d,true,tests/containers/collection_test.py::DocumentTest::test_dbpath,pass,fail,0,0,100,1,true,vic_confirmed,,results/idoft-od/firestore-tests_containers_collection_test_py__documenttest__test_dbpa.json
poly_decomp.py,https://github.com/wsilva32/poly_decomp.py,OD-Vic,cb1a47f218e076772b9df137c1928023882df5e5,true,tests/test_poly_decomp.py::TestPoly_Decomp::test_not_polygonCanSee,pass,fail,0,0,100,1,true,vic_confirmed,,results/idoft-od/poly_decomp.py-tests_test_poly_decomp_py__testpoly_decomp__test_not_polygon.json
poly_decomp.py,https://github.com/wsilva32/poly_decomp.py,OD-Vic,cb1a47f218e076772b9df137c1928023882df5e5,true,tests/test_poly_decomp.py::TestPoly_Decomp::test_not_polygonIsReflex,pass,fail,0,0,100,1,true,vic_confirmed,,results/idoft-od/poly_decomp.py-tests_test_poly_decomp_py__testpoly_decomp__test_not_polygon.json
poly_decomp.py,https://github.com/wsilva32/poly_decomp.py,OD-Vic,cb1a47f218e076772b9df137c1928023882df5e5,true,tests/test_poly_decomp.py::TestPoly_Decomp::test_polygonAt,pass,pass,0,1,100,2,true,vic_confirmed,,results/idoft-od/poly_decomp.py-tests_test_poly_decomp_py__testpoly_decomp__test_polygonat.json
poly_decomp.py,https://github.com/wsilva32/poly_decomp.py,OD-Vic,cb1a47f218e076772b9df137c1928023882df5e5,true,tests/test_poly_decomp.py::TestPoly_Decomp::test_polygonAt_negative_index,pass,fail,0,0,100,1,true,vic_confirmed,,results/idoft-od/poly_decomp.py-tests_test_poly_decomp_py__testpoly_decomp__test_polygonat_n.json
poly_decomp.py,https://github.com/wsilva32/poly_decomp.py,OD-Vic,cb1a47f218e076772b9df137c1928023882df5e5,true,tests/test_poly_decomp.py::TestPoly_Decomp::test_polygonIsReflex,pass,fail,0,0,100,1,true,vic_confirmed,,results/idoft-od/poly_decomp.py-tests_test_poly_decomp_py__testpoly_decomp__test_polygonisre.json
alphanum_code,https://github.com/ylaizet/alphanum_code,OD-Vic,fb5cd313dc41f046aac01ff01d6e1561d17894a6,true,tests/test_alphanum_code.py::test_init_code,pass,fail,0,0,100,1,true,vic_confirmed,,results/idoft-od/alphanum_code-tests_test_alphanum_code_py__test_init_code.json
alphanum_code,https://github.com/ylaizet/alphanum_code,OD-Brit,fb5cd313dc41f046aac01ff01d6e1561d17894a6,true,tests/test_alphanum_code.py::test_next_code,fail,skipped,0,0,100,0,true,brit_confirmed,,results/idoft-od/alphanum_code-tests_test_alphanum_code_py__test_next_code.json
easypy,https://github.com/weka-io/easypy,OD-Vic,9501c3ee03dcb1630e58cbb73b1647056907bcea,true,tests/test_concurrency.py::test_multiobject_1,pass,pass,100,0,100,101,false,could_not_reproduce,,results/idoft-od/easypy-tests_test_concurrency_py__test_multiobject_1.json
pydeploy,https://github.com/yukinotenshi/pydeploy,OD-Vic,e3ddf907b293c9da28503b3d72414a303c5dfbed,true,pydeploy/tests/test_command_chain.py::TestCommandChain::test_all,pass,pass,100,0,100,101,false,could_not_reproduce,,results/idoft-od/pydeploy-pydeploy_tests_test_command_chain_py__testcommandchain__test.json
pydeploy,https://github.com/yukinotenshi/pydeploy,OD-Vic,e3ddf907b293c9da28503b3d72414a303c5dfbed,true,pydeploy/tests/test_command_chain.py::TestCommandChain::test_notifier_loaded,pass,pass,100,0,100,101,false,could_not_reproduce,,results/idoft-od/pydeploy-pydeploy_tests_test_command_chain_py__testcommandchain__test.json
pydeploy,https://github.com/yukinotenshi/pydeploy,OD-Vic,e3ddf907b293c9da28503b3d72414a303c5dfbed,true,pydeploy/tests/test_command_chain.py::TestCommandChain::test_postscript_only,pass,pass,100,0,100,101,false,could_not_reproduce,,results/idoft-od/pydeploy-pydeploy_tests_test_command_chain_py__testcommandchain__test.json
pydeploy,https://github.com/yukinotenshi/pydeploy,OD-Vic,e3ddf907b293c9da28503b3d72414a303c5dfbed,true,pydeploy/tests/test_command_chain.py::TestCommandChain::test_prescript_only,pass,pass,100,0,100,101,false,could_not_reproduce,,results/idoft-od/pydeploy-pydeploy_tests_test_command_chain_py__testcommandchain__test.json
wellpathpy,https://github.com/Zabamund/wellpathpy,OD-Vic,f29b14a9a1c46e77ea98b141e3cdc43674654ea2,true,wellpathpy/test/test_location.py::test_wellhead,fail,error,0,0,100,1,false,could_not_reproduce,,results/idoft-od/wellpathpy-wellpathpy_test_test_location_py__test_wellhead.json
pdl,https://github.com/zerotosingularity/pdl,OD-Brit,fd39c391101b3fe315631565a0f4eb7c99890789,true,tests/test_pdl.py::test_no_archive_url,fail,skipped,0,0,100,0,true,brit_confirmed,,results/idoft-od/pdl-tests_test_pdl_py__test_no_archive_url.json
easypy,https://github.com/weka-io/easypy,OD-Vic,9501c3ee03dcb1630e58cbb73b1647056907bcea,true,tests/test_concurrency.py::test_multiobject_exceptions,pass,pass,100,0,100,101,false,could_not_reproduce,,results/idoft-od/easypy-tests_test_concurrency_py__test_multiobject_exceptions.json
easypy,https://github.com/weka-io/easypy,OD-Vic,9501c3ee03dcb1630e58cbb73b1647056907bcea,true,tests/test_concurrency.py::test_multiobject_logging,fail,fail,0,0,100,1,true,vic_confirmed,,results/idoft-od/easypy-tests_test_concurrency_py__test_multiobject_logging.json
jackfruit,https://github.com/zzzzlzzzz/jackfruit,OD-Vic,350a41aa28e2bdc9367f9dd5e686b21125828589,true,tests/test_jackfruit.py::test_single_view,fail,unknown,0,0,100,1,false,could_not_reproduce,,results/idoft-od/jackfruit-tests_test_jackfruit_py__test_single_view.json
easypy,https://github.com/weka-io/easypy,OD-Vic,9501c3ee03dcb1630e58cbb73b1647056907bcea,true,tests/test_concurrency.py::test_thread_contexts_counters,pass,pass,100,0,100,101,false,could_not_reproduce,,results/idoft-od/easypy-tests_test_concurrency_py__test_thread_contexts_counters.json
easypy,https://github.com/weka-io/easypy,OD-Vic,9501c3ee03dcb1630e58cbb73b1647056907bcea,true,tests/test_concurrency.py::test_thread_context_stacks,pass,pass,100,0,100,101,false,could_not_reproduce,,results/idoft-od/easypy-tests_test_concurrency_py__test_thread_context_stacks.json
easypy,https://github.com/weka-io/easypy,OD-Vic,9501c3ee03dcb1630e58cbb73b1647056907bcea,true,tests/test_concurrency.py::test_thread_stacks,pass,pass,100,0,100,101,false,could_not_reproduce,,results/idoft-od/easypy-tests_test_concurrency_py__test_thread_stacks.json
easypy,https://github.com/weka-io/easypy,OD-Vic,9501c3ee03dcb1630e58cbb73b1647056907bcea,true,tests/test_exceptions.py::test_pickle_texception,pass,pass,100,0,100,101,false,could_not_reproduce,,results/idoft-od/easypy-tests_test_exceptions_py__test_pickle_texception.json
easypy,https://github.com/weka-io/easypy,OD-Vic,9501c3ee03dcb1630e58cbb73b1647056907bcea,true,tests/test_logging.py::test_indent_around_ctx,pass,pass,100,0,100,101,false,could_not_reproduce,,results/idoft-od/easypy-tests_test_logging_py__test_indent_around_ctx.json
easypy,https://github.com/weka-io/easypy,OD-Vic,9501c3ee03dcb1630e58cbb73b1647056907bcea,true,tests/test_logging.py::test_indent_around_function,pass,pass,100,0,100,101,false,could_not_reproduce,,results/idoft-od/easypy-tests_test_logging_py__test_indent_around_function.json
easypy,https://github.com/weka-io/easypy,OD-Vic,9501c3ee03dcb1630e58cbb73b1647056907bcea,true,tests/test_logging.py::test_indent_around_generator,pass,pass,100,0,100,101,false,could_not_reproduce,,results/idoft-od/easypy-tests_test_logging_py__test_indent_around_generator.json
easypy,https://github.com/weka-io/easypy,OD-Vic,9501c3ee03dcb1630e58cbb73b1647056907bcea,true,tests/test_rwlock.py::test_rwlock,pass,pass,100,0,100,101,false,could_not_reproduce,,results/idoft-od/easypy-tests_test_rwlock_py__test_rwlock.json
easypy,https://github.com/weka-io/easypy,OD-Vic,9501c3ee03dcb1630e58cbb73b1647056907bcea,true,tests/test_signals.py::test_async,pass,pass,100,0,100,101,false,could_not_reproduce,,results/idoft-od/easypy-tests_test_signals_py__test_async.json
easypy,https://github.com/weka-io/easypy,OD-Vic,9501c3ee03dcb1630e58cbb73b1647056907bcea,true,tests/test_signals.py::test_ctx,pass,pass,100,0,100,101,false,could_not_reproduce,,results/idoft-od/easypy-tests_test_signals_py__test_ctx.json
easypy,https://github.com/weka-io/easypy,OD-Vic,9501c3ee03dcb1630e58cbb73b1647056907bcea,true,tests/test_signals.py::test_ctx_with_identifier,pass,pass,100,0,100,101,false,could_not_reproduce,,results/idoft-od/easypy-tests_test_signals_py__test_ctx_with_identifier.json
easypy,https://github.com/weka-io/easypy,OD-Vic,9501c3ee03dcb1630e58cbb73b1647056907bcea,true,tests/test_signals.py::test_priorities,pass,pass,100,0,100,101,false,could_not_reproduce,,results/idoft-od/easypy-tests_test_signals_py__test_priorities.json
easypy,https://github.com/weka-io/easypy,OD-Vic,9501c3ee03dcb1630e58cbb73b1647056907bcea,true,tests/test_signals.py::test_priorities_async,pass,pass,100,0,100,101,false,could_not_reproduce,,results/idoft-od/easypy-tests_test_signals_py__test_priorities_async.json
easypy,https://github.com/weka-io/easypy,OD-Vic,9501c3ee03dcb1630e58cbb73b1647056907bcea,true,tests/test_signals.py::test_registration_context,pass,pass,100,0,100,101,false,could_not_reproduce,,results/idoft-od/easypy-tests_test_signals_py__test_registration_context.json
easypy,https://github.com/weka-io/easypy,OD-Vic,9501c3ee03dcb1630e58cbb73b1647056907bcea,true,tests/test_signals.py::test_signal_weakref,pass,pass,100,0,100,101,false,could_not_reproduce,,results/idoft-od/easypy-tests_test_signals_py__test_signal_weakref.json
easypy,https://github.com/weka-io/easypy,OD-Vic,9501c3ee03dcb1630e58cbb73b1647056907bcea,true,tests/test_signals.py::test_signal_weakref_complex_descriptors,pass,pass,100,0,100,101,false,could_not_reproduce,,results/idoft-od/easypy-tests_test_signals_py__test_signal_weakref_complex_descripto.json
easypy,https://github.com/weka-io/easypy,OD-Vic,9501c3ee03dcb1630e58cbb73b1647056907bcea,true,tests/test_signals.py::test_signal_weakref_context_manager_delete_after,pass,pass,100,0,100,101,false,could_not_reproduce,,results/idoft-od/easypy-tests_test_signals_py__test_signal_weakref_context_manager_d.json
easypy,https://github.com/weka-io/easypy,OD-Vic,9501c3ee03dcb1630e58cbb73b1647056907bcea,true,tests/test_signals.py::test_signal_weakref_context_manager_delete_after_with_identifier,pass,pass,100,0,100,101,false,could_not_reproduce,,results/idoft-od/easypy-tests_test_signals_py__test_signal_weakref_context_manager_d.json
easypy,https://github.com/weka-io/easypy,OD-Vic,9501c3ee03dcb1630e58cbb73b1647056907bcea,true,tests/test_signals.py::test_signal_weakref_context_manager_delete_during,pass,pass,100,0,100,101,false,could_not_reproduce,,results/idoft-od/easypy-tests_test_signals_py__test_signal_weakref_context_manager_d.json
easypy,https://github.com/weka-io/easypy,OD-Vic,9501c3ee03dcb1630e58cbb73b1647056907bcea,true,tests/test_signals.py::test_signal_weakref_context_manager_delete_during_with_identifier,pass,pass,100,0,100,101,false,could_not_reproduce,,results/idoft-od/easypy-tests_test_signals_py__test_signal_weakref_context_manager_d.json
easypy,https://github.com/weka-io/easypy,OD-Vic,9501c3ee03dcb1630e58cbb73b1647056907bcea,true,tests/test_signals.py::test_signal_weakref_with_identifier,pass,pass,100,0,100,101,false,could_not_reproduce,,results/idoft-od/easypy-tests_test_signals_py__test_signal_weakref_with_identifier.json
easypy,https://github.com/weka-io/easypy,OD-Vic,9501c3ee03dcb1630e58cbb73b1647056907bcea,true,tests/test_signals.py::test_simple_signal_object_identifier,pass,pass,100,0,100,101,false,could_not_reproduce,,results/idoft-od/easypy-tests_test_signals_py__test_simple_signal_object_identifier.json
easypy,https://github.com/weka-io/easypy,OD-Vic,9501c3ee03dcb1630e58cbb73b1647056907bcea,true,tests/test_signals.py::test_simple_signal_object_identifier_attribute,pass,pass,100,0,100,101,false,could_not_reproduce,,results/idoft-od/easypy-tests_test_signals_py__test_simple_signal_object_identifier_.json
easypy,https://github.com/weka-io/easypy,OD-Vic,9501c3ee03dcb1630e58cbb73b1647056907bcea,true,tests/test_signals.py::test_simple_signal_object_registration,pass,pass,100,0,100,101,false,could_not_reproduce,,results/idoft-od/easypy-tests_test_signals_py__test_simple_signal_object_registratio.json
easypy,https://github.com/weka-io/easypy,OD-Vic,9501c3ee03dcb1630e58cbb73b1647056907bcea,true,tests/test_signals.py::test_simple_signal_object_wo_identifier,pass,pass,100,0,100,101,false,could_not_reproduce,,results/idoft-od/easypy-tests_test_signals_py__test_simple_signal_object_wo_identifi.json
easypy,https://github.com/weka-io/easypy,OD-Vic,9501c3ee03dcb1630e58cbb73b1647056907bcea,true,tests/test_signals.py::test_simple_signal_registration,pass,pass,100,0,100,101,false,could_not_reproduce,,results/idoft-od/easypy-tests_test_signals_py__test_simple_signal_registration.json
easypy,https://github.com/weka-io/easypy,OD-Vic,9501c3ee03dcb1630e58cbb73b1647056907bcea,true,tests/test_sync.py::test_logged_condition,pass,pass,100,0,100,101,false,could_not_reproduce,,results/idoft-od/easypy-tests_test_sync_py__test_logged_condition.json
easypy,https://github.com/weka-io/easypy,OD-Vic,9501c3ee03dcb1630e58cbb73b1647056907bcea,true,tests/test_sync.py::test_logged_condition_exception,pass,pass,100,0,100,101,false,could_not_reproduce,,results/idoft-od/easypy-tests_test_sync_py__test_logged_condition_exception.json
easypy,https://github.com/weka-io/easypy,OD-Vic,9501c3ee03dcb1630e58cbb73b1647056907bcea,true,tests/test_sync.py::test_logged_condition_waited_for,pass,pass,100,0,100,101,false,could_not_reproduce,,results/idoft-od/easypy-tests_test_sync_py__test_logged_condition_waited_for.json
easypy,https://github.com/weka-io/easypy,OD-Vic,9501c3ee03dcb1630e58cbb73b1647056907bcea,true,tests/test_sync.py::test_logged_lock,pass,pass,100,0,100,101,false,could_not_reproduce,,results/idoft-od/easypy-tests_test_sync_py__test_logged_lock.json
easypy,https://github.com/weka-io/easypy,OD-Vic,9501c3ee03dcb1630e58cbb73b1647056907bcea,true,tests/test_sync.py::test_synchronization_coordinator_failing_context_manager,pass,pass,100,0,100,101,false,could_not_reproduce,,results/idoft-od/easypy-tests_test_sync_py__test_synchronization_coordinator_failing.json
easypy,https://github.com/weka-io/easypy,OD-Vic,9501c3ee03dcb1630e58cbb73b1647056907bcea,true,tests/test_sync.py::test_synchronization_coordinator_timeout,pass,pass,100,0,100,101,false,could_not_reproduce,,results/idoft-od/easypy-tests_test_sync_py__test_synchronization_coordinator_timeout.json
easypy,https://github.com/weka-io/easypy,OD-Vic,9501c3ee03dcb1630e58cbb73b1647056907bcea,true,tests/test_sync.py::test_synchronization_coordinator_with_multiobject_exception,pass,pass,100,0,100,101,false,could_not_reproduce,,results/idoft-od/easypy-tests_test_sync_py__test_synchronization_coordinator_with_mu.json
easypy,https://github.com/weka-io/easypy,OD-Vic,9501c3ee03dcb1630e58cbb73b1647056907bcea,true,tests/test_sync.py::test_wait_log_predicate,fail,fail,0,0,100,1,true,vic_confirmed,,results/idoft-od/easypy-tests_test_sync_py__test_wait_log_predicate.json
