Project,Project URL,Category,SHA Detected,Checkout OK,Test Name,Iterations Requested,Iterations Executed,Pass Count,Fail Count,Reproduced,Status,Error,Result JSON
cloudnetpy,https://github.com/actris-cloudnet/cloudnetpy,NIO,4caaec217c8e100fa2a11f76654917e0bd9560a7,true,tests/unit/test_meta_for_old_files.py::test_fix_old_data_2,100,100,1,1,true,reproduced,,results/idoft/cloudnetpy-tests_unit_test_meta_for_old_files_py__test_fix_old_data_2.json
nikamap,https://github.com/abeelen/nikamap,NIO,d39c488c89bf5d90fffe3c05580fc13551522ee5,true,nikamap/tests/test_nikamap.py::test_nikamap_write,100,100,0,1,false,always_fail,,results/idoft/nikamap-nikamap_tests_test_nikamap_py__test_nikamap_write.json
bottle-neck,https://github.com/agile4you/bottle-neck,NIO,ebc670a4b178255473d68e9b4122ba04e38f4810,true,test/test_routing.py::test_router_register_handler_fn_pass,100,100,1,1,true,reproduced,,results/idoft/bottle-neck-test_test_routing_py__test_router_register_handler_fn_pass.json
cloudnetpy,https://github.com/actris-cloudnet/cloudnetpy,NIO,c6c728ae760a43e4efbd04d469d6fd1adbb1d1f7,true,tests/unit/test_util.py::test_l2_norm,100,100,0,1,false,always_fail,,results/idoft/cloudnetpy-tests_unit_test_util_py__test_l2_norm.json
runium,https://github.com/AGTGreg/runium,NOD,ba89015859976d3426d25a53af5fa4d8827c7483,true,tests/test_runium.py::TestStartIn::test_processing,100,100,0,100,false,always_fail,,results/idoft/runium-tests_test_runium_py__teststartin__test_processing.json
cloudnetpy,https://github.com/tukiains/cloudnetpy,NIO,26f2607b890630146469cfa410fce99438ceee3f,false,tests/unit/test_meta_for_old_files.py::test_fix_old_data_2,100,100,1,1,true,reproduced,,results/idoft/cloudnetpy-tests_unit_test_meta_for_old_files_py__test_fix_old_data_2.json
runium,https://github.com/AGTGreg/runium,NOD,ba89015859976d3426d25a53af5fa4d8827c7483,true,tests/test_runium.py::TestTaskSkipping::test_processing,100,16,1,15,true,reproduced,,results/idoft/runium-tests_test_runium_py__testtaskskipping__test_processing.json
aguaclara,https://github.com/AguaClara/aguaclara,NIO,9ee3d1d007bc984b73b19520d48954b6d81feecc,true,tests/core/test_cache.py::test_ac_cache,100,100,0,1,false,always_fail,,results/idoft/aguaclara-tests_core_test_cache_py__test_ac_cache.json
pybrake,https://github.com/airbrake/pybrake,NIO,9bf82941d8bf521055b258cea91596a11e4eb81f,true,pybrake/test_celery_integration.py::test_celery_integration,100,100,0,1,false,always_fail,,results/idoft/pybrake-pybrake_test_celery_integration_py__test_celery_integration.json
kitsune,https://github.com/aluttik/kitsune,NIO,43824cccf46f433a71b30a7febc0e3500b831067,true,tests/test_kitsune.py::test_kitsune_printer_plain,100,100,1,1,true,reproduced,,results/idoft/kitsune-tests_test_kitsune_py__test_kitsune_printer_plain.json
kitsune,https://github.com/aluttik/kitsune,,43824cccf46f433a71b30a7febc0e3500b831067,true,tests/test_kitsune.py::test_kitsune_printer_plain tests/test_kitsune.py::test_kitsune_printer_rainbow,100,2,1,1,true,reproduced,,results/idoft/kitsune-tests_test_kitsune_py__test_kitsune_printer_plain_tests_test.json
docopt-ng,https://github.com/bazaar-projects/docopt-ng,NIO,bbed40a2335686d2e14ac0e6c3188374dc4784da,true,tests/test_docopt_ng.py::test_docopt_ng_more_magic_global_arguments_and_dot_access,100,100,1,1,true,reproduced,,results/idoft/docopt-ng-tests_test_docopt_ng_py__test_docopt_ng_more_magic_global_ar.json
six,https://github.com/benjaminp/six,NIO,c0be8815d13df45b6ae471c4c436cce8c192245d,true,test_six.py::test_lazy,100,100,1,1,true,reproduced,,results/idoft/six-test_six_py__test_lazy.json
cityseer-api,https://github.com/benchmark-urbanism/cityseer-api,,7177d53256e24186329a95b5af712fc6a59ef4d9,true,cityseer-api/tests/algos/test_centrality.py::test_local_centrality_time,100,100,0,100,false,always_fail,,results/idoft/cityseer-api-cityseer_api_tests_algos_test_centrality_py__test_local_cent.json
metron-tagger,https://github.com/bpepple/metron-tagger,NIO,2be176293218fa101dd84c95c72b8ae646b2731a,true,tests/test_taggerlib_filesorter.py::test_sort_comic,100,100,0,1,false,always_fail,,results/idoft/metron-tagger-tests_test_taggerlib_filesorter_py__test_sort_comic.json
Butter.MAS.PythonAPI,https://github.com/bennymeg/Butter.MAS.PythonAPI,NOD,f86ebe75df3826f62a268645cdbe4400b43fab07,true,butter/mas/tests/clients/client_http_test.py::TestHttpClientApiMethods::testGetAvailableAnimations,100,100,100,0,false,always_pass,,results/idoft/Butter.MAS.PythonAPI-butter_mas_tests_clients_client_http_test_py__testhttpclient.json
python-sc2,https://github.com/Burnysc2/python-sc2,NIO,78d2ebe5c87aa9abc1e8a505f095ccd5e9dec358,true,test/test_pickled_data.py::test_bot_ai,100,100,0,1,false,always_fail,,results/idoft/python-sc2-test_test_pickled_data_py__test_bot_ai.json
Butter.MAS.PythonAPI,https://github.com/bennymeg/Butter.MAS.PythonAPI,NOD,f86ebe75df3826f62a268645cdbe4400b43fab07,true,butter/mas/tests/clients/client_http_test.py::TestHttpClientApiMethods::testGetAvailableHandlers,100,100,100,0,false,always_pass,,results/idoft/Butter.MAS.PythonAPI-butter_mas_tests_clients_client_http_test_py__testhttpclient.json
mountepy,https://github.com/butla/mountepy,,796595f0011cc4a62cd7796dd71c3681008a4731,true,tests/test_http_service.py::test_service_env_from_parent,100,100,100,0,false,always_pass,,results/idoft/mountepy-tests_test_http_service_py__test_service_env_from_parent.json
Butter.MAS.PythonAPI,https://github.com/bennymeg/Butter.MAS.PythonAPI,NOD,f86ebe75df3826f62a268645cdbe4400b43fab07,true,butter/mas/tests/clients/client_http_test.py::TestHttpClientApiMethods::testGetAvailableMotorRegisters,100,100,100,0,false,always_pass,,results/idoft/Butter.MAS.PythonAPI-butter_mas_tests_clients_client_http_test_py__testhttpclient.json
NestedDictionary,https://github.com/cahoy/NestedDictionary,,881f0ea8af36a60fcd1b9d7a84b1aec4cd7072b2,true,easy_dict/tests/test_01_default.py::test_del,100,100,0,100,false,always_fail,,results/idoft/NestedDictionary-easy_dict_tests_test_01_default_py__test_del.json
Butter.MAS.PythonAPI,https://github.com/bennymeg/Butter.MAS.PythonAPI,NOD,f86ebe75df3826f62a268645cdbe4400b43fab07,true,butter/mas/tests/clients/client_http_test.py::TestHttpClientApiMethods::testGetAvailableSounds,100,100,100,0,false,always_pass,,results/idoft/Butter.MAS.PythonAPI-butter_mas_tests_clients_client_http_test_py__testhttpclient.json
Butter.MAS.PythonAPI,https://github.com/bennymeg/Butter.MAS.PythonAPI,NOD,f86ebe75df3826f62a268645cdbe4400b43fab07,true,butter/mas/tests/clients/client_http_test.py::TestHttpClientApiMethods::testGetMotorRegister,100,50,49,1,true,reproduced,,results/idoft/Butter.MAS.PythonAPI-butter_mas_tests_clients_client_http_test_py__testhttpclient.json
Butter.MAS.PythonAPI,https://github.com/bennymeg/Butter.MAS.PythonAPI,NOD,f86ebe75df3826f62a268645cdbe4400b43fab07,true,butter/mas/tests/clients/client_http_test.py::TestHttpClientApiMethods::testGetMotorRegisterRange,100,100,0,100,false,always_fail,,results/idoft/Butter.MAS.PythonAPI-butter_mas_tests_clients_client_http_test_py__testhttpclient.json
Butter.MAS.PythonAPI,https://github.com/bennymeg/Butter.MAS.PythonAPI,NOD,f86ebe75df3826f62a268645cdbe4400b43fab07,true,butter/mas/tests/clients/client_http_test.py::TestHttpClientApiMethods::testMoveMotorInDirection,100,100,0,100,false,always_fail,,results/idoft/Butter.MAS.PythonAPI-butter_mas_tests_clients_client_http_test_py__testhttpclient.json
panamah-sdk-python,https://github.com/casamagalhaes/panamah-sdk-python,NOD,746f3fb7ebcf01810917bf9afa8e7ff5a4efad21,true,tests/test_processor.py::TestStream::test_expiration_by_max_age,100,100,100,0,false,always_pass,,results/idoft/panamah-sdk-python-tests_test_processor_py__teststream__test_expiration_by_max_.json
Butter.MAS.PythonAPI,https://github.com/bennymeg/Butter.MAS.PythonAPI,NOD,f86ebe75df3826f62a268645cdbe4400b43fab07,true,butter/mas/tests/clients/client_http_test.py::TestHttpClientApiMethods::testMoveMotorInTime,100,100,0,100,false,always_fail,,results/idoft/Butter.MAS.PythonAPI-butter_mas_tests_clients_client_http_test_py__testhttpclient.json
panamah-sdk-python,https://github.com/casamagalhaes/panamah-sdk-python,NOD,746f3fb7ebcf01810917bf9afa8e7ff5a4efad21,true,tests/test_processor.py::TestStream::test_expiration_by_max_length,100,100,100,0,false,always_pass,,results/idoft/panamah-sdk-python-tests_test_processor_py__teststream__test_expiration_by_max_.json
panamah-sdk-python,https://github.com/casamagalhaes/panamah-sdk-python,NOD,746f3fb7ebcf01810917bf9afa8e7ff5a4efad21,true,tests/test_processor.py::TestStream::test_expiration_by_max_size,100,100,100,0,false,always_pass,,results/idoft/panamah-sdk-python-tests_test_processor_py__teststream__test_expiration_by_max_.json
Butter.MAS.PythonAPI,https://github.com/bennymeg/Butter.MAS.PythonAPI,NOD,f86ebe75df3826f62a268645cdbe4400b43fab07,false,butter/mas/tests/clients/client_http_test.py::TestHttpClientApiMethods::testMoveMotorToPosition,100,0,0,0,false,error,"Failed to start Docker container from python:3.9-slim: docker: Error response from daemon: Conflict. The container name ""/idoft_butter_mas_pythonapi_python"" is already in use by container ""605fd98c372a8680412657ced905133b8bf3216faf7fc936246455ccf5bd523c"". You have to remove (or rename) that container to be able to reuse that name.Run 'docker run --help' for more information",
Butter.MAS.PythonAPI,https://github.com/bennymeg/Butter.MAS.PythonAPI,NOD,f86ebe75df3826f62a268645cdbe4400b43fab07,true,butter/mas/tests/clients/client_http_test.py::TestHttpClientApiMethods::testPauseAnimation,100,100,0,100,false,always_fail,,results/idoft/Butter.MAS.PythonAPI-butter_mas_tests_clients_client_http_test_py__testhttpclient.json
panamah-sdk-python,https://github.com/casamagalhaes/panamah-sdk-python,NOD,746f3fb7ebcf01810917bf9afa8e7ff5a4efad21,true,tests/test_processor.py::TestStream::test_get_pending_resources,100,100,100,0,false,always_pass,,results/idoft/panamah-sdk-python-tests_test_processor_py__teststream__test_get_pending_resour.json
panamah-sdk-python,https://github.com/casamagalhaes/panamah-sdk-python,NOD,746f3fb7ebcf01810917bf9afa8e7ff5a4efad21,true,tests/test_processor.py::TestStream::test_recover_failures,100,100,100,0,false,always_pass,,results/idoft/panamah-sdk-python-tests_test_processor_py__teststream__test_recover_failures.json
Butter.MAS.PythonAPI,https://github.com/bennymeg/Butter.MAS.PythonAPI,NOD,f86ebe75df3826f62a268645cdbe4400b43fab07,true,butter/mas/tests/clients/client_http_test.py::TestHttpClientApiMethods::testPauseAudio,100,100,0,100,false,always_fail,,results/idoft/Butter.MAS.PythonAPI-butter_mas_tests_clients_client_http_test_py__testhttpclient.json
panamah-sdk-python,https://github.com/casamagalhaes/panamah-sdk-python,NOD,746f3fb7ebcf01810917bf9afa8e7ff5a4efad21,true,tests/test_processor.py::TestStream::test_requesting_pending_resources,100,100,100,0,false,always_pass,,results/idoft/panamah-sdk-python-tests_test_processor_py__teststream__test_requesting_pending.json
Butter.MAS.PythonAPI,https://github.com/bennymeg/Butter.MAS.PythonAPI,NOD,f86ebe75df3826f62a268645cdbe4400b43fab07,true,butter/mas/tests/clients/client_http_test.py::TestHttpClientApiMethods::testPlayAnimation,100,100,0,100,false,always_fail,,results/idoft/Butter.MAS.PythonAPI-butter_mas_tests_clients_client_http_test_py__testhttpclient.json
panamah-sdk-python,https://github.com/casamagalhaes/panamah-sdk-python,NOD,746f3fb7ebcf01810917bf9afa8e7ff5a4efad21,true,tests/test_stream.py::TestStream::test_events,100,100,100,0,false,always_pass,,results/idoft/panamah-sdk-python-tests_test_stream_py__teststream__test_events.json
Butter.MAS.PythonAPI,https://github.com/bennymeg/Butter.MAS.PythonAPI,NOD,f86ebe75df3826f62a268645cdbe4400b43fab07,true,butter/mas/tests/clients/client_http_test.py::TestHttpClientApiMethods::testPlayAudio,100,100,0,100,false,always_fail,,results/idoft/Butter.MAS.PythonAPI-butter_mas_tests_clients_client_http_test_py__testhttpclient.json
Butter.MAS.PythonAPI,https://github.com/bennymeg/Butter.MAS.PythonAPI,NOD,f86ebe75df3826f62a268645cdbe4400b43fab07,true,butter/mas/tests/clients/client_http_test.py::TestHttpClientApiMethods::testResumeAnimation,100,100,0,100,false,always_fail,,results/idoft/Butter.MAS.PythonAPI-butter_mas_tests_clients_client_http_test_py__testhttpclient.json
gabbi,https://github.com/cdent/gabbi,,8fbd5473efa2dbb65f327f823d66cb0c76931288,true,gabbi/tests/test_inner_fixture.py::test_pytest,100,100,100,0,false,always_pass,,results/idoft/gabbi-gabbi_tests_test_inner_fixture_py__test_pytest.json
Butter.MAS.PythonAPI,https://github.com/bennymeg/Butter.MAS.PythonAPI,NOD,f86ebe75df3826f62a268645cdbe4400b43fab07,true,butter/mas/tests/clients/client_http_test.py::TestHttpClientApiMethods::testResumeAudio,100,100,0,100,false,always_fail,,results/idoft/Butter.MAS.PythonAPI-butter_mas_tests_clients_client_http_test_py__testhttpclient.json
chazutsu,https://github.com/chakki-works/chazutsu,NOD,52b2f8acaac1b6c7eab97dded1a1757d3adcefa7,true,tests/test_movie_review.py::test_download,100,100,0,100,false,always_fail,,results/idoft/chazutsu-tests_test_movie_review_py__test_download.json
Butter.MAS.PythonAPI,https://github.com/bennymeg/Butter.MAS.PythonAPI,NOD,f86ebe75df3826f62a268645cdbe4400b43fab07,true,butter/mas/tests/clients/client_http_test.py::TestHttpClientApiMethods::testSetMotorRegister,100,100,0,100,false,always_fail,,results/idoft/Butter.MAS.PythonAPI-butter_mas_tests_clients_client_http_test_py__testhttpclient.json
python-fs,https://github.com/chaosmail/python-fs,NIO,2567922ced9387e327e65f3244caff3b7af35684,true,fs/tests/test_addpath.py::test_addpath,100,100,1,1,true,reproduced,,results/idoft/python-fs-fs_tests_test_addpath_py__test_addpath.json
Butter.MAS.PythonAPI,https://github.com/bennymeg/Butter.MAS.PythonAPI,NOD,f86ebe75df3826f62a268645cdbe4400b43fab07,true,butter/mas/tests/clients/client_http_test.py::TestHttpClientApiMethods::testStopAnimation,100,100,0,100,false,always_fail,,results/idoft/Butter.MAS.PythonAPI-butter_mas_tests_clients_client_http_test_py__testhttpclient.json
python-fs,https://github.com/chaosmail/python-fs,NIO,2567922ced9387e327e65f3244caff3b7af35684,true,fs/tests/test_mkdir.py::test_mkdir,100,100,1,1,true,reproduced,,results/idoft/python-fs-fs_tests_test_mkdir_py__test_mkdir.json
python-fs,https://github.com/chaosmail/python-fs,NIO,2567922ced9387e327e65f3244caff3b7af35684,true,fs/tests/test_mkdir.py::test_mkdir_recursive,100,100,1,1,true,reproduced,,results/idoft/python-fs-fs_tests_test_mkdir_py__test_mkdir_recursive.json
Butter.MAS.PythonAPI,https://github.com/bennymeg/Butter.MAS.PythonAPI,NOD,f86ebe75df3826f62a268645cdbe4400b43fab07,true,butter/mas/tests/clients/client_http_test.py::TestHttpClientApiMethods::testStopAudio,100,100,0,100,false,always_fail,,results/idoft/Butter.MAS.PythonAPI-butter_mas_tests_clients_client_http_test_py__testhttpclient.json
python-fs,https://github.com/chaosmail/python-fs,NIO,2567922ced9387e327e65f3244caff3b7af35684,true,fs/tests/test_rename.py::test_rename_directory,100,100,1,1,true,reproduced,,results/idoft/python-fs-fs_tests_test_rename_py__test_rename_directory.json
python-fs,https://github.com/chaosmail/python-fs,NIO,2567922ced9387e327e65f3244caff3b7af35684,true,fs/tests/test_rename.py::test_rename_file,100,100,1,1,true,reproduced,,results/idoft/python-fs-fs_tests_test_rename_py__test_rename_file.json
python-fs,https://github.com/chaosmail/python-fs,NIO,2567922ced9387e327e65f3244caff3b7af35684,true,fs/tests/test_touch.py::test_touch_on_new_file,100,100,1,1,true,reproduced,,results/idoft/python-fs-fs_tests_test_touch_py__test_touch_on_new_file.json
Butter.MAS.PythonAPI,https://github.com/bennymeg/Butter.MAS.PythonAPI,NOD,f86ebe75df3826f62a268645cdbe4400b43fab07,true,butter/mas/tests/clients/client_tcp_test.py::TestTcpClientApiMethods::testGetAvailableAnimations,100,100,0,100,false,always_fail,,results/idoft/Butter.MAS.PythonAPI-butter_mas_tests_clients_client_tcp_test_py__testtcpclientap.json
expstock,https://github.com/chie8842/expstock,NIO,28b7ece83fa601efd2b6c4b8b7bdd1a3b9ebc1df,true,expstock/test_expstock.py::test_append_param,100,100,0,1,false,always_fail,,results/idoft/expstock-expstock_test_expstock_py__test_append_param.json
Butter.MAS.PythonAPI,https://github.com/bennymeg/Butter.MAS.PythonAPI,NOD,f86ebe75df3826f62a268645cdbe4400b43fab07,true,butter/mas/tests/clients/client_tcp_test.py::TestTcpClientApiMethods::testGetAvailableHandlers,100,100,0,100,false,always_fail,,results/idoft/Butter.MAS.PythonAPI-butter_mas_tests_clients_client_tcp_test_py__testtcpclientap.json
PyPDFForm,https://github.com/chinapandaman/PyPDFForm,NIO,fcc1b297005a39900c1f928f602cbc5f38a1d60e,true,tests/unit/test_font.py::test_register_font_and_is_registered,100,100,1,1,true,reproduced,,results/idoft/PyPDFForm-tests_unit_test_font_py__test_register_font_and_is_registere.json
fishbase,https://github.com/chinapnr/fishbase,NOD,73ae6701eee5d1bdd31a3e7b4d86fa11de9b6522,true,test_common.py::TestFishCommon::test_yaml_conf_as_dict_01,100,100,0,100,false,always_fail,,results/idoft/fishbase-test_common_py__testfishcommon__test_yaml_conf_as_dict_01.json
Butter.MAS.PythonAPI,https://github.com/bennymeg/Butter.MAS.PythonAPI,NOD,f86ebe75df3826f62a268645cdbe4400b43fab07,true,butter/mas/tests/clients/client_tcp_test.py::TestTcpClientApiMethods::testGetAvailableMotorRegisters,100,100,0,100,false,always_fail,,results/idoft/Butter.MAS.PythonAPI-butter_mas_tests_clients_client_tcp_test_py__testtcpclientap.json
citrine-python,https://github.com/CitrineInformatics/citrine-python,NIO,cf2ec34cad3f1ff44478cad44e4918d7925cba25,true,tests/_util/test_functions.py::test_shadow_classes_in_module,100,100,0,1,false,always_fail,,results/idoft/citrine-python-tests__util_test_functions_py__test_shadow_classes_in_module.json
Butter.MAS.PythonAPI,https://github.com/bennymeg/Butter.MAS.PythonAPI,NOD,f86ebe75df3826f62a268645cdbe4400b43fab07,true,butter/mas/tests/clients/client_tcp_test.py::TestTcpClientApiMethods::testGetAvailableSounds,100,100,0,100,false,always_fail,,results/idoft/Butter.MAS.PythonAPI-butter_mas_tests_clients_client_tcp_test_py__testtcpclientap.json
h5nav,https://github.com/clapeyre/h5nav,ID,1c866a5085f1605a51064f5642e91d3682f8f572,true,tests/test_cli.py::test_cat,100,100,0,100,false,always_fail,,results/idoft/h5nav-tests_test_cli_py__test_cat.json
Butter.MAS.PythonAPI,https://github.com/bennymeg/Butter.MAS.PythonAPI,NOD,f86ebe75df3826f62a268645cdbe4400b43fab07,true,butter/mas/tests/clients/client_tcp_test.py::TestTcpClientApiMethods::testGetMotorRegister,100,100,0,100,false,always_fail,,results/idoft/Butter.MAS.PythonAPI-butter_mas_tests_clients_client_tcp_test_py__testtcpclientap.json
Butter.MAS.PythonAPI,https://github.com/bennymeg/Butter.MAS.PythonAPI,NOD,f86ebe75df3826f62a268645cdbe4400b43fab07,true,butter/mas/tests/clients/client_tcp_test.py::TestTcpClientApiMethods::testGetMotorRegisterRange,100,100,0,100,false,always_fail,,results/idoft/Butter.MAS.PythonAPI-butter_mas_tests_clients_client_tcp_test_py__testtcpclientap.json
cli-tools,https://github.com/codemagic-ci-cd/cli-tools,,eb59b658978ca30df8cc0c24c2c328a292b81021,true,tests/models/test_certificate.py::test_create_certificate_signing_request,100,100,0,100,false,always_fail,,results/idoft/cli-tools-tests_models_test_certificate_py__test_create_certificate_si.json
devtracker,https://github.com/ConSou/devtracker,NIO,ea892d6d48aa5d4627b429469b59ae3f0ce7f10f,true,devtracker/test_devtracker.py::test_end_time_total,100,100,0,1,false,always_fail,,results/idoft/devtracker-devtracker_test_devtracker_py__test_end_time_total.json
Butter.MAS.PythonAPI,https://github.com/bennymeg/Butter.MAS.PythonAPI,NOD,f86ebe75df3826f62a268645cdbe4400b43fab07,true,butter/mas/tests/clients/client_tcp_test.py::TestTcpClientApiMethods::testMoveMotorInDirection,100,100,0,100,false,always_fail,,results/idoft/Butter.MAS.PythonAPI-butter_mas_tests_clients_client_tcp_test_py__testtcpclientap.json
devtracker,https://github.com/ConSou/devtracker,NOD,ea892d6d48aa5d4627b429469b59ae3f0ce7f10f,true,devtracker/test_devtracker.py::test_full_report,100,100,0,100,false,always_fail,,results/idoft/devtracker-devtracker_test_devtracker_py__test_full_report.json
Butter.MAS.PythonAPI,https://github.com/bennymeg/Butter.MAS.PythonAPI,NOD,f86ebe75df3826f62a268645cdbe4400b43fab07,true,butter/mas/tests/clients/client_tcp_test.py::TestTcpClientApiMethods::testMoveMotorInTime,100,100,0,100,false,always_fail,,results/idoft/Butter.MAS.PythonAPI-butter_mas_tests_clients_client_tcp_test_py__testtcpclientap.json
devtracker,https://github.com/ConSou/devtracker,NOD,ea892d6d48aa5d4627b429469b59ae3f0ce7f10f,true,devtracker/test_devtracker.py::test_make_project_csv_initalize,100,100,100,0,false,always_pass,,results/idoft/devtracker-devtracker_test_devtracker_py__test_make_project_csv_initali.json
Butter.MAS.PythonAPI,https://github.com/bennymeg/Butter.MAS.PythonAPI,NOD,f86ebe75df3826f62a268645cdbe4400b43fab07,true,butter/mas/tests/clients/client_tcp_test.py::TestTcpClientApiMethods::testMoveMotorToPosition,100,100,0,100,false,always_fail,,results/idoft/Butter.MAS.PythonAPI-butter_mas_tests_clients_client_tcp_test_py__testtcpclientap.json
devtracker,https://github.com/ConSou/devtracker,NIO,ea892d6d48aa5d4627b429469b59ae3f0ce7f10f,true,devtracker/test_devtracker.py::test_remove,100,100,0,1,false,always_fail,,results/idoft/devtracker-devtracker_test_devtracker_py__test_remove.json
devtracker,https://github.com/ConSou/devtracker,NOD,ea892d6d48aa5d4627b429469b59ae3f0ce7f10f,true,devtracker/test_devtracker.py::test_start_time,100,3,2,1,true,reproduced,,results/idoft/devtracker-devtracker_test_devtracker_py__test_start_time.json
Butter.MAS.PythonAPI,https://github.com/bennymeg/Butter.MAS.PythonAPI,NOD,f86ebe75df3826f62a268645cdbe4400b43fab07,true,butter/mas/tests/clients/client_tcp_test.py::TestTcpClientApiMethods::testPauseAnimation,100,100,0,100,false,always_fail,,results/idoft/Butter.MAS.PythonAPI-butter_mas_tests_clients_client_tcp_test_py__testtcpclientap.json
osc-tiny,https://github.com/crazyscientist/osc-tiny,,a1ec7de6633a3067b0d2b3706efcab99e091720f,true,osctiny/tests/test_issues.py::TestIssue::test_get,100,100,100,0,false,always_pass,,results/idoft/osc-tiny-osctiny_tests_test_issues_py__testissue__test_get.json
Butter.MAS.PythonAPI,https://github.com/bennymeg/Butter.MAS.PythonAPI,NOD,f86ebe75df3826f62a268645cdbe4400b43fab07,true,butter/mas/tests/clients/client_tcp_test.py::TestTcpClientApiMethods::testPauseAudio,100,100,0,100,false,always_fail,,results/idoft/Butter.MAS.PythonAPI-butter_mas_tests_clients_client_tcp_test_py__testtcpclientap.json
Utter-More,https://github.com/crumpstrr33/Utter-More,NIO,418cf5f5ef337700bf0897e746eff8bb275e6da6,true,test/test_utter_more.py::test_ibu_aut,100,100,1,1,true,reproduced,,results/idoft/Utter-More-test_test_utter_more_py__test_ibu_aut.json
Butter.MAS.PythonAPI,https://github.com/bennymeg/Butter.MAS.PythonAPI,NOD,f86ebe75df3826f62a268645cdbe4400b43fab07,true,butter/mas/tests/clients/client_tcp_test.py::TestTcpClientApiMethods::testPlayAnimation,100,100,0,100,false,always_fail,,results/idoft/Butter.MAS.PythonAPI-butter_mas_tests_clients_client_tcp_test_py__testtcpclientap.json
keras-layer-normalization,https://github.com/CyberZHG/keras-layer-normalization,ID,077dc72b6bae1a0551c3b879557478b587be340d,true,tests/test_layer_normalization.py,100,100,0,100,false,always_fail,,results/idoft/keras-layer-normalization-tests_test_layer_normalization_py.json
Butter.MAS.PythonAPI,https://github.com/bennymeg/Butter.MAS.PythonAPI,NOD,f86ebe75df3826f62a268645cdbe4400b43fab07,true,butter/mas/tests/clients/client_tcp_test.py::TestTcpClientApiMethods::testPlayAudio,100,100,0,100,false,always_fail,,results/idoft/Butter.MAS.PythonAPI-butter_mas_tests_clients_client_tcp_test_py__testtcpclientap.json
Butter.MAS.PythonAPI,https://github.com/bennymeg/Butter.MAS.PythonAPI,NOD,f86ebe75df3826f62a268645cdbe4400b43fab07,true,butter/mas/tests/clients/client_tcp_test.py::TestTcpClientApiMethods::testResumeAnimation,100,100,0,100,false,always_fail,,results/idoft/Butter.MAS.PythonAPI-butter_mas_tests_clients_client_tcp_test_py__testtcpclientap.json
keras-transformer,https://github.com/CyberZHG/keras-transformer,ID,52a3fa27d5598eca23be9031fc67a011d42cbefb,true,tests/test_get_model.py,100,100,0,100,false,always_fail,,results/idoft/keras-transformer-tests_test_get_model_py.json
Butter.MAS.PythonAPI,https://github.com/bennymeg/Butter.MAS.PythonAPI,NOD,f86ebe75df3826f62a268645cdbe4400b43fab07,true,butter/mas/tests/clients/client_tcp_test.py::TestTcpClientApiMethods::testResumeAudio,100,100,0,100,false,always_fail,,results/idoft/Butter.MAS.PythonAPI-butter_mas_tests_clients_client_tcp_test_py__testtcpclientap.json
krllint,https://github.com/d4nuu8/krllint,,2f9376cdae14c201364d9c31b4c19a8ff2f708d2,true,tests/test_lower_or_mixed_case_built_in_type.py::LowerOrMixedCaseBuiltInTestCase::test_rule_without_fix,100,100,100,0,false,always_pass,,results/idoft/krllint-tests_test_lower_or_mixed_case_built_in_type_py__lowerormixe.json
ljson,https://github.com/daknuett/ljson,NIO,1d3dc13001d9d2f61bcfbf9d5c5b16d44fb8076e,true,test/test_ljson_mem.py::test_unique_check,100,100,1,1,true,reproduced,,results/idoft/ljson-test_test_ljson_mem_py__test_unique_check.json
Butter.MAS.PythonAPI,https://github.com/bennymeg/Butter.MAS.PythonAPI,NOD,f86ebe75df3826f62a268645cdbe4400b43fab07,true,butter/mas/tests/clients/client_tcp_test.py::TestTcpClientApiMethods::testSetMotorRegister,100,100,0,100,false,always_fail,,results/idoft/Butter.MAS.PythonAPI-butter_mas_tests_clients_client_tcp_test_py__testtcpclientap.json
observed,https://github.com/DanielSank/observed,NIO,d99fb99ff2a470a86efb2763685e8e2c021e799f,true,observed_test.py::TestBasics::test_discard,100,100,1,1,true,reproduced,,results/idoft/observed-observed_test_py__testbasics__test_discard.json
parso,https://github.com/davidhalter/parso,NIO,6ae0efa415c9790000dba70f87e6ece20d6a4101,true,test/test_cache.py::test_permission_error,100,100,1,1,true,reproduced,,results/idoft/parso-test_test_cache_py__test_permission_error.json
Butter.MAS.PythonAPI,https://github.com/bennymeg/Butter.MAS.PythonAPI,NOD,f86ebe75df3826f62a268645cdbe4400b43fab07,true,butter/mas/tests/clients/client_tcp_test.py::TestTcpClientApiMethods::testStopAnimation,100,100,0,100,false,always_fail,,results/idoft/Butter.MAS.PythonAPI-butter_mas_tests_clients_client_tcp_test_py__testtcpclientap.json
demisto-sdk,https://github.com/demisto/demisto-sdk,NIO,925303e5c54fc3dda985ef19b6d56a956d189f69,true,demisto_sdk/commands/secrets/tests/secrets_test.py::TestSecrets::test_two_files_with_same_name,100,100,0,1,false,always_fail,,results/idoft/demisto-sdk-demisto_sdk_commands_secrets_tests_secrets_test_py__testsecr.json
Butter.MAS.PythonAPI,https://github.com/bennymeg/Butter.MAS.PythonAPI,NOD,f86ebe75df3826f62a268645cdbe4400b43fab07,true,butter/mas/tests/clients/client_tcp_test.py::TestTcpClientApiMethods::testStopAudio,100,100,0,100,false,always_fail,,results/idoft/Butter.MAS.PythonAPI-butter_mas_tests_clients_client_tcp_test_py__testtcpclientap.json
jsonextra,https://github.com/den4uk/jsonextra,NIO,b548d607e8f196e1e1c456666e4f15f579762ecf,true,tests/test_jsonextra.py::test_disable_rex,100,100,1,1,true,reproduced,,results/idoft/jsonextra-tests_test_jsonextra_py__test_disable_rex.json
redisqueue,https://github.com/DevKeh/redisqueue,NIO,feac4dfc30837e0ab1a55a8479443ea74b2793f2,true,tests/test_redisqueue.py::test_mock_queue_connection,100,100,0,1,false,always_fail,,results/idoft/redisqueue-tests_test_redisqueue_py__test_mock_queue_connection.json
mdutils,https://github.com/didix21/mdutils,,9cc2a5cfc86a052f987feddcee7f37a4349fb8de,true,tests/test_mdutils.py::TestMdUtils,100,100,100,0,false,always_pass,,results/idoft/mdutils-tests_test_mdutils_py__testmdutils.json
django-beam,https://github.com/django-beam/django-beam,NOD,43b2111f5c65937aa1e2cc9704b59796e982a805,true,tests/test_contrib_reversion.py::test_revision_is_visible_in_list,100,2,1,1,true,reproduced,,results/idoft/django-beam-tests_test_contrib_reversion_py__test_revision_is_visible_in.json
django-beam,https://github.com/django-beam/django-beam,NOD,43b2111f5c65937aa1e2cc9704b59796e982a805,false,tests/test_contrib_reversion.py::test_show_detail_from_previous_version,100,0,0,0,false,error,"Failed to start Docker container from python:3.9-slim: docker: Error response from daemon: Conflict. The container name ""/idoft_django_beam_python"" is already in use by container ""6ad54b40f3fafadd0dff9f3fb3abfe3623b78f006f3e7f8e71dbbf83ffd4c7be"". You have to remove (or rename) that container to be able to reuse that name.Run 'docker run --help' for more information",
Butter.MAS.PythonAPI,https://github.com/bennymeg/Butter.MAS.PythonAPI,NOD,f86ebe75df3826f62a268645cdbe4400b43fab07,true,butter/mas/tests/clients/client_udp_test.py::TestUdpClientApiMethods::testGetAvailableAnimations,100,100,0,100,false,always_fail,,results/idoft/Butter.MAS.PythonAPI-butter_mas_tests_clients_client_udp_test_py__testudpclientap.json
django-beam,https://github.com/django-beam/django-beam,NOD,43b2111f5c65937aa1e2cc9704b59796e982a805,true,tests/test_views.py::test_delete,100,100,100,0,false,always_pass,,results/idoft/django-beam-tests_test_views_py__test_delete.json
django-beam,https://github.com/django-beam/django-beam,NOD,43b2111f5c65937aa1e2cc9704b59796e982a805,true,tests/test_views.py::test_delete_protected_not_allowed,100,100,100,0,false,always_pass,,results/idoft/django-beam-tests_test_views_py__test_delete_protected_not_allowed.json
django-beam,https://github.com/django-beam/django-beam,NOD,43b2111f5c65937aa1e2cc9704b59796e982a805,true,tests/test_views.py::test_delete_shows_related,100,100,100,0,false,always_pass,,results/idoft/django-beam-tests_test_views_py__test_delete_shows_related.json
django-beam,https://github.com/django-beam/django-beam,NOD,43b2111f5c65937aa1e2cc9704b59796e982a805,true,tests/test_views.py::test_detail,100,100,100,0,false,always_pass,,results/idoft/django-beam-tests_test_views_py__test_detail.json
django-beam,https://github.com/django-beam/django-beam,NOD,43b2111f5c65937aa1e2cc9704b59796e982a805,true,tests/test_views.py::test_list,100,100,0,100,false,always_fail,,results/idoft/django-beam-tests_test_views_py__test_list.json
Butter.MAS.PythonAPI,https://github.com/bennymeg/Butter.MAS.PythonAPI,NOD,f86ebe75df3826f62a268645cdbe4400b43fab07,true,butter/mas/tests/clients/client_udp_test.py::TestUdpClientApiMethods::testGetAvailableHandlers,100,100,0,100,false,always_fail,,results/idoft/Butter.MAS.PythonAPI-butter_mas_tests_clients_client_udp_test_py__testudpclientap.json
django-beam,https://github.com/django-beam/django-beam,NOD,43b2111f5c65937aa1e2cc9704b59796e982a805,true,tests/test_views.py::test_list_search,100,100,100,0,false,always_pass,,results/idoft/django-beam-tests_test_views_py__test_list_search.json
django-beam,https://github.com/django-beam/django-beam,NOD,43b2111f5c65937aa1e2cc9704b59796e982a805,true,tests/test_views.py::test_list_sort,100,100,100,0,false,always_pass,,results/idoft/django-beam-tests_test_views_py__test_list_sort.json
django-beam,https://github.com/django-beam/django-beam,NOD,43b2111f5c65937aa1e2cc9704b59796e982a805,true,tests/test_views.py::test_only_popup_param_is_preserved_in_detail_links,100,100,100,0,false,always_pass,,results/idoft/django-beam-tests_test_views_py__test_only_popup_param_is_preserved_in_d.json
django-beam,https://github.com/django-beam/django-beam,NOD,43b2111f5c65937aa1e2cc9704b59796e982a805,true,tests/test_views.py::test_update,100,100,100,0,false,always_pass,,results/idoft/django-beam-tests_test_views_py__test_update.json
logx,https://github.com/djrobstep/logx,,c53fabbc160fb8d70fa878684ea36f0c22fd5caa,true,tests/test_logx.py::test_formatted_output tests/test_logx.py::test_plain_output,100,5,1,4,true,reproduced,,results/idoft/logx-tests_test_logx_py__test_formatted_output_tests_test_logx_py.json
mythx-cli,https://github.com/dmuhs/mythx-cli,,defc59e2a8732a6e2e550ac62ded5a46c32a780b,true,tests/test_path_sanitize.py::test_sanitize_ast,100,100,100,0,false,always_pass,,results/idoft/mythx-cli-tests_test_path_sanitize_py__test_sanitize_ast.json
tokendito,https://github.com/dowjones/tokendito,NOD,f5d8e5171ddcca0c62925263ddb80535f51aded3,true,tests/functional_test.py::test_package_exists,100,100,0,100,false,always_fail,,results/idoft/tokendito-tests_functional_test_py__test_package_exists.json
Butter.MAS.PythonAPI,https://github.com/bennymeg/Butter.MAS.PythonAPI,NOD,f86ebe75df3826f62a268645cdbe4400b43fab07,true,butter/mas/tests/clients/client_udp_test.py::TestUdpClientApiMethods::testGetAvailableMotorRegisters,100,100,0,100,false,always_fail,,results/idoft/Butter.MAS.PythonAPI-butter_mas_tests_clients_client_udp_test_py__testudpclientap.json
tokendito,https://github.com/dowjones/tokendito,NOD,f5d8e5171ddcca0c62925263ddb80535f51aded3,true,tests/functional_test.py::test_version[runnable2],100,100,0,100,false,always_fail,,results/idoft/tokendito-tests_functional_test_py__test_version_runnable2_.json
volux,https://github.com/drtexx/volux,NIO,c41339aceeab4295967ea88b2edd05d0d456b2ce,true,tests/test_operator.py::Test_operator::test_add_module,100,100,1,1,true,reproduced,,results/idoft/volux-tests_test_operator_py__test_operator__test_add_module.json
volux,https://github.com/drtexx/volux,NIO,c41339aceeab4295967ea88b2edd05d0d456b2ce,true,tests/test_operator.py::Test_operator::test_remove_missing_module,100,100,1,1,true,reproduced,,results/idoft/volux-tests_test_operator_py__test_operator__test_remove_missing_m.json
libearth,https://github.com/earthreader/libearth,,71d2f3246eb0b6a3668a64e2242616d20b1d7dcd,true,tests/repository_test.py::test_repository tests/stage_test.py::test_set_dir_route,100,100,100,0,false,always_pass,,results/idoft/libearth-tests_repository_test_py__test_repository_tests_stage_test_p.json
libearth,https://github.com/earthreader/libearth,NIO,71d2f3246eb0b6a3668a64e2242616d20b1d7dcd,true,tests/stage_test.py::test_set_dir_route,100,100,1,1,true,reproduced,,results/idoft/libearth-tests_stage_test_py__test_set_dir_route.json
kool,https://github.com/edasi/kool,NOD,efe847a05c1a07af5eddeeeb700fdefcb6c9ced9,true,tests/contrib/quizzes/test_question.py::TestQuestion::test_add_choices,100,100,0,100,false,always_fail,,results/idoft/kool-tests_contrib_quizzes_test_question_py__testquestion__test_a.json
epathermostat,https://github.com/EPAENERGYSTAR/epathermostat,NIO,98aaf571fe8e15e1a372567776081fd9dae7e872,true,tests/test_core.py::test_multiple_same_key,100,100,0,1,false,always_fail,,results/idoft/epathermostat-tests_test_core_py__test_multiple_same_key.json
epsagon-python,https://github.com/epsagon/epsagon-python,UD,15ab5c9f5c7dda93f546e20aded715f85a1dea3c,true,tests/test_transports.py::test_httptransport_timeout,100,100,0,100,false,always_fail,,results/idoft/epsagon-python-tests_test_transports_py__test_httptransport_timeout.json
epsagon-python,https://github.com/epsagon/epsagon-python,NIO,b985d8412848f9a0c98e2f15ae0967a6dba3517f,true,tests/wrappers/test_python_function.py::test_python_wrapper_python_runner_factory_failed,100,100,0,1,false,always_fail,,results/idoft/epsagon-python-tests_wrappers_test_python_function_py__test_python_wrapper_.json
Butter.MAS.PythonAPI,https://github.com/bennymeg/Butter.MAS.PythonAPI,NOD,f86ebe75df3826f62a268645cdbe4400b43fab07,true,butter/mas/tests/clients/client_udp_test.py::TestUdpClientApiMethods::testGetAvailableSounds,100,100,0,100,false,always_fail,,results/idoft/Butter.MAS.PythonAPI-butter_mas_tests_clients_client_udp_test_py__testudpclientap.json
nxviz,https://github.com/ericmjl/nxviz,NOD,d2a2a622e834148a9f4337dbe1021a05c5f18548,true,tests/test_geometry.py::test_correct_negative_angle,100,100,0,100,false,always_fail,,results/idoft/nxviz-tests_test_geometry_py__test_correct_negative_angle.json
nxviz,https://github.com/ericmjl/nxviz,NOD,d2a2a622e834148a9f4337dbe1021a05c5f18548,true,tests/test_plots.py::test_matrix_plot,100,100,0,100,false,always_fail,,results/idoft/nxviz-tests_test_plots_py__test_matrix_plot.json
reframe,https://github.com/eth-cscs/reframe,NOD,576eb3f1dcc015d1e6d7a10602c748d4f810da68,true,unittests/test_cli.py::test_check_success,100,100,0,100,false,always_fail,,results/idoft/reframe-unittests_test_cli_py__test_check_success.json
reframe,https://github.com/eth-cscs/reframe,NOD,576eb3f1dcc015d1e6d7a10602c748d4f810da68,true,unittests/test_cli.py::test_performance_check_failure,100,100,0,100,false,always_fail,,results/idoft/reframe-unittests_test_cli_py__test_performance_check_failure.json
reframe,https://github.com/eth-cscs/reframe,NOD,576eb3f1dcc015d1e6d7a10602c748d4f810da68,true,unittests/test_cli.py::test_skip_system_check_option,100,100,0,100,false,always_fail,,results/idoft/reframe-unittests_test_cli_py__test_skip_system_check_option.json
reframe,https://github.com/eth-cscs/reframe,NIO,576eb3f1dcc015d1e6d7a10602c748d4f810da68,true,unittests/test_config.py::test_convert_old_config,100,100,0,1,false,always_fail,,results/idoft/reframe-unittests_test_config_py__test_convert_old_config.json
reframe,https://github.com/eth-cscs/reframe,NOD,576eb3f1dcc015d1e6d7a10602c748d4f810da68,true,unittests/test_dependencies.py::test_build_deps_unknown_test,100,100,0,100,false,always_fail,,results/idoft/reframe-unittests_test_dependencies_py__test_build_deps_unknown_test.json
Butter.MAS.PythonAPI,https://github.com/bennymeg/Butter.MAS.PythonAPI,NOD,f86ebe75df3826f62a268645cdbe4400b43fab07,true,butter/mas/tests/clients/client_udp_test.py::TestUdpClientApiMethods::testGetMotorRegister,100,100,0,100,false,always_fail,,results/idoft/Butter.MAS.PythonAPI-butter_mas_tests_clients_client_udp_test_py__testudpclientap.json
reframe,https://github.com/eth-cscs/reframe,NOD,576eb3f1dcc015d1e6d7a10602c748d4f810da68,true,unittests/test_dependencies.py::test_toposort_subgraph,100,100,0,100,false,always_fail,,results/idoft/reframe-unittests_test_dependencies_py__test_toposort_subgraph.json
reframe,https://github.com/eth-cscs/reframe,NOD,576eb3f1dcc015d1e6d7a10602c748d4f810da68,true,unittests/test_policies.py::test_concurrency_unlimited,100,100,0,100,false,always_fail,,results/idoft/reframe-unittests_test_policies_py__test_concurrency_unlimited.json
reframe,https://github.com/eth-cscs/reframe,NOD,576eb3f1dcc015d1e6d7a10602c748d4f810da68,true,unittests/test_policies.py::test_dependencies[AsynchronousExecutionPolicy],100,100,0,100,false,always_fail,,results/idoft/reframe-unittests_test_policies_py__test_dependencies_asynchronousex.json
reframe,https://github.com/eth-cscs/reframe,NOD,576eb3f1dcc015d1e6d7a10602c748d4f810da68,true,unittests/test_policies.py::test_dependencies_with_retries[AsynchronousExecutionPolicy],100,100,0,100,false,always_fail,,results/idoft/reframe-unittests_test_policies_py__test_dependencies_with_retries_a.json
reframe,https://github.com/eth-cscs/reframe,NOD,576eb3f1dcc015d1e6d7a10602c748d4f810da68,true,unittests/test_policies.py::test_kbd_interrupt_in_wait_with_concurrency,100,100,0,100,false,always_fail,,results/idoft/reframe-unittests_test_policies_py__test_kbd_interrupt_in_wait_with_.json
reframe,https://github.com/eth-cscs/reframe,NOD,576eb3f1dcc015d1e6d7a10602c748d4f810da68,true,unittests/test_policies.py::test_pass_in_retries[AsynchronousExecutionPolicy],100,100,0,100,false,always_fail,,results/idoft/reframe-unittests_test_policies_py__test_pass_in_retries_asynchronou.json
reframe,https://github.com/eth-cscs/reframe,NOD,576eb3f1dcc015d1e6d7a10602c748d4f810da68,true,unittests/test_policies.py::test_pass_in_retries[SerialExecutionPolicy],100,100,0,100,false,always_fail,,results/idoft/reframe-unittests_test_policies_py__test_pass_in_retries_serialexecu.json
Butter.MAS.PythonAPI,https://github.com/bennymeg/Butter.MAS.PythonAPI,NOD,f86ebe75df3826f62a268645cdbe4400b43fab07,true,butter/mas/tests/clients/client_udp_test.py::TestUdpClientApiMethods::testMoveMotorInDirection,100,100,0,100,false,always_fail,,results/idoft/Butter.MAS.PythonAPI-butter_mas_tests_clients_client_udp_test_py__testudpclientap.json
reframe,https://github.com/eth-cscs/reframe,NOD,576eb3f1dcc015d1e6d7a10602c748d4f810da68,true,unittests/test_policies.py::test_retries_bad_check[AsynchronousExecutionPolicy],100,100,0,100,false,always_fail,,results/idoft/reframe-unittests_test_policies_py__test_retries_bad_check_asynchron.json
reframe,https://github.com/eth-cscs/reframe,NOD,576eb3f1dcc015d1e6d7a10602c748d4f810da68,true,unittests/test_policies.py::test_retries_bad_check[SerialExecutionPolicy],100,100,0,100,false,always_fail,,results/idoft/reframe-unittests_test_policies_py__test_retries_bad_check_serialexe.json
reframe,https://github.com/eth-cscs/reframe,NOD,576eb3f1dcc015d1e6d7a10602c748d4f810da68,true,unittests/test_policies.py::test_runall[AsynchronousExecutionPolicy],100,100,0,100,false,always_fail,,results/idoft/reframe-unittests_test_policies_py__test_runall_asynchronousexecutio.json
reframe,https://github.com/eth-cscs/reframe,NOD,576eb3f1dcc015d1e6d7a10602c748d4f810da68,true,unittests/test_policies.py::test_runall[SerialExecutionPolicy],100,100,0,100,false,always_fail,,results/idoft/reframe-unittests_test_policies_py__test_runall_serialexecutionpolic.json
reframe,https://github.com/eth-cscs/reframe,NOD,576eb3f1dcc015d1e6d7a10602c748d4f810da68,true,unittests/test_policies.py::test_runall_skip_performance_check[AsynchronousExecutionPolicy],100,100,0,100,false,always_fail,,results/idoft/reframe-unittests_test_policies_py__test_runall_skip_performance_che.json
reframe,https://github.com/eth-cscs/reframe,NOD,576eb3f1dcc015d1e6d7a10602c748d4f810da68,true,unittests/test_policies.py::test_runall_skip_performance_check[SerialExecutionPolicy],100,100,0,100,false,always_fail,,results/idoft/reframe-unittests_test_policies_py__test_runall_skip_performance_che.json
reframe,https://github.com/eth-cscs/reframe,NOD,576eb3f1dcc015d1e6d7a10602c748d4f810da68,true,unittests/test_policies.py::test_runall_skip_prgenv_check[AsynchronousExecutionPolicy],100,100,0,100,false,always_fail,,results/idoft/reframe-unittests_test_policies_py__test_runall_skip_prgenv_check_as.json
reframe,https://github.com/eth-cscs/reframe,NOD,576eb3f1dcc015d1e6d7a10602c748d4f810da68,true,unittests/test_policies.py::test_runall_skip_prgenv_check[SerialExecutionPolicy],100,100,0,100,false,always_fail,,results/idoft/reframe-unittests_test_policies_py__test_runall_skip_prgenv_check_se.json
Butter.MAS.PythonAPI,https://github.com/bennymeg/Butter.MAS.PythonAPI,NOD,f86ebe75df3826f62a268645cdbe4400b43fab07,true,butter/mas/tests/clients/client_udp_test.py::TestUdpClientApiMethods::testMoveMotorInTime,100,100,0,100,false,always_fail,,results/idoft/Butter.MAS.PythonAPI-butter_mas_tests_clients_client_udp_test_py__testudpclientap.json
reframe,https://github.com/eth-cscs/reframe,NOD,576eb3f1dcc015d1e6d7a10602c748d4f810da68,true,unittests/test_policies.py::test_runall_skip_sanity_check[AsynchronousExecutionPolicy],100,100,0,100,false,always_fail,,results/idoft/reframe-unittests_test_policies_py__test_runall_skip_sanity_check_as.json
reframe,https://github.com/eth-cscs/reframe,NOD,576eb3f1dcc015d1e6d7a10602c748d4f810da68,true,unittests/test_policies.py::test_runall_skip_sanity_check[SerialExecutionPolicy],100,100,0,100,false,always_fail,,results/idoft/reframe-unittests_test_policies_py__test_runall_skip_sanity_check_se.json
reframe,https://github.com/eth-cscs/reframe,NOD,576eb3f1dcc015d1e6d7a10602c748d4f810da68,true,unittests/test_policies.py::test_runall_skip_system_check[AsynchronousExecutionPolicy],100,100,0,100,false,always_fail,,results/idoft/reframe-unittests_test_policies_py__test_runall_skip_system_check_as.json
reframe,https://github.com/eth-cscs/reframe,NOD,576eb3f1dcc015d1e6d7a10602c748d4f810da68,true,unittests/test_policies.py::test_runall_skip_system_check[SerialExecutionPolicy],100,100,0,100,false,always_fail,,results/idoft/reframe-unittests_test_policies_py__test_runall_skip_system_check_se.json
reframe,https://github.com/eth-cscs/reframe,NOD,576eb3f1dcc015d1e6d7a10602c748d4f810da68,true,unittests/test_policies.py::test_sigterm_handling[AsynchronousExecutionPolicy],100,100,0,100,false,always_fail,,results/idoft/reframe-unittests_test_policies_py__test_sigterm_handling_asynchrono.json
reframe,https://github.com/eth-cscs/reframe,NOD,576eb3f1dcc015d1e6d7a10602c748d4f810da68,true,unittests/test_policies.py::test_strict_performance_check[AsynchronousExecutionPolicy],100,100,0,100,false,always_fail,,results/idoft/reframe-unittests_test_policies_py__test_strict_performance_check_as.json
reframe,https://github.com/eth-cscs/reframe,NOD,576eb3f1dcc015d1e6d7a10602c748d4f810da68,true,unittests/test_policies.py::test_strict_performance_check[SerialExecutionPolicy],100,100,0,100,false,always_fail,,results/idoft/reframe-unittests_test_policies_py__test_strict_performance_check_se.json
Butter.MAS.PythonAPI,https://github.com/bennymeg/Butter.MAS.PythonAPI,NOD,f86ebe75df3826f62a268645cdbe4400b43fab07,true,butter/mas/tests/clients/client_udp_test.py::TestUdpClientApiMethods::testMoveMotorToPosition,100,100,0,100,false,always_fail,,results/idoft/Butter.MAS.PythonAPI-butter_mas_tests_clients_client_udp_test_py__testudpclientap.json
pyfilm,https://github.com/ferdinandvwyk/pyfilm,NOD,20688f59536c713650516f09e1873fcb5b506a17,true,tests/test_pyfilm.py::TestClass::test_calculate_cbar_ticks,100,2,1,1,true,reproduced,,results/idoft/pyfilm-tests_test_pyfilm_py__testclass__test_calculate_cbar_ticks.json
tangle,https://github.com/fifman/tangle,NOD,a36cff74d7f09bf8f24a91929b844ea1be7b1bcd,true,tests/test_bean.py::test_instance,100,100,100,0,false,always_pass,,results/idoft/tangle-tests_test_bean_py__test_instance.json
tangle,https://github.com/fifman/tangle,NIO,a36cff74d7f09bf8f24a91929b844ea1be7b1bcd,true,tests/test_context.py::test_aspect,100,100,1,1,true,reproduced,,results/idoft/tangle-tests_test_context_py__test_aspect.json
filestack-python,https://github.com/filestack/filestack-python,,bfd98e91d3300d2fbae0569acb4863f9e77358cd,true,tests/intelligent_ingestion_test.py,100,5,1,4,true,reproduced,,results/idoft/filestack-python-tests_intelligent_ingestion_test_py.json
filestack-python,https://github.com/filestack/filestack-python,NIO,1bd6749735e5c78dde767e0685ddfdf0cd7423e2,true,tests/intelligent_ingestion_test.py::test_upload_part_with_resize,100,100,1,1,true,reproduced,,results/idoft/filestack-python-tests_intelligent_ingestion_test_py__test_upload_part_with_r.json
fooof,https://github.com/fooof-tools/fooof,NOD,14d6196e0b60c7e6da95b5cf858b20adcc5fc0ac,true,fooof/tests/utils/test_download.py::test_check_data_file,100,100,0,100,false,always_fail,,results/idoft/fooof-fooof_tests_utils_test_download_py__test_check_data_file.json
pymerkle,https://github.com/FoteinosMerg/pymerkle,NIO,5318009e04b2ae44e194b8435ef181aa67ab8b9a,true,tests/tree/test_structure.py::test_1_leaves,100,100,1,1,true,reproduced,,results/idoft/pymerkle-tests_tree_test_structure_py__test_1_leaves.json
coworks,https://github.com/gdoumenc/coworks,NIO,c574654a1e3d1cd4ad56b6f5912631230c37fdf3,true,tests/example/test_example.py::TestClass::test_simple_example,100,100,0,1,false,always_fail,,results/idoft/coworks-tests_example_test_example_py__testclass__test_simple_exampl.json
coworks,https://github.com/gdoumenc/coworks,NIO,c574654a1e3d1cd4ad56b6f5912631230c37fdf3,true,tests/src/cws/test_scons.py::TestClass::test_zip,100,100,0,1,false,always_fail,,results/idoft/coworks-tests_src_cws_test_scons_py__testclass__test_zip.json
dataprep,https://github.com/giganticode/dataprep,NIO,bb1d3731a39d221f2a037aaadc747a29a5e76c8d,true,tests/infrastructure/test_bperegistry.py::test_none,100,100,1,1,true,reproduced,,results/idoft/dataprep-tests_infrastructure_test_bperegistry_py__test_none.json
Butter.MAS.PythonAPI,https://github.com/bennymeg/Butter.MAS.PythonAPI,NOD,f86ebe75df3826f62a268645cdbe4400b43fab07,true,butter/mas/tests/clients/client_udp_test.py::TestUdpClientApiMethods::testPauseAnimation,100,100,0,100,false,always_fail,,results/idoft/Butter.MAS.PythonAPI-butter_mas_tests_clients_client_udp_test_py__testudpclientap.json
penman,https://github.com/goodmami/penman,NOD,e83cf6d006724d72a3e19a955aad94412da912b7,true,tests/test_layout.py::test_rearrange,100,2,1,1,true,reproduced,,results/idoft/penman-tests_test_layout_py__test_rearrange.json
grabbit,https://github.com/grabbles/grabbit,NOD,83ff93df36019eaaee9d4e31f816a518e46cae07,true,grabbit/tests/test_core.py::TestLayout::test_init_with_exclude_arg[local],100,100,0,100,false,always_fail,,results/idoft/grabbit-grabbit_tests_test_core_py__testlayout__test_init_with_exclu.json
grabbit,https://github.com/grabbles/grabbit,NOD,83ff93df36019eaaee9d4e31f816a518e46cae07,true,grabbit/tests/test_core.py::TestLayout::test_init_with_include_arg[local],100,100,0,100,false,always_fail,,results/idoft/grabbit-grabbit_tests_test_core_py__testlayout__test_init_with_inclu.json
grabbit,https://github.com/grabbles/grabbit,NOD,83ff93df36019eaaee9d4e31f816a518e46cae07,true,grabbit/tests/test_core.py::TestLayout::test_natsort[local],100,100,0,100,false,always_fail,,results/idoft/grabbit-grabbit_tests_test_core_py__testlayout__test_natsort_local_.json
grabbit,https://github.com/grabbles/grabbit,NOD,83ff93df36019eaaee9d4e31f816a518e46cae07,true,grabbit/tests/test_core.py::TestLayout::test_querying[local],100,100,0,100,false,always_fail,,results/idoft/grabbit-grabbit_tests_test_core_py__testlayout__test_querying_local_.json
grabbit,https://github.com/grabbles/grabbit,NOD,83ff93df36019eaaee9d4e31f816a518e46cae07,true,grabbit/tests/test_core.py::TestLayout::test_unique_and_count[local],100,100,0,100,false,always_fail,,results/idoft/grabbit-grabbit_tests_test_core_py__testlayout__test_unique_and_coun.json
lol_api,https://github.com/gradam/lol_api,NIO,33ea96f5eeac581737949b733d8af1c4436e94b9,true,tests/test_daemon.py::TestDaemon::test_different_api_key,100,100,1,1,true,reproduced,,results/idoft/lol_api-tests_test_daemon_py__testdaemon__test_different_api_key.json
lol_api,https://github.com/gradam/lol_api,NIO,33ea96f5eeac581737949b733d8af1c4436e94b9,true,tests/test_daemon.py::TestDaemon::test_short,100,100,1,1,true,reproduced,,results/idoft/lol_api-tests_test_daemon_py__testdaemon__test_short.json
gwosc,https://github.com/gwpy/gwosc,NIO,06b56ce506fda3af4857c8a1aae7bb60fb1925e9,true,gwosc/tests/test_datasets.py::test_dataset_type_local,100,100,1,1,true,reproduced,,results/idoft/gwosc-gwosc_tests_test_datasets_py__test_dataset_type_local.json
py-autodoc,https://github.com/heavenshell/py-autodoc,NOD,001d5ff03d41a5d714075eb08e666c413d50f0ac,true,examples/test_gen_each_case.py::TestUnittest::test_get,100,100,100,0,false,always_pass,,results/idoft/py-autodoc-examples_test_gen_each_case_py__testunittest__test_get.json
py-autodoc,https://github.com/heavenshell/py-autodoc,NOD,001d5ff03d41a5d714075eb08e666c413d50f0ac,true,examples/test_pytest.py::test_post,100,100,100,0,false,always_pass,,results/idoft/py-autodoc-examples_test_pytest_py__test_post.json
Butter.MAS.PythonAPI,https://github.com/bennymeg/Butter.MAS.PythonAPI,NOD,f86ebe75df3826f62a268645cdbe4400b43fab07,true,butter/mas/tests/clients/client_udp_test.py::TestUdpClientApiMethods::testPauseAudio,100,100,0,100,false,always_fail,,results/idoft/Butter.MAS.PythonAPI-butter_mas_tests_clients_client_udp_test_py__testudpclientap.json
py-autodoc,https://github.com/heavenshell/py-autodoc,NOD,001d5ff03d41a5d714075eb08e666c413d50f0ac,true,examples/test_requests.py::TestUnittest::test_foo_bar,100,100,100,0,false,always_pass,,results/idoft/py-autodoc-examples_test_requests_py__testunittest__test_foo_bar.json
py-autodoc,https://github.com/heavenshell/py-autodoc,NOD,001d5ff03d41a5d714075eb08e666c413d50f0ac,true,examples/test_requests.py::TestUnittest::test_get,100,100,100,0,false,always_pass,,results/idoft/py-autodoc-examples_test_requests_py__testunittest__test_get.json
py-autodoc,https://github.com/heavenshell/py-autodoc,NOD,001d5ff03d41a5d714075eb08e666c413d50f0ac,true,examples/test_requests.py::TestUnittest::test_post,100,100,100,0,false,always_pass,,results/idoft/py-autodoc-examples_test_requests_py__testunittest__test_post.json
py-autodoc,https://github.com/heavenshell/py-autodoc,NOD,001d5ff03d41a5d714075eb08e666c413d50f0ac,true,examples/test_unittest.py::TestUnittest::test_foo_bar,100,100,100,0,false,always_pass,,results/idoft/py-autodoc-examples_test_unittest_py__testunittest__test_foo_bar.json
py-autodoc,https://github.com/heavenshell/py-autodoc,NOD,001d5ff03d41a5d714075eb08e666c413d50f0ac,true,examples/test_unittest.py::TestUnittest::test_get,100,100,100,0,false,always_pass,,results/idoft/py-autodoc-examples_test_unittest_py__testunittest__test_get.json
py-autodoc,https://github.com/heavenshell/py-autodoc,NOD,001d5ff03d41a5d714075eb08e666c413d50f0ac,true,examples/test_unittest.py::TestUnittest::test_post,100,100,100,0,false,always_pass,,results/idoft/py-autodoc-examples_test_unittest_py__testunittest__test_post.json
json-storage-manager,https://github.com/hefnawi/json-storage-manager,NIO,c7521fc4a576cf23a8c2454106bed6fb8c951b8d,true,tests/test_main.py::test_set_item,100,100,1,1,true,reproduced,,results/idoft/json-storage-manager-tests_test_main_py__test_set_item.json
webssh,https://github.com/huashengdun/webssh,NOD,51d527fe75a62aed239126a6697749a30baecb30,true,tests/test_app.py::TestAppBasic::test_app_auth_with_invalid_pubkey_for_user_robey,100,100,0,100,false,always_fail,,results/idoft/webssh-tests_test_app_py__testappbasic__test_app_auth_with_invalid_.json
webssh,https://github.com/huashengdun/webssh,NOD,51d527fe75a62aed239126a6697749a30baecb30,true,tests/test_app.py::TestAppBasic::test_app_auth_with_pubkey_cannot_be_decoded_by_multipart_form,100,100,0,100,false,always_fail,,results/idoft/webssh-tests_test_app_py__testappbasic__test_app_auth_with_pubkey_c.json
webssh,https://github.com/huashengdun/webssh,NOD,51d527fe75a62aed239126a6697749a30baecb30,true,tests/test_app.py::TestAppBasic::test_app_auth_with_pubkey_exceeds_key_max_size,100,100,0,100,false,always_fail,,results/idoft/webssh-tests_test_app_py__testappbasic__test_app_auth_with_pubkey_e.json
Butter.MAS.PythonAPI,https://github.com/bennymeg/Butter.MAS.PythonAPI,NOD,f86ebe75df3826f62a268645cdbe4400b43fab07,true,butter/mas/tests/clients/client_udp_test.py::TestUdpClientApiMethods::testPlayAnimation,100,100,0,100,false,always_fail,,results/idoft/Butter.MAS.PythonAPI-butter_mas_tests_clients_client_udp_test_py__testudpclientap.json
webssh,https://github.com/huashengdun/webssh,NOD,51d527fe75a62aed239126a6697749a30baecb30,true,tests/test_app.py::TestAppBasic::test_app_auth_with_valid_pubkey_by_multipart_form,100,100,0,100,false,always_fail,,results/idoft/webssh-tests_test_app_py__testappbasic__test_app_auth_with_valid_pu.json
webssh,https://github.com/huashengdun/webssh,NOD,51d527fe75a62aed239126a6697749a30baecb30,true,tests/test_app.py::TestAppBasic::test_app_post_form_with_large_body_size_by_multipart_form,100,100,0,100,false,always_fail,,results/idoft/webssh-tests_test_app_py__testappbasic__test_app_post_form_with_lar.json
webssh,https://github.com/huashengdun/webssh,NOD,51d527fe75a62aed239126a6697749a30baecb30,true,tests/test_app.py::TestAppBasic::test_app_post_form_with_large_body_size_by_urlencoded_form,100,100,0,100,false,always_fail,,results/idoft/webssh-tests_test_app_py__testappbasic__test_app_post_form_with_lar.json
webssh,https://github.com/huashengdun/webssh,NOD,51d527fe75a62aed239126a6697749a30baecb30,true,tests/test_app.py::TestAppBasic::test_app_with_correct_credentials,100,100,0,100,false,always_fail,,results/idoft/webssh-tests_test_app_py__testappbasic__test_app_with_correct_crede.json
webssh,https://github.com/huashengdun/webssh,NOD,51d527fe75a62aed239126a6697749a30baecb30,true,tests/test_app.py::TestAppBasic::test_app_with_correct_credentials_but_ip_not_matched,100,100,0,100,false,always_fail,,results/idoft/webssh-tests_test_app_py__testappbasic__test_app_with_correct_crede.json
webssh,https://github.com/huashengdun/webssh,NOD,51d527fe75a62aed239126a6697749a30baecb30,true,tests/test_app.py::TestAppBasic::test_app_with_correct_credentials_but_wrong_id,100,100,0,100,false,always_fail,,results/idoft/webssh-tests_test_app_py__testappbasic__test_app_with_correct_crede.json
webssh,https://github.com/huashengdun/webssh,NOD,51d527fe75a62aed239126a6697749a30baecb30,true,tests/test_app.py::TestAppBasic::test_app_with_correct_credentials_user_bar,100,100,0,100,false,always_fail,,results/idoft/webssh-tests_test_app_py__testappbasic__test_app_with_correct_crede.json
webssh,https://github.com/huashengdun/webssh,NOD,51d527fe75a62aed239126a6697749a30baecb30,true,tests/test_app.py::TestAppBasic::test_app_with_invalid_form_for_invalid_value,100,100,0,100,false,always_fail,,results/idoft/webssh-tests_test_app_py__testappbasic__test_app_with_invalid_form_.json
Butter.MAS.PythonAPI,https://github.com/bennymeg/Butter.MAS.PythonAPI,NOD,f86ebe75df3826f62a268645cdbe4400b43fab07,true,butter/mas/tests/clients/client_udp_test.py::TestUdpClientApiMethods::testPlayAudio,100,100,0,100,false,always_fail,,results/idoft/Butter.MAS.PythonAPI-butter_mas_tests_clients_client_udp_test_py__testudpclientap.json
webssh,https://github.com/huashengdun/webssh,NOD,51d527fe75a62aed239126a6697749a30baecb30,true,tests/test_app.py::TestAppBasic::test_app_with_invalid_form_for_missing_argument,100,100,0,100,false,always_fail,,results/idoft/webssh-tests_test_app_py__testappbasic__test_app_with_invalid_form_.json
webssh,https://github.com/huashengdun/webssh,NOD,51d527fe75a62aed239126a6697749a30baecb30,true,tests/test_app.py::TestAppBasic::test_app_with_user_pass2fa_with_correct_passwords,100,100,0,100,false,always_fail,,results/idoft/webssh-tests_test_app_py__testappbasic__test_app_with_user_pass2fa_.json
webssh,https://github.com/huashengdun/webssh,NOD,51d527fe75a62aed239126a6697749a30baecb30,true,tests/test_app.py::TestAppBasic::test_app_with_user_pkey2fa_with_correct_passwords,100,100,0,100,false,always_fail,,results/idoft/webssh-tests_test_app_py__testappbasic__test_app_with_user_pkey2fa_.json
webssh,https://github.com/huashengdun/webssh,NOD,51d527fe75a62aed239126a6697749a30baecb30,true,tests/test_app.py::TestAppBasic::test_app_with_user_pkey2fa_with_empty_passcode,100,100,0,100,false,always_fail,,results/idoft/webssh-tests_test_app_py__testappbasic__test_app_with_user_pkey2fa_.json
webssh,https://github.com/huashengdun/webssh,NOD,51d527fe75a62aed239126a6697749a30baecb30,true,tests/test_app.py::TestAppBasic::test_app_with_user_pkey2fa_with_wrong_passcode,100,100,0,100,false,always_fail,,results/idoft/webssh-tests_test_app_py__testappbasic__test_app_with_user_pkey2fa_.json
webssh,https://github.com/huashengdun/webssh,NOD,51d527fe75a62aed239126a6697749a30baecb30,true,tests/test_app.py::TestAppBasic::test_app_with_user_pkey2fa_with_wrong_password,100,100,0,100,false,always_fail,,results/idoft/webssh-tests_test_app_py__testappbasic__test_app_with_user_pkey2fa_.json
webssh,https://github.com/huashengdun/webssh,NOD,51d527fe75a62aed239126a6697749a30baecb30,true,tests/test_app.py::TestAppBasic::test_app_with_wrong_hostname_domain,100,100,0,100,false,always_fail,,results/idoft/webssh-tests_test_app_py__testappbasic__test_app_with_wrong_hostnam.json
webssh,https://github.com/huashengdun/webssh,NOD,51d527fe75a62aed239126a6697749a30baecb30,true,tests/test_app.py::TestAppBasic::test_app_with_wrong_hostname_ip,100,100,0,100,false,always_fail,,results/idoft/webssh-tests_test_app_py__testappbasic__test_app_with_wrong_hostnam.json
Butter.MAS.PythonAPI,https://github.com/bennymeg/Butter.MAS.PythonAPI,NOD,f86ebe75df3826f62a268645cdbe4400b43fab07,true,butter/mas/tests/clients/client_udp_test.py::TestUdpClientApiMethods::testResumeAnimation,100,100,0,100,false,always_fail,,results/idoft/Butter.MAS.PythonAPI-butter_mas_tests_clients_client_udp_test_py__testudpclientap.json
webssh,https://github.com/huashengdun/webssh,NOD,51d527fe75a62aed239126a6697749a30baecb30,true,tests/test_app.py::TestAppBasic::test_app_with_wrong_port,100,100,0,100,false,always_fail,,results/idoft/webssh-tests_test_app_py__testappbasic__test_app_with_wrong_port.json
python-aws-dataclasses,https://github.com/hypoport/python-aws-dataclasses,NIO,30bfe90457a83957d10ec18fe7d61439b5b74280,true,tests/test_sns_event.py::test_can_handle_missing_fields,100,100,0,1,false,always_fail,,results/idoft/python-aws-dataclasses-tests_test_sns_event_py__test_can_handle_missing_fields.json
Tale,https://github.com/irmen/Tale,NIO,a2a26443465ab6978b32d9253e833471500e7b68,true,tests/test_commands.py::TestCommandDecorators::test_cmd_decorator,100,100,1,1,true,reproduced,,results/idoft/Tale-tests_test_commands_py__testcommanddecorators__test_cmd_deco.json
Tale,https://github.com/irmen/Tale,NIO,a2a26443465ab6978b32d9253e833471500e7b68,true,tests/test_commands.py::TestCommandDecorators::test_no_duplicates,100,100,1,1,true,reproduced,,results/idoft/Tale-tests_test_commands_py__testcommanddecorators__test_no_dupli.json
Tale,https://github.com/irmen/Tale,NOD,a2a26443465ab6978b32d9253e833471500e7b68,true,tests/test_pubsub.py::TestPubsub::test_idletime,100,100,100,0,false,always_pass,,results/idoft/Tale-tests_test_pubsub_py__testpubsub__test_idletime.json
linux_aio,https://github.com/isac322/linux_aio,,007d033b42703e9bb4d7cd99ca50e54108215d46,true,test/test_non_vector_rw.py::TestRW::test_02_read_w_non_zero_offset test/test_non_vector_rw.py::TestRW::test_02_read_2_str test/test_non_vector_rw.py::TestRW::test_02_read,100,100,0,100,false,always_fail,,results/idoft/linux_aio-test_test_non_vector_rw_py__testrw__test_02_read_w_non_zero_.json
bootstrap_env,https://github.com/jedie/bootstrap_env,NOD,ab68025d8f6b9a17d8feeed83e8aae26e3f28769,true,bootstrap_env/tests/test_boot.py::BootstrapEnvTestCase::test_setup,100,100,0,100,false,always_fail,,results/idoft/bootstrap_env-bootstrap_env_tests_test_boot_py__bootstrapenvtestcase__test.json
bootstrap_env,https://github.com/jedie/bootstrap_env,NOD,ab68025d8f6b9a17d8feeed83e8aae26e3f28769,true,bootstrap_env/tests/test_test_utils.py::BootstrapEnvTestCase::test_setup,100,100,0,100,false,always_fail,,results/idoft/bootstrap_env-bootstrap_env_tests_test_test_utils_py__bootstrapenvtestcase.json
l293d,https://github.com/jmsv/l293d,,e29d7397b4cde4d2d466f018279c2df7d2e84cd9,true,tests/test_l293d.py::L293DTestCase::test_create_motor_with_force_selection tests/test_l293d.py::L293DTestCase::test_motor_can_be_removed tests/test_l293d.py::L293DTestCase::test_pin_numbering_lock tests/test_l293d.py::L293DTestCase::test_pins_string_list,100,9,1,8,true,reproduced,,results/idoft/l293d-tests_test_l293d_py__l293dtestcase__test_create_motor_with_f.json
dynamic-conf,https://github.com/jnoortheen/dynamic-conf,NIO,42257f06a66765ac4f5de1c6a4637f4db779c5ab,true,tests/test_conf.py::test_singleton,100,100,1,1,true,reproduced,,results/idoft/dynamic-conf-tests_test_conf_py__test_singleton.json
joblib,https://github.com/joblib/joblib,NIO,440b1b899d357a9db6526ca87051a77963b33631,true,joblib/test/test_memory.py::test_argument_change,100,100,1,1,true,reproduced,,results/idoft/joblib-joblib_test_test_memory_py__test_argument_change.json
joblib,https://github.com/joblib/joblib,NIO,440b1b899d357a9db6526ca87051a77963b33631,true,joblib/test/test_memory.py::test_memory_file_modification,100,100,1,1,true,reproduced,,results/idoft/joblib-joblib_test_test_memory_py__test_memory_file_modification.json
Butter.MAS.PythonAPI,https://github.com/bennymeg/Butter.MAS.PythonAPI,NOD,f86ebe75df3826f62a268645cdbe4400b43fab07,true,butter/mas/tests/clients/client_udp_test.py::TestUdpClientApiMethods::testResumeAudio,100,100,0,100,false,always_fail,,results/idoft/Butter.MAS.PythonAPI-butter_mas_tests_clients_client_udp_test_py__testudpclientap.json
Flask-JWT-Router,https://github.com/joegasewicz/Flask-JWT-Router,NOD,0fb1e256c81409be6f08d8be12f07e5f58b4f914,true,tests/test_routing.py::TestRouting::test_api_named_routes,100,100,100,0,false,always_pass,,results/idoft/Flask-JWT-Router-tests_test_routing_py__testrouting__test_api_named_routes.json
Flask-JWT-Router,https://github.com/joegasewicz/Flask-JWT-Router,NOD,0fb1e256c81409be6f08d8be12f07e5f58b4f914,true,tests/test_routing.py::TestRouting::test_before_middleware,100,100,100,0,false,always_pass,,results/idoft/Flask-JWT-Router-tests_test_routing_py__testrouting__test_before_middleware.json
Flask-JWT-Router,https://github.com/joegasewicz/Flask-JWT-Router,NOD,0fb1e256c81409be6f08d8be12f07e5f58b4f914,true,tests/test_routing.py::TestRouting::test_handle_pre_flight_request,100,100,100,0,false,always_pass,,results/idoft/Flask-JWT-Router-tests_test_routing_py__testrouting__test_handle_pre_flight_r.json
Flask-JWT-Router,https://github.com/joegasewicz/Flask-JWT-Router,NOD,0fb1e256c81409be6f08d8be12f07e5f58b4f914,true,tests/test_routing.py::TestRouting::test_ignored_route_path,100,100,100,0,false,always_pass,,results/idoft/Flask-JWT-Router-tests_test_routing_py__testrouting__test_ignored_route_path.json
Flask-JWT-Router,https://github.com/joegasewicz/Flask-JWT-Router,NOD,0fb1e256c81409be6f08d8be12f07e5f58b4f914,true,tests/test_routing.py::TestRouting::test_jwt_route[jwt_router_client1-None-401],100,100,100,0,false,always_pass,,results/idoft/Flask-JWT-Router-tests_test_routing_py__testrouting__test_jwt_route_jwt_route.json
Flask-JWT-Router,https://github.com/joegasewicz/Flask-JWT-Router,NOD,0fb1e256c81409be6f08d8be12f07e5f58b4f914,true,tests/test_routing.py::TestRouting::test_jwt_route[jwt_router_client2-None-401],100,100,100,0,false,always_pass,,results/idoft/Flask-JWT-Router-tests_test_routing_py__testrouting__test_jwt_route_jwt_route.json
Flask-JWT-Router,https://github.com/joegasewicz/Flask-JWT-Router,NOD,0fb1e256c81409be6f08d8be12f07e5f58b4f914,true,tests/test_routing.py::TestRouting::test_static_client,100,100,100,0,false,always_pass,,results/idoft/Flask-JWT-Router-tests_test_routing_py__testrouting__test_static_client.json
Butter.MAS.PythonAPI,https://github.com/bennymeg/Butter.MAS.PythonAPI,NOD,f86ebe75df3826f62a268645cdbe4400b43fab07,true,butter/mas/tests/clients/client_udp_test.py::TestUdpClientApiMethods::testSetMotorRegister,100,100,0,100,false,always_fail,,results/idoft/Butter.MAS.PythonAPI-butter_mas_tests_clients_client_udp_test_py__testudpclientap.json
Flask-JWT-Router,https://github.com/joegasewicz/Flask-JWT-Router,NOD,0fb1e256c81409be6f08d8be12f07e5f58b4f914,true,tests/test_routing.py::TestRouting::test_static_routes,100,100,100,0,false,always_pass,,results/idoft/Flask-JWT-Router-tests_test_routing_py__testrouting__test_static_routes.json
Flask-JWT-Router,https://github.com/joegasewicz/Flask-JWT-Router,NOD,0fb1e256c81409be6f08d8be12f07e5f58b4f914,true,tests/test_routing.py::TestRouting::test_sub_paths,100,100,100,0,false,always_pass,,results/idoft/Flask-JWT-Router-tests_test_routing_py__testrouting__test_sub_paths.json
litedb,https://github.com/JonathanVusich/litedb,,c750b9045c353b7f57dddb028410ec67f8b23a46,true,tests/test_database/test_memory_database_hypothesis.py::TestMemoryDatabase::test_database_zelete tests/test_database/test_memory_database_hypothesis.py::TestMemoryDatabase::test_database_retrieve,100,100,0,100,false,always_fail,,results/idoft/litedb-tests_test_database_test_memory_database_hypothesis_py__test.json
geom,https://github.com/josiest/geom,NIO,d12b381706ee620cba1c6a6cb45ab7815e5a1dc9,true,test_geom.py::test_epsilon,100,100,1,1,true,reproduced,,results/idoft/geom-test_geom_py__test_epsilon.json
django-hug,https://github.com/jounderwood/django-hug,NIO,778b16f568ce9fdb01f360b7bff89c9d8b6c2ef7,true,tests/test_settings.py::test_camelcased_response_data_ok,100,100,0,1,false,always_fail,,results/idoft/django-hug-tests_test_settings_py__test_camelcased_response_data_ok.json
django-hug,https://github.com/jounderwood/django-hug,NIO,778b16f568ce9fdb01f360b7bff89c9d8b6c2ef7,true,tests/test_settings.py::test_register_request_formatters_ok,100,100,0,1,false,always_fail,,results/idoft/django-hug-tests_test_settings_py__test_register_request_formatters_ok.json
django-hug,https://github.com/jounderwood/django-hug,NIO,778b16f568ce9fdb01f360b7bff89c9d8b6c2ef7,true,tests/test_settings.py::test_register_response_formatters_ok,100,100,0,1,false,always_fail,,results/idoft/django-hug-tests_test_settings_py__test_register_response_formatters_ok.json
django-hug,https://github.com/jounderwood/django-hug,NIO,778b16f568ce9fdb01f360b7bff89c9d8b6c2ef7,true,tests/test_settings.py::test_response_additional_headers_ok,100,100,0,1,false,always_fail,,results/idoft/django-hug-tests_test_settings_py__test_response_additional_headers_ok.json
skelpy,https://github.com/june3474/skelpy,NIO,0e64eccdc5211dbec664e7d3f9d07c6020651b63,true,tests/test_helpers.py::test_remove_comment_line_in_file,100,100,1,1,true,reproduced,,results/idoft/skelpy-tests_test_helpers_py__test_remove_comment_line_in_file.json
skelpy,https://github.com/june3474/skelpy,NIO,0e64eccdc5211dbec664e7d3f9d07c6020651b63,true,tests/test_package.py::test_create_package_dir,100,100,1,1,true,reproduced,,results/idoft/skelpy-tests_test_package_py__test_create_package_dir.json
skelpy,https://github.com/june3474/skelpy,NIO,0e64eccdc5211dbec664e7d3f9d07c6020651b63,true,tests/test_package.py::test_write_init,100,100,1,1,true,reproduced,,results/idoft/skelpy-tests_test_package_py__test_write_init.json
skelpy,https://github.com/june3474/skelpy,NIO,0e64eccdc5211dbec664e7d3f9d07c6020651b63,true,tests/test_test.py::test_create_config_files,100,100,1,1,true,reproduced,,results/idoft/skelpy-tests_test_test_py__test_create_config_files.json
Butter.MAS.PythonAPI,https://github.com/bennymeg/Butter.MAS.PythonAPI,NOD,f86ebe75df3826f62a268645cdbe4400b43fab07,true,butter/mas/tests/clients/client_udp_test.py::TestUdpClientApiMethods::testStopAnimation,100,100,100,0,false,always_pass,,results/idoft/Butter.MAS.PythonAPI-butter_mas_tests_clients_client_udp_test_py__testudpclientap.json
regex4ocr,https://github.com/juntossomosmais/regex4ocr,NIO,9f96e9c6fe6ffc3e1452b23103fdfa6a0f1dcede,true,tests/integration/test_type_casting.py::test_validate_types_no_removal,100,100,1,1,true,reproduced,,results/idoft/regex4ocr-tests_integration_test_type_casting_py__test_validate_types_.json
Fireworks,https://github.com/kellylab/Fireworks,NIO,ff027cd8d1b8ce5eec6a37d786e7de675d8c0849,true,fireworks/core/message_test.py::test_Message_set_get,100,100,0,1,false,always_fail,,results/idoft/Fireworks-fireworks_core_message_test_py__test_message_set_get.json
engfmt,https://github.com/kenkundert/engfmt,NIO,b908ef69aa7941e561019e24f969703f3234753b,true,test_quantity.py::test_number_recognition,100,100,1,1,true,reproduced,,results/idoft/engfmt-test_quantity_py__test_number_recognition.json
engfmt,https://github.com/kenkundert/engfmt,NIO,b908ef69aa7941e561019e24f969703f3234753b,true,test_text_processing.py::test_text_processing,100,100,1,1,true,reproduced,,results/idoft/engfmt-test_text_processing_py__test_text_processing.json
jivago,https://github.com/keotl/jivago,,685ec933f3b840b6d9dc6db35728ac0b7fcba229,true,test/inject/test_provider_binder.py::ProviderBinderTest::test_givenProviderFunctionWithReturnType_whenInitializingServiceLocator_thenFunctionIsBoundByReturnType,100,100,100,0,false,always_pass,,results/idoft/jivago-test_inject_test_provider_binder_py__providerbindertest__tes.json
kevinarpe-rambutan3,https://github.com/kevinarpe/kevinarpe-rambutan3,NOD,5d7469912b559338dc15f5c7fb2abc91103ea0c5,true,tests/check_args/base/test_RNotNoneTypeMatcher.py::test_eq_ne_hash,100,27,26,1,true,reproduced,,results/idoft/kevinarpe-rambutan3-tests_check_args_base_test_rnotnonetypematcher_py__test_eq_n.json
RandomFileTree,https://github.com/klieret/RandomFileTree,NOD,aaaa975ae61afa6f0f5b481ebafcfa0f0216e471,true,randomfiletree/test/test_core.py::TestTreeCreation::test_create_random_dirs,100,26,25,1,true,reproduced,,results/idoft/RandomFileTree-randomfiletree_test_test_core_py__testtreecreation__test_cre.json
pyps4-2ndscreen,https://github.com/ktnrg45/pyps4-2ndscreen,NIO,457dc9c3f04017569d52bae7390ea2fc54e96ce5,true,tests/test_media_art.py::test_result_item_missing_data,100,100,0,1,false,always_fail,,results/idoft/pyps4-2ndscreen-tests_test_media_art_py__test_result_item_missing_data.json
tunacell,https://github.com/LeBarbouze/tunacell,NIO,837d57e1e6caeddf2e6bcdd2db2986fb456dd605,true,tunacell/tests/test_filters.py::test_unroll,100,100,1,1,true,reproduced,,results/idoft/tunacell-tunacell_tests_test_filters_py__test_unroll.json
pyswarms,https://github.com/ljvmiranda921/pyswarms,NOD,08756526f39699eef28e515cac2ead17cef55710,true,tests/optimizers/test_local_best.py::TestLocalBestOptimizer::test_obj_with_kwargs,100,100,0,100,false,always_fail,,results/idoft/pyswarms-tests_optimizers_test_local_best_py__testlocalbestoptimizer_.json
lithoxyl,https://github.com/mahmoud/lithoxyl,NOD,9961553a065a1ad8bb7a2407fe74f2cfd6c79a20,true,lithoxyl/tests/test_stats.py::test_momentacc_norm,100,2,1,1,true,reproduced,,results/idoft/lithoxyl-lithoxyl_tests_test_stats_py__test_momentacc_norm.json
dame,https://github.com/malpunek/dame,NOD,d6568d3088dd0a8b87eb5d278e04ab857a622418,true,tests/test_versionable.py::test_basic,100,100,100,0,false,always_pass,,results/idoft/dame-tests_test_versionable_py__test_basic.json
dame,https://github.com/malpunek/dame,NOD,d6568d3088dd0a8b87eb5d278e04ab857a622418,true,tests/test_versionable.py::test_params,100,100,100,0,false,always_pass,,results/idoft/dame-tests_test_versionable_py__test_params.json
Butter.MAS.PythonAPI,https://github.com/bennymeg/Butter.MAS.PythonAPI,NOD,f86ebe75df3826f62a268645cdbe4400b43fab07,true,butter/mas/tests/clients/client_udp_test.py::TestUdpClientApiMethods::testStopAudio,100,100,100,0,false,always_pass,,results/idoft/Butter.MAS.PythonAPI-butter_mas_tests_clients_client_udp_test_py__testudpclientap.json
bluebees,https://github.com/matheuswhite/bluebees,NOD,ca18ee6dae60393480bac3893038790957727748,true,tests/test_application_data.py::test_cleanup,100,100,0,100,false,always_fail,,results/idoft/bluebees-tests_test_application_data_py__test_cleanup.json
logzero,https://github.com/metachris/logzero,,bc19173105561650bfdd0ae22d1bb0d9dcb1be99,true,tests/test_json.py::test_json,100,100,100,0,false,always_pass,,results/idoft/logzero-tests_test_json_py__test_json.json
logzero,https://github.com/metachris/logzero,NIO,b5d49fc2b118c370994c4ae5360d7c246d43ddc8,true,tests/test_logzero.py::test_write_to_logfile_and_stderr,100,100,1,1,true,reproduced,,results/idoft/logzero-tests_test_logzero_py__test_write_to_logfile_and_stderr.json
stowage,https://github.com/michaelpb/stowage,NIO,7c619be755b9b73fd202367bcf9014472f318834,true,test/test_stowage.py::TestPathGenerators::test_partially_needed_symlink_walk,100,100,1,1,true,reproduced,,results/idoft/stowage-test_test_stowage_py__testpathgenerators__test_partially_nee.json
fanstatic-tools,https://github.com/MiCHiLU/fanstatic-tools,NIO,c075a2195c8138d103b72ef8445ef08f2a865984,true,fanstatic/test_core.py::test_register_inclusion_renderer,100,100,1,1,true,reproduced,,results/idoft/fanstatic-tools-fanstatic_test_core_py__test_register_inclusion_renderer.json
bluebees,https://github.com/matheuswhite/bluebees,NOD,ca18ee6dae60393480bac3893038790957727748,true,tests/test_file_helper.py::test_cleanup,100,100,0,100,false,always_fail,,results/idoft/bluebees-tests_test_file_helper_py__test_cleanup.json
knack,https://github.com/microsoft/knack,,d407b81d451d36c6ca1baeb3cd067a3f1275cb85,true,tests/test_cli_scenarios.py::TestCLIScenarios::test_case_insensitive_command_path tests/test_command_with_configured_defaults.py::TestCommandWithConfiguredDefaults::test_no_configured_default_on_required_arg tests/test_deprecation.py::TestArgumentDeprecation::test_deprecate_arguments_execute_expired tests/test_deprecation.py::TestArgumentDeprecation::test_deprecate_options_execute_expired tests/test_help.py::TestHelp::test_help_extra_params tests/test_help.py::TestHelp::test_help_missing_params,100,100,100,0,false,always_pass,,results/idoft/knack-tests_test_cli_scenarios_py__testcliscenarios__test_case_ins.json
bluebees,https://github.com/matheuswhite/bluebees,NOD,ca18ee6dae60393480bac3893038790957727748,true,tests/test_network_data.py::test_cleanup,100,100,0,100,false,always_fail,,results/idoft/bluebees-tests_test_network_data_py__test_cleanup.json
flask-rest-jsonapi,https://github.com/miLibris/flask-rest-jsonapi,NIO,b44bc08b11213d49fadae873650d3555889052ec,true,tests/test_sqlalchemy_data_layer.py::test_api,100,100,0,1,false,always_fail,,results/idoft/flask-rest-jsonapi-tests_test_sqlalchemy_data_layer_py__test_api.json
flask-rest-jsonapi,https://github.com/miLibris/flask-rest-jsonapi,NIO,b44bc08b11213d49fadae873650d3555889052ec,true,tests/test_sqlalchemy_data_layer.py::test_api_resources,100,100,0,1,false,always_fail,,results/idoft/flask-rest-jsonapi-tests_test_sqlalchemy_data_layer_py__test_api_resources.json
bluebees,https://github.com/matheuswhite/bluebees,NOD,ca18ee6dae60393480bac3893038790957727748,true,tests/test_node_data.py::test_cleanup,100,100,0,100,false,always_fail,,results/idoft/bluebees-tests_test_node_data_py__test_cleanup.json
configaro,https://github.com/mojochao/configaro,NOD,d7b432fb2f99c4cb3c3208082f0afff62454c83d,true,tests/test_configaro.py::test_get,100,100,0,100,false,always_fail,,results/idoft/configaro-tests_test_configaro_py__test_get.json
OccamTools,https://github.com/mortele/OccamTools,,fcaaac4fb7257605d5675c1a66f6a020373258a8,true,test/test_occam_data.py::test_occam_data_not_save_to_npy,100,100,0,100,false,always_fail,,results/idoft/OccamTools-test_test_occam_data_py__test_occam_data_not_save_to_npy.json
PyPOM,https://github.com/mozilla/PyPOM,NIO,9cb84df9d27b428b4e7423d1bbe6502e92990154,true,tests/test_driver.py::test_register_driver,100,100,0,1,false,always_fail,,results/idoft/PyPOM-tests_test_driver_py__test_register_driver.json
neon,https://github.com/mrmechko/neon,,42ad78e3d79583a93abce6d06b81dafc29017514,true,tests/basic_tests.py::test_dont_memoize,100,100,0,100,false,always_fail,,results/idoft/neon-tests_basic_tests_py__test_dont_memoize.json
yamicache,https://github.com/mtik00/yamicache,NIO,1109d08b18be94bdee55e113309f7be29f25d840,true,tests/test_collide.py::test_avoid_collision,100,100,1,1,true,reproduced,,results/idoft/yamicache-tests_test_collide_py__test_avoid_collision.json
napalm,https://github.com/napalm-automation/napalm,NIO,78a20a841f71fca8d9e7da04c4d21e58d365ca45,true,test_unit.py::test__compare_getter_list,100,100,0,1,false,always_fail,,results/idoft/napalm-test_unit_py__test__compare_getter_list.json
compare-mt,https://github.com/neulab/compare-mt,NOD,92502b30b1f228773179a01dd86fe1b8dfd400e5,true,tests/test_cache.py::TestScoreCache::test_score_cache_bootstrap,100,100,0,100,false,always_fail,,results/idoft/compare-mt-tests_test_cache_py__testscorecache__test_score_cache_bootst.json
pytube,https://github.com/nficano/pytube,NIO,b610f399722e001e99ee88d3673c148d903c5948,true,tests/test_streams.py::test_on_progress_hook,100,100,1,1,true,reproduced,,results/idoft/pytube-tests_test_streams_py__test_on_progress_hook.json
pygsheets,https://github.com/nithinmurali/pygsheets,NIO,b34fb501f9c5d85b31a66a6ee9cd8789c79fc7a6,true,tests/online_test.py::TestCell::test_link,100,100,0,1,false,always_fail,,results/idoft/pygsheets-tests_online_test_py__testcell__test_link.json
pygsheets,https://github.com/nithinmurali/pygsheets,NIO,48158e3a2c20d8b84a28b117ae1024bd4dedee08,true,tests/online_test.py::TestCell::test_wrap_strategy,100,100,0,1,false,always_fail,,results/idoft/pygsheets-tests_online_test_py__testcell__test_wrap_strategy.json
IOCynergy,https://github.com/omersaraf/IOCynergy,NIO,1821423680f741d8ca06bcc6a02c8b21156f9ba0,true,cynergy/tests/test_life_cycle.py::test_multi,100,100,1,1,true,reproduced,,results/idoft/IOCynergy-cynergy_tests_test_life_cycle_py__test_multi.json
lib-cove,https://github.com/OpenDataServices/lib-cove,,b86ac38c63e94a1262554a13e4c8ac9d95fa8a20,true,tests/lib/test_converters.py::test_convert_activity_xml_1 tests/lib/test_converters.py::test_convert_org_xml_1,100,100,100,0,false,always_pass,,results/idoft/lib-cove-tests_lib_test_converters_py__test_convert_activity_xml_1_te.json
vcdriver,https://github.com/Osirium/vcdriver,NIO,2f311df9a73c82b5837d01bac16a10eb4db955eb,true,test/unit/test_config.py::test_read,100,100,0,1,false,always_fail,,results/idoft/vcdriver-test_unit_test_config_py__test_read.json
yamicache,https://github.com/mtik00/yamicache,NOD,1109d08b18be94bdee55e113309f7be29f25d840,true,tests/test_gc.py::test_deco_timeout,100,100,100,0,false,always_pass,,results/idoft/yamicache-tests_test_gc_py__test_deco_timeout.json
dzonegit,https://github.com/oskar456/dzonegit,NIO,8f952086aa41aee4ebb7432926ed8c6a9211ac9f,true,test_dzonegit.py::test_get_head,100,100,0,1,false,always_fail,,results/idoft/dzonegit-test_dzonegit_py__test_get_head.json
yamicache,https://github.com/mtik00/yamicache,NIO,1109d08b18be94bdee55e113309f7be29f25d840,true,tests/test_noclass.py::test_main,100,100,1,1,true,reproduced,,results/idoft/yamicache-tests_test_noclass_py__test_main.json
yamicache,https://github.com/mtik00/yamicache,NIO,1109d08b18be94bdee55e113309f7be29f25d840,true,tests/test_serialization.py::test_serialization,100,100,1,1,true,reproduced,,results/idoft/yamicache-tests_test_serialization_py__test_serialization.json
metcli,https://github.com/ozzywalsh/metcli,,e84c9f2a055e62a5d5c8c37cd04e43d7f2f677cf,true,metcli/test_metcli.py::test_met_request_should_handle_connection_problem metcli/test_metcli.py::test_met_request_should_return_dict,100,100,100,0,false,always_pass,,results/idoft/metcli-metcli_test_metcli_py__test_met_request_should_handle_connec.json
do-the-webp,https://github.com/pedrovanzella/do-the-webp,NIO,09b372de1c4f1d73d9284517c57c0d869f55144b,true,tests/test_compressor.py::test_compress_dir,100,100,0,1,false,always_fail,,results/idoft/do-the-webp-tests_test_compressor_py__test_compress_dir.json
docker-pretty-ps,https://github.com/politeauthority/docker-pretty-ps,NIO,2fcc9db4e391df2b96ccc2e967b41b6263fdcc2d,true,tests/test_dockerprettyps.py::TestDockerPrettyPs::test_give_json,100,100,1,1,true,reproduced,,results/idoft/docker-pretty-ps-tests_test_dockerprettyps_py__testdockerprettyps__test_give_.json
serpextract,https://github.com/Parsely/serpextract,NOD,e156430b32eb833686820f490dbcdd989f27baa2,true,test_serps.py::TestSERPs::test_mojeek,100,100,0,100,false,always_fail,,results/idoft/serpextract-test_serps_py__testserps__test_mojeek.json
benchbuild,https://github.com/PolyJIT/benchbuild,NIO,2ab959e84fc9119813c46de1034ffaefc2ee391b,true,tests/integration/test_cli_slurm.py::test_slurm_command,100,100,0,1,false,always_fail,,results/idoft/benchbuild-tests_integration_test_cli_slurm_py__test_slurm_command.json
noipy,https://github.com/povieira/noipy,,a95f94f98e9550045d741b15501e7360c2623543,true,test/test_noipy.py::SanityTest::test_get_ip,100,100,100,0,false,always_pass,,results/idoft/noipy-test_test_noipy_py__sanitytest__test_get_ip.json
cloud-validation-framework,https://github.com/prancer-io/cloud-validation-framework,NOD,94522590d9881a5125d81da701a65f7f63383c0d,true,tests/processor/connector/test_snapshot_azure.py::test_get_node_happy,100,100,0,100,false,always_fail,,results/idoft/cloud-validation-framework-tests_processor_connector_test_snapshot_azure_py__test_get_n.json
cloud-validation-framework,https://github.com/prancer-io/cloud-validation-framework,NOD,94522590d9881a5125d81da701a65f7f63383c0d,true,tests/processor/connector/test_snapshot_azure.py::test_get_version_for_type,100,100,0,100,false,always_fail,,results/idoft/cloud-validation-framework-tests_processor_connector_test_snapshot_azure_py__test_get_v.json
cloud-validation-framework,https://github.com/prancer-io/cloud-validation-framework,NOD,94522590d9881a5125d81da701a65f7f63383c0d,true,tests/processor/helper/config/test_config_utils.py::test_framework_config,100,100,0,100,false,always_fail,,results/idoft/cloud-validation-framework-tests_processor_helper_config_test_config_utils_py__test_fra.json
cloud-validation-framework,https://github.com/prancer-io/cloud-validation-framework,NOD,94522590d9881a5125d81da701a65f7f63383c0d,true,tests/processor/helper/config/test_config_utils.py::test_framework_dir,100,100,0,100,false,always_fail,,results/idoft/cloud-validation-framework-tests_processor_helper_config_test_config_utils_py__test_fra.json
cloud-validation-framework,https://github.com/prancer-io/cloud-validation-framework,NOD,94522590d9881a5125d81da701a65f7f63383c0d,true,tests/processor/helper/config/test_config_utils.py::test_get_config_data,100,100,0,100,false,always_fail,,results/idoft/cloud-validation-framework-tests_processor_helper_config_test_config_utils_py__test_get.json
cloud-validation-framework,https://github.com/prancer-io/cloud-validation-framework,NOD,94522590d9881a5125d81da701a65f7f63383c0d,true,tests/processor/helper/config/test_config_utils.py::test_get_solution_dir,100,100,0,100,false,always_fail,,results/idoft/cloud-validation-framework-tests_processor_helper_config_test_config_utils_py__test_get.json
cloud-validation-framework,https://github.com/prancer-io/cloud-validation-framework,NOD,94522590d9881a5125d81da701a65f7f63383c0d,true,tests/processor/helper/config/test_config_utils.py::test_get_test_json_dir,100,100,0,100,false,always_fail,,results/idoft/cloud-validation-framework-tests_processor_helper_config_test_config_utils_py__test_get.json
cloud-validation-framework,https://github.com/prancer-io/cloud-validation-framework,NOD,94522590d9881a5125d81da701a65f7f63383c0d,true,tests/processor/helper/config/test_rundata_utils.py::test_init_config,100,100,0,100,false,always_fail,,results/idoft/cloud-validation-framework-tests_processor_helper_config_test_rundata_utils_py__test_in.json
cloud-validation-framework,https://github.com/prancer-io/cloud-validation-framework,NOD,94522590d9881a5125d81da701a65f7f63383c0d,true,tests/processor/helper/httpapi/test_restapi_azure.py::test_web_client_data,100,100,0,100,false,always_fail,,results/idoft/cloud-validation-framework-tests_processor_helper_httpapi_test_restapi_azure_py__test_w.json
cloud-validation-framework,https://github.com/prancer-io/cloud-validation-framework,NOD,94522590d9881a5125d81da701a65f7f63383c0d,true,tests/processor/template_processor/base/test_base_template_processor.py::test_populate_template_snapshot_false,100,100,0,100,false,always_fail,,results/idoft/cloud-validation-framework-tests_processor_template_processor_base_test_base_template_p.json
limitediterables,https://github.com/Poogles/limitediterables,,3ce3bc28d5c4092db3d5499ad60339c007f4c0e0,true,tests/test_iterables.py::test_rate_limit_negative tests/test_iterables.py::test_rate_limit,100,100,0,100,false,always_fail,,results/idoft/limitediterables-tests_test_iterables_py__test_rate_limit_negative_tests_test.json
pydu,https://github.com/Prodesire/pydu,NOD,4a1c2f15f7274d5079fb08b02ab1dbe08c0cefef,true,tests/test_network.py::test_get_free_port,100,100,100,0,false,always_pass,,results/idoft/pydu-tests_test_network_py__test_get_free_port.json
pydu,https://github.com/Prodesire/pydu,NIO,4a1c2f15f7274d5079fb08b02ab1dbe08c0cefef,true,tests/test_request.py::test_check_connect,100,100,1,1,true,reproduced,,results/idoft/pydu-tests_test_request_py__test_check_connect.json
pydu,https://github.com/Prodesire/pydu,NIO,4a1c2f15f7274d5079fb08b02ab1dbe08c0cefef,true,tests/test_system.py::TestWhich::test_cmd_path,100,100,1,1,true,reproduced,,results/idoft/pydu-tests_test_system_py__testwhich__test_cmd_path.json
upaas-common,https://github.com/prymitive/upaas-common,NIO,7a7d9ffb385151092c637c3ef500a79623c005ae,true,tests/test_storage_local.py::test_dir_exists,100,100,0,1,false,always_fail,,results/idoft/upaas-common-tests_test_storage_local_py__test_dir_exists.json
zenmake,https://github.com/pustotnik/zenmake,NIO,6cff05114cea34fc204d9e95422f11dc25cd1228,true,tests/test_waf_assist.py::testUsedWafTaskKeys,100,100,1,1,true,reproduced,,results/idoft/zenmake-tests_test_waf_assist_py__testusedwaftaskkeys.json
pyglet,https://github.com/pyglet/pyglet,NIO,9c2b638f7474045d7db6578924e4f96324ea7158,true,tests/unit/test_clock_fps.py::test_compute_fps,100,100,0,1,false,always_fail,,results/idoft/pyglet-tests_unit_test_clock_fps_py__test_compute_fps.json
pyglet,https://github.com/pyglet/pyglet,NIO,9c2b638f7474045d7db6578924e4f96324ea7158,true,tests/unit/test_clock_fps.py::test_first_tick_is_delta_zero,100,100,0,1,false,always_fail,,results/idoft/pyglet-tests_unit_test_clock_fps_py__test_first_tick_is_delta_zero.json
pyglet,https://github.com/pyglet/pyglet,NIO,9c2b638f7474045d7db6578924e4f96324ea7158,true,tests/unit/test_clock_fps.py::test_start_at_zero_fps,100,100,0,1,false,always_fail,,results/idoft/pyglet-tests_unit_test_clock_fps_py__test_start_at_zero_fps.json
python-dugong,https://github.com/python-dugong/python-dugong,NIO,00dd4d5aab6eddb116cace2829a9f93bda153664,true,test/test_aio.py::test_aio_future,100,100,0,1,false,always_fail,,results/idoft/python-dugong-test_test_aio_py__test_aio_future.json
kanren,https://github.com/pythological/kanren,NOD,bacc7eb5895c348e348c1b5291ddf188f88c5c88,true,tests/test_assoccomm.py::test_eq_assoccomm,100,100,100,0,false,always_pass,,results/idoft/kanren-tests_test_assoccomm_py__test_eq_assoccomm.json
schemaindex,https://github.com/qiyangduan/schemaindex,NOD,83bfb96c78d194370b068e11f89a9e4d6af48a46,true,test/test_plugin_mysql_hdfs.py::test_plugin_hdfs_add,100,100,0,100,false,always_fail,,results/idoft/schemaindex-test_test_plugin_mysql_hdfs_py__test_plugin_hdfs_add.json
fitbert,https://github.com/Qordobacode/fitbert,NIO,4b0f2f3f47e5a3fea0ee59d65f71c44b830a93d9,true,fitbert/tests.py::test_delemmatizes_lemmas,100,100,1,1,true,reproduced,,results/idoft/fitbert-fitbert_tests_py__test_delemmatizes_lemmas.json
fitbert,https://github.com/Qordobacode/fitbert,NIO,4b0f2f3f47e5a3fea0ee59d65f71c44b830a93d9,true,fitbert/tests.py::test_delemmatizes_non_lemmas,100,100,1,1,true,reproduced,,results/idoft/fitbert-fitbert_tests_py__test_delemmatizes_non_lemmas.json
schemaindex,https://github.com/qiyangduan/schemaindex,NIO,83bfb96c78d194370b068e11f89a9e4d6af48a46,true,test/test_plugin_mysql_hdfs.py::test_plugin_loading,100,100,1,1,true,reproduced,,results/idoft/schemaindex-test_test_plugin_mysql_hdfs_py__test_plugin_loading.json
schemaindex,https://github.com/qiyangduan/schemaindex,NIO,83bfb96c78d194370b068e11f89a9e4d6af48a46,true,test/test_plugin_mysql_hdfs.py::test_plugin_mysql_add,100,100,1,1,true,reproduced,,results/idoft/schemaindex-test_test_plugin_mysql_hdfs_py__test_plugin_mysql_add.json
qlmetrics,https://github.com/QsonLabs/qlmetrics,NOD,3a4cc70bb68ef9b476aaee562b82a4d54acfd826,true,tests/test_bench.py::TestBenchmarkMemory::test_bench_as_decorator_trackmem_does_print_timing_info_to_stdout_in_non_default,100,100,0,100,false,always_fail,,results/idoft/qlmetrics-tests_test_bench_py__testbenchmarkmemory__test_bench_as_deco.json
pyradigm,https://github.com/raamana/pyradigm,NIO,01d47cf34a9af4bb104e2891559059a522221b4d,true,pyradigm/tests/test_BaseDataset_common_behaviours.py::test_sanity_checks,100,100,0,1,false,always_fail,,results/idoft/pyradigm-pyradigm_tests_test_basedataset_common_behaviours_py__test_s.json
PyGraph,https://github.com/Rickecr/PyGraph,NIO,e81c3a0f543f5bfcda1a603c6dcecde13d582c57,true,__tests__/test_simple_graph.py::TestSimpleGraph::test_add_vertex,100,100,1,1,true,reproduced,,results/idoft/PyGraph-__tests___test_simple_graph_py__testsimplegraph__test_add_ve.json
PyGraph,https://github.com/Rickecr/PyGraph,NIO,e81c3a0f543f5bfcda1a603c6dcecde13d582c57,true,__tests__/test_simple_graph.py::TestSimpleGraph::test_num_vertex,100,100,1,1,true,reproduced,,results/idoft/PyGraph-__tests___test_simple_graph_py__testsimplegraph__test_num_ve.json
PyGraph,https://github.com/Rickecr/PyGraph,NIO,e81c3a0f543f5bfcda1a603c6dcecde13d582c57,true,__tests__/test_simple_graph.py::TestSimpleGraph::test_vertex_neighbors,100,100,1,1,true,reproduced,,results/idoft/PyGraph-__tests___test_simple_graph_py__testsimplegraph__test_vertex.json
basic_auth,https://github.com/rorymurdock/basic_auth,NOD,622f2133c13988cec549f4ea55bed14e50f90876,true,tests/test_basic.py::test_read_config,100,100,0,100,false,always_fail,,results/idoft/basic_auth-tests_test_basic_py__test_read_config.json
kafkian,https://github.com/saabeilin/kafkian,NIO,79eb88b874876632590fea48afcab09592c717dd,true,tests/unit/test_consumer_errors.py::test_consumer_generator_raises_and_closed_on_error,100,100,1,1,true,reproduced,,results/idoft/kafkian-tests_unit_test_consumer_errors_py__test_consumer_generator_.json
pyTrnsysType,https://github.com/samuelduchesne/pyTrnsysType,NIO,6cf552e4ccd66f7b728e84654e580befe2061114,true,tests/test_xml.py::TestTrnsysModel::test_connect_eqcollection_to_type,100,100,0,1,false,always_fail,,results/idoft/pyTrnsysType-tests_test_xml_py__testtrnsysmodel__test_connect_eqcollectio.json
pyTrnsysType,https://github.com/samuelduchesne/pyTrnsysType,NIO,6cf552e4ccd66f7b728e84654e580befe2061114,true,tests/test_xml.py::TestTrnsysModel::test_copy_trnsys_model,100,100,0,1,false,always_fail,,results/idoft/pyTrnsysType-tests_test_xml_py__testtrnsysmodel__test_copy_trnsys_model.json
pyTrnsysType,https://github.com/samuelduchesne/pyTrnsysType,NIO,6cf552e4ccd66f7b728e84654e580befe2061114,true,tests/test_xml.py::TestTrnsysModel::test_cycles_2,100,100,0,1,false,always_fail,,results/idoft/pyTrnsysType-tests_test_xml_py__testtrnsysmodel__test_cycles_2.json
lazypr,https://github.com/sanjaz/lazypr,,226895868769f613d9e905f265a4fd7c421d2fd4,true,tests/test_config.py::TestConfig::test_get_default_config_file_path,100,100,100,0,false,always_pass,,results/idoft/lazypr-tests_test_config_py__testconfig__test_get_default_config_fi.json
ChainConsumer,https://github.com/Samreay/ChainConsumer,NOD,5606696525d91f11d8093085934fa352b98ce97c,true,tests/test_analysis.py::test_summary_power,100,100,0,100,false,always_fail,,results/idoft/ChainConsumer-tests_test_analysis_py__test_summary_power.json
eppy,https://github.com/santoshphilip/eppy,NIO,98e58583dce6c0fcec9c7b1ff1142bae0a67ddc7,true,eppy/tests/EPlusInterfaceFunctions_tests/test_iddgroups.py::test_group2commlst,100,100,1,1,true,reproduced,,results/idoft/eppy-eppy_tests_eplusinterfacefunctions_tests_test_iddgroups_py__.json
eppy,https://github.com/santoshphilip/eppy,NIO,98e58583dce6c0fcec9c7b1ff1142bae0a67ddc7,true,eppy/tests/test_examples.py::test_addobject,100,100,1,1,true,reproduced,,results/idoft/eppy-eppy_tests_test_examples_py__test_addobject.json
eppy,https://github.com/santoshphilip/eppy,NIO,98e58583dce6c0fcec9c7b1ff1142bae0a67ddc7,true,eppy/tests/test_examples.py::test_pythonic,100,100,1,1,true,reproduced,,results/idoft/eppy-eppy_tests_test_examples_py__test_pythonic.json
eppy,https://github.com/santoshphilip/eppy,NIO,98e58583dce6c0fcec9c7b1ff1142bae0a67ddc7,true,eppy/tests/test_idfreader.py::test_convertallfields,100,100,1,1,true,reproduced,,results/idoft/eppy-eppy_tests_test_idfreader_py__test_convertallfields.json
spidermon,https://github.com/scrapinghub/spidermon,NOD,d58090de7c0fcb656fc4daa19b6119df95df57d6,true,test_validators_schematics.py::test_choices,100,100,0,100,false,always_fail,,results/idoft/spidermon-test_validators_schematics_py__test_choices.json
pydrobert-gpyopt,https://github.com/sdrobert/pydrobert-gpyopt,NOD,ce2699ca89687f848c2a86db44eed125d65886de,true,test_gpyopt.py::test_strings_are_provided,100,100,0,100,false,always_fail,,results/idoft/pydrobert-gpyopt-test_gpyopt_py__test_strings_are_provided.json
keepassxc-pwned,https://github.com/seanbreckenridge/keepassxc-pwned,NIO,aead83c1749b62006a28526905d8fee5cd2ae902,true,tests/test_user_input.py::test_user_input_password_not_found,100,100,0,1,false,always_fail,,results/idoft/keepassxc-pwned-tests_test_user_input_py__test_user_input_password_not_found.json
event-bus,https://github.com/seanpar203/event-bus,NIO,5353d6472926a299ab4f3a8c33114a725d5b7639,true,tests/test_event_emit.py::test_event_emit,100,100,1,1,true,reproduced,,results/idoft/event-bus-tests_test_event_emit_py__test_event_emit.json
event-bus,https://github.com/seanpar203/event-bus,NIO,5353d6472926a299ab4f3a8c33114a725d5b7639,true,tests/test_subscribed_removal.py::test_suscribed_event_was_removed,100,100,1,1,true,reproduced,,results/idoft/event-bus-tests_test_subscribed_removal_py__test_suscribed_event_was_r.json
ruTS,https://github.com/SergeyShk/ruTS,NOD,af02f627d9022f0f4825d9bed4ffc97d3d329f2d,true,tests/test_utils.py::test_extract_archive,100,100,0,100,false,always_fail,,results/idoft/ruTS-tests_test_utils_py__test_extract_archive.json
mlconjug,https://github.com/SekouD/mlconjug,,840e990bd96b56785a68712e9729582ede168ec2,true,tests/test_mlconjug.py::TestConjugator::test_conjugate tests/test_mlconjug.py::TestModel::test_predict,100,100,0,100,false,always_fail,,results/idoft/mlconjug-tests_test_mlconjug_py__testconjugator__test_conjugate_tests.json
anonapi,https://github.com/sjoerdk/anonapi,NIO,5e70dfd9fcb7dcc4e2345a6a153d9530f4886e73,true,tests/test_cli_create.py::test_job_parameter_set,100,100,1,1,true,reproduced,,results/idoft/anonapi-tests_test_cli_create_py__test_job_parameter_set.json
TextBlob,https://github.com/sloria/TextBlob,NIO,6396e24e85af7462cbed648fee21db5082a1f3fb,true,tests/test_formats.py::TestRegistry::test_register,100,100,0,1,false,always_fail,,results/idoft/TextBlob-tests_test_formats_py__testregistry__test_register.json
feature_engine,https://github.com/solegalli/feature_engine,NIO,ba4d7050b3923d620c1773b66cd4c51ed24498dd,true,tests/test_missing_data_imputer.py::test_CategoricalVariableImputer,100,100,1,1,true,reproduced,,results/idoft/feature_engine-tests_test_missing_data_imputer_py__test_categoricalvariable.json
feature_engine,https://github.com/solegalli/feature_engine,NIO,ba4d7050b3923d620c1773b66cd4c51ed24498dd,true,tests/test_missing_data_imputer.py::test_RandomSampleImputer,100,100,1,1,true,reproduced,,results/idoft/feature_engine-tests_test_missing_data_imputer_py__test_randomsampleimputer.json
freezegun,https://github.com/spulec/freezegun,NIO,b46da782a7a051081fd51577749cfc0074db0cc6,true,tests/test_class_import.py::test_import_after_start,100,100,1,1,true,reproduced,,results/idoft/freezegun-tests_test_class_import_py__test_import_after_start.json
licenraptor,https://github.com/starofrainnight/licenraptor,NOD,ed543a2b43b75d733579509a78161928ac29234c,true,tests/test_db.py::TestRegisterFind::test_exisitng[MIT],100,100,0,100,false,always_fail,,results/idoft/licenraptor-tests_test_db_py__testregisterfind__test_exisitng_mit_.json
m3u-dump,https://github.com/stateya/m3u-dump,NIO,1ec3eeedb4c650af76c6c66859375ca2d2a6e1bc,true,tests/test_m3u_dump.py::test_command_line_already_playlist,100,100,1,1,true,reproduced,,results/idoft/m3u-dump-tests_test_m3u_dump_py__test_command_line_already_playlist.json
licenraptor,https://github.com/starofrainnight/licenraptor,NOD,ed543a2b43b75d733579509a78161928ac29234c,true,tests/test_db.py::TestRegisterFind::test_nonexisting,100,100,0,100,false,always_fail,,results/idoft/licenraptor-tests_test_db_py__testregisterfind__test_nonexisting.json
licenraptor,https://github.com/starofrainnight/licenraptor,NOD,ed543a2b43b75d733579509a78161928ac29234c,true,tests/test_db.py::TestRegisterFind::test_register_no_id,100,100,0,100,false,always_fail,,results/idoft/licenraptor-tests_test_db_py__testregisterfind__test_register_no_id.json
fparser,https://github.com/stfc/fparser,NOD,4be91d2e1078fa5588e84a3299131f297afba675,true,src/fparser/one/tests/test_block_stmts.py::test_implicit_topyf,100,100,0,100,false,always_fail,,results/idoft/fparser-src_fparser_one_tests_test_block_stmts_py__test_implicit_top.json
fparser,https://github.com/stfc/fparser,NIO,4be91d2e1078fa5588e84a3299131f297afba675,true,src/fparser/one/tests/test_parsefortran.py::test_log_cache,100,100,1,1,true,reproduced,,results/idoft/fparser-src_fparser_one_tests_test_parsefortran_py__test_log_cache.json
fparser,https://github.com/stfc/fparser,NIO,4be91d2e1078fa5588e84a3299131f297afba675,true,src/fparser/one/tests/test_parsefortran.py::test_log_empty,100,100,1,1,true,reproduced,,results/idoft/fparser-src_fparser_one_tests_test_parsefortran_py__test_log_empty.json
fparser,https://github.com/stfc/fparser,NIO,4be91d2e1078fa5588e84a3299131f297afba675,true,src/fparser/one/tests/test_parsefortran.py::test_log_failure,100,100,1,1,true,reproduced,,results/idoft/fparser-src_fparser_one_tests_test_parsefortran_py__test_log_failure.json
netutils-linux,https://github.com/strizhechenko/netutils-linux,,9561efe49edd0ab3db9496738167b6813e23489b,true,netutils_linux_tuning/test_rx_buffers.py::RxBuffersTuneTest::test_all,100,100,0,100,false,always_fail,,results/idoft/netutils-linux-netutils_linux_tuning_test_rx_buffers_py__rxbufferstunetest_.json
riemann,https://github.com/summa-tx/riemann,NOD,0fda32e783487572c869aaabc6af7adba01cbd00,true,riemann/tests/encoding/test_addresses.py::TestAddresses::test_make_p2pkh_address,100,100,100,0,false,always_pass,,results/idoft/riemann-riemann_tests_encoding_test_addresses_py__testaddresses__tes.json
symphony,https://github.com/SurrealAI/symphony,NIO,747b87eee20d48032b4a554950687d0b1209fd24,true,test/test_config.py::TestConfig::test_register,100,100,0,1,false,always_fail,,results/idoft/symphony-test_test_config_py__testconfig__test_register.json
riemann,https://github.com/summa-tx/riemann,NOD,0fda32e783487572c869aaabc6af7adba01cbd00,true,riemann/tests/encoding/test_addresses.py::TestAddresses::test_make_p2wsh_address,100,100,100,0,false,always_pass,,results/idoft/riemann-riemann_tests_encoding_test_addresses_py__testaddresses__tes.json
riemann,https://github.com/summa-tx/riemann,NOD,0fda32e783487572c869aaabc6af7adba01cbd00,true,riemann/tests/test_simple.py::TestSimple::test_output,100,100,100,0,false,always_pass,,results/idoft/riemann-riemann_tests_test_simple_py__testsimple__test_output.json
flask-sqlalchemy-booster,https://github.com/SuryaSankar/flask-sqlalchemy-booster,NIO,e43980e29a18e725d791b87ce1b677470bbaf22c,true,tests/test_view_boosters/test_todo_list_api/test_api_endpoints.py::test_multi_users_creation,100,100,0,1,false,always_fail,,results/idoft/flask-sqlalchemy-booster-tests_test_view_boosters_test_todo_list_api_test_api_endpoin.json
flask-sqlalchemy-booster,https://github.com/SuryaSankar/flask-sqlalchemy-booster,NIO,e43980e29a18e725d791b87ce1b677470bbaf22c,true,tests/test_view_boosters/test_todo_list_api/test_api_endpoints.py::test_user_creation,100,100,0,1,false,always_fail,,results/idoft/flask-sqlalchemy-booster-tests_test_view_boosters_test_todo_list_api_test_api_endpoin.json
flask-sqlalchemy-booster,https://github.com/SuryaSankar/flask-sqlalchemy-booster,NIO,e43980e29a18e725d791b87ce1b677470bbaf22c,true,tests/test_view_boosters/test_todo_list_api/test_relationship_updates.py::test_list_relationship_new_item,100,100,0,1,false,always_fail,,results/idoft/flask-sqlalchemy-booster-tests_test_view_boosters_test_todo_list_api_test_relationshi.json
riemann,https://github.com/summa-tx/riemann,NOD,0fda32e783487572c869aaabc6af7adba01cbd00,true,riemann/tests/test_simple.py::TestSimple::test_unsigned_legacy_tx,100,100,100,0,false,always_pass,,results/idoft/riemann-riemann_tests_test_simple_py__testsimple__test_unsigned_lega.json
riemann,https://github.com/summa-tx/riemann,NOD,0fda32e783487572c869aaabc6af7adba01cbd00,true,riemann/tests/tx/test_tx_builder.py::TestTxBuilder::test_make_p2wpkh_output_script,100,100,100,0,false,always_pass,,results/idoft/riemann-riemann_tests_tx_test_tx_builder_py__testtxbuilder__test_mak.json
multiindex,https://github.com/sushobhit27/multiindex,,b631e60bd47558eca9067a0dc87f0e713cddc6f2,true,multiindex/tests/test_multiindex.py multiindex/tests/test_multiindex_hashed_non_unique.py,100,68,1,67,true,reproduced,,results/idoft/multiindex-multiindex_tests_test_multiindex_py_multiindex_tests_test_mu.json
multiindex,https://github.com/sushobhit27/multiindex,NIO,b631e60bd47558eca9067a0dc87f0e713cddc6f2,true,multiindex/tests/test_multiindex.py::test_insert_overwrite,100,100,1,1,true,reproduced,,results/idoft/multiindex-multiindex_tests_test_multiindex_py__test_insert_overwrite.json
multiindex,https://github.com/sushobhit27/multiindex,NIO,b631e60bd47558eca9067a0dc87f0e713cddc6f2,true,multiindex/tests/test_multiindex.py::test_modify,100,100,1,1,true,reproduced,,results/idoft/multiindex-multiindex_tests_test_multiindex_py__test_modify.json
multiindex,https://github.com/sushobhit27/multiindex,NIO,b631e60bd47558eca9067a0dc87f0e713cddc6f2,true,multiindex/tests/test_multiindex_hashed_non_unique.py::test_modify,100,100,1,1,true,reproduced,,results/idoft/multiindex-multiindex_tests_test_multiindex_hashed_non_unique_py__test_.json
multiindex,https://github.com/sushobhit27/multiindex,NIO,b631e60bd47558eca9067a0dc87f0e713cddc6f2,true,multiindex/tests/test_multiindex_hashed_non_unique.py::test_remove,100,100,1,1,true,reproduced,,results/idoft/multiindex-multiindex_tests_test_multiindex_hashed_non_unique_py__test_.json
gitlab_stats,https://github.com/sylhare/gitlab_stats,NIO,157de3b703031ef0de39e187314133624f1ac1bb,true,tests/test_utils.py::UtilsTest::test_056_enhance_project_info,100,100,1,1,true,reproduced,,results/idoft/gitlab_stats-tests_test_utils_py__utilstest__test_056_enhance_project_inf.json
pythondi,https://github.com/teamhide/pythondi,NIO,913e6a60fc5d02c3db385ad322f970ecec36969b,true,tests/test_configure.py::test_configure,100,100,1,1,true,reproduced,,results/idoft/pythondi-tests_test_configure_py__test_configure.json
pydbvolve,https://github.com/Teamworksapp/pydbvolve,NIO,e18bb8cf98997c52de0cf30a8e106c480ba0bb57,true,tests/unittests/test_00_initialization.py::test_11_log_file,100,100,1,1,true,reproduced,,results/idoft/pydbvolve-tests_unittests_test_00_initialization_py__test_11_log_file.json
thundra-lambda-agent-python,https://github.com/thundra-io/thundra-lambda-agent-python,NIO,fcd1c2b0b309721d89bd35511bd6645ebd62a5bc,true,tests/plugins/log/test_log_plugin.py::test_log_plugin_with_initialization,100,100,0,1,false,always_fail,,results/idoft/thundra-lambda-agent-python-tests_plugins_log_test_log_plugin_py__test_log_plugin_with_i.json
thundra-lambda-agent-python,https://github.com/thundra-io/thundra-lambda-agent-python,NIO,fcd1c2b0b309721d89bd35511bd6645ebd62a5bc,true,tests/plugins/trace/test_traceable.py::test_trace_args,100,100,0,1,false,always_fail,,results/idoft/thundra-lambda-agent-python-tests_plugins_trace_test_traceable_py__test_trace_args.json
thundra-lambda-agent-python,https://github.com/thundra-io/thundra-lambda-agent-python,NIO,fcd1c2b0b309721d89bd35511bd6645ebd62a5bc,true,tests/plugins/trace/test_traceable.py::test_trace_error,100,100,0,1,false,always_fail,,results/idoft/thundra-lambda-agent-python-tests_plugins_trace_test_traceable_py__test_trace_error.json
thundra-lambda-agent-python,https://github.com/thundra-io/thundra-lambda-agent-python,NIO,fcd1c2b0b309721d89bd35511bd6645ebd62a5bc,true,tests/plugins/trace/test_traceable.py::test_trace_return_values,100,100,0,1,false,always_fail,,results/idoft/thundra-lambda-agent-python-tests_plugins_trace_test_traceable_py__test_trace_return_val.json
thundra-lambda-agent-python,https://github.com/thundra-io/thundra-lambda-agent-python,NIO,fcd1c2b0b309721d89bd35511bd6645ebd62a5bc,true,tests/plugins/trace/test_traceable.py::test_trace_with_default_configs,100,100,0,1,false,always_fail,,results/idoft/thundra-lambda-agent-python-tests_plugins_trace_test_traceable_py__test_trace_with_defau.json
pyecs,https://github.com/tim-fi/pyecs,NIO,5cc3645e3ee0bc0af02aea438092f00910976ec6,true,test/test_core.py::test_automatic_cleanup,100,100,1,1,true,reproduced,,results/idoft/pyecs-test_test_core_py__test_automatic_cleanup.json
pyecs,https://github.com/tim-fi/pyecs,NIO,5cc3645e3ee0bc0af02aea438092f00910976ec6,true,test/test_core.py::test_controller,100,100,1,1,true,reproduced,,results/idoft/pyecs-test_test_core_py__test_controller.json
pymq,https://github.com/thrau/pymq,NOD,101857bca2b705c328d3bda3b26797b51e8ffb70,true,tests/test_provider_redis.py::RedisRpcTest::test_channel_expire,100,100,0,100,false,always_fail,,results/idoft/pymq-tests_test_provider_redis_py__redisrpctest__test_channel_exp.json
pymq,https://github.com/thrau/pymq,NOD,101857bca2b705c328d3bda3b26797b51e8ffb70,true,tests/test_provider_simple.py::SimplePubSubTest::test_event_serialization,100,100,100,0,false,always_pass,,results/idoft/pymq-tests_test_provider_simple_py__simplepubsubtest__test_event_.json
pymq,https://github.com/thrau/pymq,NOD,101857bca2b705c328d3bda3b26797b51e8ffb70,true,tests/test_provider_simple.py::SimplePubSubTest::test_topic,100,100,100,0,false,always_pass,,results/idoft/pymq-tests_test_provider_simple_py__simplepubsubtest__test_topic.json
network_traffic_modeler_py3,https://github.com/tim-fiola/network_traffic_modeler_py3,,d2bd7287ea86fb22ec41c2522164d5761fc225dd,true,test/test_rsvp_3rd_lsp_two_paths_parallel_links.py::TestRSVPLSPAddLSP3LSPs::test_1_lsp_unrouted test/test_rsvp_3rd_lsp_two_paths_parallel_links.py::TestRSVPLSPAddLSP3LSPs::test_auto_bw_adjust test/test_parallel_link_model.py::TestModel::test_node_source_demands,100,100,0,100,false,always_fail,,results/idoft/network_traffic_modeler_py3-test_test_rsvp_3rd_lsp_two_paths_parallel_links_py__testrsvp.json
pymq,https://github.com/thrau/pymq,NOD,101857bca2b705c328d3bda3b26797b51e8ffb70,true,tests/test_provider_simple.py::SimpleRpcTest::test_stateful_rpc,100,100,100,0,false,always_pass,,results/idoft/pymq-tests_test_provider_simple_py__simplerpctest__test_stateful_.json
novelWriter,https://github.com/vkbo/novelWriter,NIO,559f2e53e410f9793ab08c2ef7ed308f75c92985,true,tests/test_project.py::testProjectNewCustom,100,100,0,1,false,always_fail,,results/idoft/novelWriter-tests_test_project_py__testprojectnewcustom.json
novelWriter,https://github.com/vkbo/novelWriter,NIO,559f2e53e410f9793ab08c2ef7ed308f75c92985,true,tests/test_project.py::testProjectNewMinimal,100,100,0,1,false,always_fail,,results/idoft/novelWriter-tests_test_project_py__testprojectnewminimal.json
instapi,https://github.com/uriyyo/instapi,NOD,6f972e2ae1ccc9a21eb6b18136ee677667cd4ba5,true,tests/unit_tests/models/test_media.py::test_media_info,100,100,0,100,false,always_fail,,results/idoft/instapi-tests_unit_tests_models_test_media_py__test_media_info.json
coo,https://github.com/wilfredinni/coo,NIO,da9e75d46ed65599cd2223b029ac30c08496a80b,true,tests/test_coo.py::test_schedule_time_zone_media,100,100,1,1,true,reproduced,,results/idoft/coo-tests_test_coo_py__test_schedule_time_zone_media.json
marlin,https://github.com/wilfredinni/marlin,NOD,85f4ae0080ee9a25c1b8d2e481725ac9c42ca99f,true,tests/test_marlin.py::test_read_bookmark,100,100,0,100,false,always_fail,,results/idoft/marlin-tests_test_marlin_py__test_read_bookmark.json
cherry,https://github.com/Windsooon/cherry,NIO,bc6ae1f0284d837fb95279098538530312313534,true,tests/test_classify.py::test_init,100,100,0,1,false,always_fail,,results/idoft/cherry-tests_test_classify_py__test_init.json
marlin,https://github.com/wilfredinni/marlin,NOD,85f4ae0080ee9a25c1b8d2e481725ac9c42ca99f,true,tests/test_marlin.py::test_remove_bookmark,100,100,0,100,false,always_fail,,results/idoft/marlin-tests_test_marlin_py__test_remove_bookmark.json
isbnlib,https://github.com/xlcnd/isbnlib,NIO,4dd24ceb7b686e78ee872d667014c6b3935b718c,true,isbnlib/test/test_cache.py::test_cache_del,100,100,0,1,false,always_fail,,results/idoft/isbnlib-isbnlib_test_test_cache_py__test_cache_del.json
kafka-utils,https://github.com/Yelp/kafka-utils,NIO,bde091515d1dcdd56b9272a3ab01b54742a60253,true,tests/kafka_rolling_restart/test_main.py::test_get_broker_list3,100,100,0,1,false,always_fail,,results/idoft/kafka-utils-tests_kafka_rolling_restart_test_main_py__test_get_broker_li.json
kafka-utils,https://github.com/Yelp/kafka-utils,NIO,bde091515d1dcdd56b9272a3ab01b54742a60253,true,tests/kafka_rolling_restart/test_main.py::test_wait_for_stable_cluster_success,100,100,0,1,false,always_fail,,results/idoft/kafka-utils-tests_kafka_rolling_restart_test_main_py__test_wait_for_stab.json
alphanum_code,https://github.com/ylaizet/alphanum_code,NIO,fb5cd313dc41f046aac01ff01d6e1561d17894a6,true,tests/test_alphanum_code.py::test_init_code,100,100,1,1,true,reproduced,,results/idoft/alphanum_code-tests_test_alphanum_code_py__test_init_code.json
wellpathpy,https://github.com/Zabamund/wellpathpy,NIO,f29b14a9a1c46e77ea98b141e3cdc43674654ea2,true,wellpathpy/test/test_location.py::test_zero,100,100,0,1,false,always_fail,,results/idoft/wellpathpy-wellpathpy_test_test_location_py__test_zero.json
aud,https://github.com/zdhoward/aud,NOD,2dfc81dad3da78537e1b1c6f5cc5630ba5b837f9,true,aud/test_aud.py::test_afx_2,100,100,0,100,false,always_fail,,results/idoft/aud-aud_test_aud_py__test_afx_2.json
pdl,https://github.com/zerotosingularity/pdl,NIO,cb22f929bddb51d8db16a4efede5ceaaf6fcd906,true,tests/test_pdl.py::pdl_test_helper,100,100,0,1,false,always_fail,,results/idoft/pdl-tests_test_pdl_py__pdl_test_helper.json
aud,https://github.com/zdhoward/aud,NOD,2dfc81dad3da78537e1b1c6f5cc5630ba5b837f9,true,aud/test_aud.py::test_afx_3,100,100,0,100,false,always_fail,,results/idoft/aud-aud_test_aud_py__test_afx_3.json
aud,https://github.com/zdhoward/aud,NOD,2dfc81dad3da78537e1b1c6f5cc5630ba5b837f9,true,aud/test_aud.py::test_config,100,100,0,100,false,always_fail,,results/idoft/aud-aud_test_aud_py__test_config.json
aud,https://github.com/zdhoward/aud,NOD,2dfc81dad3da78537e1b1c6f5cc5630ba5b837f9,true,aud/test_aud.py::test_dir,100,100,0,100,false,always_fail,,results/idoft/aud-aud_test_aud_py__test_dir.json
aud,https://github.com/zdhoward/aud,NOD,2dfc81dad3da78537e1b1c6f5cc5630ba5b837f9,true,aud/test_aud.py::test_export,100,100,0,100,false,always_fail,,results/idoft/aud-aud_test_aud_py__test_export.json
aud,https://github.com/zdhoward/aud,NOD,2dfc81dad3da78537e1b1c6f5cc5630ba5b837f9,true,aud/test_aud.py::test_name,100,100,0,100,false,always_fail,,results/idoft/aud-aud_test_aud_py__test_name.json
