Project,Project URL,Category,SHA Detected,Checkout OK,Test Name,Pass Count,Fail Count,Isolated Result,Target Last Result,Random Pass Count,Random Fail Count,Iterations Requested,Iterations Executed,Reproduced,Status,Error,Result JSON
cloudnetpy,https://github.com/actris-cloudnet/cloudnetpy,NIO,4caaec217c8e100fa2a11f76654917e0bd9560a7,True,tests/unit/test_meta_for_old_files.py::test_fix_old_data_2,1.0,1.0,,,,,100,100,True,reproduced,,results/idoft/cloudnetpy-tests_unit_test_meta_for_old_files_py__test_fix_old_data_2.json
nikamap,https://github.com/abeelen/nikamap,NIO,d39c488c89bf5d90fffe3c05580fc13551522ee5,True,nikamap/tests/test_nikamap.py::test_nikamap_write,0.0,1.0,,,,,100,100,False,always_fail,,results/idoft/nikamap-nikamap_tests_test_nikamap_py__test_nikamap_write.json
bottle-neck,https://github.com/agile4you/bottle-neck,NIO,ebc670a4b178255473d68e9b4122ba04e38f4810,True,test/test_routing.py::test_router_register_handler_fn_pass,1.0,1.0,,,,,100,100,True,reproduced,,results/idoft/bottle-neck-test_test_routing_py__test_router_register_handler_fn_pass.json
cloudnetpy,https://github.com/actris-cloudnet/cloudnetpy,NIO,c6c728ae760a43e4efbd04d469d6fd1adbb1d1f7,True,tests/unit/test_util.py::test_l2_norm,0.0,1.0,,,,,100,100,False,always_fail,,results/idoft/cloudnetpy-tests_unit_test_util_py__test_l2_norm.json
runium,https://github.com/AGTGreg/runium,NOD,ba89015859976d3426d25a53af5fa4d8827c7483,True,tests/test_runium.py::TestStartIn::test_processing,0.0,100.0,,,,,100,100,False,always_fail,,results/idoft/runium-tests_test_runium_py__teststartin__test_processing.json
cloudnetpy,https://github.com/tukiains/cloudnetpy,NIO,26f2607b890630146469cfa410fce99438ceee3f,False,tests/unit/test_meta_for_old_files.py::test_fix_old_data_2,1.0,1.0,,,,,100,100,True,reproduced,,results/idoft/cloudnetpy-tests_unit_test_meta_for_old_files_py__test_fix_old_data_2.json
runium,https://github.com/AGTGreg/runium,NOD,ba89015859976d3426d25a53af5fa4d8827c7483,True,tests/test_runium.py::TestTaskSkipping::test_processing,1.0,15.0,,,,,100,16,True,reproduced,,results/idoft/runium-tests_test_runium_py__testtaskskipping__test_processing.json
aguaclara,https://github.com/AguaClara/aguaclara,NIO,9ee3d1d007bc984b73b19520d48954b6d81feecc,True,tests/core/test_cache.py::test_ac_cache,0.0,1.0,,,,,100,100,False,always_fail,,results/idoft/aguaclara-tests_core_test_cache_py__test_ac_cache.json
pybrake,https://github.com/airbrake/pybrake,NIO,9bf82941d8bf521055b258cea91596a11e4eb81f,True,pybrake/test_celery_integration.py::test_celery_integration,0.0,1.0,,,,,100,100,False,always_fail,,results/idoft/pybrake-pybrake_test_celery_integration_py__test_celery_integration.json
kitsune,https://github.com/aluttik/kitsune,NIO,43824cccf46f433a71b30a7febc0e3500b831067,True,tests/test_kitsune.py::test_kitsune_printer_plain,1.0,1.0,,,,,100,100,True,reproduced,,results/idoft/kitsune-tests_test_kitsune_py__test_kitsune_printer_plain.json
kitsune,https://github.com/aluttik/kitsune,,43824cccf46f433a71b30a7febc0e3500b831067,True,tests/test_kitsune.py::test_kitsune_printer_plain tests/test_kitsune.py::test_kitsune_printer_rainbow,1.0,1.0,,,,,100,2,True,reproduced,,results/idoft/kitsune-tests_test_kitsune_py__test_kitsune_printer_plain_tests_test.json
docopt-ng,https://github.com/bazaar-projects/docopt-ng,NIO,bbed40a2335686d2e14ac0e6c3188374dc4784da,True,tests/test_docopt_ng.py::test_docopt_ng_more_magic_global_arguments_and_dot_access,1.0,1.0,,,,,100,100,True,reproduced,,results/idoft/docopt-ng-tests_test_docopt_ng_py__test_docopt_ng_more_magic_global_ar.json
six,https://github.com/benjaminp/six,NIO,c0be8815d13df45b6ae471c4c436cce8c192245d,True,test_six.py::test_lazy,1.0,1.0,,,,,100,100,True,reproduced,,results/idoft/six-test_six_py__test_lazy.json
cityseer-api,https://github.com/benchmark-urbanism/cityseer-api,,7177d53256e24186329a95b5af712fc6a59ef4d9,True,cityseer-api/tests/algos/test_centrality.py::test_local_centrality_time,0.0,100.0,,,,,100,100,False,always_fail,,results/idoft/cityseer-api-cityseer_api_tests_algos_test_centrality_py__test_local_cent.json
metron-tagger,https://github.com/bpepple/metron-tagger,NIO,2be176293218fa101dd84c95c72b8ae646b2731a,True,tests/test_taggerlib_filesorter.py::test_sort_comic,0.0,1.0,,,,,100,100,False,always_fail,,results/idoft/metron-tagger-tests_test_taggerlib_filesorter_py__test_sort_comic.json
Butter.MAS.PythonAPI,https://github.com/bennymeg/Butter.MAS.PythonAPI,NOD,f86ebe75df3826f62a268645cdbe4400b43fab07,True,butter/mas/tests/clients/client_http_test.py::TestHttpClientApiMethods::testGetAvailableAnimations,100.0,0.0,,,,,100,100,False,always_pass,,results/idoft/Butter.MAS.PythonAPI-butter_mas_tests_clients_client_http_test_py__testhttpclient.json
python-sc2,https://github.com/Burnysc2/python-sc2,NIO,78d2ebe5c87aa9abc1e8a505f095ccd5e9dec358,True,test/test_pickled_data.py::test_bot_ai,0.0,1.0,,,,,100,100,False,always_fail,,results/idoft/python-sc2-test_test_pickled_data_py__test_bot_ai.json
Butter.MAS.PythonAPI,https://github.com/bennymeg/Butter.MAS.PythonAPI,NOD,f86ebe75df3826f62a268645cdbe4400b43fab07,True,butter/mas/tests/clients/client_http_test.py::TestHttpClientApiMethods::testGetAvailableHandlers,100.0,0.0,,,,,100,100,False,always_pass,,results/idoft/Butter.MAS.PythonAPI-butter_mas_tests_clients_client_http_test_py__testhttpclient.json
mountepy,https://github.com/butla/mountepy,,796595f0011cc4a62cd7796dd71c3681008a4731,True,tests/test_http_service.py::test_service_env_from_parent,100.0,0.0,,,,,100,100,False,always_pass,,results/idoft/mountepy-tests_test_http_service_py__test_service_env_from_parent.json
Butter.MAS.PythonAPI,https://github.com/bennymeg/Butter.MAS.PythonAPI,NOD,f86ebe75df3826f62a268645cdbe4400b43fab07,True,butter/mas/tests/clients/client_http_test.py::TestHttpClientApiMethods::testGetAvailableMotorRegisters,100.0,0.0,,,,,100,100,False,always_pass,,results/idoft/Butter.MAS.PythonAPI-butter_mas_tests_clients_client_http_test_py__testhttpclient.json
NestedDictionary,https://github.com/cahoy/NestedDictionary,,881f0ea8af36a60fcd1b9d7a84b1aec4cd7072b2,True,easy_dict/tests/test_01_default.py::test_del,0.0,100.0,,,,,100,100,False,always_fail,,results/idoft/NestedDictionary-easy_dict_tests_test_01_default_py__test_del.json
Butter.MAS.PythonAPI,https://github.com/bennymeg/Butter.MAS.PythonAPI,NOD,f86ebe75df3826f62a268645cdbe4400b43fab07,True,butter/mas/tests/clients/client_http_test.py::TestHttpClientApiMethods::testGetAvailableSounds,100.0,0.0,,,,,100,100,False,always_pass,,results/idoft/Butter.MAS.PythonAPI-butter_mas_tests_clients_client_http_test_py__testhttpclient.json
Butter.MAS.PythonAPI,https://github.com/bennymeg/Butter.MAS.PythonAPI,NOD,f86ebe75df3826f62a268645cdbe4400b43fab07,True,butter/mas/tests/clients/client_http_test.py::TestHttpClientApiMethods::testGetMotorRegister,49.0,1.0,,,,,100,50,True,reproduced,,results/idoft/Butter.MAS.PythonAPI-butter_mas_tests_clients_client_http_test_py__testhttpclient.json
Butter.MAS.PythonAPI,https://github.com/bennymeg/Butter.MAS.PythonAPI,NOD,f86ebe75df3826f62a268645cdbe4400b43fab07,True,butter/mas/tests/clients/client_http_test.py::TestHttpClientApiMethods::testGetMotorRegisterRange,0.0,100.0,,,,,100,100,False,always_fail,,results/idoft/Butter.MAS.PythonAPI-butter_mas_tests_clients_client_http_test_py__testhttpclient.json
Butter.MAS.PythonAPI,https://github.com/bennymeg/Butter.MAS.PythonAPI,NOD,f86ebe75df3826f62a268645cdbe4400b43fab07,True,butter/mas/tests/clients/client_http_test.py::TestHttpClientApiMethods::testMoveMotorInDirection,0.0,100.0,,,,,100,100,False,always_fail,,results/idoft/Butter.MAS.PythonAPI-butter_mas_tests_clients_client_http_test_py__testhttpclient.json
panamah-sdk-python,https://github.com/casamagalhaes/panamah-sdk-python,NOD,746f3fb7ebcf01810917bf9afa8e7ff5a4efad21,True,tests/test_processor.py::TestStream::test_expiration_by_max_age,100.0,0.0,,,,,100,100,False,always_pass,,results/idoft/panamah-sdk-python-tests_test_processor_py__teststream__test_expiration_by_max_.json
Butter.MAS.PythonAPI,https://github.com/bennymeg/Butter.MAS.PythonAPI,NOD,f86ebe75df3826f62a268645cdbe4400b43fab07,True,butter/mas/tests/clients/client_http_test.py::TestHttpClientApiMethods::testMoveMotorInTime,0.0,100.0,,,,,100,100,False,always_fail,,results/idoft/Butter.MAS.PythonAPI-butter_mas_tests_clients_client_http_test_py__testhttpclient.json
panamah-sdk-python,https://github.com/casamagalhaes/panamah-sdk-python,NOD,746f3fb7ebcf01810917bf9afa8e7ff5a4efad21,True,tests/test_processor.py::TestStream::test_expiration_by_max_length,100.0,0.0,,,,,100,100,False,always_pass,,results/idoft/panamah-sdk-python-tests_test_processor_py__teststream__test_expiration_by_max_.json
panamah-sdk-python,https://github.com/casamagalhaes/panamah-sdk-python,NOD,746f3fb7ebcf01810917bf9afa8e7ff5a4efad21,True,tests/test_processor.py::TestStream::test_expiration_by_max_size,100.0,0.0,,,,,100,100,False,always_pass,,results/idoft/panamah-sdk-python-tests_test_processor_py__teststream__test_expiration_by_max_.json
Butter.MAS.PythonAPI,https://github.com/bennymeg/Butter.MAS.PythonAPI,NOD,f86ebe75df3826f62a268645cdbe4400b43fab07,False,butter/mas/tests/clients/client_http_test.py::TestHttpClientApiMethods::testMoveMotorToPosition,0.0,0.0,,,,,100,0,False,error,"Failed to start Docker container from python:3.9-slim: docker: Error response from daemon: Conflict. The container name ""/idoft_butter_mas_pythonapi_python"" is already in use by container ""605fd98c372a8680412657ced905133b8bf3216faf7fc936246455ccf5bd523c"". You have to remove (or rename) that container to be able to reuse that name.Run 'docker run --help' for more information",
Butter.MAS.PythonAPI,https://github.com/bennymeg/Butter.MAS.PythonAPI,NOD,f86ebe75df3826f62a268645cdbe4400b43fab07,True,butter/mas/tests/clients/client_http_test.py::TestHttpClientApiMethods::testPauseAnimation,0.0,100.0,,,,,100,100,False,always_fail,,results/idoft/Butter.MAS.PythonAPI-butter_mas_tests_clients_client_http_test_py__testhttpclient.json
panamah-sdk-python,https://github.com/casamagalhaes/panamah-sdk-python,NOD,746f3fb7ebcf01810917bf9afa8e7ff5a4efad21,True,tests/test_processor.py::TestStream::test_get_pending_resources,100.0,0.0,,,,,100,100,False,always_pass,,results/idoft/panamah-sdk-python-tests_test_processor_py__teststream__test_get_pending_resour.json
panamah-sdk-python,https://github.com/casamagalhaes/panamah-sdk-python,NOD,746f3fb7ebcf01810917bf9afa8e7ff5a4efad21,True,tests/test_processor.py::TestStream::test_recover_failures,100.0,0.0,,,,,100,100,False,always_pass,,results/idoft/panamah-sdk-python-tests_test_processor_py__teststream__test_recover_failures.json
Butter.MAS.PythonAPI,https://github.com/bennymeg/Butter.MAS.PythonAPI,NOD,f86ebe75df3826f62a268645cdbe4400b43fab07,True,butter/mas/tests/clients/client_http_test.py::TestHttpClientApiMethods::testPauseAudio,0.0,100.0,,,,,100,100,False,always_fail,,results/idoft/Butter.MAS.PythonAPI-butter_mas_tests_clients_client_http_test_py__testhttpclient.json
panamah-sdk-python,https://github.com/casamagalhaes/panamah-sdk-python,NOD,746f3fb7ebcf01810917bf9afa8e7ff5a4efad21,True,tests/test_processor.py::TestStream::test_requesting_pending_resources,100.0,0.0,,,,,100,100,False,always_pass,,results/idoft/panamah-sdk-python-tests_test_processor_py__teststream__test_requesting_pending.json
Butter.MAS.PythonAPI,https://github.com/bennymeg/Butter.MAS.PythonAPI,NOD,f86ebe75df3826f62a268645cdbe4400b43fab07,True,butter/mas/tests/clients/client_http_test.py::TestHttpClientApiMethods::testPlayAnimation,0.0,100.0,,,,,100,100,False,always_fail,,results/idoft/Butter.MAS.PythonAPI-butter_mas_tests_clients_client_http_test_py__testhttpclient.json
panamah-sdk-python,https://github.com/casamagalhaes/panamah-sdk-python,NOD,746f3fb7ebcf01810917bf9afa8e7ff5a4efad21,True,tests/test_stream.py::TestStream::test_events,100.0,0.0,,,,,100,100,False,always_pass,,results/idoft/panamah-sdk-python-tests_test_stream_py__teststream__test_events.json
Butter.MAS.PythonAPI,https://github.com/bennymeg/Butter.MAS.PythonAPI,NOD,f86ebe75df3826f62a268645cdbe4400b43fab07,True,butter/mas/tests/clients/client_http_test.py::TestHttpClientApiMethods::testPlayAudio,0.0,100.0,,,,,100,100,False,always_fail,,results/idoft/Butter.MAS.PythonAPI-butter_mas_tests_clients_client_http_test_py__testhttpclient.json
Butter.MAS.PythonAPI,https://github.com/bennymeg/Butter.MAS.PythonAPI,NOD,f86ebe75df3826f62a268645cdbe4400b43fab07,True,butter/mas/tests/clients/client_http_test.py::TestHttpClientApiMethods::testResumeAnimation,0.0,100.0,,,,,100,100,False,always_fail,,results/idoft/Butter.MAS.PythonAPI-butter_mas_tests_clients_client_http_test_py__testhttpclient.json
gabbi,https://github.com/cdent/gabbi,,8fbd5473efa2dbb65f327f823d66cb0c76931288,True,gabbi/tests/test_inner_fixture.py::test_pytest,100.0,0.0,,,,,100,100,False,always_pass,,results/idoft/gabbi-gabbi_tests_test_inner_fixture_py__test_pytest.json
Butter.MAS.PythonAPI,https://github.com/bennymeg/Butter.MAS.PythonAPI,NOD,f86ebe75df3826f62a268645cdbe4400b43fab07,True,butter/mas/tests/clients/client_http_test.py::TestHttpClientApiMethods::testResumeAudio,0.0,100.0,,,,,100,100,False,always_fail,,results/idoft/Butter.MAS.PythonAPI-butter_mas_tests_clients_client_http_test_py__testhttpclient.json
chazutsu,https://github.com/chakki-works/chazutsu,NOD,52b2f8acaac1b6c7eab97dded1a1757d3adcefa7,True,tests/test_movie_review.py::test_download,0.0,100.0,,,,,100,100,False,always_fail,,results/idoft/chazutsu-tests_test_movie_review_py__test_download.json
Butter.MAS.PythonAPI,https://github.com/bennymeg/Butter.MAS.PythonAPI,NOD,f86ebe75df3826f62a268645cdbe4400b43fab07,True,butter/mas/tests/clients/client_http_test.py::TestHttpClientApiMethods::testSetMotorRegister,0.0,100.0,,,,,100,100,False,always_fail,,results/idoft/Butter.MAS.PythonAPI-butter_mas_tests_clients_client_http_test_py__testhttpclient.json
python-fs,https://github.com/chaosmail/python-fs,NIO,2567922ced9387e327e65f3244caff3b7af35684,True,fs/tests/test_addpath.py::test_addpath,1.0,1.0,,,,,100,100,True,reproduced,,results/idoft/python-fs-fs_tests_test_addpath_py__test_addpath.json
Butter.MAS.PythonAPI,https://github.com/bennymeg/Butter.MAS.PythonAPI,NOD,f86ebe75df3826f62a268645cdbe4400b43fab07,True,butter/mas/tests/clients/client_http_test.py::TestHttpClientApiMethods::testStopAnimation,0.0,100.0,,,,,100,100,False,always_fail,,results/idoft/Butter.MAS.PythonAPI-butter_mas_tests_clients_client_http_test_py__testhttpclient.json
python-fs,https://github.com/chaosmail/python-fs,NIO,2567922ced9387e327e65f3244caff3b7af35684,True,fs/tests/test_mkdir.py::test_mkdir,1.0,1.0,,,,,100,100,True,reproduced,,results/idoft/python-fs-fs_tests_test_mkdir_py__test_mkdir.json
python-fs,https://github.com/chaosmail/python-fs,NIO,2567922ced9387e327e65f3244caff3b7af35684,True,fs/tests/test_mkdir.py::test_mkdir_recursive,1.0,1.0,,,,,100,100,True,reproduced,,results/idoft/python-fs-fs_tests_test_mkdir_py__test_mkdir_recursive.json
Butter.MAS.PythonAPI,https://github.com/bennymeg/Butter.MAS.PythonAPI,NOD,f86ebe75df3826f62a268645cdbe4400b43fab07,True,butter/mas/tests/clients/client_http_test.py::TestHttpClientApiMethods::testStopAudio,0.0,100.0,,,,,100,100,False,always_fail,,results/idoft/Butter.MAS.PythonAPI-butter_mas_tests_clients_client_http_test_py__testhttpclient.json
python-fs,https://github.com/chaosmail/python-fs,NIO,2567922ced9387e327e65f3244caff3b7af35684,True,fs/tests/test_rename.py::test_rename_directory,1.0,1.0,,,,,100,100,True,reproduced,,results/idoft/python-fs-fs_tests_test_rename_py__test_rename_directory.json
python-fs,https://github.com/chaosmail/python-fs,NIO,2567922ced9387e327e65f3244caff3b7af35684,True,fs/tests/test_rename.py::test_rename_file,1.0,1.0,,,,,100,100,True,reproduced,,results/idoft/python-fs-fs_tests_test_rename_py__test_rename_file.json
python-fs,https://github.com/chaosmail/python-fs,NIO,2567922ced9387e327e65f3244caff3b7af35684,True,fs/tests/test_touch.py::test_touch_on_new_file,1.0,1.0,,,,,100,100,True,reproduced,,results/idoft/python-fs-fs_tests_test_touch_py__test_touch_on_new_file.json
Butter.MAS.PythonAPI,https://github.com/bennymeg/Butter.MAS.PythonAPI,NOD,f86ebe75df3826f62a268645cdbe4400b43fab07,True,butter/mas/tests/clients/client_tcp_test.py::TestTcpClientApiMethods::testGetAvailableAnimations,0.0,100.0,,,,,100,100,False,always_fail,,results/idoft/Butter.MAS.PythonAPI-butter_mas_tests_clients_client_tcp_test_py__testtcpclientap.json
expstock,https://github.com/chie8842/expstock,NIO,28b7ece83fa601efd2b6c4b8b7bdd1a3b9ebc1df,True,expstock/test_expstock.py::test_append_param,0.0,1.0,,,,,100,100,False,always_fail,,results/idoft/expstock-expstock_test_expstock_py__test_append_param.json
Butter.MAS.PythonAPI,https://github.com/bennymeg/Butter.MAS.PythonAPI,NOD,f86ebe75df3826f62a268645cdbe4400b43fab07,True,butter/mas/tests/clients/client_tcp_test.py::TestTcpClientApiMethods::testGetAvailableHandlers,0.0,100.0,,,,,100,100,False,always_fail,,results/idoft/Butter.MAS.PythonAPI-butter_mas_tests_clients_client_tcp_test_py__testtcpclientap.json
PyPDFForm,https://github.com/chinapandaman/PyPDFForm,NIO,fcc1b297005a39900c1f928f602cbc5f38a1d60e,True,tests/unit/test_font.py::test_register_font_and_is_registered,1.0,1.0,,,,,100,100,True,reproduced,,results/idoft/PyPDFForm-tests_unit_test_font_py__test_register_font_and_is_registere.json
fishbase,https://github.com/chinapnr/fishbase,NOD,73ae6701eee5d1bdd31a3e7b4d86fa11de9b6522,True,test_common.py::TestFishCommon::test_yaml_conf_as_dict_01,0.0,100.0,,,,,100,100,False,always_fail,,results/idoft/fishbase-test_common_py__testfishcommon__test_yaml_conf_as_dict_01.json
Butter.MAS.PythonAPI,https://github.com/bennymeg/Butter.MAS.PythonAPI,NOD,f86ebe75df3826f62a268645cdbe4400b43fab07,True,butter/mas/tests/clients/client_tcp_test.py::TestTcpClientApiMethods::testGetAvailableMotorRegisters,0.0,100.0,,,,,100,100,False,always_fail,,results/idoft/Butter.MAS.PythonAPI-butter_mas_tests_clients_client_tcp_test_py__testtcpclientap.json
citrine-python,https://github.com/CitrineInformatics/citrine-python,NIO,cf2ec34cad3f1ff44478cad44e4918d7925cba25,True,tests/_util/test_functions.py::test_shadow_classes_in_module,0.0,1.0,,,,,100,100,False,always_fail,,results/idoft/citrine-python-tests__util_test_functions_py__test_shadow_classes_in_module.json
Butter.MAS.PythonAPI,https://github.com/bennymeg/Butter.MAS.PythonAPI,NOD,f86ebe75df3826f62a268645cdbe4400b43fab07,True,butter/mas/tests/clients/client_tcp_test.py::TestTcpClientApiMethods::testGetAvailableSounds,0.0,100.0,,,,,100,100,False,always_fail,,results/idoft/Butter.MAS.PythonAPI-butter_mas_tests_clients_client_tcp_test_py__testtcpclientap.json
h5nav,https://github.com/clapeyre/h5nav,ID,1c866a5085f1605a51064f5642e91d3682f8f572,True,tests/test_cli.py::test_cat,0.0,100.0,,,,,100,100,False,always_fail,,results/idoft/h5nav-tests_test_cli_py__test_cat.json
Butter.MAS.PythonAPI,https://github.com/bennymeg/Butter.MAS.PythonAPI,NOD,f86ebe75df3826f62a268645cdbe4400b43fab07,True,butter/mas/tests/clients/client_tcp_test.py::TestTcpClientApiMethods::testGetMotorRegister,0.0,100.0,,,,,100,100,False,always_fail,,results/idoft/Butter.MAS.PythonAPI-butter_mas_tests_clients_client_tcp_test_py__testtcpclientap.json
Butter.MAS.PythonAPI,https://github.com/bennymeg/Butter.MAS.PythonAPI,NOD,f86ebe75df3826f62a268645cdbe4400b43fab07,True,butter/mas/tests/clients/client_tcp_test.py::TestTcpClientApiMethods::testGetMotorRegisterRange,0.0,100.0,,,,,100,100,False,always_fail,,results/idoft/Butter.MAS.PythonAPI-butter_mas_tests_clients_client_tcp_test_py__testtcpclientap.json
cli-tools,https://github.com/codemagic-ci-cd/cli-tools,,eb59b658978ca30df8cc0c24c2c328a292b81021,True,tests/models/test_certificate.py::test_create_certificate_signing_request,0.0,100.0,,,,,100,100,False,always_fail,,results/idoft/cli-tools-tests_models_test_certificate_py__test_create_certificate_si.json
devtracker,https://github.com/ConSou/devtracker,NIO,ea892d6d48aa5d4627b429469b59ae3f0ce7f10f,True,devtracker/test_devtracker.py::test_end_time_total,0.0,1.0,,,,,100,100,False,always_fail,,results/idoft/devtracker-devtracker_test_devtracker_py__test_end_time_total.json
Butter.MAS.PythonAPI,https://github.com/bennymeg/Butter.MAS.PythonAPI,NOD,f86ebe75df3826f62a268645cdbe4400b43fab07,True,butter/mas/tests/clients/client_tcp_test.py::TestTcpClientApiMethods::testMoveMotorInDirection,0.0,100.0,,,,,100,100,False,always_fail,,results/idoft/Butter.MAS.PythonAPI-butter_mas_tests_clients_client_tcp_test_py__testtcpclientap.json
devtracker,https://github.com/ConSou/devtracker,NOD,ea892d6d48aa5d4627b429469b59ae3f0ce7f10f,True,devtracker/test_devtracker.py::test_full_report,0.0,100.0,,,,,100,100,False,always_fail,,results/idoft/devtracker-devtracker_test_devtracker_py__test_full_report.json
Butter.MAS.PythonAPI,https://github.com/bennymeg/Butter.MAS.PythonAPI,NOD,f86ebe75df3826f62a268645cdbe4400b43fab07,True,butter/mas/tests/clients/client_tcp_test.py::TestTcpClientApiMethods::testMoveMotorInTime,0.0,100.0,,,,,100,100,False,always_fail,,results/idoft/Butter.MAS.PythonAPI-butter_mas_tests_clients_client_tcp_test_py__testtcpclientap.json
devtracker,https://github.com/ConSou/devtracker,NOD,ea892d6d48aa5d4627b429469b59ae3f0ce7f10f,True,devtracker/test_devtracker.py::test_make_project_csv_initalize,100.0,0.0,,,,,100,100,False,always_pass,,results/idoft/devtracker-devtracker_test_devtracker_py__test_make_project_csv_initali.json
Butter.MAS.PythonAPI,https://github.com/bennymeg/Butter.MAS.PythonAPI,NOD,f86ebe75df3826f62a268645cdbe4400b43fab07,True,butter/mas/tests/clients/client_tcp_test.py::TestTcpClientApiMethods::testMoveMotorToPosition,0.0,100.0,,,,,100,100,False,always_fail,,results/idoft/Butter.MAS.PythonAPI-butter_mas_tests_clients_client_tcp_test_py__testtcpclientap.json
devtracker,https://github.com/ConSou/devtracker,NIO,ea892d6d48aa5d4627b429469b59ae3f0ce7f10f,True,devtracker/test_devtracker.py::test_remove,0.0,1.0,,,,,100,100,False,always_fail,,results/idoft/devtracker-devtracker_test_devtracker_py__test_remove.json
devtracker,https://github.com/ConSou/devtracker,NOD,ea892d6d48aa5d4627b429469b59ae3f0ce7f10f,True,devtracker/test_devtracker.py::test_start_time,2.0,1.0,,,,,100,3,True,reproduced,,results/idoft/devtracker-devtracker_test_devtracker_py__test_start_time.json
Butter.MAS.PythonAPI,https://github.com/bennymeg/Butter.MAS.PythonAPI,NOD,f86ebe75df3826f62a268645cdbe4400b43fab07,True,butter/mas/tests/clients/client_tcp_test.py::TestTcpClientApiMethods::testPauseAnimation,0.0,100.0,,,,,100,100,False,always_fail,,results/idoft/Butter.MAS.PythonAPI-butter_mas_tests_clients_client_tcp_test_py__testtcpclientap.json
osc-tiny,https://github.com/crazyscientist/osc-tiny,,a1ec7de6633a3067b0d2b3706efcab99e091720f,True,osctiny/tests/test_issues.py::TestIssue::test_get,100.0,0.0,,,,,100,100,False,always_pass,,results/idoft/osc-tiny-osctiny_tests_test_issues_py__testissue__test_get.json
Butter.MAS.PythonAPI,https://github.com/bennymeg/Butter.MAS.PythonAPI,NOD,f86ebe75df3826f62a268645cdbe4400b43fab07,True,butter/mas/tests/clients/client_tcp_test.py::TestTcpClientApiMethods::testPauseAudio,0.0,100.0,,,,,100,100,False,always_fail,,results/idoft/Butter.MAS.PythonAPI-butter_mas_tests_clients_client_tcp_test_py__testtcpclientap.json
Utter-More,https://github.com/crumpstrr33/Utter-More,NIO,418cf5f5ef337700bf0897e746eff8bb275e6da6,True,test/test_utter_more.py::test_ibu_aut,1.0,1.0,,,,,100,100,True,reproduced,,results/idoft/Utter-More-test_test_utter_more_py__test_ibu_aut.json
Butter.MAS.PythonAPI,https://github.com/bennymeg/Butter.MAS.PythonAPI,NOD,f86ebe75df3826f62a268645cdbe4400b43fab07,True,butter/mas/tests/clients/client_tcp_test.py::TestTcpClientApiMethods::testPlayAnimation,0.0,100.0,,,,,100,100,False,always_fail,,results/idoft/Butter.MAS.PythonAPI-butter_mas_tests_clients_client_tcp_test_py__testtcpclientap.json
keras-layer-normalization,https://github.com/CyberZHG/keras-layer-normalization,ID,077dc72b6bae1a0551c3b879557478b587be340d,True,tests/test_layer_normalization.py,0.0,100.0,,,,,100,100,False,always_fail,,results/idoft/keras-layer-normalization-tests_test_layer_normalization_py.json
Butter.MAS.PythonAPI,https://github.com/bennymeg/Butter.MAS.PythonAPI,NOD,f86ebe75df3826f62a268645cdbe4400b43fab07,True,butter/mas/tests/clients/client_tcp_test.py::TestTcpClientApiMethods::testPlayAudio,0.0,100.0,,,,,100,100,False,always_fail,,results/idoft/Butter.MAS.PythonAPI-butter_mas_tests_clients_client_tcp_test_py__testtcpclientap.json
Butter.MAS.PythonAPI,https://github.com/bennymeg/Butter.MAS.PythonAPI,NOD,f86ebe75df3826f62a268645cdbe4400b43fab07,True,butter/mas/tests/clients/client_tcp_test.py::TestTcpClientApiMethods::testResumeAnimation,0.0,100.0,,,,,100,100,False,always_fail,,results/idoft/Butter.MAS.PythonAPI-butter_mas_tests_clients_client_tcp_test_py__testtcpclientap.json
keras-transformer,https://github.com/CyberZHG/keras-transformer,ID,52a3fa27d5598eca23be9031fc67a011d42cbefb,True,tests/test_get_model.py,0.0,100.0,,,,,100,100,False,always_fail,,results/idoft/keras-transformer-tests_test_get_model_py.json
Butter.MAS.PythonAPI,https://github.com/bennymeg/Butter.MAS.PythonAPI,NOD,f86ebe75df3826f62a268645cdbe4400b43fab07,True,butter/mas/tests/clients/client_tcp_test.py::TestTcpClientApiMethods::testResumeAudio,0.0,100.0,,,,,100,100,False,always_fail,,results/idoft/Butter.MAS.PythonAPI-butter_mas_tests_clients_client_tcp_test_py__testtcpclientap.json
krllint,https://github.com/d4nuu8/krllint,,2f9376cdae14c201364d9c31b4c19a8ff2f708d2,True,tests/test_lower_or_mixed_case_built_in_type.py::LowerOrMixedCaseBuiltInTestCase::test_rule_without_fix,100.0,0.0,,,,,100,100,False,always_pass,,results/idoft/krllint-tests_test_lower_or_mixed_case_built_in_type_py__lowerormixe.json
ljson,https://github.com/daknuett/ljson,NIO,1d3dc13001d9d2f61bcfbf9d5c5b16d44fb8076e,True,test/test_ljson_mem.py::test_unique_check,1.0,1.0,,,,,100,100,True,reproduced,,results/idoft/ljson-test_test_ljson_mem_py__test_unique_check.json
Butter.MAS.PythonAPI,https://github.com/bennymeg/Butter.MAS.PythonAPI,NOD,f86ebe75df3826f62a268645cdbe4400b43fab07,True,butter/mas/tests/clients/client_tcp_test.py::TestTcpClientApiMethods::testSetMotorRegister,0.0,100.0,,,,,100,100,False,always_fail,,results/idoft/Butter.MAS.PythonAPI-butter_mas_tests_clients_client_tcp_test_py__testtcpclientap.json
observed,https://github.com/DanielSank/observed,NIO,d99fb99ff2a470a86efb2763685e8e2c021e799f,True,observed_test.py::TestBasics::test_discard,1.0,1.0,,,,,100,100,True,reproduced,,results/idoft/observed-observed_test_py__testbasics__test_discard.json
parso,https://github.com/davidhalter/parso,NIO,6ae0efa415c9790000dba70f87e6ece20d6a4101,True,test/test_cache.py::test_permission_error,1.0,1.0,,,,,100,100,True,reproduced,,results/idoft/parso-test_test_cache_py__test_permission_error.json
Butter.MAS.PythonAPI,https://github.com/bennymeg/Butter.MAS.PythonAPI,NOD,f86ebe75df3826f62a268645cdbe4400b43fab07,True,butter/mas/tests/clients/client_tcp_test.py::TestTcpClientApiMethods::testStopAnimation,0.0,100.0,,,,,100,100,False,always_fail,,results/idoft/Butter.MAS.PythonAPI-butter_mas_tests_clients_client_tcp_test_py__testtcpclientap.json
demisto-sdk,https://github.com/demisto/demisto-sdk,NIO,925303e5c54fc3dda985ef19b6d56a956d189f69,True,demisto_sdk/commands/secrets/tests/secrets_test.py::TestSecrets::test_two_files_with_same_name,0.0,1.0,,,,,100,100,False,always_fail,,results/idoft/demisto-sdk-demisto_sdk_commands_secrets_tests_secrets_test_py__testsecr.json
Butter.MAS.PythonAPI,https://github.com/bennymeg/Butter.MAS.PythonAPI,NOD,f86ebe75df3826f62a268645cdbe4400b43fab07,True,butter/mas/tests/clients/client_tcp_test.py::TestTcpClientApiMethods::testStopAudio,0.0,100.0,,,,,100,100,False,always_fail,,results/idoft/Butter.MAS.PythonAPI-butter_mas_tests_clients_client_tcp_test_py__testtcpclientap.json
jsonextra,https://github.com/den4uk/jsonextra,NIO,b548d607e8f196e1e1c456666e4f15f579762ecf,True,tests/test_jsonextra.py::test_disable_rex,1.0,1.0,,,,,100,100,True,reproduced,,results/idoft/jsonextra-tests_test_jsonextra_py__test_disable_rex.json
redisqueue,https://github.com/DevKeh/redisqueue,NIO,feac4dfc30837e0ab1a55a8479443ea74b2793f2,True,tests/test_redisqueue.py::test_mock_queue_connection,0.0,1.0,,,,,100,100,False,always_fail,,results/idoft/redisqueue-tests_test_redisqueue_py__test_mock_queue_connection.json
mdutils,https://github.com/didix21/mdutils,,9cc2a5cfc86a052f987feddcee7f37a4349fb8de,True,tests/test_mdutils.py::TestMdUtils,100.0,0.0,,,,,100,100,False,always_pass,,results/idoft/mdutils-tests_test_mdutils_py__testmdutils.json
django-beam,https://github.com/django-beam/django-beam,NOD,43b2111f5c65937aa1e2cc9704b59796e982a805,True,tests/test_contrib_reversion.py::test_revision_is_visible_in_list,1.0,1.0,,,,,100,2,True,reproduced,,results/idoft/django-beam-tests_test_contrib_reversion_py__test_revision_is_visible_in.json
django-beam,https://github.com/django-beam/django-beam,NOD,43b2111f5c65937aa1e2cc9704b59796e982a805,False,tests/test_contrib_reversion.py::test_show_detail_from_previous_version,0.0,0.0,,,,,100,0,False,error,"Failed to start Docker container from python:3.9-slim: docker: Error response from daemon: Conflict. The container name ""/idoft_django_beam_python"" is already in use by container ""6ad54b40f3fafadd0dff9f3fb3abfe3623b78f006f3e7f8e71dbbf83ffd4c7be"". You have to remove (or rename) that container to be able to reuse that name.Run 'docker run --help' for more information",
Butter.MAS.PythonAPI,https://github.com/bennymeg/Butter.MAS.PythonAPI,NOD,f86ebe75df3826f62a268645cdbe4400b43fab07,True,butter/mas/tests/clients/client_udp_test.py::TestUdpClientApiMethods::testGetAvailableAnimations,0.0,100.0,,,,,100,100,False,always_fail,,results/idoft/Butter.MAS.PythonAPI-butter_mas_tests_clients_client_udp_test_py__testudpclientap.json
django-beam,https://github.com/django-beam/django-beam,NOD,43b2111f5c65937aa1e2cc9704b59796e982a805,True,tests/test_views.py::test_delete,100.0,0.0,,,,,100,100,False,always_pass,,results/idoft/django-beam-tests_test_views_py__test_delete.json
django-beam,https://github.com/django-beam/django-beam,NOD,43b2111f5c65937aa1e2cc9704b59796e982a805,True,tests/test_views.py::test_delete_protected_not_allowed,100.0,0.0,,,,,100,100,False,always_pass,,results/idoft/django-beam-tests_test_views_py__test_delete_protected_not_allowed.json
django-beam,https://github.com/django-beam/django-beam,NOD,43b2111f5c65937aa1e2cc9704b59796e982a805,True,tests/test_views.py::test_delete_shows_related,100.0,0.0,,,,,100,100,False,always_pass,,results/idoft/django-beam-tests_test_views_py__test_delete_shows_related.json
django-beam,https://github.com/django-beam/django-beam,NOD,43b2111f5c65937aa1e2cc9704b59796e982a805,True,tests/test_views.py::test_detail,100.0,0.0,,,,,100,100,False,always_pass,,results/idoft/django-beam-tests_test_views_py__test_detail.json
django-beam,https://github.com/django-beam/django-beam,NOD,43b2111f5c65937aa1e2cc9704b59796e982a805,True,tests/test_views.py::test_list,0.0,100.0,,,,,100,100,False,always_fail,,results/idoft/django-beam-tests_test_views_py__test_list.json
Butter.MAS.PythonAPI,https://github.com/bennymeg/Butter.MAS.PythonAPI,NOD,f86ebe75df3826f62a268645cdbe4400b43fab07,True,butter/mas/tests/clients/client_udp_test.py::TestUdpClientApiMethods::testGetAvailableHandlers,0.0,100.0,,,,,100,100,False,always_fail,,results/idoft/Butter.MAS.PythonAPI-butter_mas_tests_clients_client_udp_test_py__testudpclientap.json
django-beam,https://github.com/django-beam/django-beam,NOD,43b2111f5c65937aa1e2cc9704b59796e982a805,True,tests/test_views.py::test_list_search,100.0,0.0,,,,,100,100,False,always_pass,,results/idoft/django-beam-tests_test_views_py__test_list_search.json
django-beam,https://github.com/django-beam/django-beam,NOD,43b2111f5c65937aa1e2cc9704b59796e982a805,True,tests/test_views.py::test_list_sort,100.0,0.0,,,,,100,100,False,always_pass,,results/idoft/django-beam-tests_test_views_py__test_list_sort.json
django-beam,https://github.com/django-beam/django-beam,NOD,43b2111f5c65937aa1e2cc9704b59796e982a805,True,tests/test_views.py::test_only_popup_param_is_preserved_in_detail_links,100.0,0.0,,,,,100,100,False,always_pass,,results/idoft/django-beam-tests_test_views_py__test_only_popup_param_is_preserved_in_d.json
django-beam,https://github.com/django-beam/django-beam,NOD,43b2111f5c65937aa1e2cc9704b59796e982a805,True,tests/test_views.py::test_update,100.0,0.0,,,,,100,100,False,always_pass,,results/idoft/django-beam-tests_test_views_py__test_update.json
logx,https://github.com/djrobstep/logx,,c53fabbc160fb8d70fa878684ea36f0c22fd5caa,True,tests/test_logx.py::test_formatted_output tests/test_logx.py::test_plain_output,1.0,4.0,,,,,100,5,True,reproduced,,results/idoft/logx-tests_test_logx_py__test_formatted_output_tests_test_logx_py.json
mythx-cli,https://github.com/dmuhs/mythx-cli,,defc59e2a8732a6e2e550ac62ded5a46c32a780b,True,tests/test_path_sanitize.py::test_sanitize_ast,100.0,0.0,,,,,100,100,False,always_pass,,results/idoft/mythx-cli-tests_test_path_sanitize_py__test_sanitize_ast.json
tokendito,https://github.com/dowjones/tokendito,NOD,f5d8e5171ddcca0c62925263ddb80535f51aded3,True,tests/functional_test.py::test_package_exists,0.0,100.0,,,,,100,100,False,always_fail,,results/idoft/tokendito-tests_functional_test_py__test_package_exists.json
Butter.MAS.PythonAPI,https://github.com/bennymeg/Butter.MAS.PythonAPI,NOD,f86ebe75df3826f62a268645cdbe4400b43fab07,True,butter/mas/tests/clients/client_udp_test.py::TestUdpClientApiMethods::testGetAvailableMotorRegisters,0.0,100.0,,,,,100,100,False,always_fail,,results/idoft/Butter.MAS.PythonAPI-butter_mas_tests_clients_client_udp_test_py__testudpclientap.json
tokendito,https://github.com/dowjones/tokendito,NOD,f5d8e5171ddcca0c62925263ddb80535f51aded3,True,tests/functional_test.py::test_version[runnable2],0.0,100.0,,,,,100,100,False,always_fail,,results/idoft/tokendito-tests_functional_test_py__test_version_runnable2_.json
volux,https://github.com/drtexx/volux,NIO,c41339aceeab4295967ea88b2edd05d0d456b2ce,True,tests/test_operator.py::Test_operator::test_add_module,1.0,1.0,,,,,100,100,True,reproduced,,results/idoft/volux-tests_test_operator_py__test_operator__test_add_module.json
volux,https://github.com/drtexx/volux,NIO,c41339aceeab4295967ea88b2edd05d0d456b2ce,True,tests/test_operator.py::Test_operator::test_remove_missing_module,1.0,1.0,,,,,100,100,True,reproduced,,results/idoft/volux-tests_test_operator_py__test_operator__test_remove_missing_m.json
libearth,https://github.com/earthreader/libearth,,71d2f3246eb0b6a3668a64e2242616d20b1d7dcd,True,tests/repository_test.py::test_repository tests/stage_test.py::test_set_dir_route,100.0,0.0,,,,,100,100,False,always_pass,,results/idoft/libearth-tests_repository_test_py__test_repository_tests_stage_test_p.json
libearth,https://github.com/earthreader/libearth,NIO,71d2f3246eb0b6a3668a64e2242616d20b1d7dcd,True,tests/stage_test.py::test_set_dir_route,1.0,1.0,,,,,100,100,True,reproduced,,results/idoft/libearth-tests_stage_test_py__test_set_dir_route.json
epathermostat,https://github.com/EPAENERGYSTAR/epathermostat,NIO,98aaf571fe8e15e1a372567776081fd9dae7e872,True,tests/test_core.py::test_multiple_same_key,0.0,1.0,,,,,100,100,False,always_fail,,results/idoft/epathermostat-tests_test_core_py__test_multiple_same_key.json
epsagon-python,https://github.com/epsagon/epsagon-python,UD,15ab5c9f5c7dda93f546e20aded715f85a1dea3c,True,tests/test_transports.py::test_httptransport_timeout,0.0,100.0,,,,,100,100,False,always_fail,,results/idoft/epsagon-python-tests_test_transports_py__test_httptransport_timeout.json
epsagon-python,https://github.com/epsagon/epsagon-python,NIO,b985d8412848f9a0c98e2f15ae0967a6dba3517f,True,tests/wrappers/test_python_function.py::test_python_wrapper_python_runner_factory_failed,0.0,1.0,,,,,100,100,False,always_fail,,results/idoft/epsagon-python-tests_wrappers_test_python_function_py__test_python_wrapper_.json
Butter.MAS.PythonAPI,https://github.com/bennymeg/Butter.MAS.PythonAPI,NOD,f86ebe75df3826f62a268645cdbe4400b43fab07,True,butter/mas/tests/clients/client_udp_test.py::TestUdpClientApiMethods::testGetAvailableSounds,0.0,100.0,,,,,100,100,False,always_fail,,results/idoft/Butter.MAS.PythonAPI-butter_mas_tests_clients_client_udp_test_py__testudpclientap.json
nxviz,https://github.com/ericmjl/nxviz,NOD,d2a2a622e834148a9f4337dbe1021a05c5f18548,True,tests/test_geometry.py::test_correct_negative_angle,0.0,100.0,,,,,100,100,False,always_fail,,results/idoft/nxviz-tests_test_geometry_py__test_correct_negative_angle.json
nxviz,https://github.com/ericmjl/nxviz,NOD,d2a2a622e834148a9f4337dbe1021a05c5f18548,True,tests/test_plots.py::test_matrix_plot,0.0,100.0,,,,,100,100,False,always_fail,,results/idoft/nxviz-tests_test_plots_py__test_matrix_plot.json
Butter.MAS.PythonAPI,https://github.com/bennymeg/Butter.MAS.PythonAPI,NOD,f86ebe75df3826f62a268645cdbe4400b43fab07,True,butter/mas/tests/clients/client_udp_test.py::TestUdpClientApiMethods::testGetMotorRegister,0.0,100.0,,,,,100,100,False,always_fail,,results/idoft/Butter.MAS.PythonAPI-butter_mas_tests_clients_client_udp_test_py__testudpclientap.json
Butter.MAS.PythonAPI,https://github.com/bennymeg/Butter.MAS.PythonAPI,NOD,f86ebe75df3826f62a268645cdbe4400b43fab07,True,butter/mas/tests/clients/client_udp_test.py::TestUdpClientApiMethods::testMoveMotorInDirection,0.0,100.0,,,,,100,100,False,always_fail,,results/idoft/Butter.MAS.PythonAPI-butter_mas_tests_clients_client_udp_test_py__testudpclientap.json
Butter.MAS.PythonAPI,https://github.com/bennymeg/Butter.MAS.PythonAPI,NOD,f86ebe75df3826f62a268645cdbe4400b43fab07,True,butter/mas/tests/clients/client_udp_test.py::TestUdpClientApiMethods::testMoveMotorInTime,0.0,100.0,,,,,100,100,False,always_fail,,results/idoft/Butter.MAS.PythonAPI-butter_mas_tests_clients_client_udp_test_py__testudpclientap.json
Butter.MAS.PythonAPI,https://github.com/bennymeg/Butter.MAS.PythonAPI,NOD,f86ebe75df3826f62a268645cdbe4400b43fab07,True,butter/mas/tests/clients/client_udp_test.py::TestUdpClientApiMethods::testMoveMotorToPosition,0.0,100.0,,,,,100,100,False,always_fail,,results/idoft/Butter.MAS.PythonAPI-butter_mas_tests_clients_client_udp_test_py__testudpclientap.json
pyfilm,https://github.com/ferdinandvwyk/pyfilm,NOD,20688f59536c713650516f09e1873fcb5b506a17,True,tests/test_pyfilm.py::TestClass::test_calculate_cbar_ticks,1.0,1.0,,,,,100,2,True,reproduced,,results/idoft/pyfilm-tests_test_pyfilm_py__testclass__test_calculate_cbar_ticks.json
tangle,https://github.com/fifman/tangle,NOD,a36cff74d7f09bf8f24a91929b844ea1be7b1bcd,True,tests/test_bean.py::test_instance,100.0,0.0,,,,,100,100,False,always_pass,,results/idoft/tangle-tests_test_bean_py__test_instance.json
tangle,https://github.com/fifman/tangle,NIO,a36cff74d7f09bf8f24a91929b844ea1be7b1bcd,True,tests/test_context.py::test_aspect,1.0,1.0,,,,,100,100,True,reproduced,,results/idoft/tangle-tests_test_context_py__test_aspect.json
filestack-python,https://github.com/filestack/filestack-python,,bfd98e91d3300d2fbae0569acb4863f9e77358cd,True,tests/intelligent_ingestion_test.py,1.0,4.0,,,,,100,5,True,reproduced,,results/idoft/filestack-python-tests_intelligent_ingestion_test_py.json
filestack-python,https://github.com/filestack/filestack-python,NIO,1bd6749735e5c78dde767e0685ddfdf0cd7423e2,True,tests/intelligent_ingestion_test.py::test_upload_part_with_resize,1.0,1.0,,,,,100,100,True,reproduced,,results/idoft/filestack-python-tests_intelligent_ingestion_test_py__test_upload_part_with_r.json
fooof,https://github.com/fooof-tools/fooof,NOD,14d6196e0b60c7e6da95b5cf858b20adcc5fc0ac,True,fooof/tests/utils/test_download.py::test_check_data_file,0.0,100.0,,,,,100,100,False,always_fail,,results/idoft/fooof-fooof_tests_utils_test_download_py__test_check_data_file.json
pymerkle,https://github.com/FoteinosMerg/pymerkle,NIO,5318009e04b2ae44e194b8435ef181aa67ab8b9a,True,tests/tree/test_structure.py::test_1_leaves,1.0,1.0,,,,,100,100,True,reproduced,,results/idoft/pymerkle-tests_tree_test_structure_py__test_1_leaves.json
coworks,https://github.com/gdoumenc/coworks,NIO,c574654a1e3d1cd4ad56b6f5912631230c37fdf3,True,tests/example/test_example.py::TestClass::test_simple_example,0.0,1.0,,,,,100,100,False,always_fail,,results/idoft/coworks-tests_example_test_example_py__testclass__test_simple_exampl.json
coworks,https://github.com/gdoumenc/coworks,NIO,c574654a1e3d1cd4ad56b6f5912631230c37fdf3,True,tests/src/cws/test_scons.py::TestClass::test_zip,0.0,1.0,,,,,100,100,False,always_fail,,results/idoft/coworks-tests_src_cws_test_scons_py__testclass__test_zip.json
dataprep,https://github.com/giganticode/dataprep,NIO,bb1d3731a39d221f2a037aaadc747a29a5e76c8d,True,tests/infrastructure/test_bperegistry.py::test_none,1.0,1.0,,,,,100,100,True,reproduced,,results/idoft/dataprep-tests_infrastructure_test_bperegistry_py__test_none.json
Butter.MAS.PythonAPI,https://github.com/bennymeg/Butter.MAS.PythonAPI,NOD,f86ebe75df3826f62a268645cdbe4400b43fab07,True,butter/mas/tests/clients/client_udp_test.py::TestUdpClientApiMethods::testPauseAnimation,0.0,100.0,,,,,100,100,False,always_fail,,results/idoft/Butter.MAS.PythonAPI-butter_mas_tests_clients_client_udp_test_py__testudpclientap.json
penman,https://github.com/goodmami/penman,NOD,e83cf6d006724d72a3e19a955aad94412da912b7,True,tests/test_layout.py::test_rearrange,1.0,1.0,,,,,100,2,True,reproduced,,results/idoft/penman-tests_test_layout_py__test_rearrange.json
grabbit,https://github.com/grabbles/grabbit,NOD,83ff93df36019eaaee9d4e31f816a518e46cae07,True,grabbit/tests/test_core.py::TestLayout::test_init_with_exclude_arg[local],0.0,100.0,,,,,100,100,False,always_fail,,results/idoft/grabbit-grabbit_tests_test_core_py__testlayout__test_init_with_exclu.json
grabbit,https://github.com/grabbles/grabbit,NOD,83ff93df36019eaaee9d4e31f816a518e46cae07,True,grabbit/tests/test_core.py::TestLayout::test_init_with_include_arg[local],0.0,100.0,,,,,100,100,False,always_fail,,results/idoft/grabbit-grabbit_tests_test_core_py__testlayout__test_init_with_inclu.json
grabbit,https://github.com/grabbles/grabbit,NOD,83ff93df36019eaaee9d4e31f816a518e46cae07,True,grabbit/tests/test_core.py::TestLayout::test_natsort[local],0.0,100.0,,,,,100,100,False,always_fail,,results/idoft/grabbit-grabbit_tests_test_core_py__testlayout__test_natsort_local_.json
grabbit,https://github.com/grabbles/grabbit,NOD,83ff93df36019eaaee9d4e31f816a518e46cae07,True,grabbit/tests/test_core.py::TestLayout::test_querying[local],0.0,100.0,,,,,100,100,False,always_fail,,results/idoft/grabbit-grabbit_tests_test_core_py__testlayout__test_querying_local_.json
grabbit,https://github.com/grabbles/grabbit,NOD,83ff93df36019eaaee9d4e31f816a518e46cae07,True,grabbit/tests/test_core.py::TestLayout::test_unique_and_count[local],0.0,100.0,,,,,100,100,False,always_fail,,results/idoft/grabbit-grabbit_tests_test_core_py__testlayout__test_unique_and_coun.json
lol_api,https://github.com/gradam/lol_api,NIO,33ea96f5eeac581737949b733d8af1c4436e94b9,True,tests/test_daemon.py::TestDaemon::test_different_api_key,1.0,1.0,,,,,100,100,True,reproduced,,results/idoft/lol_api-tests_test_daemon_py__testdaemon__test_different_api_key.json
lol_api,https://github.com/gradam/lol_api,NIO,33ea96f5eeac581737949b733d8af1c4436e94b9,True,tests/test_daemon.py::TestDaemon::test_short,1.0,1.0,,,,,100,100,True,reproduced,,results/idoft/lol_api-tests_test_daemon_py__testdaemon__test_short.json
gwosc,https://github.com/gwpy/gwosc,NIO,06b56ce506fda3af4857c8a1aae7bb60fb1925e9,True,gwosc/tests/test_datasets.py::test_dataset_type_local,1.0,1.0,,,,,100,100,True,reproduced,,results/idoft/gwosc-gwosc_tests_test_datasets_py__test_dataset_type_local.json
py-autodoc,https://github.com/heavenshell/py-autodoc,NOD,001d5ff03d41a5d714075eb08e666c413d50f0ac,True,examples/test_gen_each_case.py::TestUnittest::test_get,100.0,0.0,,,,,100,100,False,always_pass,,results/idoft/py-autodoc-examples_test_gen_each_case_py__testunittest__test_get.json
py-autodoc,https://github.com/heavenshell/py-autodoc,NOD,001d5ff03d41a5d714075eb08e666c413d50f0ac,True,examples/test_pytest.py::test_post,100.0,0.0,,,,,100,100,False,always_pass,,results/idoft/py-autodoc-examples_test_pytest_py__test_post.json
Butter.MAS.PythonAPI,https://github.com/bennymeg/Butter.MAS.PythonAPI,NOD,f86ebe75df3826f62a268645cdbe4400b43fab07,True,butter/mas/tests/clients/client_udp_test.py::TestUdpClientApiMethods::testPauseAudio,0.0,100.0,,,,,100,100,False,always_fail,,results/idoft/Butter.MAS.PythonAPI-butter_mas_tests_clients_client_udp_test_py__testudpclientap.json
py-autodoc,https://github.com/heavenshell/py-autodoc,NOD,001d5ff03d41a5d714075eb08e666c413d50f0ac,True,examples/test_requests.py::TestUnittest::test_foo_bar,100.0,0.0,,,,,100,100,False,always_pass,,results/idoft/py-autodoc-examples_test_requests_py__testunittest__test_foo_bar.json
py-autodoc,https://github.com/heavenshell/py-autodoc,NOD,001d5ff03d41a5d714075eb08e666c413d50f0ac,True,examples/test_requests.py::TestUnittest::test_get,100.0,0.0,,,,,100,100,False,always_pass,,results/idoft/py-autodoc-examples_test_requests_py__testunittest__test_get.json
py-autodoc,https://github.com/heavenshell/py-autodoc,NOD,001d5ff03d41a5d714075eb08e666c413d50f0ac,True,examples/test_requests.py::TestUnittest::test_post,100.0,0.0,,,,,100,100,False,always_pass,,results/idoft/py-autodoc-examples_test_requests_py__testunittest__test_post.json
py-autodoc,https://github.com/heavenshell/py-autodoc,NOD,001d5ff03d41a5d714075eb08e666c413d50f0ac,True,examples/test_unittest.py::TestUnittest::test_foo_bar,100.0,0.0,,,,,100,100,False,always_pass,,results/idoft/py-autodoc-examples_test_unittest_py__testunittest__test_foo_bar.json
py-autodoc,https://github.com/heavenshell/py-autodoc,NOD,001d5ff03d41a5d714075eb08e666c413d50f0ac,True,examples/test_unittest.py::TestUnittest::test_get,100.0,0.0,,,,,100,100,False,always_pass,,results/idoft/py-autodoc-examples_test_unittest_py__testunittest__test_get.json
py-autodoc,https://github.com/heavenshell/py-autodoc,NOD,001d5ff03d41a5d714075eb08e666c413d50f0ac,True,examples/test_unittest.py::TestUnittest::test_post,100.0,0.0,,,,,100,100,False,always_pass,,results/idoft/py-autodoc-examples_test_unittest_py__testunittest__test_post.json
json-storage-manager,https://github.com/hefnawi/json-storage-manager,NIO,c7521fc4a576cf23a8c2454106bed6fb8c951b8d,True,tests/test_main.py::test_set_item,1.0,1.0,,,,,100,100,True,reproduced,,results/idoft/json-storage-manager-tests_test_main_py__test_set_item.json
webssh,https://github.com/huashengdun/webssh,NOD,51d527fe75a62aed239126a6697749a30baecb30,True,tests/test_app.py::TestAppBasic::test_app_auth_with_invalid_pubkey_for_user_robey,0.0,100.0,,,,,100,100,False,always_fail,,results/idoft/webssh-tests_test_app_py__testappbasic__test_app_auth_with_invalid_.json
webssh,https://github.com/huashengdun/webssh,NOD,51d527fe75a62aed239126a6697749a30baecb30,True,tests/test_app.py::TestAppBasic::test_app_auth_with_pubkey_cannot_be_decoded_by_multipart_form,0.0,100.0,,,,,100,100,False,always_fail,,results/idoft/webssh-tests_test_app_py__testappbasic__test_app_auth_with_pubkey_c.json
webssh,https://github.com/huashengdun/webssh,NOD,51d527fe75a62aed239126a6697749a30baecb30,True,tests/test_app.py::TestAppBasic::test_app_auth_with_pubkey_exceeds_key_max_size,0.0,100.0,,,,,100,100,False,always_fail,,results/idoft/webssh-tests_test_app_py__testappbasic__test_app_auth_with_pubkey_e.json
Butter.MAS.PythonAPI,https://github.com/bennymeg/Butter.MAS.PythonAPI,NOD,f86ebe75df3826f62a268645cdbe4400b43fab07,True,butter/mas/tests/clients/client_udp_test.py::TestUdpClientApiMethods::testPlayAnimation,0.0,100.0,,,,,100,100,False,always_fail,,results/idoft/Butter.MAS.PythonAPI-butter_mas_tests_clients_client_udp_test_py__testudpclientap.json
webssh,https://github.com/huashengdun/webssh,NOD,51d527fe75a62aed239126a6697749a30baecb30,True,tests/test_app.py::TestAppBasic::test_app_auth_with_valid_pubkey_by_multipart_form,0.0,100.0,,,,,100,100,False,always_fail,,results/idoft/webssh-tests_test_app_py__testappbasic__test_app_auth_with_valid_pu.json
webssh,https://github.com/huashengdun/webssh,NOD,51d527fe75a62aed239126a6697749a30baecb30,True,tests/test_app.py::TestAppBasic::test_app_post_form_with_large_body_size_by_multipart_form,0.0,100.0,,,,,100,100,False,always_fail,,results/idoft/webssh-tests_test_app_py__testappbasic__test_app_post_form_with_lar.json
webssh,https://github.com/huashengdun/webssh,NOD,51d527fe75a62aed239126a6697749a30baecb30,True,tests/test_app.py::TestAppBasic::test_app_post_form_with_large_body_size_by_urlencoded_form,0.0,100.0,,,,,100,100,False,always_fail,,results/idoft/webssh-tests_test_app_py__testappbasic__test_app_post_form_with_lar.json
webssh,https://github.com/huashengdun/webssh,NOD,51d527fe75a62aed239126a6697749a30baecb30,True,tests/test_app.py::TestAppBasic::test_app_with_correct_credentials,0.0,100.0,,,,,100,100,False,always_fail,,results/idoft/webssh-tests_test_app_py__testappbasic__test_app_with_correct_crede.json
webssh,https://github.com/huashengdun/webssh,NOD,51d527fe75a62aed239126a6697749a30baecb30,True,tests/test_app.py::TestAppBasic::test_app_with_correct_credentials_but_ip_not_matched,0.0,100.0,,,,,100,100,False,always_fail,,results/idoft/webssh-tests_test_app_py__testappbasic__test_app_with_correct_crede.json
webssh,https://github.com/huashengdun/webssh,NOD,51d527fe75a62aed239126a6697749a30baecb30,True,tests/test_app.py::TestAppBasic::test_app_with_correct_credentials_but_wrong_id,0.0,100.0,,,,,100,100,False,always_fail,,results/idoft/webssh-tests_test_app_py__testappbasic__test_app_with_correct_crede.json
webssh,https://github.com/huashengdun/webssh,NOD,51d527fe75a62aed239126a6697749a30baecb30,True,tests/test_app.py::TestAppBasic::test_app_with_correct_credentials_user_bar,0.0,100.0,,,,,100,100,False,always_fail,,results/idoft/webssh-tests_test_app_py__testappbasic__test_app_with_correct_crede.json
webssh,https://github.com/huashengdun/webssh,NOD,51d527fe75a62aed239126a6697749a30baecb30,True,tests/test_app.py::TestAppBasic::test_app_with_invalid_form_for_invalid_value,0.0,100.0,,,,,100,100,False,always_fail,,results/idoft/webssh-tests_test_app_py__testappbasic__test_app_with_invalid_form_.json
Butter.MAS.PythonAPI,https://github.com/bennymeg/Butter.MAS.PythonAPI,NOD,f86ebe75df3826f62a268645cdbe4400b43fab07,True,butter/mas/tests/clients/client_udp_test.py::TestUdpClientApiMethods::testPlayAudio,0.0,100.0,,,,,100,100,False,always_fail,,results/idoft/Butter.MAS.PythonAPI-butter_mas_tests_clients_client_udp_test_py__testudpclientap.json
webssh,https://github.com/huashengdun/webssh,NOD,51d527fe75a62aed239126a6697749a30baecb30,True,tests/test_app.py::TestAppBasic::test_app_with_invalid_form_for_missing_argument,0.0,100.0,,,,,100,100,False,always_fail,,results/idoft/webssh-tests_test_app_py__testappbasic__test_app_with_invalid_form_.json
webssh,https://github.com/huashengdun/webssh,NOD,51d527fe75a62aed239126a6697749a30baecb30,True,tests/test_app.py::TestAppBasic::test_app_with_user_pass2fa_with_correct_passwords,0.0,100.0,,,,,100,100,False,always_fail,,results/idoft/webssh-tests_test_app_py__testappbasic__test_app_with_user_pass2fa_.json
webssh,https://github.com/huashengdun/webssh,NOD,51d527fe75a62aed239126a6697749a30baecb30,True,tests/test_app.py::TestAppBasic::test_app_with_user_pkey2fa_with_correct_passwords,0.0,100.0,,,,,100,100,False,always_fail,,results/idoft/webssh-tests_test_app_py__testappbasic__test_app_with_user_pkey2fa_.json
webssh,https://github.com/huashengdun/webssh,NOD,51d527fe75a62aed239126a6697749a30baecb30,True,tests/test_app.py::TestAppBasic::test_app_with_user_pkey2fa_with_empty_passcode,0.0,100.0,,,,,100,100,False,always_fail,,results/idoft/webssh-tests_test_app_py__testappbasic__test_app_with_user_pkey2fa_.json
webssh,https://github.com/huashengdun/webssh,NOD,51d527fe75a62aed239126a6697749a30baecb30,True,tests/test_app.py::TestAppBasic::test_app_with_user_pkey2fa_with_wrong_passcode,0.0,100.0,,,,,100,100,False,always_fail,,results/idoft/webssh-tests_test_app_py__testappbasic__test_app_with_user_pkey2fa_.json
webssh,https://github.com/huashengdun/webssh,NOD,51d527fe75a62aed239126a6697749a30baecb30,True,tests/test_app.py::TestAppBasic::test_app_with_user_pkey2fa_with_wrong_password,0.0,100.0,,,,,100,100,False,always_fail,,results/idoft/webssh-tests_test_app_py__testappbasic__test_app_with_user_pkey2fa_.json
webssh,https://github.com/huashengdun/webssh,NOD,51d527fe75a62aed239126a6697749a30baecb30,True,tests/test_app.py::TestAppBasic::test_app_with_wrong_hostname_domain,0.0,100.0,,,,,100,100,False,always_fail,,results/idoft/webssh-tests_test_app_py__testappbasic__test_app_with_wrong_hostnam.json
webssh,https://github.com/huashengdun/webssh,NOD,51d527fe75a62aed239126a6697749a30baecb30,True,tests/test_app.py::TestAppBasic::test_app_with_wrong_hostname_ip,0.0,100.0,,,,,100,100,False,always_fail,,results/idoft/webssh-tests_test_app_py__testappbasic__test_app_with_wrong_hostnam.json
Butter.MAS.PythonAPI,https://github.com/bennymeg/Butter.MAS.PythonAPI,NOD,f86ebe75df3826f62a268645cdbe4400b43fab07,True,butter/mas/tests/clients/client_udp_test.py::TestUdpClientApiMethods::testResumeAnimation,0.0,100.0,,,,,100,100,False,always_fail,,results/idoft/Butter.MAS.PythonAPI-butter_mas_tests_clients_client_udp_test_py__testudpclientap.json
webssh,https://github.com/huashengdun/webssh,NOD,51d527fe75a62aed239126a6697749a30baecb30,True,tests/test_app.py::TestAppBasic::test_app_with_wrong_port,0.0,100.0,,,,,100,100,False,always_fail,,results/idoft/webssh-tests_test_app_py__testappbasic__test_app_with_wrong_port.json
python-aws-dataclasses,https://github.com/hypoport/python-aws-dataclasses,NIO,30bfe90457a83957d10ec18fe7d61439b5b74280,True,tests/test_sns_event.py::test_can_handle_missing_fields,0.0,1.0,,,,,100,100,False,always_fail,,results/idoft/python-aws-dataclasses-tests_test_sns_event_py__test_can_handle_missing_fields.json
Tale,https://github.com/irmen/Tale,NIO,a2a26443465ab6978b32d9253e833471500e7b68,True,tests/test_commands.py::TestCommandDecorators::test_cmd_decorator,1.0,1.0,,,,,100,100,True,reproduced,,results/idoft/Tale-tests_test_commands_py__testcommanddecorators__test_cmd_deco.json
Tale,https://github.com/irmen/Tale,NIO,a2a26443465ab6978b32d9253e833471500e7b68,True,tests/test_commands.py::TestCommandDecorators::test_no_duplicates,1.0,1.0,,,,,100,100,True,reproduced,,results/idoft/Tale-tests_test_commands_py__testcommanddecorators__test_no_dupli.json
Tale,https://github.com/irmen/Tale,NOD,a2a26443465ab6978b32d9253e833471500e7b68,True,tests/test_pubsub.py::TestPubsub::test_idletime,100.0,0.0,,,,,100,100,False,always_pass,,results/idoft/Tale-tests_test_pubsub_py__testpubsub__test_idletime.json
linux_aio,https://github.com/isac322/linux_aio,,007d033b42703e9bb4d7cd99ca50e54108215d46,True,test/test_non_vector_rw.py::TestRW::test_02_read_w_non_zero_offset test/test_non_vector_rw.py::TestRW::test_02_read_2_str test/test_non_vector_rw.py::TestRW::test_02_read,0.0,100.0,,,,,100,100,False,always_fail,,results/idoft/linux_aio-test_test_non_vector_rw_py__testrw__test_02_read_w_non_zero_.json
bootstrap_env,https://github.com/jedie/bootstrap_env,NOD,ab68025d8f6b9a17d8feeed83e8aae26e3f28769,True,bootstrap_env/tests/test_boot.py::BootstrapEnvTestCase::test_setup,0.0,100.0,,,,,100,100,False,always_fail,,results/idoft/bootstrap_env-bootstrap_env_tests_test_boot_py__bootstrapenvtestcase__test.json
bootstrap_env,https://github.com/jedie/bootstrap_env,NOD,ab68025d8f6b9a17d8feeed83e8aae26e3f28769,True,bootstrap_env/tests/test_test_utils.py::BootstrapEnvTestCase::test_setup,0.0,100.0,,,,,100,100,False,always_fail,,results/idoft/bootstrap_env-bootstrap_env_tests_test_test_utils_py__bootstrapenvtestcase.json
l293d,https://github.com/jmsv/l293d,,e29d7397b4cde4d2d466f018279c2df7d2e84cd9,True,tests/test_l293d.py::L293DTestCase::test_create_motor_with_force_selection tests/test_l293d.py::L293DTestCase::test_motor_can_be_removed tests/test_l293d.py::L293DTestCase::test_pin_numbering_lock tests/test_l293d.py::L293DTestCase::test_pins_string_list,1.0,8.0,,,,,100,9,True,reproduced,,results/idoft/l293d-tests_test_l293d_py__l293dtestcase__test_create_motor_with_f.json
dynamic-conf,https://github.com/jnoortheen/dynamic-conf,NIO,42257f06a66765ac4f5de1c6a4637f4db779c5ab,True,tests/test_conf.py::test_singleton,1.0,1.0,,,,,100,100,True,reproduced,,results/idoft/dynamic-conf-tests_test_conf_py__test_singleton.json
joblib,https://github.com/joblib/joblib,NIO,440b1b899d357a9db6526ca87051a77963b33631,True,joblib/test/test_memory.py::test_argument_change,1.0,1.0,,,,,100,100,True,reproduced,,results/idoft/joblib-joblib_test_test_memory_py__test_argument_change.json
joblib,https://github.com/joblib/joblib,NIO,440b1b899d357a9db6526ca87051a77963b33631,True,joblib/test/test_memory.py::test_memory_file_modification,1.0,1.0,,,,,100,100,True,reproduced,,results/idoft/joblib-joblib_test_test_memory_py__test_memory_file_modification.json
Butter.MAS.PythonAPI,https://github.com/bennymeg/Butter.MAS.PythonAPI,NOD,f86ebe75df3826f62a268645cdbe4400b43fab07,True,butter/mas/tests/clients/client_udp_test.py::TestUdpClientApiMethods::testResumeAudio,0.0,100.0,,,,,100,100,False,always_fail,,results/idoft/Butter.MAS.PythonAPI-butter_mas_tests_clients_client_udp_test_py__testudpclientap.json
Flask-JWT-Router,https://github.com/joegasewicz/Flask-JWT-Router,NOD,0fb1e256c81409be6f08d8be12f07e5f58b4f914,True,tests/test_routing.py::TestRouting::test_api_named_routes,100.0,0.0,,,,,100,100,False,always_pass,,results/idoft/Flask-JWT-Router-tests_test_routing_py__testrouting__test_api_named_routes.json
Flask-JWT-Router,https://github.com/joegasewicz/Flask-JWT-Router,NOD,0fb1e256c81409be6f08d8be12f07e5f58b4f914,True,tests/test_routing.py::TestRouting::test_before_middleware,100.0,0.0,,,,,100,100,False,always_pass,,results/idoft/Flask-JWT-Router-tests_test_routing_py__testrouting__test_before_middleware.json
Flask-JWT-Router,https://github.com/joegasewicz/Flask-JWT-Router,NOD,0fb1e256c81409be6f08d8be12f07e5f58b4f914,True,tests/test_routing.py::TestRouting::test_handle_pre_flight_request,100.0,0.0,,,,,100,100,False,always_pass,,results/idoft/Flask-JWT-Router-tests_test_routing_py__testrouting__test_handle_pre_flight_r.json
Flask-JWT-Router,https://github.com/joegasewicz/Flask-JWT-Router,NOD,0fb1e256c81409be6f08d8be12f07e5f58b4f914,True,tests/test_routing.py::TestRouting::test_ignored_route_path,100.0,0.0,,,,,100,100,False,always_pass,,results/idoft/Flask-JWT-Router-tests_test_routing_py__testrouting__test_ignored_route_path.json
Flask-JWT-Router,https://github.com/joegasewicz/Flask-JWT-Router,NOD,0fb1e256c81409be6f08d8be12f07e5f58b4f914,True,tests/test_routing.py::TestRouting::test_jwt_route[jwt_router_client1-None-401],100.0,0.0,,,,,100,100,False,always_pass,,results/idoft/Flask-JWT-Router-tests_test_routing_py__testrouting__test_jwt_route_jwt_route.json
Flask-JWT-Router,https://github.com/joegasewicz/Flask-JWT-Router,NOD,0fb1e256c81409be6f08d8be12f07e5f58b4f914,True,tests/test_routing.py::TestRouting::test_jwt_route[jwt_router_client2-None-401],100.0,0.0,,,,,100,100,False,always_pass,,results/idoft/Flask-JWT-Router-tests_test_routing_py__testrouting__test_jwt_route_jwt_route.json
Flask-JWT-Router,https://github.com/joegasewicz/Flask-JWT-Router,NOD,0fb1e256c81409be6f08d8be12f07e5f58b4f914,True,tests/test_routing.py::TestRouting::test_static_client,100.0,0.0,,,,,100,100,False,always_pass,,results/idoft/Flask-JWT-Router-tests_test_routing_py__testrouting__test_static_client.json
Butter.MAS.PythonAPI,https://github.com/bennymeg/Butter.MAS.PythonAPI,NOD,f86ebe75df3826f62a268645cdbe4400b43fab07,True,butter/mas/tests/clients/client_udp_test.py::TestUdpClientApiMethods::testSetMotorRegister,0.0,100.0,,,,,100,100,False,always_fail,,results/idoft/Butter.MAS.PythonAPI-butter_mas_tests_clients_client_udp_test_py__testudpclientap.json
Flask-JWT-Router,https://github.com/joegasewicz/Flask-JWT-Router,NOD,0fb1e256c81409be6f08d8be12f07e5f58b4f914,True,tests/test_routing.py::TestRouting::test_static_routes,100.0,0.0,,,,,100,100,False,always_pass,,results/idoft/Flask-JWT-Router-tests_test_routing_py__testrouting__test_static_routes.json
Flask-JWT-Router,https://github.com/joegasewicz/Flask-JWT-Router,NOD,0fb1e256c81409be6f08d8be12f07e5f58b4f914,True,tests/test_routing.py::TestRouting::test_sub_paths,100.0,0.0,,,,,100,100,False,always_pass,,results/idoft/Flask-JWT-Router-tests_test_routing_py__testrouting__test_sub_paths.json
litedb,https://github.com/JonathanVusich/litedb,,c750b9045c353b7f57dddb028410ec67f8b23a46,True,tests/test_database/test_memory_database_hypothesis.py::TestMemoryDatabase::test_database_zelete tests/test_database/test_memory_database_hypothesis.py::TestMemoryDatabase::test_database_retrieve,0.0,100.0,,,,,100,100,False,always_fail,,results/idoft/litedb-tests_test_database_test_memory_database_hypothesis_py__test.json
geom,https://github.com/josiest/geom,NIO,d12b381706ee620cba1c6a6cb45ab7815e5a1dc9,True,test_geom.py::test_epsilon,1.0,1.0,,,,,100,100,True,reproduced,,results/idoft/geom-test_geom_py__test_epsilon.json
django-hug,https://github.com/jounderwood/django-hug,NIO,778b16f568ce9fdb01f360b7bff89c9d8b6c2ef7,True,tests/test_settings.py::test_camelcased_response_data_ok,0.0,1.0,,,,,100,100,False,always_fail,,results/idoft/django-hug-tests_test_settings_py__test_camelcased_response_data_ok.json
django-hug,https://github.com/jounderwood/django-hug,NIO,778b16f568ce9fdb01f360b7bff89c9d8b6c2ef7,True,tests/test_settings.py::test_register_request_formatters_ok,0.0,1.0,,,,,100,100,False,always_fail,,results/idoft/django-hug-tests_test_settings_py__test_register_request_formatters_ok.json
django-hug,https://github.com/jounderwood/django-hug,NIO,778b16f568ce9fdb01f360b7bff89c9d8b6c2ef7,True,tests/test_settings.py::test_register_response_formatters_ok,0.0,1.0,,,,,100,100,False,always_fail,,results/idoft/django-hug-tests_test_settings_py__test_register_response_formatters_ok.json
django-hug,https://github.com/jounderwood/django-hug,NIO,778b16f568ce9fdb01f360b7bff89c9d8b6c2ef7,True,tests/test_settings.py::test_response_additional_headers_ok,0.0,1.0,,,,,100,100,False,always_fail,,results/idoft/django-hug-tests_test_settings_py__test_response_additional_headers_ok.json
skelpy,https://github.com/june3474/skelpy,NIO,0e64eccdc5211dbec664e7d3f9d07c6020651b63,True,tests/test_helpers.py::test_remove_comment_line_in_file,1.0,1.0,,,,,100,100,True,reproduced,,results/idoft/skelpy-tests_test_helpers_py__test_remove_comment_line_in_file.json
skelpy,https://github.com/june3474/skelpy,NIO,0e64eccdc5211dbec664e7d3f9d07c6020651b63,True,tests/test_package.py::test_create_package_dir,1.0,1.0,,,,,100,100,True,reproduced,,results/idoft/skelpy-tests_test_package_py__test_create_package_dir.json
skelpy,https://github.com/june3474/skelpy,NIO,0e64eccdc5211dbec664e7d3f9d07c6020651b63,True,tests/test_package.py::test_write_init,1.0,1.0,,,,,100,100,True,reproduced,,results/idoft/skelpy-tests_test_package_py__test_write_init.json
skelpy,https://github.com/june3474/skelpy,NIO,0e64eccdc5211dbec664e7d3f9d07c6020651b63,True,tests/test_test.py::test_create_config_files,1.0,1.0,,,,,100,100,True,reproduced,,results/idoft/skelpy-tests_test_test_py__test_create_config_files.json
Butter.MAS.PythonAPI,https://github.com/bennymeg/Butter.MAS.PythonAPI,NOD,f86ebe75df3826f62a268645cdbe4400b43fab07,True,butter/mas/tests/clients/client_udp_test.py::TestUdpClientApiMethods::testStopAnimation,100.0,0.0,,,,,100,100,False,always_pass,,results/idoft/Butter.MAS.PythonAPI-butter_mas_tests_clients_client_udp_test_py__testudpclientap.json
regex4ocr,https://github.com/juntossomosmais/regex4ocr,NIO,9f96e9c6fe6ffc3e1452b23103fdfa6a0f1dcede,True,tests/integration/test_type_casting.py::test_validate_types_no_removal,1.0,1.0,,,,,100,100,True,reproduced,,results/idoft/regex4ocr-tests_integration_test_type_casting_py__test_validate_types_.json
Fireworks,https://github.com/kellylab/Fireworks,NIO,ff027cd8d1b8ce5eec6a37d786e7de675d8c0849,True,fireworks/core/message_test.py::test_Message_set_get,0.0,1.0,,,,,100,100,False,always_fail,,results/idoft/Fireworks-fireworks_core_message_test_py__test_message_set_get.json
engfmt,https://github.com/kenkundert/engfmt,NIO,b908ef69aa7941e561019e24f969703f3234753b,True,test_quantity.py::test_number_recognition,1.0,1.0,,,,,100,100,True,reproduced,,results/idoft/engfmt-test_quantity_py__test_number_recognition.json
engfmt,https://github.com/kenkundert/engfmt,NIO,b908ef69aa7941e561019e24f969703f3234753b,True,test_text_processing.py::test_text_processing,1.0,1.0,,,,,100,100,True,reproduced,,results/idoft/engfmt-test_text_processing_py__test_text_processing.json
jivago,https://github.com/keotl/jivago,,685ec933f3b840b6d9dc6db35728ac0b7fcba229,True,test/inject/test_provider_binder.py::ProviderBinderTest::test_givenProviderFunctionWithReturnType_whenInitializingServiceLocator_thenFunctionIsBoundByReturnType,100.0,0.0,,,,,100,100,False,always_pass,,results/idoft/jivago-test_inject_test_provider_binder_py__providerbindertest__tes.json
kevinarpe-rambutan3,https://github.com/kevinarpe/kevinarpe-rambutan3,NOD,5d7469912b559338dc15f5c7fb2abc91103ea0c5,True,tests/check_args/base/test_RNotNoneTypeMatcher.py::test_eq_ne_hash,26.0,1.0,,,,,100,27,True,reproduced,,results/idoft/kevinarpe-rambutan3-tests_check_args_base_test_rnotnonetypematcher_py__test_eq_n.json
RandomFileTree,https://github.com/klieret/RandomFileTree,NOD,aaaa975ae61afa6f0f5b481ebafcfa0f0216e471,True,randomfiletree/test/test_core.py::TestTreeCreation::test_create_random_dirs,25.0,1.0,,,,,100,26,True,reproduced,,results/idoft/RandomFileTree-randomfiletree_test_test_core_py__testtreecreation__test_cre.json
pyps4-2ndscreen,https://github.com/ktnrg45/pyps4-2ndscreen,NIO,457dc9c3f04017569d52bae7390ea2fc54e96ce5,True,tests/test_media_art.py::test_result_item_missing_data,0.0,1.0,,,,,100,100,False,always_fail,,results/idoft/pyps4-2ndscreen-tests_test_media_art_py__test_result_item_missing_data.json
tunacell,https://github.com/LeBarbouze/tunacell,NIO,837d57e1e6caeddf2e6bcdd2db2986fb456dd605,True,tunacell/tests/test_filters.py::test_unroll,1.0,1.0,,,,,100,100,True,reproduced,,results/idoft/tunacell-tunacell_tests_test_filters_py__test_unroll.json
pyswarms,https://github.com/ljvmiranda921/pyswarms,NOD,08756526f39699eef28e515cac2ead17cef55710,True,tests/optimizers/test_local_best.py::TestLocalBestOptimizer::test_obj_with_kwargs,0.0,100.0,,,,,100,100,False,always_fail,,results/idoft/pyswarms-tests_optimizers_test_local_best_py__testlocalbestoptimizer_.json
lithoxyl,https://github.com/mahmoud/lithoxyl,NOD,9961553a065a1ad8bb7a2407fe74f2cfd6c79a20,True,lithoxyl/tests/test_stats.py::test_momentacc_norm,1.0,1.0,,,,,100,2,True,reproduced,,results/idoft/lithoxyl-lithoxyl_tests_test_stats_py__test_momentacc_norm.json
dame,https://github.com/malpunek/dame,NOD,d6568d3088dd0a8b87eb5d278e04ab857a622418,True,tests/test_versionable.py::test_basic,100.0,0.0,,,,,100,100,False,always_pass,,results/idoft/dame-tests_test_versionable_py__test_basic.json
dame,https://github.com/malpunek/dame,NOD,d6568d3088dd0a8b87eb5d278e04ab857a622418,True,tests/test_versionable.py::test_params,100.0,0.0,,,,,100,100,False,always_pass,,results/idoft/dame-tests_test_versionable_py__test_params.json
Butter.MAS.PythonAPI,https://github.com/bennymeg/Butter.MAS.PythonAPI,NOD,f86ebe75df3826f62a268645cdbe4400b43fab07,True,butter/mas/tests/clients/client_udp_test.py::TestUdpClientApiMethods::testStopAudio,100.0,0.0,,,,,100,100,False,always_pass,,results/idoft/Butter.MAS.PythonAPI-butter_mas_tests_clients_client_udp_test_py__testudpclientap.json
bluebees,https://github.com/matheuswhite/bluebees,NOD,ca18ee6dae60393480bac3893038790957727748,True,tests/test_application_data.py::test_cleanup,0.0,100.0,,,,,100,100,False,always_fail,,results/idoft/bluebees-tests_test_application_data_py__test_cleanup.json
logzero,https://github.com/metachris/logzero,,bc19173105561650bfdd0ae22d1bb0d9dcb1be99,True,tests/test_json.py::test_json,100.0,0.0,,,,,100,100,False,always_pass,,results/idoft/logzero-tests_test_json_py__test_json.json
logzero,https://github.com/metachris/logzero,NIO,b5d49fc2b118c370994c4ae5360d7c246d43ddc8,True,tests/test_logzero.py::test_write_to_logfile_and_stderr,1.0,1.0,,,,,100,100,True,reproduced,,results/idoft/logzero-tests_test_logzero_py__test_write_to_logfile_and_stderr.json
fanstatic-tools,https://github.com/MiCHiLU/fanstatic-tools,NIO,c075a2195c8138d103b72ef8445ef08f2a865984,True,fanstatic/test_core.py::test_register_inclusion_renderer,1.0,1.0,,,,,100,100,True,reproduced,,results/idoft/fanstatic-tools-fanstatic_test_core_py__test_register_inclusion_renderer.json
bluebees,https://github.com/matheuswhite/bluebees,NOD,ca18ee6dae60393480bac3893038790957727748,True,tests/test_file_helper.py::test_cleanup,0.0,100.0,,,,,100,100,False,always_fail,,results/idoft/bluebees-tests_test_file_helper_py__test_cleanup.json
knack,https://github.com/microsoft/knack,,d407b81d451d36c6ca1baeb3cd067a3f1275cb85,True,tests/test_cli_scenarios.py::TestCLIScenarios::test_case_insensitive_command_path tests/test_command_with_configured_defaults.py::TestCommandWithConfiguredDefaults::test_no_configured_default_on_required_arg tests/test_deprecation.py::TestArgumentDeprecation::test_deprecate_arguments_execute_expired tests/test_deprecation.py::TestArgumentDeprecation::test_deprecate_options_execute_expired tests/test_help.py::TestHelp::test_help_extra_params tests/test_help.py::TestHelp::test_help_missing_params,100.0,0.0,,,,,100,100,False,always_pass,,results/idoft/knack-tests_test_cli_scenarios_py__testcliscenarios__test_case_ins.json
bluebees,https://github.com/matheuswhite/bluebees,NOD,ca18ee6dae60393480bac3893038790957727748,True,tests/test_network_data.py::test_cleanup,0.0,100.0,,,,,100,100,False,always_fail,,results/idoft/bluebees-tests_test_network_data_py__test_cleanup.json
flask-rest-jsonapi,https://github.com/miLibris/flask-rest-jsonapi,NIO,b44bc08b11213d49fadae873650d3555889052ec,True,tests/test_sqlalchemy_data_layer.py::test_api,0.0,1.0,,,,,100,100,False,always_fail,,results/idoft/flask-rest-jsonapi-tests_test_sqlalchemy_data_layer_py__test_api.json
flask-rest-jsonapi,https://github.com/miLibris/flask-rest-jsonapi,NIO,b44bc08b11213d49fadae873650d3555889052ec,True,tests/test_sqlalchemy_data_layer.py::test_api_resources,0.0,1.0,,,,,100,100,False,always_fail,,results/idoft/flask-rest-jsonapi-tests_test_sqlalchemy_data_layer_py__test_api_resources.json
bluebees,https://github.com/matheuswhite/bluebees,NOD,ca18ee6dae60393480bac3893038790957727748,True,tests/test_node_data.py::test_cleanup,0.0,100.0,,,,,100,100,False,always_fail,,results/idoft/bluebees-tests_test_node_data_py__test_cleanup.json
configaro,https://github.com/mojochao/configaro,NOD,d7b432fb2f99c4cb3c3208082f0afff62454c83d,True,tests/test_configaro.py::test_get,0.0,100.0,,,,,100,100,False,always_fail,,results/idoft/configaro-tests_test_configaro_py__test_get.json
OccamTools,https://github.com/mortele/OccamTools,,fcaaac4fb7257605d5675c1a66f6a020373258a8,True,test/test_occam_data.py::test_occam_data_not_save_to_npy,0.0,100.0,,,,,100,100,False,always_fail,,results/idoft/OccamTools-test_test_occam_data_py__test_occam_data_not_save_to_npy.json
PyPOM,https://github.com/mozilla/PyPOM,NIO,9cb84df9d27b428b4e7423d1bbe6502e92990154,True,tests/test_driver.py::test_register_driver,0.0,1.0,,,,,100,100,False,always_fail,,results/idoft/PyPOM-tests_test_driver_py__test_register_driver.json
neon,https://github.com/mrmechko/neon,,42ad78e3d79583a93abce6d06b81dafc29017514,True,tests/basic_tests.py::test_dont_memoize,0.0,100.0,,,,,100,100,False,always_fail,,results/idoft/neon-tests_basic_tests_py__test_dont_memoize.json
yamicache,https://github.com/mtik00/yamicache,NIO,1109d08b18be94bdee55e113309f7be29f25d840,True,tests/test_collide.py::test_avoid_collision,1.0,1.0,,,,,100,100,True,reproduced,,results/idoft/yamicache-tests_test_collide_py__test_avoid_collision.json
napalm,https://github.com/napalm-automation/napalm,NIO,78a20a841f71fca8d9e7da04c4d21e58d365ca45,True,test_unit.py::test__compare_getter_list,0.0,1.0,,,,,100,100,False,always_fail,,results/idoft/napalm-test_unit_py__test__compare_getter_list.json
compare-mt,https://github.com/neulab/compare-mt,NOD,92502b30b1f228773179a01dd86fe1b8dfd400e5,True,tests/test_cache.py::TestScoreCache::test_score_cache_bootstrap,0.0,100.0,,,,,100,100,False,always_fail,,results/idoft/compare-mt-tests_test_cache_py__testscorecache__test_score_cache_bootst.json
pytube,https://github.com/nficano/pytube,NIO,b610f399722e001e99ee88d3673c148d903c5948,True,tests/test_streams.py::test_on_progress_hook,1.0,1.0,,,,,100,100,True,reproduced,,results/idoft/pytube-tests_test_streams_py__test_on_progress_hook.json
pygsheets,https://github.com/nithinmurali/pygsheets,NIO,b34fb501f9c5d85b31a66a6ee9cd8789c79fc7a6,True,tests/online_test.py::TestCell::test_link,0.0,1.0,,,,,100,100,False,always_fail,,results/idoft/pygsheets-tests_online_test_py__testcell__test_link.json
pygsheets,https://github.com/nithinmurali/pygsheets,NIO,48158e3a2c20d8b84a28b117ae1024bd4dedee08,True,tests/online_test.py::TestCell::test_wrap_strategy,0.0,1.0,,,,,100,100,False,always_fail,,results/idoft/pygsheets-tests_online_test_py__testcell__test_wrap_strategy.json
IOCynergy,https://github.com/omersaraf/IOCynergy,NIO,1821423680f741d8ca06bcc6a02c8b21156f9ba0,True,cynergy/tests/test_life_cycle.py::test_multi,1.0,1.0,,,,,100,100,True,reproduced,,results/idoft/IOCynergy-cynergy_tests_test_life_cycle_py__test_multi.json
lib-cove,https://github.com/OpenDataServices/lib-cove,,b86ac38c63e94a1262554a13e4c8ac9d95fa8a20,True,tests/lib/test_converters.py::test_convert_activity_xml_1 tests/lib/test_converters.py::test_convert_org_xml_1,100.0,0.0,,,,,100,100,False,always_pass,,results/idoft/lib-cove-tests_lib_test_converters_py__test_convert_activity_xml_1_te.json
vcdriver,https://github.com/Osirium/vcdriver,NIO,2f311df9a73c82b5837d01bac16a10eb4db955eb,True,test/unit/test_config.py::test_read,0.0,1.0,,,,,100,100,False,always_fail,,results/idoft/vcdriver-test_unit_test_config_py__test_read.json
yamicache,https://github.com/mtik00/yamicache,NOD,1109d08b18be94bdee55e113309f7be29f25d840,True,tests/test_gc.py::test_deco_timeout,100.0,0.0,,,,,100,100,False,always_pass,,results/idoft/yamicache-tests_test_gc_py__test_deco_timeout.json
dzonegit,https://github.com/oskar456/dzonegit,NIO,8f952086aa41aee4ebb7432926ed8c6a9211ac9f,True,test_dzonegit.py::test_get_head,0.0,1.0,,,,,100,100,False,always_fail,,results/idoft/dzonegit-test_dzonegit_py__test_get_head.json
yamicache,https://github.com/mtik00/yamicache,NIO,1109d08b18be94bdee55e113309f7be29f25d840,True,tests/test_noclass.py::test_main,1.0,1.0,,,,,100,100,True,reproduced,,results/idoft/yamicache-tests_test_noclass_py__test_main.json
yamicache,https://github.com/mtik00/yamicache,NIO,1109d08b18be94bdee55e113309f7be29f25d840,True,tests/test_serialization.py::test_serialization,1.0,1.0,,,,,100,100,True,reproduced,,results/idoft/yamicache-tests_test_serialization_py__test_serialization.json
metcli,https://github.com/ozzywalsh/metcli,,e84c9f2a055e62a5d5c8c37cd04e43d7f2f677cf,True,metcli/test_metcli.py::test_met_request_should_handle_connection_problem metcli/test_metcli.py::test_met_request_should_return_dict,100.0,0.0,,,,,100,100,False,always_pass,,results/idoft/metcli-metcli_test_metcli_py__test_met_request_should_handle_connec.json
do-the-webp,https://github.com/pedrovanzella/do-the-webp,NIO,09b372de1c4f1d73d9284517c57c0d869f55144b,True,tests/test_compressor.py::test_compress_dir,0.0,1.0,,,,,100,100,False,always_fail,,results/idoft/do-the-webp-tests_test_compressor_py__test_compress_dir.json
docker-pretty-ps,https://github.com/politeauthority/docker-pretty-ps,NIO,2fcc9db4e391df2b96ccc2e967b41b6263fdcc2d,True,tests/test_dockerprettyps.py::TestDockerPrettyPs::test_give_json,1.0,1.0,,,,,100,100,True,reproduced,,results/idoft/docker-pretty-ps-tests_test_dockerprettyps_py__testdockerprettyps__test_give_.json
serpextract,https://github.com/Parsely/serpextract,NOD,e156430b32eb833686820f490dbcdd989f27baa2,True,test_serps.py::TestSERPs::test_mojeek,0.0,100.0,,,,,100,100,False,always_fail,,results/idoft/serpextract-test_serps_py__testserps__test_mojeek.json
benchbuild,https://github.com/PolyJIT/benchbuild,NIO,2ab959e84fc9119813c46de1034ffaefc2ee391b,True,tests/integration/test_cli_slurm.py::test_slurm_command,0.0,1.0,,,,,100,100,False,always_fail,,results/idoft/benchbuild-tests_integration_test_cli_slurm_py__test_slurm_command.json
noipy,https://github.com/povieira/noipy,,a95f94f98e9550045d741b15501e7360c2623543,True,test/test_noipy.py::SanityTest::test_get_ip,100.0,0.0,,,,,100,100,False,always_pass,,results/idoft/noipy-test_test_noipy_py__sanitytest__test_get_ip.json
cloud-validation-framework,https://github.com/prancer-io/cloud-validation-framework,NOD,94522590d9881a5125d81da701a65f7f63383c0d,True,tests/processor/connector/test_snapshot_azure.py::test_get_node_happy,0.0,100.0,,,,,100,100,False,always_fail,,results/idoft/cloud-validation-framework-tests_processor_connector_test_snapshot_azure_py__test_get_n.json
cloud-validation-framework,https://github.com/prancer-io/cloud-validation-framework,NOD,94522590d9881a5125d81da701a65f7f63383c0d,True,tests/processor/connector/test_snapshot_azure.py::test_get_version_for_type,0.0,100.0,,,,,100,100,False,always_fail,,results/idoft/cloud-validation-framework-tests_processor_connector_test_snapshot_azure_py__test_get_v.json
cloud-validation-framework,https://github.com/prancer-io/cloud-validation-framework,NOD,94522590d9881a5125d81da701a65f7f63383c0d,True,tests/processor/helper/config/test_config_utils.py::test_framework_config,0.0,100.0,,,,,100,100,False,always_fail,,results/idoft/cloud-validation-framework-tests_processor_helper_config_test_config_utils_py__test_fra.json
cloud-validation-framework,https://github.com/prancer-io/cloud-validation-framework,NOD,94522590d9881a5125d81da701a65f7f63383c0d,True,tests/processor/helper/config/test_config_utils.py::test_framework_dir,0.0,100.0,,,,,100,100,False,always_fail,,results/idoft/cloud-validation-framework-tests_processor_helper_config_test_config_utils_py__test_fra.json
cloud-validation-framework,https://github.com/prancer-io/cloud-validation-framework,NOD,94522590d9881a5125d81da701a65f7f63383c0d,True,tests/processor/helper/config/test_config_utils.py::test_get_config_data,0.0,100.0,,,,,100,100,False,always_fail,,results/idoft/cloud-validation-framework-tests_processor_helper_config_test_config_utils_py__test_get.json
cloud-validation-framework,https://github.com/prancer-io/cloud-validation-framework,NOD,94522590d9881a5125d81da701a65f7f63383c0d,True,tests/processor/helper/config/test_config_utils.py::test_get_solution_dir,0.0,100.0,,,,,100,100,False,always_fail,,results/idoft/cloud-validation-framework-tests_processor_helper_config_test_config_utils_py__test_get.json
cloud-validation-framework,https://github.com/prancer-io/cloud-validation-framework,NOD,94522590d9881a5125d81da701a65f7f63383c0d,True,tests/processor/helper/config/test_config_utils.py::test_get_test_json_dir,0.0,100.0,,,,,100,100,False,always_fail,,results/idoft/cloud-validation-framework-tests_processor_helper_config_test_config_utils_py__test_get.json
cloud-validation-framework,https://github.com/prancer-io/cloud-validation-framework,NOD,94522590d9881a5125d81da701a65f7f63383c0d,True,tests/processor/helper/config/test_rundata_utils.py::test_init_config,0.0,100.0,,,,,100,100,False,always_fail,,results/idoft/cloud-validation-framework-tests_processor_helper_config_test_rundata_utils_py__test_in.json
cloud-validation-framework,https://github.com/prancer-io/cloud-validation-framework,NOD,94522590d9881a5125d81da701a65f7f63383c0d,True,tests/processor/helper/httpapi/test_restapi_azure.py::test_web_client_data,0.0,100.0,,,,,100,100,False,always_fail,,results/idoft/cloud-validation-framework-tests_processor_helper_httpapi_test_restapi_azure_py__test_w.json
cloud-validation-framework,https://github.com/prancer-io/cloud-validation-framework,NOD,94522590d9881a5125d81da701a65f7f63383c0d,True,tests/processor/template_processor/base/test_base_template_processor.py::test_populate_template_snapshot_false,0.0,100.0,,,,,100,100,False,always_fail,,results/idoft/cloud-validation-framework-tests_processor_template_processor_base_test_base_template_p.json
limitediterables,https://github.com/Poogles/limitediterables,,3ce3bc28d5c4092db3d5499ad60339c007f4c0e0,True,tests/test_iterables.py::test_rate_limit_negative tests/test_iterables.py::test_rate_limit,0.0,100.0,,,,,100,100,False,always_fail,,results/idoft/limitediterables-tests_test_iterables_py__test_rate_limit_negative_tests_test.json
pydu,https://github.com/Prodesire/pydu,NOD,4a1c2f15f7274d5079fb08b02ab1dbe08c0cefef,True,tests/test_network.py::test_get_free_port,100.0,0.0,,,,,100,100,False,always_pass,,results/idoft/pydu-tests_test_network_py__test_get_free_port.json
pydu,https://github.com/Prodesire/pydu,NIO,4a1c2f15f7274d5079fb08b02ab1dbe08c0cefef,True,tests/test_request.py::test_check_connect,1.0,1.0,,,,,100,100,True,reproduced,,results/idoft/pydu-tests_test_request_py__test_check_connect.json
pydu,https://github.com/Prodesire/pydu,NIO,4a1c2f15f7274d5079fb08b02ab1dbe08c0cefef,True,tests/test_system.py::TestWhich::test_cmd_path,1.0,1.0,,,,,100,100,True,reproduced,,results/idoft/pydu-tests_test_system_py__testwhich__test_cmd_path.json
upaas-common,https://github.com/prymitive/upaas-common,NIO,7a7d9ffb385151092c637c3ef500a79623c005ae,True,tests/test_storage_local.py::test_dir_exists,0.0,1.0,,,,,100,100,False,always_fail,,results/idoft/upaas-common-tests_test_storage_local_py__test_dir_exists.json
zenmake,https://github.com/pustotnik/zenmake,NIO,6cff05114cea34fc204d9e95422f11dc25cd1228,True,tests/test_waf_assist.py::testUsedWafTaskKeys,1.0,1.0,,,,,100,100,True,reproduced,,results/idoft/zenmake-tests_test_waf_assist_py__testusedwaftaskkeys.json
pyglet,https://github.com/pyglet/pyglet,NIO,9c2b638f7474045d7db6578924e4f96324ea7158,True,tests/unit/test_clock_fps.py::test_compute_fps,0.0,1.0,,,,,100,100,False,always_fail,,results/idoft/pyglet-tests_unit_test_clock_fps_py__test_compute_fps.json
pyglet,https://github.com/pyglet/pyglet,NIO,9c2b638f7474045d7db6578924e4f96324ea7158,True,tests/unit/test_clock_fps.py::test_first_tick_is_delta_zero,0.0,1.0,,,,,100,100,False,always_fail,,results/idoft/pyglet-tests_unit_test_clock_fps_py__test_first_tick_is_delta_zero.json
pyglet,https://github.com/pyglet/pyglet,NIO,9c2b638f7474045d7db6578924e4f96324ea7158,True,tests/unit/test_clock_fps.py::test_start_at_zero_fps,0.0,1.0,,,,,100,100,False,always_fail,,results/idoft/pyglet-tests_unit_test_clock_fps_py__test_start_at_zero_fps.json
python-dugong,https://github.com/python-dugong/python-dugong,NIO,00dd4d5aab6eddb116cace2829a9f93bda153664,True,test/test_aio.py::test_aio_future,0.0,1.0,,,,,100,100,False,always_fail,,results/idoft/python-dugong-test_test_aio_py__test_aio_future.json
kanren,https://github.com/pythological/kanren,NOD,bacc7eb5895c348e348c1b5291ddf188f88c5c88,True,tests/test_assoccomm.py::test_eq_assoccomm,100.0,0.0,,,,,100,100,False,always_pass,,results/idoft/kanren-tests_test_assoccomm_py__test_eq_assoccomm.json
schemaindex,https://github.com/qiyangduan/schemaindex,NOD,83bfb96c78d194370b068e11f89a9e4d6af48a46,True,test/test_plugin_mysql_hdfs.py::test_plugin_hdfs_add,0.0,100.0,,,,,100,100,False,always_fail,,results/idoft/schemaindex-test_test_plugin_mysql_hdfs_py__test_plugin_hdfs_add.json
fitbert,https://github.com/Qordobacode/fitbert,NIO,4b0f2f3f47e5a3fea0ee59d65f71c44b830a93d9,True,fitbert/tests.py::test_delemmatizes_lemmas,1.0,1.0,,,,,100,100,True,reproduced,,results/idoft/fitbert-fitbert_tests_py__test_delemmatizes_lemmas.json
fitbert,https://github.com/Qordobacode/fitbert,NIO,4b0f2f3f47e5a3fea0ee59d65f71c44b830a93d9,True,fitbert/tests.py::test_delemmatizes_non_lemmas,1.0,1.0,,,,,100,100,True,reproduced,,results/idoft/fitbert-fitbert_tests_py__test_delemmatizes_non_lemmas.json
schemaindex,https://github.com/qiyangduan/schemaindex,NIO,83bfb96c78d194370b068e11f89a9e4d6af48a46,True,test/test_plugin_mysql_hdfs.py::test_plugin_loading,1.0,1.0,,,,,100,100,True,reproduced,,results/idoft/schemaindex-test_test_plugin_mysql_hdfs_py__test_plugin_loading.json
schemaindex,https://github.com/qiyangduan/schemaindex,NIO,83bfb96c78d194370b068e11f89a9e4d6af48a46,True,test/test_plugin_mysql_hdfs.py::test_plugin_mysql_add,1.0,1.0,,,,,100,100,True,reproduced,,results/idoft/schemaindex-test_test_plugin_mysql_hdfs_py__test_plugin_mysql_add.json
qlmetrics,https://github.com/QsonLabs/qlmetrics,NOD,3a4cc70bb68ef9b476aaee562b82a4d54acfd826,True,tests/test_bench.py::TestBenchmarkMemory::test_bench_as_decorator_trackmem_does_print_timing_info_to_stdout_in_non_default,0.0,100.0,,,,,100,100,False,always_fail,,results/idoft/qlmetrics-tests_test_bench_py__testbenchmarkmemory__test_bench_as_deco.json
pyradigm,https://github.com/raamana/pyradigm,NIO,01d47cf34a9af4bb104e2891559059a522221b4d,True,pyradigm/tests/test_BaseDataset_common_behaviours.py::test_sanity_checks,0.0,1.0,,,,,100,100,False,always_fail,,results/idoft/pyradigm-pyradigm_tests_test_basedataset_common_behaviours_py__test_s.json
PyGraph,https://github.com/Rickecr/PyGraph,NIO,e81c3a0f543f5bfcda1a603c6dcecde13d582c57,True,__tests__/test_simple_graph.py::TestSimpleGraph::test_add_vertex,1.0,1.0,,,,,100,100,True,reproduced,,results/idoft/PyGraph-__tests___test_simple_graph_py__testsimplegraph__test_add_ve.json
PyGraph,https://github.com/Rickecr/PyGraph,NIO,e81c3a0f543f5bfcda1a603c6dcecde13d582c57,True,__tests__/test_simple_graph.py::TestSimpleGraph::test_num_vertex,1.0,1.0,,,,,100,100,True,reproduced,,results/idoft/PyGraph-__tests___test_simple_graph_py__testsimplegraph__test_num_ve.json
PyGraph,https://github.com/Rickecr/PyGraph,NIO,e81c3a0f543f5bfcda1a603c6dcecde13d582c57,True,__tests__/test_simple_graph.py::TestSimpleGraph::test_vertex_neighbors,1.0,1.0,,,,,100,100,True,reproduced,,results/idoft/PyGraph-__tests___test_simple_graph_py__testsimplegraph__test_vertex.json
basic_auth,https://github.com/rorymurdock/basic_auth,NOD,622f2133c13988cec549f4ea55bed14e50f90876,True,tests/test_basic.py::test_read_config,0.0,100.0,,,,,100,100,False,always_fail,,results/idoft/basic_auth-tests_test_basic_py__test_read_config.json
kafkian,https://github.com/saabeilin/kafkian,NIO,79eb88b874876632590fea48afcab09592c717dd,True,tests/unit/test_consumer_errors.py::test_consumer_generator_raises_and_closed_on_error,1.0,1.0,,,,,100,100,True,reproduced,,results/idoft/kafkian-tests_unit_test_consumer_errors_py__test_consumer_generator_.json
pyTrnsysType,https://github.com/samuelduchesne/pyTrnsysType,NIO,6cf552e4ccd66f7b728e84654e580befe2061114,True,tests/test_xml.py::TestTrnsysModel::test_connect_eqcollection_to_type,0.0,1.0,,,,,100,100,False,always_fail,,results/idoft/pyTrnsysType-tests_test_xml_py__testtrnsysmodel__test_connect_eqcollectio.json
pyTrnsysType,https://github.com/samuelduchesne/pyTrnsysType,NIO,6cf552e4ccd66f7b728e84654e580befe2061114,True,tests/test_xml.py::TestTrnsysModel::test_copy_trnsys_model,0.0,1.0,,,,,100,100,False,always_fail,,results/idoft/pyTrnsysType-tests_test_xml_py__testtrnsysmodel__test_copy_trnsys_model.json
pyTrnsysType,https://github.com/samuelduchesne/pyTrnsysType,NIO,6cf552e4ccd66f7b728e84654e580befe2061114,True,tests/test_xml.py::TestTrnsysModel::test_cycles_2,0.0,1.0,,,,,100,100,False,always_fail,,results/idoft/pyTrnsysType-tests_test_xml_py__testtrnsysmodel__test_cycles_2.json
lazypr,https://github.com/sanjaz/lazypr,,226895868769f613d9e905f265a4fd7c421d2fd4,True,tests/test_config.py::TestConfig::test_get_default_config_file_path,100.0,0.0,,,,,100,100,False,always_pass,,results/idoft/lazypr-tests_test_config_py__testconfig__test_get_default_config_fi.json
ChainConsumer,https://github.com/Samreay/ChainConsumer,NOD,5606696525d91f11d8093085934fa352b98ce97c,True,tests/test_analysis.py::test_summary_power,0.0,100.0,,,,,100,100,False,always_fail,,results/idoft/ChainConsumer-tests_test_analysis_py__test_summary_power.json
eppy,https://github.com/santoshphilip/eppy,NIO,98e58583dce6c0fcec9c7b1ff1142bae0a67ddc7,True,eppy/tests/EPlusInterfaceFunctions_tests/test_iddgroups.py::test_group2commlst,1.0,1.0,,,,,100,100,True,reproduced,,results/idoft/eppy-eppy_tests_eplusinterfacefunctions_tests_test_iddgroups_py__.json
eppy,https://github.com/santoshphilip/eppy,NIO,98e58583dce6c0fcec9c7b1ff1142bae0a67ddc7,True,eppy/tests/test_examples.py::test_addobject,1.0,1.0,,,,,100,100,True,reproduced,,results/idoft/eppy-eppy_tests_test_examples_py__test_addobject.json
eppy,https://github.com/santoshphilip/eppy,NIO,98e58583dce6c0fcec9c7b1ff1142bae0a67ddc7,True,eppy/tests/test_examples.py::test_pythonic,1.0,1.0,,,,,100,100,True,reproduced,,results/idoft/eppy-eppy_tests_test_examples_py__test_pythonic.json
eppy,https://github.com/santoshphilip/eppy,NIO,98e58583dce6c0fcec9c7b1ff1142bae0a67ddc7,True,eppy/tests/test_idfreader.py::test_convertallfields,1.0,1.0,,,,,100,100,True,reproduced,,results/idoft/eppy-eppy_tests_test_idfreader_py__test_convertallfields.json
spidermon,https://github.com/scrapinghub/spidermon,NOD,d58090de7c0fcb656fc4daa19b6119df95df57d6,True,test_validators_schematics.py::test_choices,0.0,100.0,,,,,100,100,False,always_fail,,results/idoft/spidermon-test_validators_schematics_py__test_choices.json
pydrobert-gpyopt,https://github.com/sdrobert/pydrobert-gpyopt,NOD,ce2699ca89687f848c2a86db44eed125d65886de,True,test_gpyopt.py::test_strings_are_provided,0.0,100.0,,,,,100,100,False,always_fail,,results/idoft/pydrobert-gpyopt-test_gpyopt_py__test_strings_are_provided.json
keepassxc-pwned,https://github.com/seanbreckenridge/keepassxc-pwned,NIO,aead83c1749b62006a28526905d8fee5cd2ae902,True,tests/test_user_input.py::test_user_input_password_not_found,0.0,1.0,,,,,100,100,False,always_fail,,results/idoft/keepassxc-pwned-tests_test_user_input_py__test_user_input_password_not_found.json
ruTS,https://github.com/SergeyShk/ruTS,NOD,af02f627d9022f0f4825d9bed4ffc97d3d329f2d,True,tests/test_utils.py::test_extract_archive,0.0,100.0,,,,,100,100,False,always_fail,,results/idoft/ruTS-tests_test_utils_py__test_extract_archive.json
mlconjug,https://github.com/SekouD/mlconjug,,840e990bd96b56785a68712e9729582ede168ec2,True,tests/test_mlconjug.py::TestConjugator::test_conjugate tests/test_mlconjug.py::TestModel::test_predict,0.0,100.0,,,,,100,100,False,always_fail,,results/idoft/mlconjug-tests_test_mlconjug_py__testconjugator__test_conjugate_tests.json
anonapi,https://github.com/sjoerdk/anonapi,NIO,5e70dfd9fcb7dcc4e2345a6a153d9530f4886e73,True,tests/test_cli_create.py::test_job_parameter_set,1.0,1.0,,,,,100,100,True,reproduced,,results/idoft/anonapi-tests_test_cli_create_py__test_job_parameter_set.json
TextBlob,https://github.com/sloria/TextBlob,NIO,6396e24e85af7462cbed648fee21db5082a1f3fb,True,tests/test_formats.py::TestRegistry::test_register,0.0,1.0,,,,,100,100,False,always_fail,,results/idoft/TextBlob-tests_test_formats_py__testregistry__test_register.json
feature_engine,https://github.com/solegalli/feature_engine,NIO,ba4d7050b3923d620c1773b66cd4c51ed24498dd,True,tests/test_missing_data_imputer.py::test_CategoricalVariableImputer,1.0,1.0,,,,,100,100,True,reproduced,,results/idoft/feature_engine-tests_test_missing_data_imputer_py__test_categoricalvariable.json
feature_engine,https://github.com/solegalli/feature_engine,NIO,ba4d7050b3923d620c1773b66cd4c51ed24498dd,True,tests/test_missing_data_imputer.py::test_RandomSampleImputer,1.0,1.0,,,,,100,100,True,reproduced,,results/idoft/feature_engine-tests_test_missing_data_imputer_py__test_randomsampleimputer.json
freezegun,https://github.com/spulec/freezegun,NIO,b46da782a7a051081fd51577749cfc0074db0cc6,True,tests/test_class_import.py::test_import_after_start,1.0,1.0,,,,,100,100,True,reproduced,,results/idoft/freezegun-tests_test_class_import_py__test_import_after_start.json
licenraptor,https://github.com/starofrainnight/licenraptor,NOD,ed543a2b43b75d733579509a78161928ac29234c,True,tests/test_db.py::TestRegisterFind::test_exisitng[MIT],0.0,100.0,,,,,100,100,False,always_fail,,results/idoft/licenraptor-tests_test_db_py__testregisterfind__test_exisitng_mit_.json
m3u-dump,https://github.com/stateya/m3u-dump,NIO,1ec3eeedb4c650af76c6c66859375ca2d2a6e1bc,True,tests/test_m3u_dump.py::test_command_line_already_playlist,1.0,1.0,,,,,100,100,True,reproduced,,results/idoft/m3u-dump-tests_test_m3u_dump_py__test_command_line_already_playlist.json
licenraptor,https://github.com/starofrainnight/licenraptor,NOD,ed543a2b43b75d733579509a78161928ac29234c,True,tests/test_db.py::TestRegisterFind::test_nonexisting,0.0,100.0,,,,,100,100,False,always_fail,,results/idoft/licenraptor-tests_test_db_py__testregisterfind__test_nonexisting.json
licenraptor,https://github.com/starofrainnight/licenraptor,NOD,ed543a2b43b75d733579509a78161928ac29234c,True,tests/test_db.py::TestRegisterFind::test_register_no_id,0.0,100.0,,,,,100,100,False,always_fail,,results/idoft/licenraptor-tests_test_db_py__testregisterfind__test_register_no_id.json
fparser,https://github.com/stfc/fparser,NOD,4be91d2e1078fa5588e84a3299131f297afba675,True,src/fparser/one/tests/test_block_stmts.py::test_implicit_topyf,0.0,100.0,,,,,100,100,False,always_fail,,results/idoft/fparser-src_fparser_one_tests_test_block_stmts_py__test_implicit_top.json
fparser,https://github.com/stfc/fparser,NIO,4be91d2e1078fa5588e84a3299131f297afba675,True,src/fparser/one/tests/test_parsefortran.py::test_log_cache,1.0,1.0,,,,,100,100,True,reproduced,,results/idoft/fparser-src_fparser_one_tests_test_parsefortran_py__test_log_cache.json
fparser,https://github.com/stfc/fparser,NIO,4be91d2e1078fa5588e84a3299131f297afba675,True,src/fparser/one/tests/test_parsefortran.py::test_log_empty,1.0,1.0,,,,,100,100,True,reproduced,,results/idoft/fparser-src_fparser_one_tests_test_parsefortran_py__test_log_empty.json
fparser,https://github.com/stfc/fparser,NIO,4be91d2e1078fa5588e84a3299131f297afba675,True,src/fparser/one/tests/test_parsefortran.py::test_log_failure,1.0,1.0,,,,,100,100,True,reproduced,,results/idoft/fparser-src_fparser_one_tests_test_parsefortran_py__test_log_failure.json
netutils-linux,https://github.com/strizhechenko/netutils-linux,,9561efe49edd0ab3db9496738167b6813e23489b,True,netutils_linux_tuning/test_rx_buffers.py::RxBuffersTuneTest::test_all,0.0,100.0,,,,,100,100,False,always_fail,,results/idoft/netutils-linux-netutils_linux_tuning_test_rx_buffers_py__rxbufferstunetest_.json
riemann,https://github.com/summa-tx/riemann,NOD,0fda32e783487572c869aaabc6af7adba01cbd00,True,riemann/tests/encoding/test_addresses.py::TestAddresses::test_make_p2pkh_address,100.0,0.0,,,,,100,100,False,always_pass,,results/idoft/riemann-riemann_tests_encoding_test_addresses_py__testaddresses__tes.json
symphony,https://github.com/SurrealAI/symphony,NIO,747b87eee20d48032b4a554950687d0b1209fd24,True,test/test_config.py::TestConfig::test_register,0.0,1.0,,,,,100,100,False,always_fail,,results/idoft/symphony-test_test_config_py__testconfig__test_register.json
riemann,https://github.com/summa-tx/riemann,NOD,0fda32e783487572c869aaabc6af7adba01cbd00,True,riemann/tests/encoding/test_addresses.py::TestAddresses::test_make_p2wsh_address,100.0,0.0,,,,,100,100,False,always_pass,,results/idoft/riemann-riemann_tests_encoding_test_addresses_py__testaddresses__tes.json
riemann,https://github.com/summa-tx/riemann,NOD,0fda32e783487572c869aaabc6af7adba01cbd00,True,riemann/tests/test_simple.py::TestSimple::test_output,100.0,0.0,,,,,100,100,False,always_pass,,results/idoft/riemann-riemann_tests_test_simple_py__testsimple__test_output.json
flask-sqlalchemy-booster,https://github.com/SuryaSankar/flask-sqlalchemy-booster,NIO,e43980e29a18e725d791b87ce1b677470bbaf22c,True,tests/test_view_boosters/test_todo_list_api/test_api_endpoints.py::test_multi_users_creation,0.0,1.0,,,,,100,100,False,always_fail,,results/idoft/flask-sqlalchemy-booster-tests_test_view_boosters_test_todo_list_api_test_api_endpoin.json
flask-sqlalchemy-booster,https://github.com/SuryaSankar/flask-sqlalchemy-booster,NIO,e43980e29a18e725d791b87ce1b677470bbaf22c,True,tests/test_view_boosters/test_todo_list_api/test_api_endpoints.py::test_user_creation,0.0,1.0,,,,,100,100,False,always_fail,,results/idoft/flask-sqlalchemy-booster-tests_test_view_boosters_test_todo_list_api_test_api_endpoin.json
flask-sqlalchemy-booster,https://github.com/SuryaSankar/flask-sqlalchemy-booster,NIO,e43980e29a18e725d791b87ce1b677470bbaf22c,True,tests/test_view_boosters/test_todo_list_api/test_relationship_updates.py::test_list_relationship_new_item,0.0,1.0,,,,,100,100,False,always_fail,,results/idoft/flask-sqlalchemy-booster-tests_test_view_boosters_test_todo_list_api_test_relationshi.json
riemann,https://github.com/summa-tx/riemann,NOD,0fda32e783487572c869aaabc6af7adba01cbd00,True,riemann/tests/test_simple.py::TestSimple::test_unsigned_legacy_tx,100.0,0.0,,,,,100,100,False,always_pass,,results/idoft/riemann-riemann_tests_test_simple_py__testsimple__test_unsigned_lega.json
riemann,https://github.com/summa-tx/riemann,NOD,0fda32e783487572c869aaabc6af7adba01cbd00,True,riemann/tests/tx/test_tx_builder.py::TestTxBuilder::test_make_p2wpkh_output_script,100.0,0.0,,,,,100,100,False,always_pass,,results/idoft/riemann-riemann_tests_tx_test_tx_builder_py__testtxbuilder__test_mak.json
multiindex,https://github.com/sushobhit27/multiindex,,b631e60bd47558eca9067a0dc87f0e713cddc6f2,True,multiindex/tests/test_multiindex.py multiindex/tests/test_multiindex_hashed_non_unique.py,1.0,67.0,,,,,100,68,True,reproduced,,results/idoft/multiindex-multiindex_tests_test_multiindex_py_multiindex_tests_test_mu.json
multiindex,https://github.com/sushobhit27/multiindex,NIO,b631e60bd47558eca9067a0dc87f0e713cddc6f2,True,multiindex/tests/test_multiindex.py::test_insert_overwrite,1.0,1.0,,,,,100,100,True,reproduced,,results/idoft/multiindex-multiindex_tests_test_multiindex_py__test_insert_overwrite.json
multiindex,https://github.com/sushobhit27/multiindex,NIO,b631e60bd47558eca9067a0dc87f0e713cddc6f2,True,multiindex/tests/test_multiindex.py::test_modify,1.0,1.0,,,,,100,100,True,reproduced,,results/idoft/multiindex-multiindex_tests_test_multiindex_py__test_modify.json
multiindex,https://github.com/sushobhit27/multiindex,NIO,b631e60bd47558eca9067a0dc87f0e713cddc6f2,True,multiindex/tests/test_multiindex_hashed_non_unique.py::test_modify,1.0,1.0,,,,,100,100,True,reproduced,,results/idoft/multiindex-multiindex_tests_test_multiindex_hashed_non_unique_py__test_.json
multiindex,https://github.com/sushobhit27/multiindex,NIO,b631e60bd47558eca9067a0dc87f0e713cddc6f2,True,multiindex/tests/test_multiindex_hashed_non_unique.py::test_remove,1.0,1.0,,,,,100,100,True,reproduced,,results/idoft/multiindex-multiindex_tests_test_multiindex_hashed_non_unique_py__test_.json
gitlab_stats,https://github.com/sylhare/gitlab_stats,NIO,157de3b703031ef0de39e187314133624f1ac1bb,True,tests/test_utils.py::UtilsTest::test_056_enhance_project_info,1.0,1.0,,,,,100,100,True,reproduced,,results/idoft/gitlab_stats-tests_test_utils_py__utilstest__test_056_enhance_project_inf.json
pythondi,https://github.com/teamhide/pythondi,NIO,913e6a60fc5d02c3db385ad322f970ecec36969b,True,tests/test_configure.py::test_configure,1.0,1.0,,,,,100,100,True,reproduced,,results/idoft/pythondi-tests_test_configure_py__test_configure.json
pydbvolve,https://github.com/Teamworksapp/pydbvolve,NIO,e18bb8cf98997c52de0cf30a8e106c480ba0bb57,True,tests/unittests/test_00_initialization.py::test_11_log_file,1.0,1.0,,,,,100,100,True,reproduced,,results/idoft/pydbvolve-tests_unittests_test_00_initialization_py__test_11_log_file.json
thundra-lambda-agent-python,https://github.com/thundra-io/thundra-lambda-agent-python,NIO,fcd1c2b0b309721d89bd35511bd6645ebd62a5bc,True,tests/plugins/log/test_log_plugin.py::test_log_plugin_with_initialization,0.0,1.0,,,,,100,100,False,always_fail,,results/idoft/thundra-lambda-agent-python-tests_plugins_log_test_log_plugin_py__test_log_plugin_with_i.json
thundra-lambda-agent-python,https://github.com/thundra-io/thundra-lambda-agent-python,NIO,fcd1c2b0b309721d89bd35511bd6645ebd62a5bc,True,tests/plugins/trace/test_traceable.py::test_trace_args,0.0,1.0,,,,,100,100,False,always_fail,,results/idoft/thundra-lambda-agent-python-tests_plugins_trace_test_traceable_py__test_trace_args.json
thundra-lambda-agent-python,https://github.com/thundra-io/thundra-lambda-agent-python,NIO,fcd1c2b0b309721d89bd35511bd6645ebd62a5bc,True,tests/plugins/trace/test_traceable.py::test_trace_error,0.0,1.0,,,,,100,100,False,always_fail,,results/idoft/thundra-lambda-agent-python-tests_plugins_trace_test_traceable_py__test_trace_error.json
thundra-lambda-agent-python,https://github.com/thundra-io/thundra-lambda-agent-python,NIO,fcd1c2b0b309721d89bd35511bd6645ebd62a5bc,True,tests/plugins/trace/test_traceable.py::test_trace_return_values,0.0,1.0,,,,,100,100,False,always_fail,,results/idoft/thundra-lambda-agent-python-tests_plugins_trace_test_traceable_py__test_trace_return_val.json
thundra-lambda-agent-python,https://github.com/thundra-io/thundra-lambda-agent-python,NIO,fcd1c2b0b309721d89bd35511bd6645ebd62a5bc,True,tests/plugins/trace/test_traceable.py::test_trace_with_default_configs,0.0,1.0,,,,,100,100,False,always_fail,,results/idoft/thundra-lambda-agent-python-tests_plugins_trace_test_traceable_py__test_trace_with_defau.json
pyecs,https://github.com/tim-fi/pyecs,NIO,5cc3645e3ee0bc0af02aea438092f00910976ec6,True,test/test_core.py::test_automatic_cleanup,1.0,1.0,,,,,100,100,True,reproduced,,results/idoft/pyecs-test_test_core_py__test_automatic_cleanup.json
pyecs,https://github.com/tim-fi/pyecs,NIO,5cc3645e3ee0bc0af02aea438092f00910976ec6,True,test/test_core.py::test_controller,1.0,1.0,,,,,100,100,True,reproduced,,results/idoft/pyecs-test_test_core_py__test_controller.json
pymq,https://github.com/thrau/pymq,NOD,101857bca2b705c328d3bda3b26797b51e8ffb70,True,tests/test_provider_redis.py::RedisRpcTest::test_channel_expire,0.0,100.0,,,,,100,100,False,always_fail,,results/idoft/pymq-tests_test_provider_redis_py__redisrpctest__test_channel_exp.json
pymq,https://github.com/thrau/pymq,NOD,101857bca2b705c328d3bda3b26797b51e8ffb70,True,tests/test_provider_simple.py::SimplePubSubTest::test_event_serialization,100.0,0.0,,,,,100,100,False,always_pass,,results/idoft/pymq-tests_test_provider_simple_py__simplepubsubtest__test_event_.json
pymq,https://github.com/thrau/pymq,NOD,101857bca2b705c328d3bda3b26797b51e8ffb70,True,tests/test_provider_simple.py::SimplePubSubTest::test_topic,100.0,0.0,,,,,100,100,False,always_pass,,results/idoft/pymq-tests_test_provider_simple_py__simplepubsubtest__test_topic.json
network_traffic_modeler_py3,https://github.com/tim-fiola/network_traffic_modeler_py3,,d2bd7287ea86fb22ec41c2522164d5761fc225dd,True,test/test_rsvp_3rd_lsp_two_paths_parallel_links.py::TestRSVPLSPAddLSP3LSPs::test_1_lsp_unrouted test/test_rsvp_3rd_lsp_two_paths_parallel_links.py::TestRSVPLSPAddLSP3LSPs::test_auto_bw_adjust test/test_parallel_link_model.py::TestModel::test_node_source_demands,0.0,100.0,,,,,100,100,False,always_fail,,results/idoft/network_traffic_modeler_py3-test_test_rsvp_3rd_lsp_two_paths_parallel_links_py__testrsvp.json
pymq,https://github.com/thrau/pymq,NOD,101857bca2b705c328d3bda3b26797b51e8ffb70,True,tests/test_provider_simple.py::SimpleRpcTest::test_stateful_rpc,100.0,0.0,,,,,100,100,False,always_pass,,results/idoft/pymq-tests_test_provider_simple_py__simplerpctest__test_stateful_.json
novelWriter,https://github.com/vkbo/novelWriter,NIO,559f2e53e410f9793ab08c2ef7ed308f75c92985,True,tests/test_project.py::testProjectNewCustom,0.0,1.0,,,,,100,100,False,always_fail,,results/idoft/novelWriter-tests_test_project_py__testprojectnewcustom.json
novelWriter,https://github.com/vkbo/novelWriter,NIO,559f2e53e410f9793ab08c2ef7ed308f75c92985,True,tests/test_project.py::testProjectNewMinimal,0.0,1.0,,,,,100,100,False,always_fail,,results/idoft/novelWriter-tests_test_project_py__testprojectnewminimal.json
instapi,https://github.com/uriyyo/instapi,NOD,6f972e2ae1ccc9a21eb6b18136ee677667cd4ba5,True,tests/unit_tests/models/test_media.py::test_media_info,0.0,100.0,,,,,100,100,False,always_fail,,results/idoft/instapi-tests_unit_tests_models_test_media_py__test_media_info.json
coo,https://github.com/wilfredinni/coo,NIO,da9e75d46ed65599cd2223b029ac30c08496a80b,True,tests/test_coo.py::test_schedule_time_zone_media,1.0,1.0,,,,,100,100,True,reproduced,,results/idoft/coo-tests_test_coo_py__test_schedule_time_zone_media.json
marlin,https://github.com/wilfredinni/marlin,NOD,85f4ae0080ee9a25c1b8d2e481725ac9c42ca99f,True,tests/test_marlin.py::test_read_bookmark,0.0,100.0,,,,,100,100,False,always_fail,,results/idoft/marlin-tests_test_marlin_py__test_read_bookmark.json
marlin,https://github.com/wilfredinni/marlin,NOD,85f4ae0080ee9a25c1b8d2e481725ac9c42ca99f,True,tests/test_marlin.py::test_remove_bookmark,0.0,100.0,,,,,100,100,False,always_fail,,results/idoft/marlin-tests_test_marlin_py__test_remove_bookmark.json
isbnlib,https://github.com/xlcnd/isbnlib,NIO,4dd24ceb7b686e78ee872d667014c6b3935b718c,True,isbnlib/test/test_cache.py::test_cache_del,0.0,1.0,,,,,100,100,False,always_fail,,results/idoft/isbnlib-isbnlib_test_test_cache_py__test_cache_del.json
kafka-utils,https://github.com/Yelp/kafka-utils,NIO,bde091515d1dcdd56b9272a3ab01b54742a60253,True,tests/kafka_rolling_restart/test_main.py::test_get_broker_list3,0.0,1.0,,,,,100,100,False,always_fail,,results/idoft/kafka-utils-tests_kafka_rolling_restart_test_main_py__test_get_broker_li.json
kafka-utils,https://github.com/Yelp/kafka-utils,NIO,bde091515d1dcdd56b9272a3ab01b54742a60253,True,tests/kafka_rolling_restart/test_main.py::test_wait_for_stable_cluster_success,0.0,1.0,,,,,100,100,False,always_fail,,results/idoft/kafka-utils-tests_kafka_rolling_restart_test_main_py__test_wait_for_stab.json
alphanum_code,https://github.com/ylaizet/alphanum_code,NIO,fb5cd313dc41f046aac01ff01d6e1561d17894a6,True,tests/test_alphanum_code.py::test_init_code,1.0,1.0,,,,,100,100,True,reproduced,,results/idoft/alphanum_code-tests_test_alphanum_code_py__test_init_code.json
wellpathpy,https://github.com/Zabamund/wellpathpy,NIO,f29b14a9a1c46e77ea98b141e3cdc43674654ea2,True,wellpathpy/test/test_location.py::test_zero,0.0,1.0,,,,,100,100,False,always_fail,,results/idoft/wellpathpy-wellpathpy_test_test_location_py__test_zero.json
aud,https://github.com/zdhoward/aud,NOD,2dfc81dad3da78537e1b1c6f5cc5630ba5b837f9,True,aud/test_aud.py::test_afx_2,0.0,100.0,,,,,100,100,False,always_fail,,results/idoft/aud-aud_test_aud_py__test_afx_2.json
pdl,https://github.com/zerotosingularity/pdl,NIO,cb22f929bddb51d8db16a4efede5ceaaf6fcd906,True,tests/test_pdl.py::pdl_test_helper,0.0,1.0,,,,,100,100,False,always_fail,,results/idoft/pdl-tests_test_pdl_py__pdl_test_helper.json
aud,https://github.com/zdhoward/aud,NOD,2dfc81dad3da78537e1b1c6f5cc5630ba5b837f9,True,aud/test_aud.py::test_afx_3,0.0,100.0,,,,,100,100,False,always_fail,,results/idoft/aud-aud_test_aud_py__test_afx_3.json
aud,https://github.com/zdhoward/aud,NOD,2dfc81dad3da78537e1b1c6f5cc5630ba5b837f9,True,aud/test_aud.py::test_config,0.0,100.0,,,,,100,100,False,always_fail,,results/idoft/aud-aud_test_aud_py__test_config.json
aud,https://github.com/zdhoward/aud,NOD,2dfc81dad3da78537e1b1c6f5cc5630ba5b837f9,True,aud/test_aud.py::test_dir,0.0,100.0,,,,,100,100,False,always_fail,,results/idoft/aud-aud_test_aud_py__test_dir.json
aud,https://github.com/zdhoward/aud,NOD,2dfc81dad3da78537e1b1c6f5cc5630ba5b837f9,True,aud/test_aud.py::test_export,0.0,100.0,,,,,100,100,False,always_fail,,results/idoft/aud-aud_test_aud_py__test_export.json
aud,https://github.com/zdhoward/aud,NOD,2dfc81dad3da78537e1b1c6f5cc5630ba5b837f9,True,aud/test_aud.py::test_name,0.0,100.0,,,,,100,100,False,always_fail,,results/idoft/aud-aud_test_aud_py__test_name.json
proxy.py,https://github.com/abhinavsingh/proxy.py,OD-Vic,9b4263777bea7b3e00a1a3546511f2117f210a2b,True,tests/common/test_utils.py::TestSocketConnectionUtils::test_new_socket_connection_ipv4,,,pass,pass,100.0,0.0,100,101,False,could_not_reproduce,,results/idoft-od/proxy.py-tests_common_test_utils_py__testsocketconnectionutils__test_.json
ecs-crd-cli,https://github.com/AdventielFr/ecs-crd-cli,OD-Brit,7b296c64086a204d3540da272e3d8dd74721c6c4,True,tests/test_prepareDeploymentServiceDefinitionStep.py::test_process_application_autoscaling_scalable_target_max_capacity_invalid,,,fail,skipped,0.0,0.0,100,0,True,brit_confirmed,,results/idoft-od/ecs-crd-cli-tests_test_preparedeploymentservicedefinitionstep_py__test_p.json
bottle-neck,https://github.com/agile4you/bottle-neck,OD-Vic,ebc670a4b178255473d68e9b4122ba04e38f4810,True,test/test_handlers.py::test_handler_register_class_pass,,,pass,pass,100.0,0.0,100,101,False,could_not_reproduce,,results/idoft-od/bottle-neck-test_test_handlers_py__test_handler_register_class_pass.json
bottle-neck,https://github.com/agile4you/bottle-neck,OD-Brit,ebc670a4b178255473d68e9b4122ba04e38f4810,True,test/test_routing.py::test_router_mount_pass,,,fail,skipped,0.0,0.0,100,0,True,brit_confirmed,,results/idoft-od/bottle-neck-test_test_routing_py__test_router_mount_pass.json
bottle-neck,https://github.com/agile4you/bottle-neck,OD-Brit,ebc670a4b178255473d68e9b4122ba04e38f4810,True,test/test_routing.py::test_router_register_handler_cbv_pass,,,fail,skipped,0.0,0.0,100,0,True,brit_confirmed,,results/idoft-od/bottle-neck-test_test_routing_py__test_router_register_handler_cbv_pass.json
bottle-neck,https://github.com/agile4you/bottle-neck,OD-Vic,ebc670a4b178255473d68e9b4122ba04e38f4810,True,test/test_routing.py::test_router_register_handler_fn_pass,,,pass,fail,0.0,0.0,100,1,True,vic_confirmed,,results/idoft-od/bottle-neck-test_test_routing_py__test_router_register_handler_fn_pass.json
typeguard,https://github.com/agronholm/typeguard,OD, 2fe7a63e7e7fe6b7910fd423ba82eea4bffb1f17,True,test_typeguard.py::test_check_call_args,,,fail,error,0.0,0.0,100,1,False,could_not_reproduce,,results/idoft-od/typeguard-test_typeguard_py__test_check_call_args.json
typeguard,https://github.com/agronholm/typeguard,OD, 2fe7a63e7e7fe6b7910fd423ba82eea4bffb1f17,True,test_typeguard.py::test_exec_no_namespace,,,fail,error,0.0,0.0,100,1,False,could_not_reproduce,,results/idoft-od/typeguard-test_typeguard_py__test_exec_no_namespace.json
typeguard,https://github.com/agronholm/typeguard,OD, 2fe7a63e7e7fe6b7910fd423ba82eea4bffb1f17,True,test_typeguard.py::test_forward_ref_policy_guess,,,fail,error,0.0,0.0,100,1,False,could_not_reproduce,,results/idoft-od/typeguard-test_typeguard_py__test_forward_ref_policy_guess.json
schematics_to_swagger,https://github.com/Alexei-Kornienko/schematics_to_swagger,OD-Vic,d9c1c9e43a25c5a4ff60701b3bf22fc039c815c2,True,tests/test_model.py::test_compound_type,,,pass,fail,0.0,0.0,100,1,True,vic_confirmed,,results/idoft-od/schematics_to_swagger-tests_test_model_py__test_compound_type.json
schematics_to_swagger,https://github.com/Alexei-Kornienko/schematics_to_swagger,OD-Vic,d9c1c9e43a25c5a4ff60701b3bf22fc039c815c2,True,tests/test_model.py::test_read_models_from_module,,,pass,pass,2.0,1.0,100,4,True,vic_confirmed,,results/idoft-od/schematics_to_swagger-tests_test_model_py__test_read_models_from_module.json
supertunnel,https://github.com/alexrudy/supertunnel,OD-Brit,4c64e2fedda3382b809a2c3d01c711ec4961f933,True,supertunnel/ssh/continuous_test.py::test_backoff,,,fail,skipped,0.0,0.0,100,0,True,brit_confirmed,,results/idoft-od/supertunnel-supertunnel_ssh_continuous_test_py__test_backoff.json
supertunnel,https://github.com/alexrudy/supertunnel,OD-Brit,4c64e2fedda3382b809a2c3d01c711ec4961f933,True,supertunnel/ssh/continuous_test.py::test_continuous_repr,,,fail,skipped,0.0,0.0,100,0,True,brit_confirmed,,results/idoft-od/supertunnel-supertunnel_ssh_continuous_test_py__test_continuous_repr.json
supertunnel,https://github.com/alexrudy/supertunnel,OD-Brit,4c64e2fedda3382b809a2c3d01c711ec4961f933,True,supertunnel/ssh/continuous_test.py::test_run,,,fail,skipped,0.0,0.0,100,0,True,brit_confirmed,,results/idoft-od/supertunnel-supertunnel_ssh_continuous_test_py__test_run.json
supertunnel,https://github.com/alexrudy/supertunnel,OD-Brit,4c64e2fedda3382b809a2c3d01c711ec4961f933,True,supertunnel/ssh/continuous_test.py::test_run_continuous,,,fail,skipped,0.0,0.0,100,0,True,brit_confirmed,,results/idoft-od/supertunnel-supertunnel_ssh_continuous_test_py__test_run_continuous.json
supertunnel,https://github.com/alexrudy/supertunnel,OD-Brit,4c64e2fedda3382b809a2c3d01c711ec4961f933,True,supertunnel/ssh/continuous_test.py::test_run_continuous_hang,,,fail,skipped,0.0,0.0,100,0,True,brit_confirmed,,results/idoft-od/supertunnel-supertunnel_ssh_continuous_test_py__test_run_continuous_hang.json
supertunnel,https://github.com/alexrudy/supertunnel,OD-Brit,4c64e2fedda3382b809a2c3d01c711ec4961f933,True,supertunnel/ssh/continuous_test.py::test_run_continuous_raise,,,fail,skipped,0.0,0.0,100,0,True,brit_confirmed,,results/idoft-od/supertunnel-supertunnel_ssh_continuous_test_py__test_run_continuous_rais.json
supertunnel,https://github.com/alexrudy/supertunnel,OD-Brit,4c64e2fedda3382b809a2c3d01c711ec4961f933,True,supertunnel/ssh/continuous_test.py::test_ssh_log_line[debug1: Reading configuration-Action.CONTINUE],,,fail,skipped,0.0,0.0,100,0,True,brit_confirmed,,results/idoft-od/supertunnel-supertunnel_ssh_continuous_test_py__test_ssh_log_line_debug1.json
supertunnel,https://github.com/alexrudy/supertunnel,OD-Brit,4c64e2fedda3382b809a2c3d01c711ec4961f933,True,supertunnel/ssh/continuous_test.py::test_ssh_log_line[Entering interactive session-Action.CONNECTED],,,fail,skipped,0.0,0.0,100,0,True,brit_confirmed,,results/idoft-od/supertunnel-supertunnel_ssh_continuous_test_py__test_ssh_log_line_enteri.json
supertunnel,https://github.com/alexrudy/supertunnel,OD-Brit,4c64e2fedda3382b809a2c3d01c711ec4961f933,True,supertunnel/ssh/continuous_test.py::test_ssh_log_line[Host example.com not responding-Action.DISCONNECTED],,,fail,skipped,0.0,0.0,100,0,True,brit_confirmed,,results/idoft-od/supertunnel-supertunnel_ssh_continuous_test_py__test_ssh_log_line_host_e.json
beam,https://github.com/apache/beam,OD,faae168fa34e97475df70b707f4df91c4946c6ca,True,sdks/python/apache_beam/runners/portability/portable_runner_test.py::PortableRunnerTest::test_assert_that,,,fail,unknown,0.0,0.0,100,1,False,could_not_reproduce,,results/idoft-od/beam-sdks_python_apache_beam_runners_portability_portable_runner_.json
mmpy_bot,https://github.com/attzonko/mmpy_bot,OD-Vic,4faa19a9e04c75af94c45c24dbd0c9d9ecb867d4,True,tests/unit_tests/test_scheduler.py::test_add_onetime_job_without_trigger_time,,,pass,fail,0.0,0.0,100,1,True,vic_confirmed,,results/idoft-od/mmpy_bot-tests_unit_tests_test_scheduler_py__test_add_onetime_job_wit.json
mmpy_bot,https://github.com/attzonko/mmpy_bot,OD-Vic,4faa19a9e04c75af94c45c24dbd0c9d9ecb867d4,True,tests/unit_tests/test_scheduler.py::test_add_onetime_job_with_trigger_time,,,pass,fail,0.0,0.0,100,1,True,vic_confirmed,,results/idoft-od/mmpy_bot-tests_unit_tests_test_scheduler_py__test_add_onetime_job_wit.json
freesia,https://github.com/AuraiProject/freesia,OD-Brit,16834c17725edac74eb50fc5ce2ff1db6f3f4840,True,tests/test_route.py::RouteTestCase::test_url_match,,,fail,skipped,0.0,0.0,100,0,True,brit_confirmed,,results/idoft-od/freesia-tests_test_route_py__routetestcase__test_url_match.json
confight,https://github.com/avature/confight,OD-Vic,be2d162c99cc3c709289913de137f8d8bfbd35d5,True,test_confight.py::TestLoad::test_it_should_load_and_merge_lists_of_paths,,,pass,pass,2.0,1.0,100,4,True,vic_confirmed,,results/idoft-od/confight-test_confight_py__testload__test_it_should_load_and_merge_li.json
six,https://github.com/benjaminp/six,OD-Vic,c0be8815d13df45b6ae471c4c436cce8c192245d,True,test_six.py::test_lazy,,,pass,fail,0.0,0.0,100,1,True,vic_confirmed,,results/idoft-od/six-test_six_py__test_lazy.json
skillful,https://github.com/bmweiner/skillful,OD-Vic,8646f54faf62cb63f165f7699b8ace5b4a08233c,True,skillful/tests/test_controller.py::TestSkill::test_process,,,pass,pass,100.0,0.0,100,101,False,could_not_reproduce,,results/idoft-od/skillful-skillful_tests_test_controller_py__testskill__test_process.json
skillful,https://github.com/bmweiner/skillful,OD-Vic,8646f54faf62cb63f165f7699b8ace5b4a08233c,True,skillful/tests/test_controller.py::TestSkill::test_process_end,,,pass,fail,0.0,0.0,100,1,True,vic_confirmed,,results/idoft-od/skillful-skillful_tests_test_controller_py__testskill__test_process_e.json
stats_arrays,https://github.com/brightway-lca/stats_arrays,OD, 3d3480d064365571e64e736dcbd778badb1210db,True,extreme.py::GeneralizedExtremeValueUncertaintyTestCase::test_random_variables,,,fail,error,0.0,0.0,100,1,False,could_not_reproduce,,results/idoft-od/stats_arrays-extreme_py__generalizedextremevalueuncertaintytestcase__test.json
stats_arrays,https://github.com/brightway-lca/stats_arrays,OD, 3d3480d064365571e64e736dcbd778badb1210db,True,gama.py::GeneralizedExtremeValueUncertaintyTestCase::pretty_close,,,fail,error,0.0,0.0,100,1,False,could_not_reproduce,,results/idoft-od/stats_arrays-gama_py__generalizedextremevalueuncertaintytestcase__pretty_.json
stats_arrays,https://github.com/brightway-lca/stats_arrays,OD, 3d3480d064365571e64e736dcbd778badb1210db,True,student.py::GeneralizedExtremeValueUncertaintyTestCase::test_scale_matters/pretty_close,,,fail,error,0.0,0.0,100,1,False,could_not_reproduce,,results/idoft-od/stats_arrays-student_py__generalizedextremevalueuncertaintytestcase__test.json
sporco,https://github.com/bwohlberg/sporco,OD-Vic,efd9237ec0d254e2ff630ad0ac17eb8dc566c586,True,tests/test_plot.py::TestSet01::test_09,,,pass,fail,0.0,0.0,100,1,True,vic_confirmed,,results/idoft-od/sporco-tests_test_plot_py__testset01__test_09.json
NestedDictionary,https://github.com/cahoy/NestedDictionary,OD-Brit,881f0ea8af36a60fcd1b9d7a84b1aec4cd7072b2,True,easy_dict/tests/test_01_default.py::test_del,,,fail,skipped,0.0,0.0,100,0,True,brit_confirmed,,results/idoft-od/NestedDictionary-easy_dict_tests_test_01_default_py__test_del.json
panamah-sdk-python,https://github.com/casamagalhaes/panamah-sdk-python,OD-Vic,746f3fb7ebcf01810917bf9afa8e7ff5a4efad21,True,tests/test_processor.py::TestStream::test_initialization_and_accumulation,,,pass,pass,100.0,0.0,100,101,False,could_not_reproduce,,results/idoft-od/panamah-sdk-python-tests_test_processor_py__teststream__test_initialization_and.json
python-httpproblem,https://github.com/cbornet/python-httpproblem,OD-Vic,0b08139277e9cba02339eeb0996c0910d047274a,True,tests/test_problem.py::test_exception_to_http_response,,,pass,pass,2.0,1.0,100,4,True,vic_confirmed,,results/idoft-od/python-httpproblem-tests_test_problem_py__test_exception_to_http_response.json
python-httpproblem,https://github.com/cbornet/python-httpproblem,OD-Vic,0b08139277e9cba02339eeb0996c0910d047274a,True,tests/test_problem.py::test_exception_to_http_response_with_global_traceback,,,pass,fail,0.0,0.0,100,1,True,vic_confirmed,,results/idoft-od/python-httpproblem-tests_test_problem_py__test_exception_to_http_response_with_.json
python-httpproblem,https://github.com/cbornet/python-httpproblem,OD-Vic,0b08139277e9cba02339eeb0996c0910d047274a,True,tests/test_problem.py::test_exception_to_http_response_with_traceback_param,,,pass,fail,0.0,0.0,100,1,True,vic_confirmed,,results/idoft-od/python-httpproblem-tests_test_problem_py__test_exception_to_http_response_with_.json
python-httpproblem,https://github.com/cbornet/python-httpproblem,OD-Vic,0b08139277e9cba02339eeb0996c0910d047274a,True,tests/test_problem.py::test_problem_http_response[1000-test_title-test_detail-test_type-test_instance-headers0-kwargs0-expected_body0-expected_headers0],,,pass,fail,0.0,0.0,100,1,True,vic_confirmed,,results/idoft-od/python-httpproblem-tests_test_problem_py__test_problem_http_response_1000_test_.json
python-httpproblem,https://github.com/cbornet/python-httpproblem,OD-Vic,0b08139277e9cba02339eeb0996c0910d047274a,True,tests/test_problem.py::test_problem_http_response[None-None-None-None-None-headers2-kwargs2-expected_body2-expected_headers2],,,pass,fail,0.0,0.0,100,1,True,vic_confirmed,,results/idoft-od/python-httpproblem-tests_test_problem_py__test_problem_http_response_none_none_.json
python-httpproblem,https://github.com/cbornet/python-httpproblem,OD-Vic,0b08139277e9cba02339eeb0996c0910d047274a,True,tests/test_problem.py::test_problem_http_response[None-None-None-None-None-headers3-kwargs3-expected_body3-expected_headers3],,,pass,fail,0.0,0.0,100,1,True,vic_confirmed,,results/idoft-od/python-httpproblem-tests_test_problem_py__test_problem_http_response_none_none_.json
python-httpproblem,https://github.com/cbornet/python-httpproblem,OD-Vic,0b08139277e9cba02339eeb0996c0910d047274a,True,tests/test_problem.py::test_problem_http_response[None-None-None-None-None-None-kwargs1-expected_body1-expected_headers1],,,pass,fail,0.0,0.0,100,1,True,vic_confirmed,,results/idoft-od/python-httpproblem-tests_test_problem_py__test_problem_http_response_none_none_.json
elemental,https://github.com/cbsinteractive/elemental,OD-Vic,ca570c9f5fc43e20a4db23fc0137380f87be63f0,True,elemental/client_test.py::test_send_request_should_call_request_as_expected,,,fail,error,0.0,0.0,100,1,False,could_not_reproduce,,results/idoft-od/elemental-elemental_client_test_py__test_send_request_should_call_requ.json
terrascan,https://github.com/cesar-rodriguez/terrascan,OD-Vic,fd4ca9d23e694185fd5cb9ddf357b52b15adc6ca,True,tests/test_terrascan.py::test_success,,,pass,fail,0.0,0.0,100,1,True,vic_confirmed,,results/idoft-od/terrascan-tests_test_terrascan_py__test_success.json
python-fs,https://github.com/chaosmail/python-fs,OD-Vic,2567922ced9387e327e65f3244caff3b7af35684,True,fs/tests/test_mkdir.py::test_mkdir,,,pass,pass,100.0,0.0,100,101,False,could_not_reproduce,,results/idoft-od/python-fs-fs_tests_test_mkdir_py__test_mkdir.json
fishbase,https://github.com/chinapnr/fishbase,OD-Brit,1615ccff9106bf42fc6ae862cd13353c12c1b76d,True,test/test_logger.py::TestFishLogging::test_format3,,,fail,skipped,0.0,0.0,100,0,True,brit_confirmed,,results/idoft-od/fishbase-test_test_logger_py__testfishlogging__test_format3.json
fishbase,https://github.com/chinapnr/fishbase,OD-Brit,ddd1cced20caff3518f13073381d31461caa39a5,True,test/test_logger.py::TestFishLogging::test_format_03,,,fail,skipped,0.0,0.0,100,0,True,brit_confirmed,,results/idoft-od/fishbase-test_test_logger_py__testfishlogging__test_format_03.json
h5nav,https://github.com/clapeyre/h5nav,OD-Vic,595040c2f9b65196ceaf18d1c2c58d848466a22c,True,tests/test_cli.py::test_cat_star,,,fail,error,0.0,0.0,100,1,False,could_not_reproduce,,results/idoft-od/h5nav-tests_test_cli_py__test_cat_star.json
h5nav,https://github.com/clapeyre/h5nav,OD-Vic,595040c2f9b65196ceaf18d1c2c58d848466a22c,True,tests/test_cli.py::test_cd_group,,,fail,error,0.0,0.0,100,1,False,could_not_reproduce,,results/idoft-od/h5nav-tests_test_cli_py__test_cd_group.json
h5nav,https://github.com/clapeyre/h5nav,OD-Vic,595040c2f9b65196ceaf18d1c2c58d848466a22c,True,tests/test_cli.py::test_dump,,,fail,error,0.0,0.0,100,1,False,could_not_reproduce,,results/idoft-od/h5nav-tests_test_cli_py__test_dump.json
h5nav,https://github.com/clapeyre/h5nav,OD-Vic,595040c2f9b65196ceaf18d1c2c58d848466a22c,True,tests/test_cli.py::test_get_whitespace_name,,,fail,error,0.0,0.0,100,1,False,could_not_reproduce,,results/idoft-od/h5nav-tests_test_cli_py__test_get_whitespace_name.json
h5nav,https://github.com/clapeyre/h5nav,OD-Vic,595040c2f9b65196ceaf18d1c2c58d848466a22c,True,tests/test_cli.py::test_ls_simple,,,fail,error,0.0,0.0,100,1,False,could_not_reproduce,,results/idoft-od/h5nav-tests_test_cli_py__test_ls_simple.json
h5nav,https://github.com/clapeyre/h5nav,OD-Vic,595040c2f9b65196ceaf18d1c2c58d848466a22c,True,tests/test_cli.py::test_ls_star,,,fail,error,0.0,0.0,100,1,False,could_not_reproduce,,results/idoft-od/h5nav-tests_test_cli_py__test_ls_star.json
h5nav,https://github.com/clapeyre/h5nav,OD-Vic,595040c2f9b65196ceaf18d1c2c58d848466a22c,True,tests/test_cli.py::test_pdf,,,fail,error,0.0,0.0,100,1,False,could_not_reproduce,,results/idoft-od/h5nav-tests_test_cli_py__test_pdf.json
wopmars,https://github.com/aitgon/wopmars,OD-Vic,33680f94163d82ce43557cf7f87a5f9ead496fdc,True,wopmars/tests/test_wopmars.py::TestWopmars::test_dry_run,,,pass,pass,100.0,0.0,100,101,False,could_not_reproduce,,results/idoft-od/wopmars-wopmars_tests_test_wopmars_py__testwopmars__test_dry_run.json
h5nav,https://github.com/clapeyre/h5nav,OD-Vic,595040c2f9b65196ceaf18d1c2c58d848466a22c,True,tests/test_cli.py::test_stats,,,fail,error,0.0,0.0,100,1,False,could_not_reproduce,,results/idoft-od/h5nav-tests_test_cli_py__test_stats.json
codespell,https://github.com/codespell-project/codespell,OD,4f2325ec18ccef64ed8062f63dc63d360fa33f47,True,test_dictionary.py::test_dictionary_looping,,,fail,error,0.0,0.0,100,1,False,could_not_reproduce,,results/idoft-od/codespell-test_dictionary_py__test_dictionary_looping.json
h5nav,https://github.com/clapeyre/h5nav,OD-Vic,595040c2f9b65196ceaf18d1c2c58d848466a22c,True,tests/test_cli.py::test_txt_dump,,,fail,error,0.0,0.0,100,1,False,could_not_reproduce,,results/idoft-od/h5nav-tests_test_cli_py__test_txt_dump.json
plcx,https://github.com/Cognexa/plcx,OD-Vic,2756c0ba78c4c9e572d95ba002708957bc55d4fa,True,plcx/tests/comm/test_client.py::test_clientx[123],,,pass,fail,0.0,0.0,100,1,True,vic_confirmed,,results/idoft-od/plcx-plcx_tests_comm_test_client_py__test_clientx_123_.json
plcx,https://github.com/Cognexa/plcx,OD-Vic,2756c0ba78c4c9e572d95ba002708957bc55d4fa,True,plcx/tests/comm/test_client.py::test_clientx[1],,,pass,fail,0.0,0.0,100,1,True,vic_confirmed,,results/idoft-od/plcx-plcx_tests_comm_test_client_py__test_clientx_1_.json
coinbase-commerce-python,https://github.com/coinbase/coinbase-commerce-python,OD-Vic,d306fc562309edb909c8ace501c63327a7635975,True,tests/api_resources/base/test_create_api_resource.py::TestCreateAPIResource::test_create,,,pass,pass,100.0,0.0,100,101,False,could_not_reproduce,,results/idoft-od/coinbase-commerce-python-tests_api_resources_base_test_create_api_resource_py__testcr.json
plcx,https://github.com/Cognexa/plcx,OD-Vic,2756c0ba78c4c9e572d95ba002708957bc55d4fa,True,plcx/tests/comm/test_client.py::test_clientx[hola],,,pass,fail,0.0,0.0,100,1,True,vic_confirmed,,results/idoft-od/plcx-plcx_tests_comm_test_client_py__test_clientx_hola_.json
plcx,https://github.com/Cognexa/plcx,OD-Vic,2756c0ba78c4c9e572d95ba002708957bc55d4fa,True,plcx/tests/comm/test_client.py::test_clientx_context[111],,,pass,fail,0.0,0.0,100,1,True,vic_confirmed,,results/idoft-od/plcx-plcx_tests_comm_test_client_py__test_clientx_context_111_.json
plcx,https://github.com/Cognexa/plcx,OD-Vic,2756c0ba78c4c9e572d95ba002708957bc55d4fa,True,plcx/tests/comm/test_client.py::test_clientx_context[321],,,pass,fail,0.0,0.0,100,1,True,vic_confirmed,,results/idoft-od/plcx-plcx_tests_comm_test_client_py__test_clientx_context_321_.json
plcx,https://github.com/Cognexa/plcx,OD-Vic,2756c0ba78c4c9e572d95ba002708957bc55d4fa,True,plcx/tests/comm/test_client.py::test_clientx_context[hi],,,pass,fail,0.0,0.0,100,1,True,vic_confirmed,,results/idoft-od/plcx-plcx_tests_comm_test_client_py__test_clientx_context_hi_.json
coinbase-commerce-python,https://github.com/coinbase/coinbase-commerce-python,OD-Vic,d306fc562309edb909c8ace501c63327a7635975,True,tests/api_resources/base/test_list_api_resource.py::TestListAPIResource::test_list,,,pass,pass,100.0,0.0,100,101,False,could_not_reproduce,,results/idoft-od/coinbase-commerce-python-tests_api_resources_base_test_list_api_resource_py__testlist.json
coinbase-commerce-python,https://github.com/coinbase/coinbase-commerce-python,OD-Vic,d306fc562309edb909c8ace501c63327a7635975,True,tests/api_resources/test_charge.py::TestCharge::test_list_iter_mapping,,,pass,pass,100.0,0.0,100,101,False,could_not_reproduce,,results/idoft-od/coinbase-commerce-python-tests_api_resources_test_charge_py__testcharge__test_list_it.json
coinbase-commerce-python,https://github.com/coinbase/coinbase-commerce-python,OD-Vic,d306fc562309edb909c8ace501c63327a7635975,True,tests/api_resources/test_checkout.py::TestCheckout::test_list_iter_mapping,,,pass,pass,100.0,0.0,100,101,False,could_not_reproduce,,results/idoft-od/coinbase-commerce-python-tests_api_resources_test_checkout_py__testcheckout__test_lis.json
coinbase-commerce-python,https://github.com/coinbase/coinbase-commerce-python,OD-Vic,d306fc562309edb909c8ace501c63327a7635975,True,tests/api_resources/test_event.py::TestEvent::test_list_iter_mapping,,,pass,pass,100.0,0.0,100,101,False,could_not_reproduce,,results/idoft-od/coinbase-commerce-python-tests_api_resources_test_event_py__testevent__test_list_iter.json
coinbase-commerce-python,https://github.com/coinbase/coinbase-commerce-python,OD-Vic,d306fc562309edb909c8ace501c63327a7635975,True,tests/test_api_client.py::TestApiClient::test_authentication_error,,,pass,fail,0.0,0.0,100,1,True,vic_confirmed,,results/idoft-od/coinbase-commerce-python-tests_test_api_client_py__testapiclient__test_authentication.json
coinbase-commerce-python,https://github.com/coinbase/coinbase-commerce-python,OD-Vic,d306fc562309edb909c8ace501c63327a7635975,True,tests/test_api_client.py::TestApiClient::test_invalid_request_error,,,pass,fail,0.0,0.0,100,1,True,vic_confirmed,,results/idoft-od/coinbase-commerce-python-tests_test_api_client_py__testapiclient__test_invalid_reques.json
coinbase-commerce-python,https://github.com/coinbase/coinbase-commerce-python,OD-Vic,d306fc562309edb909c8ace501c63327a7635975,True,tests/test_api_client.py::TestApiClient::test_resource_not_found_error,,,pass,fail,0.0,0.0,100,1,True,vic_confirmed,,results/idoft-od/coinbase-commerce-python-tests_test_api_client_py__testapiclient__test_resource_not_f.json
devtracker,https://github.com/ConSou/devtracker,OD-Vic,ea892d6d48aa5d4627b429469b59ae3f0ce7f10f,True,devtracker/test_devtracker.py::test_add_start,,,pass,fail,0.0,0.0,100,1,True,vic_confirmed,,results/idoft-od/devtracker-devtracker_test_devtracker_py__test_add_start.json
devtracker,https://github.com/ConSou/devtracker,OD-Brit,ea892d6d48aa5d4627b429469b59ae3f0ce7f10f,True,devtracker/test_devtracker.py::test_current_status,,,fail,skipped,0.0,0.0,100,0,True,brit_confirmed,,results/idoft-od/devtracker-devtracker_test_devtracker_py__test_current_status.json
devtracker,https://github.com/ConSou/devtracker,OD-Vic,ea892d6d48aa5d4627b429469b59ae3f0ce7f10f,True,devtracker/test_devtracker.py::test_make_project_csv,,,pass,pass,0.0,1.0,100,2,True,vic_confirmed,,results/idoft-od/devtracker-devtracker_test_devtracker_py__test_make_project_csv.json
devtracker,https://github.com/ConSou/devtracker,OD-Vic,ea892d6d48aa5d4627b429469b59ae3f0ce7f10f,True,devtracker/test_devtracker.py::test_today_report_err_one,,,pass,fail,0.0,0.0,100,1,True,vic_confirmed,,results/idoft-od/devtracker-devtracker_test_devtracker_py__test_today_report_err_one.json
cornice.ext.swagger,https://github.com/Cornices/cornice.ext.swagger,OD-Vic,17a63e86751c7d8f1b2b75d49056161c80f4cef2,True,tests/test_app.py::AppSpecViewTest::test_validate_spec,,,fail,error,0.0,0.0,100,1,False,could_not_reproduce,,results/idoft-od/cornice.ext.swagger-tests_test_app_py__appspecviewtest__test_validate_spec.json
aiotasks,https://github.com/cr0hn/aiotasks,OD-Vic,ec485c84db55227c9283319a9c58401e294a06ff,True,tests/unittesting/tasks/memory/test_delay.py::test_memory_delay_add_task_non_coroutine_as_input,,,fail,unknown,0.0,0.0,100,1,False,could_not_reproduce,,results/idoft-od/aiotasks-tests_unittesting_tasks_memory_test_delay_py__test_memory_de.json
aiotasks,https://github.com/cr0hn/aiotasks,OD-Vic,ec485c84db55227c9283319a9c58401e294a06ff,True,tests/unittesting/tasks/memory/test_delay.py::test_memory_delay_task_decorator_invalid_function,,,fail,unknown,0.0,0.0,100,1,False,could_not_reproduce,,results/idoft-od/aiotasks-tests_unittesting_tasks_memory_test_delay_py__test_memory_de.json
aiotasks,https://github.com/cr0hn/aiotasks,OD-Vic,ec485c84db55227c9283319a9c58401e294a06ff,True,tests/unittesting/tasks/memory/test_delay.py::test_memory_delay_task_decorator_invalid_task_id_format,,,fail,unknown,0.0,0.0,100,1,False,could_not_reproduce,,results/idoft-od/aiotasks-tests_unittesting_tasks_memory_test_delay_py__test_memory_de.json
aiotasks,https://github.com/cr0hn/aiotasks,OD-Vic,ec485c84db55227c9283319a9c58401e294a06ff,True,tests/unittesting/tasks/memory/test_subscribers.py::test_memory_subscribers_empty_topics,,,fail,unknown,0.0,0.0,100,1,False,could_not_reproduce,,results/idoft-od/aiotasks-tests_unittesting_tasks_memory_test_subscribers_py__test_mem.json
aiotasks,https://github.com/cr0hn/aiotasks,OD-Vic,ec485c84db55227c9283319a9c58401e294a06ff,True,tests/unittesting/tasks/test_base_async.py::test_build_manager_invalid_prefix,,,fail,unknown,0.0,0.0,100,1,False,could_not_reproduce,,results/idoft-od/aiotasks-tests_unittesting_tasks_test_base_async_py__test_build_manag.json
osc-tiny,https://github.com/crazyscientist/osc-tiny,OD-Vic,88c33c2c7f73ea26067e1bb4190bab5dc298dd85,True,osctiny/tests/test_issues.py::TestIssue::test_get,,,pass,pass,100.0,0.0,100,101,False,could_not_reproduce,,results/idoft-od/osc-tiny-osctiny_tests_test_issues_py__testissue__test_get.json
Utter-More,https://github.com/crumpstrr33/Utter-More,OD-Brit,418cf5f5ef337700bf0897e746eff8bb275e6da6,True,test/test_utter_more.py::test_saving_utterances[alexa_test-csv-None],,,fail,skipped,0.0,0.0,100,0,True,brit_confirmed,,results/idoft-od/Utter-More-test_test_utter_more_py__test_saving_utterances_alexa_test_c.json
Utter-More,https://github.com/crumpstrr33/Utter-More,OD-Brit,418cf5f5ef337700bf0897e746eff8bb275e6da6,True,test/test_utter_more.py::test_saving_utterances[csv_test-csv-None],,,fail,skipped,0.0,0.0,100,0,True,brit_confirmed,,results/idoft-od/Utter-More-test_test_utter_more_py__test_saving_utterances_csv_test_csv.json
Utter-More,https://github.com/crumpstrr33/Utter-More,OD-Brit,418cf5f5ef337700bf0897e746eff8bb275e6da6,True,test/test_utter_more.py::test_saving_utterances[file_override_test-txt-csv],,,fail,skipped,0.0,0.0,100,0,True,brit_confirmed,,results/idoft-od/Utter-More-test_test_utter_more_py__test_saving_utterances_file_overrid.json
Utter-More,https://github.com/crumpstrr33/Utter-More,OD-Brit,418cf5f5ef337700bf0897e746eff8bb275e6da6,True,test/test_utter_more.py::test_saving_utterances[txt_test-txt-None],,,fail,skipped,0.0,0.0,100,0,True,brit_confirmed,,results/idoft-od/Utter-More-test_test_utter_more_py__test_saving_utterances_txt_test_txt.json
krllint,https://github.com/d4nuu8/krllint,OD-Vic,2f9376cdae14c201364d9c31b4c19a8ff2f708d2,True,tests/test_extraneous_whitespace.py::ExtraneousWhiteSpaceTestCase::test_rule_without_fix,,,pass,pass,100.0,0.0,100,101,False,could_not_reproduce,,results/idoft-od/krllint-tests_test_extraneous_whitespace_py__extraneouswhitespacetes.json
krllint,https://github.com/d4nuu8/krllint,OD-Vic,2f9376cdae14c201364d9c31b4c19a8ff2f708d2,True,tests/test_extraneous_whitespace.py::ExtraneousWhiteSpaceTestCase::test_rule_with_fix,,,pass,pass,100.0,0.0,100,101,False,could_not_reproduce,,results/idoft-od/krllint-tests_test_extraneous_whitespace_py__extraneouswhitespacetes.json
krllint,https://github.com/d4nuu8/krllint,OD-Vic,2f9376cdae14c201364d9c31b4c19a8ff2f708d2,True,tests/test_indentation_checker.py::IndentationCheckerTestCase::test_rule_with_fix,,,pass,pass,100.0,0.0,100,101,False,could_not_reproduce,,results/idoft-od/krllint-tests_test_indentation_checker_py__indentationcheckertestcas.json
krllint,https://github.com/d4nuu8/krllint,OD-Vic,2f9376cdae14c201364d9c31b4c19a8ff2f708d2,True,tests/test_lower_or_mixed_case_built_in_type.py::LowerOrMixedCaseBuiltInTestCase::test_rule_without_fix,,,pass,pass,100.0,0.0,100,101,False,could_not_reproduce,,results/idoft-od/krllint-tests_test_lower_or_mixed_case_built_in_type_py__lowerormixe.json
krllint,https://github.com/d4nuu8/krllint,OD-Vic,2f9376cdae14c201364d9c31b4c19a8ff2f708d2,True,tests/test_lower_or_mixed_case_built_in_type.py::LowerOrMixedCaseBuiltInTestCase::test_rule_with_fix,,,pass,pass,100.0,0.0,100,101,False,could_not_reproduce,,results/idoft-od/krllint-tests_test_lower_or_mixed_case_built_in_type_py__lowerormixe.json
krllint,https://github.com/d4nuu8/krllint,OD-Vic,2f9376cdae14c201364d9c31b4c19a8ff2f708d2,True,tests/test_open_task.py::OpenTaskTestCase::test_rule_without_fix,,,pass,pass,100.0,0.0,100,101,False,could_not_reproduce,,results/idoft-od/krllint-tests_test_open_task_py__opentasktestcase__test_rule_without.json
krllint,https://github.com/d4nuu8/krllint,OD-Vic,2f9376cdae14c201364d9c31b4c19a8ff2f708d2,True,tests/test_open_task.py::OpenTaskTestCase::test_rule_with_fix,,,pass,pass,100.0,0.0,100,101,False,could_not_reproduce,,results/idoft-od/krllint-tests_test_open_task_py__opentasktestcase__test_rule_with_fi.json
krllint,https://github.com/d4nuu8/krllint,OD-Vic,2f9376cdae14c201364d9c31b4c19a8ff2f708d2,True,tests/test_trailing_white_space_rule.py::TrailingWhiteSpaceTestCase::test_rule_without_fix,,,pass,pass,100.0,0.0,100,101,False,could_not_reproduce,,results/idoft-od/krllint-tests_test_trailing_white_space_rule_py__trailingwhitespacet.json
krllint,https://github.com/d4nuu8/krllint,OD-Vic,2f9376cdae14c201364d9c31b4c19a8ff2f708d2,True,tests/test_trailing_white_space_rule.py::TrailingWhiteSpaceTestCase::test_rule_with_fix,,,pass,pass,100.0,0.0,100,101,False,could_not_reproduce,,results/idoft-od/krllint-tests_test_trailing_white_space_rule_py__trailingwhitespacet.json
ljson,https://github.com/daknuett/ljson,OD-Vic,1d3dc13001d9d2f61bcfbf9d5c5b16d44fb8076e,True,test/test_ljson_disk.py::test_contains,,,pass,pass,100.0,0.0,100,101,False,could_not_reproduce,,results/idoft-od/ljson-test_test_ljson_disk_py__test_contains.json
ljson,https://github.com/daknuett/ljson,OD-Vic,1d3dc13001d9d2f61bcfbf9d5c5b16d44fb8076e,True,test/test_ljson_disk.py::test_delete,,,pass,pass,100.0,0.0,100,101,False,could_not_reproduce,,results/idoft-od/ljson-test_test_ljson_disk_py__test_delete.json
ljson,https://github.com/daknuett/ljson,OD-Vic,1d3dc13001d9d2f61bcfbf9d5c5b16d44fb8076e,True,test/test_ljson_disk.py::test_edit,,,pass,pass,100.0,0.0,100,101,False,could_not_reproduce,,results/idoft-od/ljson-test_test_ljson_disk_py__test_edit.json
ljson,https://github.com/daknuett/ljson,OD-Vic,1d3dc13001d9d2f61bcfbf9d5c5b16d44fb8076e,True,test/test_ljson_disk.py::test_read,,,pass,pass,100.0,0.0,100,101,False,could_not_reproduce,,results/idoft-od/ljson-test_test_ljson_disk_py__test_read.json
ljson,https://github.com/daknuett/ljson,OD-Vic,1d3dc13001d9d2f61bcfbf9d5c5b16d44fb8076e,True,test/test_ljson_disk.py::test_unique_check,,,pass,pass,100.0,0.0,100,101,False,could_not_reproduce,,results/idoft-od/ljson-test_test_ljson_disk_py__test_unique_check.json
ljson,https://github.com/daknuett/ljson,OD-Vic,1d3dc13001d9d2f61bcfbf9d5c5b16d44fb8076e,True,test/test_ljson_mem.py::test_contains,,,pass,pass,5.0,1.0,100,7,True,vic_confirmed,,results/idoft-od/ljson-test_test_ljson_mem_py__test_contains.json
ljson,https://github.com/daknuett/ljson,OD-Vic,1d3dc13001d9d2f61bcfbf9d5c5b16d44fb8076e,True,test/test_ljson_mem.py::test_edit,,,pass,fail,0.0,0.0,100,1,True,vic_confirmed,,results/idoft-od/ljson-test_test_ljson_mem_py__test_edit.json
rxpy-backpressure,https://github.com/daliclass/rxpy-backpressure,OD-Vic,b1a7bddfb370884135d6f2e7d9a3dd332a90d7cc,True,tests/test_sized_buffer_backpressure_strategy.py::TestDropBackPressureStrategy::test_on_next_drop_new_message_when_buffer_full,,,pass,fail,0.0,0.0,100,1,True,vic_confirmed,,results/idoft-od/rxpy-backpressure-tests_test_sized_buffer_backpressure_strategy_py__testdropba.json
rxpy-backpressure,https://github.com/daliclass/rxpy-backpressure,OD,b1a7bddfb370884135d6f2e7d9a3dd332a90d7cc,True,test_sized_buffer_backpressure_strategy.py::TestDropBackPressureStrategy::test_when_on_next_buffer_following_messages,,,fail,error,0.0,0.0,100,1,False,could_not_reproduce,,results/idoft-od/rxpy-backpressure-test_sized_buffer_backpressure_strategy_py__testdropbackpres.json
observed,https://github.com/DanielSank/observed,OD-Vic,d99fb99ff2a470a86efb2763685e8e2c021e799f,True,observed_test.py::TestBasics::test_callbacks,,,pass,fail,0.0,0.0,100,1,True,vic_confirmed,,results/idoft-od/observed-observed_test_py__testbasics__test_callbacks.json
api-python,https://github.com/datacommonsorg/api-python,OD-Brit,6d09ca1557da0af893f008f7302801f12afc2d46,True,datacommons/test/set_api_key_test.py::TestApiKey::test_query_no_api_key,,,fail,skipped,0.0,0.0,100,0,True,brit_confirmed,,results/idoft-od/api-python-datacommons_test_set_api_key_test_py__testapikey__test_query.json
api-python,https://github.com/datacommonsorg/api-python,OD-Brit,6d09ca1557da0af893f008f7302801f12afc2d46,True,datacommons/test/set_api_key_test.py::TestApiKey::test_send_request_no_api_key,,,fail,skipped,0.0,0.0,100,0,True,brit_confirmed,,results/idoft-od/api-python-datacommons_test_set_api_key_test_py__testapikey__test_send_.json
api-python,https://github.com/datacommonsorg/api-python,OD,16fabfc49a9c7d46a5b5847b0d9809242ec884e5,True,set_api_key_test.py::TestApiKey::test_query_no_api_key?,,,fail,error,0.0,0.0,100,1,False,could_not_reproduce,,results/idoft-od/api-python-set_api_key_test_py__testapikey__test_query_no_api_key_.json
api-python,https://github.com/datacommonsorg/api-python,OD,16fabfc49a9c7d46a5b5847b0d9809242ec884e5,True,set_api_key_test.py::TestApiKey::test_send_request_no_api_key?,,,fail,error,0.0,0.0,100,1,False,could_not_reproduce,,results/idoft-od/api-python-set_api_key_test_py__testapikey__test_send_request_no_api_ke.json
redisqueue,https://github.com/DevKeh/redisqueue,OD-Brit,feac4dfc30837e0ab1a55a8479443ea74b2793f2,True,tests/test_redisqueue.py::test_mock_queue_get_put_same_task,,,fail,skipped,0.0,0.0,100,0,True,brit_confirmed,,results/idoft-od/redisqueue-tests_test_redisqueue_py__test_mock_queue_get_put_same_task.json
redisqueue,https://github.com/DevKeh/redisqueue,OD-Brit,feac4dfc30837e0ab1a55a8479443ea74b2793f2,True,tests/test_redisqueue.py::test_mock_queue_put_get,,,fail,skipped,0.0,0.0,100,0,True,brit_confirmed,,results/idoft-od/redisqueue-tests_test_redisqueue_py__test_mock_queue_put_get.json
redisqueue,https://github.com/DevKeh/redisqueue,OD-Brit,feac4dfc30837e0ab1a55a8479443ea74b2793f2,True,tests/test_redisqueue.py::test_mock_queue_unique,,,fail,skipped,0.0,0.0,100,0,True,brit_confirmed,,results/idoft-od/redisqueue-tests_test_redisqueue_py__test_mock_queue_unique.json
mdutils,https://github.com/didix21/mdutils,OD-Vic,2ef859ecc1e4f1a3e24f4150c96f61180bc57ceb,True,tests/test_mdutils.py::TestMdUtils::test_create_md_file,,,pass,pass,100.0,0.0,100,101,False,could_not_reproduce,,results/idoft-od/mdutils-tests_test_mdutils_py__testmdutils__test_create_md_file.json
mdutils,https://github.com/didix21/mdutils,OD-Vic,2ef859ecc1e4f1a3e24f4150c96f61180bc57ceb,True,tests/test_mdutils.py::TestMdUtils::test_new_checkbox_checked_list,,,pass,pass,100.0,0.0,100,101,False,could_not_reproduce,,results/idoft-od/mdutils-tests_test_mdutils_py__testmdutils__test_new_checkbox_checke.json
mdutils,https://github.com/didix21/mdutils,OD-Vic,2ef859ecc1e4f1a3e24f4150c96f61180bc57ceb,True,tests/test_mdutils.py::TestMdUtils::test_new_checkbox_list,,,pass,pass,100.0,0.0,100,101,False,could_not_reproduce,,results/idoft-od/mdutils-tests_test_mdutils_py__testmdutils__test_new_checkbox_list.json
mdutils,https://github.com/didix21/mdutils,OD-Vic,2ef859ecc1e4f1a3e24f4150c96f61180bc57ceb,True,tests/test_mdutils.py::TestMdUtils::test_new_header,,,pass,pass,100.0,0.0,100,101,False,could_not_reproduce,,results/idoft-od/mdutils-tests_test_mdutils_py__testmdutils__test_new_header.json
mdutils,https://github.com/didix21/mdutils,OD-Vic,2ef859ecc1e4f1a3e24f4150c96f61180bc57ceb,True,tests/test_mdutils.py::TestMdUtils::test_new_list,,,pass,pass,100.0,0.0,100,101,False,could_not_reproduce,,results/idoft-od/mdutils-tests_test_mdutils_py__testmdutils__test_new_list.json
mdutils,https://github.com/didix21/mdutils,OD-Vic,2ef859ecc1e4f1a3e24f4150c96f61180bc57ceb,True,tests/test_mdutils.py::TestMdUtils::test_new_reference_image_markdown_data,,,pass,pass,100.0,0.0,100,101,False,could_not_reproduce,,results/idoft-od/mdutils-tests_test_mdutils_py__testmdutils__test_new_reference_image.json
mdutils,https://github.com/didix21/mdutils,OD-Vic,2ef859ecc1e4f1a3e24f4150c96f61180bc57ceb,True,tests/test_mdutils.py::TestMdUtils::test_new_table_of_contents,,,pass,pass,100.0,0.0,100,101,False,could_not_reproduce,,results/idoft-od/mdutils-tests_test_mdutils_py__testmdutils__test_new_table_of_conten.json
mdutils,https://github.com/didix21/mdutils,OD-Vic,2ef859ecc1e4f1a3e24f4150c96f61180bc57ceb,True,tests/test_mdutils.py::TestMdUtils::test_references_placed_in_markdown_file,,,pass,pass,100.0,0.0,100,101,False,could_not_reproduce,,results/idoft-od/mdutils-tests_test_mdutils_py__testmdutils__test_references_placed_i.json
logx,https://github.com/djrobstep/logx,OD-Vic,c53fabbc160fb8d70fa878684ea36f0c22fd5caa,True,tests/test_logx.py::test_formatted_output,,,pass,pass,5.0,1.0,100,7,True,vic_confirmed,,results/idoft-od/logx-tests_test_logx_py__test_formatted_output.json
logx,https://github.com/djrobstep/logx,OD-Vic,c53fabbc160fb8d70fa878684ea36f0c22fd5caa,True,tests/test_logx.py::test_plain_output,,,pass,pass,1.0,1.0,100,3,True,vic_confirmed,,results/idoft-od/logx-tests_test_logx_py__test_plain_output.json
logx,https://github.com/djrobstep/logx,OD-Vic,c53fabbc160fb8d70fa878684ea36f0c22fd5caa,True,tests/test_logx.py::test_set_format,,,pass,pass,0.0,1.0,100,2,True,vic_confirmed,,results/idoft-od/logx-tests_test_logx_py__test_set_format.json
aiopylimit,https://github.com/dmarkey/aiopylimit,OD-Vic,b4075a8ac30dbbef59a2243f618a35a2f54b590c,True,aiopylimit/tests/test_aiopylimit.py::TestPyLimit::test_exception,,,pass,fail,0.0,0.0,100,1,True,vic_confirmed,,results/idoft-od/aiopylimit-aiopylimit_tests_test_aiopylimit_py__testpylimit__test_excep.json
mythx-cli,https://github.com/dmuhs/mythx-cli,OD-Vic,f6b3d20d51ca1cfaed3cd45226bd1074388d42b9,True,tests/test_report.py::test_report_json,,,fail,error,0.0,0.0,100,1,False,could_not_reproduce,,results/idoft-od/mythx-cli-tests_test_report_py__test_report_json.json
mythx-cli,https://github.com/dmuhs/mythx-cli,OD-Vic,f6b3d20d51ca1cfaed3cd45226bd1074388d42b9,True,tests/test_report.py::test_report_json_blacklist,,,fail,error,0.0,0.0,100,1,False,could_not_reproduce,,results/idoft-od/mythx-cli-tests_test_report_py__test_report_json_blacklist.json
mythx-cli,https://github.com/dmuhs/mythx-cli,OD-Vic,f6b3d20d51ca1cfaed3cd45226bd1074388d42b9,True,tests/test_report.py::test_report_json_pretty,,,fail,error,0.0,0.0,100,1,False,could_not_reproduce,,results/idoft-od/mythx-cli-tests_test_report_py__test_report_json_pretty.json
mythx-cli,https://github.com/dmuhs/mythx-cli,OD-Vic,f6b3d20d51ca1cfaed3cd45226bd1074388d42b9,True,tests/test_report.py::test_report_json_pretty_blacklist,,,fail,error,0.0,0.0,100,1,False,could_not_reproduce,,results/idoft-od/mythx-cli-tests_test_report_py__test_report_json_pretty_blacklist.json
mythx-cli,https://github.com/dmuhs/mythx-cli,OD-Vic,f6b3d20d51ca1cfaed3cd45226bd1074388d42b9,True,tests/test_report.py::test_report_json_pretty_whitelist,,,fail,error,0.0,0.0,100,1,False,could_not_reproduce,,results/idoft-od/mythx-cli-tests_test_report_py__test_report_json_pretty_whitelist.json
mythx-cli,https://github.com/dmuhs/mythx-cli,OD-Vic,f6b3d20d51ca1cfaed3cd45226bd1074388d42b9,True,tests/test_report.py::test_report_json_whitelist,,,fail,error,0.0,0.0,100,1,False,could_not_reproduce,,results/idoft-od/mythx-cli-tests_test_report_py__test_report_json_whitelist.json
mythx-cli,https://github.com/dmuhs/mythx-cli,OD-Vic,f6b3d20d51ca1cfaed3cd45226bd1074388d42b9,True,tests/test_report.py::test_report_simple,,,fail,error,0.0,0.0,100,1,False,could_not_reproduce,,results/idoft-od/mythx-cli-tests_test_report_py__test_report_simple.json
mythx-cli,https://github.com/dmuhs/mythx-cli,OD-Vic,f6b3d20d51ca1cfaed3cd45226bd1074388d42b9,True,tests/test_report.py::test_report_simple_blacklist,,,fail,error,0.0,0.0,100,1,False,could_not_reproduce,,results/idoft-od/mythx-cli-tests_test_report_py__test_report_simple_blacklist.json
mythx-cli,https://github.com/dmuhs/mythx-cli,OD-Vic,f6b3d20d51ca1cfaed3cd45226bd1074388d42b9,True,tests/test_report.py::test_report_simple_whitelist,,,fail,error,0.0,0.0,100,1,False,could_not_reproduce,,results/idoft-od/mythx-cli-tests_test_report_py__test_report_simple_whitelist.json
mythx-cli,https://github.com/dmuhs/mythx-cli,OD-Vic,f6b3d20d51ca1cfaed3cd45226bd1074388d42b9,True,tests/test_report.py::test_report_sonar_blacklist,,,fail,error,0.0,0.0,100,1,False,could_not_reproduce,,results/idoft-od/mythx-cli-tests_test_report_py__test_report_sonar_blacklist.json
mythx-cli,https://github.com/dmuhs/mythx-cli,OD-Vic,f6b3d20d51ca1cfaed3cd45226bd1074388d42b9,True,tests/test_report.py::test_report_sonar_whitelist,,,fail,error,0.0,0.0,100,1,False,could_not_reproduce,,results/idoft-od/mythx-cli-tests_test_report_py__test_report_sonar_whitelist.json
mythx-cli,https://github.com/dmuhs/mythx-cli,OD-Vic,f6b3d20d51ca1cfaed3cd45226bd1074388d42b9,True,tests/test_report.py::test_report_tabular,,,fail,error,0.0,0.0,100,1,False,could_not_reproduce,,results/idoft-od/mythx-cli-tests_test_report_py__test_report_tabular.json
mythx-cli,https://github.com/dmuhs/mythx-cli,OD-Vic,f6b3d20d51ca1cfaed3cd45226bd1074388d42b9,True,tests/test_report.py::test_report_tabular_blacklist,,,fail,error,0.0,0.0,100,1,False,could_not_reproduce,,results/idoft-od/mythx-cli-tests_test_report_py__test_report_tabular_blacklist.json
mythx-cli,https://github.com/dmuhs/mythx-cli,OD-Vic,f6b3d20d51ca1cfaed3cd45226bd1074388d42b9,True,tests/test_report.py::test_report_tabular_whitelist,,,fail,error,0.0,0.0,100,1,False,could_not_reproduce,,results/idoft-od/mythx-cli-tests_test_report_py__test_report_tabular_whitelist.json
accessify,https://github.com/dmytrostriletskyi/accessify,OD-Vic,6b7cf8657ffe18cd6a43c6cfb73b071084f0331e,True,tests/interfaces/test_implements.py::test_implements_not_cls_convention,,,pass,pass,100.0,0.0,100,101,False,could_not_reproduce,,results/idoft-od/accessify-tests_interfaces_test_implements_py__test_implements_not_cls.json
accessify,https://github.com/dmytrostriletskyi/accessify,OD-Vic,6b7cf8657ffe18cd6a43c6cfb73b071084f0331e,True,tests/interfaces/test_implements.py::test_implements_not_self_convention,,,pass,pass,100.0,0.0,100,101,False,could_not_reproduce,,results/idoft-od/accessify-tests_interfaces_test_implements_py__test_implements_not_sel.json
accessify,https://github.com/dmytrostriletskyi/accessify,OD-Vic,6b7cf8657ffe18cd6a43c6cfb73b071084f0331e,True,tests/interfaces/test_implements.py::test_implements_not_self_convention_in_deleter,,,pass,pass,100.0,0.0,100,101,False,could_not_reproduce,,results/idoft-od/accessify-tests_interfaces_test_implements_py__test_implements_not_sel.json
accessify,https://github.com/dmytrostriletskyi/accessify,OD-Vic,6b7cf8657ffe18cd6a43c6cfb73b071084f0331e,True,tests/interfaces/test_implements.py::test_implements_not_self_convention_in_getter,,,pass,pass,100.0,0.0,100,101,False,could_not_reproduce,,results/idoft-od/accessify-tests_interfaces_test_implements_py__test_implements_not_sel.json
accessify,https://github.com/dmytrostriletskyi/accessify,OD-Vic,6b7cf8657ffe18cd6a43c6cfb73b071084f0331e,True,tests/interfaces/test_implements.py::test_implements_not_self_convention_in_setter,,,pass,pass,100.0,0.0,100,101,False,could_not_reproduce,,results/idoft-od/accessify-tests_interfaces_test_implements_py__test_implements_not_sel.json
accessify,https://github.com/dmytrostriletskyi/accessify,OD-Vic,6b7cf8657ffe18cd6a43c6cfb73b071084f0331e,True,tests/interfaces/test_implements.py::test_implements_no_implementation_deleter,,,pass,pass,100.0,0.0,100,101,False,could_not_reproduce,,results/idoft-od/accessify-tests_interfaces_test_implements_py__test_implements_no_impl.json
accessify,https://github.com/dmytrostriletskyi/accessify,OD-Vic,6b7cf8657ffe18cd6a43c6cfb73b071084f0331e,True,tests/interfaces/test_implements.py::test_implements_no_implementation_getter,,,pass,pass,100.0,0.0,100,101,False,could_not_reproduce,,results/idoft-od/accessify-tests_interfaces_test_implements_py__test_implements_no_impl.json
accessify,https://github.com/dmytrostriletskyi/accessify,OD-Vic,6b7cf8657ffe18cd6a43c6cfb73b071084f0331e,True,tests/interfaces/test_implements.py::test_implements_no_implementation_instance_method,,,pass,pass,100.0,0.0,100,101,False,could_not_reproduce,,results/idoft-od/accessify-tests_interfaces_test_implements_py__test_implements_no_impl.json
accessify,https://github.com/dmytrostriletskyi/accessify,OD-Vic,6b7cf8657ffe18cd6a43c6cfb73b071084f0331e,True,tests/interfaces/test_implements.py::test_implements_no_implementation_setter,,,pass,pass,100.0,0.0,100,101,False,could_not_reproduce,,results/idoft-od/accessify-tests_interfaces_test_implements_py__test_implements_no_impl.json
accessify,https://github.com/dmytrostriletskyi/accessify,OD-Vic,6b7cf8657ffe18cd6a43c6cfb73b071084f0331e,True,tests/interfaces/test_implements.py::test_implements_no_implementation_static_method,,,pass,pass,100.0,0.0,100,101,False,could_not_reproduce,,results/idoft-od/accessify-tests_interfaces_test_implements_py__test_implements_no_impl.json
accessify,https://github.com/dmytrostriletskyi/accessify,OD-Vic,6b7cf8657ffe18cd6a43c6cfb73b071084f0331e,True,tests/interfaces/test_implements.py::test_not_implements_private_access,,,pass,pass,100.0,0.0,100,101,False,could_not_reproduce,,results/idoft-od/accessify-tests_interfaces_test_implements_py__test_not_implements_pri.json
accessify,https://github.com/dmytrostriletskyi/accessify,OD-Vic,6b7cf8657ffe18cd6a43c6cfb73b071084f0331e,True,tests/interfaces/test_implements.py::test_not_implements_protected_access,,,pass,pass,100.0,0.0,100,101,False,could_not_reproduce,,results/idoft-od/accessify-tests_interfaces_test_implements_py__test_not_implements_pro.json
factiva-news-python,https://github.com/dowjones/factiva-news-python,OD,763b178fe7fd3716e5542cf098600ef56c6fbd62,True,__init__.py,,,fail,error,0.0,1.0,100,2,True,vic_confirmed,,results/idoft-od/factiva-news-python-__init___py.json
tokendito,https://github.com/dowjones/tokendito,OD-Vic,f5d8e5171ddcca0c62925263ddb80535f51aded3,True,tests/unit_test.py::test_set_okta_password,,,fail,unknown,0.0,0.0,100,1,False,could_not_reproduce,,results/idoft-od/tokendito-tests_unit_test_py__test_set_okta_password.json
tokendito,https://github.com/dowjones/tokendito,OD-Vic,f5d8e5171ddcca0c62925263ddb80535f51aded3,True,tests/unit_test.py::test_set_okta_username,,,fail,unknown,0.0,0.0,100,1,False,could_not_reproduce,,results/idoft-od/tokendito-tests_unit_test_py__test_set_okta_username.json
yunomi,https://github.com/dreid/yunomi,OD-Vic,1aa3f166843613331b38e231264ffc3ac40e8094,True,yunomi/tests/test_metrics_registry.py::MetricsRegistryTests::test_count_calls_decorator,,,pass,pass,100.0,0.0,100,101,False,could_not_reproduce,,results/idoft-od/yunomi-yunomi_tests_test_metrics_registry_py__metricsregistrytests_.json
yunomi,https://github.com/dreid/yunomi,OD-Vic,1aa3f166843613331b38e231264ffc3ac40e8094,True,yunomi/tests/test_metrics_registry.py::MetricsRegistryTests::test_hist_calls_decorator,,,pass,pass,100.0,0.0,100,101,False,could_not_reproduce,,results/idoft-od/yunomi-yunomi_tests_test_metrics_registry_py__metricsregistrytests_.json
yunomi,https://github.com/dreid/yunomi,OD-Vic,1aa3f166843613331b38e231264ffc3ac40e8094,True,yunomi/tests/test_metrics_registry.py::MetricsRegistryTests::test_meter_calls_decorator,,,pass,pass,100.0,0.0,100,101,False,could_not_reproduce,,results/idoft-od/yunomi-yunomi_tests_test_metrics_registry_py__metricsregistrytests_.json
yunomi,https://github.com/dreid/yunomi,OD-Vic,1aa3f166843613331b38e231264ffc3ac40e8094,True,yunomi/tests/test_metrics_registry.py::MetricsRegistryTests::test_time_calls_decorator,,,pass,pass,100.0,0.0,100,101,False,could_not_reproduce,,results/idoft-od/yunomi-yunomi_tests_test_metrics_registry_py__metricsregistrytests_.json
PySyncDroid,https://github.com/DusanMadar/PySyncDroid,OD-Vic,9a217a54f4286af8e7505c184eb2a6775f52d815,True,tests/test_sync.py::TestSync::test_do_sync,,,pass,pass,100.0,0.0,100,101,False,could_not_reproduce,,results/idoft-od/PySyncDroid-tests_test_sync_py__testsync__test_do_sync.json
pykicad,https://github.com/dvc94ch/pykicad,OD-Vic,cdebcaeb4ab6c8903ebecfd0748f826ea406923f,True,tests/test_module.py::CurveTests::test_curve,,,pass,pass,100.0,0.0,100,101,False,could_not_reproduce,,results/idoft-od/pykicad-tests_test_module_py__curvetests__test_curve.json
pykicad,https://github.com/dvc94ch/pykicad,OD-Vic,cdebcaeb4ab6c8903ebecfd0748f826ea406923f,True,tests/test_module.py::DrillTests::test_drill,,,pass,pass,100.0,0.0,100,101,False,could_not_reproduce,,results/idoft-od/pykicad-tests_test_module_py__drilltests__test_drill.json
pykicad,https://github.com/dvc94ch/pykicad,OD-Vic,cdebcaeb4ab6c8903ebecfd0748f826ea406923f,True,tests/test_module.py::DrillTests::test_drill_offset,,,pass,pass,100.0,0.0,100,101,False,could_not_reproduce,,results/idoft-od/pykicad-tests_test_module_py__drilltests__test_drill_offset.json
pykicad,https://github.com/dvc94ch/pykicad,OD-Vic,cdebcaeb4ab6c8903ebecfd0748f826ea406923f,True,tests/test_module.py::DrillTests::test_drill_oval,,,pass,pass,100.0,0.0,100,101,False,could_not_reproduce,,results/idoft-od/pykicad-tests_test_module_py__drilltests__test_drill_oval.json
pykicad,https://github.com/dvc94ch/pykicad,OD-Vic,cdebcaeb4ab6c8903ebecfd0748f826ea406923f,True,tests/test_module.py::LineTests::test_line,,,pass,pass,100.0,0.0,100,101,False,could_not_reproduce,,results/idoft-od/pykicad-tests_test_module_py__linetests__test_line.json
pykicad,https://github.com/dvc94ch/pykicad,OD-Vic,cdebcaeb4ab6c8903ebecfd0748f826ea406923f,True,tests/test_module.py::ModelTests::test_model,,,pass,pass,100.0,0.0,100,101,False,could_not_reproduce,,results/idoft-od/pykicad-tests_test_module_py__modeltests__test_model.json
pykicad,https://github.com/dvc94ch/pykicad,OD-Vic,cdebcaeb4ab6c8903ebecfd0748f826ea406923f,True,tests/test_module.py::ModuleTests::test_module,,,pass,pass,100.0,0.0,100,101,False,could_not_reproduce,,results/idoft-od/pykicad-tests_test_module_py__moduletests__test_module.json
pykicad,https://github.com/dvc94ch/pykicad,OD-Vic,cdebcaeb4ab6c8903ebecfd0748f826ea406923f,True,tests/test_module.py::NetTests::test_net_auto_numbering,,,pass,pass,100.0,0.0,100,101,False,could_not_reproduce,,results/idoft-od/pykicad-tests_test_module_py__nettests__test_net_auto_numbering.json
pykicad,https://github.com/dvc94ch/pykicad,OD-Vic,cdebcaeb4ab6c8903ebecfd0748f826ea406923f,True,tests/test_module.py::PadTests::test_pad,,,pass,pass,100.0,0.0,100,101,False,could_not_reproduce,,results/idoft-od/pykicad-tests_test_module_py__padtests__test_pad.json
pykicad,https://github.com/dvc94ch/pykicad,OD-Vic,cdebcaeb4ab6c8903ebecfd0748f826ea406923f,True,tests/test_module.py::PadTests::test_pad_with_drill,,,pass,pass,100.0,0.0,100,101,False,could_not_reproduce,,results/idoft-od/pykicad-tests_test_module_py__padtests__test_pad_with_drill.json
pykicad,https://github.com/dvc94ch/pykicad,OD-Vic,cdebcaeb4ab6c8903ebecfd0748f826ea406923f,True,tests/test_module.py::PadTests::test_pad_with_multiple_layers,,,pass,pass,100.0,0.0,100,101,False,could_not_reproduce,,results/idoft-od/pykicad-tests_test_module_py__padtests__test_pad_with_multiple_layer.json
pykicad,https://github.com/dvc94ch/pykicad,OD-Vic,cdebcaeb4ab6c8903ebecfd0748f826ea406923f,True,tests/test_module.py::PolygonTests::test_polygon,,,pass,pass,100.0,0.0,100,101,False,could_not_reproduce,,results/idoft-od/pykicad-tests_test_module_py__polygontests__test_polygon.json
pykicad,https://github.com/dvc94ch/pykicad,OD-Vic,cdebcaeb4ab6c8903ebecfd0748f826ea406923f,True,tests/test_module.py::TextTests::test_text,,,pass,pass,100.0,0.0,100,101,False,could_not_reproduce,,results/idoft-od/pykicad-tests_test_module_py__texttests__test_text.json
pykicad,https://github.com/dvc94ch/pykicad,OD-Vic,cdebcaeb4ab6c8903ebecfd0748f826ea406923f,True,tests/test_module.py::TextTests::test_text_with_hide,,,pass,pass,100.0,0.0,100,101,False,could_not_reproduce,,results/idoft-od/pykicad-tests_test_module_py__texttests__test_text_with_hide.json
pykicad,https://github.com/dvc94ch/pykicad,OD-Vic,cdebcaeb4ab6c8903ebecfd0748f826ea406923f,True,tests/test_module.py::TextTests::test_text_with_justify,,,pass,pass,100.0,0.0,100,101,False,could_not_reproduce,,results/idoft-od/pykicad-tests_test_module_py__texttests__test_text_with_justify.json
pykicad,https://github.com/dvc94ch/pykicad,OD-Vic,cdebcaeb4ab6c8903ebecfd0748f826ea406923f,True,tests/test_module.py::TextTests::test_text_with_rotation,,,pass,pass,100.0,0.0,100,101,False,could_not_reproduce,,results/idoft-od/pykicad-tests_test_module_py__texttests__test_text_with_rotation.json
pykicad,https://github.com/dvc94ch/pykicad,OD-Vic,cdebcaeb4ab6c8903ebecfd0748f826ea406923f,True,tests/test_module.py::TextTests::test_text_with_thickness,,,pass,pass,100.0,0.0,100,101,False,could_not_reproduce,,results/idoft-od/pykicad-tests_test_module_py__texttests__test_text_with_thickness.json
pykicad,https://github.com/dvc94ch/pykicad,OD-Vic,cdebcaeb4ab6c8903ebecfd0748f826ea406923f,True,tests/test_pcb.py::NetClassTests::test_parse,,,pass,pass,100.0,0.0,100,101,False,could_not_reproduce,,results/idoft-od/pykicad-tests_test_pcb_py__netclasstests__test_parse.json
pykicad,https://github.com/dvc94ch/pykicad,OD-Vic,cdebcaeb4ab6c8903ebecfd0748f826ea406923f,True,tests/test_pcb.py::NetClassTests::test_without_net,,,pass,pass,100.0,0.0,100,101,False,could_not_reproduce,,results/idoft-od/pykicad-tests_test_pcb_py__netclasstests__test_without_net.json
pykicad,https://github.com/dvc94ch/pykicad,OD-Vic,cdebcaeb4ab6c8903ebecfd0748f826ea406923f,True,tests/test_pcb.py::NetClassTests::test_with_multiple_nets,,,pass,pass,100.0,0.0,100,101,False,could_not_reproduce,,results/idoft-od/pykicad-tests_test_pcb_py__netclasstests__test_with_multiple_nets.json
pykicad,https://github.com/dvc94ch/pykicad,OD-Vic,cdebcaeb4ab6c8903ebecfd0748f826ea406923f,True,tests/test_pcb.py::NetClassTests::test_with_net,,,pass,pass,100.0,0.0,100,101,False,could_not_reproduce,,results/idoft-od/pykicad-tests_test_pcb_py__netclasstests__test_with_net.json
pykicad,https://github.com/dvc94ch/pykicad,OD-Vic,cdebcaeb4ab6c8903ebecfd0748f826ea406923f,True,tests/test_pcb.py::PcbTests::test_comment,,,pass,pass,100.0,0.0,100,101,False,could_not_reproduce,,results/idoft-od/pykicad-tests_test_pcb_py__pcbtests__test_comment.json
pykicad,https://github.com/dvc94ch/pykicad,OD-Vic,cdebcaeb4ab6c8903ebecfd0748f826ea406923f,True,tests/test_pcb.py::PcbTests::test_layers,,,pass,pass,100.0,0.0,100,101,False,could_not_reproduce,,results/idoft-od/pykicad-tests_test_pcb_py__pcbtests__test_layers.json
pykicad,https://github.com/dvc94ch/pykicad,OD-Vic,cdebcaeb4ab6c8903ebecfd0748f826ea406923f,True,tests/test_pcb.py::PcbTests::test_minimal_pcb,,,pass,pass,100.0,0.0,100,101,False,could_not_reproduce,,results/idoft-od/pykicad-tests_test_pcb_py__pcbtests__test_minimal_pcb.json
pykicad,https://github.com/dvc94ch/pykicad,OD-Vic,cdebcaeb4ab6c8903ebecfd0748f826ea406923f,True,tests/test_pcb.py::PcbTests::test_num_nets,,,pass,pass,100.0,0.0,100,101,False,could_not_reproduce,,results/idoft-od/pykicad-tests_test_pcb_py__pcbtests__test_num_nets.json
pykicad,https://github.com/dvc94ch/pykicad,OD-Vic,cdebcaeb4ab6c8903ebecfd0748f826ea406923f,True,tests/test_pcb.py::PcbTests::test_page,,,pass,pass,100.0,0.0,100,101,False,could_not_reproduce,,results/idoft-od/pykicad-tests_test_pcb_py__pcbtests__test_page.json
pykicad,https://github.com/dvc94ch/pykicad,OD-Vic,cdebcaeb4ab6c8903ebecfd0748f826ea406923f,True,tests/test_pcb.py::PcbTests::test_single_module,,,pass,pass,100.0,0.0,100,101,False,could_not_reproduce,,results/idoft-od/pykicad-tests_test_pcb_py__pcbtests__test_single_module.json
plcx,https://github.com/Cognexa/plcx,OD-Vic,2756c0ba78c4c9e572d95ba002708957bc55d4fa,True,plcx/tests/comm/test_client.py::test_clientx_error,,,pass,pass,100.0,0.0,100,101,False,could_not_reproduce,,results/idoft-od/plcx-plcx_tests_comm_test_client_py__test_clientx_error.json
pykicad,https://github.com/dvc94ch/pykicad,OD-Vic,cdebcaeb4ab6c8903ebecfd0748f826ea406923f,True,tests/test_pcb.py::ZoneTests::test_parse,,,pass,pass,100.0,0.0,100,101,False,could_not_reproduce,,results/idoft-od/pykicad-tests_test_pcb_py__zonetests__test_parse.json
libearth,https://github.com/earthreader/libearth,OD-Vic,71d2f3246eb0b6a3668a64e2242616d20b1d7dcd,True,tests/stage_test.py::test_get_dir_route,,,pass,fail,0.0,0.0,100,1,True,vic_confirmed,,results/idoft-od/libearth-tests_stage_test_py__test_get_dir_route.json
impedance.py,https://github.com/ECSHackWeek/impedance.py,OD-Vic,d1019c161be9e967ae227117b72acae4351e198f,True,impedance/tests/test_circuit_elements.py::test_each_element,,,fail,error,0.0,0.0,100,1,False,could_not_reproduce,,results/idoft-od/impedance.py-impedance_tests_test_circuit_elements_py__test_each_element.json
impedance.py,https://github.com/ECSHackWeek/impedance.py,OD-Vic,d1019c161be9e967ae227117b72acae4351e198f,True,impedance/tests/test_circuit_elements.py::test_element_function_names,,,fail,error,0.0,0.0,100,1,False,could_not_reproduce,,results/idoft-od/impedance.py-impedance_tests_test_circuit_elements_py__test_element_funct.json
epsagon-python,https://github.com/epsagon/epsagon-python,OD-Vic,b985d8412848f9a0c98e2f15ae0967a6dba3517f,True,tests/wrappers/test_python_function.py::test_function_wrapper_function_exception,,,fail,unknown,0.0,0.0,100,1,False,could_not_reproduce,,results/idoft-od/epsagon-python-tests_wrappers_test_python_function_py__test_function_wrappe.json
HARK,https://github.com/econ-ark/HARK,OD-Vic,f18dc69520db9e15d1d355e604ff712d38ce3d2b,True,HARK/ConsumptionSaving/tests/test_ConsAggShockModel.py::KrusellSmithAgentTestCase::test_agent,,,pass,pass,4.0,1.0,100,6,True,vic_confirmed,,results/idoft-od/HARK-hark_consumptionsaving_tests_test_consaggshockmodel_py__krus.json
epsagon-python,https://github.com/epsagon/epsagon-python,OD-Vic,b985d8412848f9a0c98e2f15ae0967a6dba3517f,True,tests/wrappers/test_python_function.py::test_function_wrapper_sanity,,,fail,unknown,0.0,0.0,100,1,False,could_not_reproduce,,results/idoft-od/epsagon-python-tests_wrappers_test_python_function_py__test_function_wrappe.json
epsagon-python,https://github.com/epsagon/epsagon-python,OD-Vic,b985d8412848f9a0c98e2f15ae0967a6dba3517f,True,tests/wrappers/test_python_function.py::test_python_wrapper_python_runner_factory_failed,,,fail,unknown,0.0,0.0,100,1,False,could_not_reproduce,,results/idoft-od/epsagon-python-tests_wrappers_test_python_function_py__test_python_wrapper_.json
ColonyScanalyser,https://github.com/Erik-White/ColonyScanalyser,OD-Vic,38034b7d62a7c4f72a9f6981d0218c23f22cc7c8,True,tests/unit/test_base.py::TestUnique::test_init,,,pass,pass,3.0,1.0,100,5,True,vic_confirmed,,results/idoft-od/ColonyScanalyser-tests_unit_test_base_py__testunique__test_init.json
ColonyScanalyser,https://github.com/Erik-White/ColonyScanalyser,OD-Vic,38034b7d62a7c4f72a9f6981d0218c23f22cc7c8,True,tests/unit/test_base.py::TestUnique::test_unique,,,pass,fail,0.0,0.0,100,1,True,vic_confirmed,,results/idoft-od/ColonyScanalyser-tests_unit_test_base_py__testunique__test_unique.json
HARK,https://github.com/econ-ark/HARK,OD-Vic,c9138af45fd0a0d97c718c8558f3ea8d9f2ae820,True,HARK/ConsumptionSaving/tests/test_ConsAggShockModel.py::testAggShockMarkovConsumerType::test_agent,,,pass,pass,4.0,1.0,100,6,True,vic_confirmed,,results/idoft-od/HARK-hark_consumptionsaving_tests_test_consaggshockmodel_py__test.json
uberdict,https://github.com/eukaryote/uberdict,OD-Vic,852b9d8b80ab032ce7eb5c439ea8084336b69d04,True,tests/test_uberdict.py::test_pickle_dumpsloads_dotted,,,pass,fail,0.0,0.0,100,1,True,vic_confirmed,,results/idoft-od/uberdict-tests_test_uberdict_py__test_pickle_dumpsloads_dotted.json
uberdict,https://github.com/eukaryote/uberdict,OD-Vic,852b9d8b80ab032ce7eb5c439ea8084336b69d04,True,tests/test_uberdict.py::test_pickle_dumpsloads_nested,,,pass,pass,0.0,1.0,100,2,True,vic_confirmed,,results/idoft-od/uberdict-tests_test_uberdict_py__test_pickle_dumpsloads_nested.json
uberdict,https://github.com/eukaryote/uberdict,OD-Vic,852b9d8b80ab032ce7eb5c439ea8084336b69d04,True,tests/test_uberdict.py::test_pickle_dumpsloads_nested_dotted,,,pass,fail,0.0,0.0,100,1,True,vic_confirmed,,results/idoft-od/uberdict-tests_test_uberdict_py__test_pickle_dumpsloads_nested_dotted.json
uberdict,https://github.com/eukaryote/uberdict,OD-Vic,852b9d8b80ab032ce7eb5c439ea8084336b69d04,True,tests/test_uberdict.py::test_pickle_dumpsloads_simple,,,pass,fail,0.0,0.0,100,1,True,vic_confirmed,,results/idoft-od/uberdict-tests_test_uberdict_py__test_pickle_dumpsloads_simple.json
python-n26,https://github.com/femueller/python-n26,OD-Brit,22cb609efbf5125e36879441ea20d5a1c2a51e98,True,tests/test_cards.py::CardsTests::test_block_card_cli_all,,,fail,skipped,0.0,0.0,100,0,True,brit_confirmed,,results/idoft-od/python-n26-tests_test_cards_py__cardstests__test_block_card_cli_all.json
python-n26,https://github.com/femueller/python-n26,OD-Brit,22cb609efbf5125e36879441ea20d5a1c2a51e98,True,tests/test_cards.py::CardsTests::test_block_card_cli_single,,,fail,skipped,0.0,0.0,100,0,True,brit_confirmed,,results/idoft-od/python-n26-tests_test_cards_py__cardstests__test_block_card_cli_single.json
python-n26,https://github.com/femueller/python-n26,OD-Brit,22cb609efbf5125e36879441ea20d5a1c2a51e98,True,tests/test_cards.py::CardsTests::test_unblock_card_cli_single,,,fail,skipped,0.0,0.0,100,0,True,brit_confirmed,,results/idoft-od/python-n26-tests_test_cards_py__cardstests__test_unblock_card_cli_singl.json
filestack-python,https://github.com/filestack/filestack-python,OD-Vic,1bd6749735e5c78dde767e0685ddfdf0cd7423e2,True,tests/intelligent_ingestion_test.py::test_upload_part_success,,,pass,fail,0.0,0.0,100,1,True,vic_confirmed,,results/idoft-od/filestack-python-tests_intelligent_ingestion_test_py__test_upload_part_succes.json
filestack-python,https://github.com/filestack/filestack-python,OD-Vic,1bd6749735e5c78dde767e0685ddfdf0cd7423e2,True,tests/intelligent_ingestion_test.py::test_upload_part_with_resize,,,pass,fail,0.0,0.0,100,1,True,vic_confirmed,,results/idoft-od/filestack-python-tests_intelligent_ingestion_test_py__test_upload_part_with_r.json
pyMeterBus,https://github.com/ganehag/pyMeterBus,OD-Vic,bc853aa38ac6b10301bdf97f13ac25b36985316f,True,tests/test_globals.py::TestSequenceFunctions::test_debug_default_value,,,pass,fail,0.0,0.0,100,1,True,vic_confirmed,,results/idoft-od/pyMeterBus-tests_test_globals_py__testsequencefunctions__test_debug_def.json
LabIFSC,https://github.com/gjvnq/LabIFSC,OD-Brit,cb56b75f51eb54680d0b81f4c87aa0234538a2a8,True,tests/medida_test.py::test_medida_si_2,,,fail,skipped,0.0,0.0,100,0,True,brit_confirmed,,results/idoft-od/LabIFSC-tests_medida_test_py__test_medida_si_2.json
LabIFSC,https://github.com/gjvnq/LabIFSC,OD-Brit,cb56b75f51eb54680d0b81f4c87aa0234538a2a8,True,tests/medida_test.py::test_medida_si_3,,,fail,skipped,0.0,0.0,100,0,True,brit_confirmed,,results/idoft-od/LabIFSC-tests_medida_test_py__test_medida_si_3.json
HARK,https://github.com/econ-ark/HARK,OD-Vic,c9138af45fd0a0d97c718c8558f3ea8d9f2ae820,True,HARK/ConsumptionSaving/tests/test_ConsAggShockModel.py::testKrusellSmith::test_agent,,,fail,error,4.0,1.0,100,6,True,vic_confirmed,,results/idoft-od/HARK-hark_consumptionsaving_tests_test_consaggshockmodel_py__test.json
omf,https://github.com/gmggroup/omf,OD-Vic,bf0cfaa4d05c438606d7b4561166bf12d2c1be74,False,tests/test_base.py::test_deserialize,,,fail,error,0.0,0.0,100,1,False,could_not_reproduce,,results/idoft-od/omf-tests_test_base_py__test_deserialize.json
googkit,https://github.com/googkit/googkit,OD-Vic,cacb37bf65e5ac19379b329beb02af907240aa60,True,test/commands/test_candidates.py::TestCandidatesCommand::test_run_internal,,,pass,pass,100.0,0.0,100,101,False,could_not_reproduce,,results/idoft-od/googkit-test_commands_test_candidates_py__testcandidatescommand__tes.json
DotDot,https://github.com/Gsllchb/DotDot,OD-Vic,89a6f7a86866de9c348f7e91da57c359c94568db,True,tests/test_dot.py::test_dot,,,pass,pass,100.0,0.0,100,101,False,could_not_reproduce,,results/idoft-od/DotDot-tests_test_dot_py__test_dot.json
DotDot,https://github.com/Gsllchb/DotDot,OD-Vic,89a6f7a86866de9c348f7e91da57c359c94568db,True,tests/test_dotdot.py::test_dotdot,,,pass,pass,100.0,0.0,100,101,False,could_not_reproduce,,results/idoft-od/DotDot-tests_test_dotdot_py__test_dotdot.json
HARK,https://github.com/econ-ark/HARK,OD-Vic,c9138af45fd0a0d97c718c8558f3ea8d9f2ae820,True,HARK/ConsumptionSaving/tests/test_IndShockConsumerType.py::testIndShockConsumerType::test_simulated_values,,,pass,pass,100.0,0.0,100,101,False,could_not_reproduce,,results/idoft-od/HARK-hark_consumptionsaving_tests_test_indshockconsumertype_py__t.json
DotDot,https://github.com/Gsllchb/DotDot,OD-Vic,89a6f7a86866de9c348f7e91da57c359c94568db,True,tests/test_dotdotdot.py::test_dotdotdot,,,pass,pass,100.0,0.0,100,101,False,could_not_reproduce,,results/idoft-od/DotDot-tests_test_dotdotdot_py__test_dotdotdot.json
centreon-sdk-python,https://github.com/guillaumewatteeux/centreon-sdk-python,OD-Brit,9f207d5458afc3304e24f16988069467b19eab81,True,tests/test_command.py::TestCommands::test_command_add,,,fail,skipped,0.0,0.0,100,0,True,brit_confirmed,,results/idoft-od/centreon-sdk-python-tests_test_command_py__testcommands__test_command_add.json
centreon-sdk-python,https://github.com/guillaumewatteeux/centreon-sdk-python,OD-Brit,9f207d5458afc3304e24f16988069467b19eab81,True,tests/test_command.py::TestCommands::test_command_delete,,,fail,skipped,0.0,0.0,100,0,True,brit_confirmed,,results/idoft-od/centreon-sdk-python-tests_test_command_py__testcommands__test_command_delete.json
centreon-sdk-python,https://github.com/guillaumewatteeux/centreon-sdk-python,OD-Brit,9f207d5458afc3304e24f16988069467b19eab81,True,tests/test_command.py::TestCommands::test_command_list,,,fail,skipped,0.0,0.0,100,0,True,brit_confirmed,,results/idoft-od/centreon-sdk-python-tests_test_command_py__testcommands__test_command_list.json
centreon-sdk-python,https://github.com/guillaumewatteeux/centreon-sdk-python,OD-Brit,9f207d5458afc3304e24f16988069467b19eab81,True,tests/test_command.py::TestCommands::test_command_not_exist,,,fail,skipped,0.0,0.0,100,0,True,brit_confirmed,,results/idoft-od/centreon-sdk-python-tests_test_command_py__testcommands__test_command_not_exist.json
centreon-sdk-python,https://github.com/guillaumewatteeux/centreon-sdk-python,OD-Brit,9f207d5458afc3304e24f16988069467b19eab81,True,tests/test_command.py::TestCommands::test_command_setparam,,,fail,skipped,0.0,0.0,100,0,True,brit_confirmed,,results/idoft-od/centreon-sdk-python-tests_test_command_py__testcommands__test_command_setparam.json
centreon-sdk-python,https://github.com/guillaumewatteeux/centreon-sdk-python,OD-Brit,9f207d5458afc3304e24f16988069467b19eab81,True,tests/test_hosts.py::TestHost::test_host_addcontact,,,fail,skipped,0.0,0.0,100,0,True,brit_confirmed,,results/idoft-od/centreon-sdk-python-tests_test_hosts_py__testhost__test_host_addcontact.json
centreon-sdk-python,https://github.com/guillaumewatteeux/centreon-sdk-python,OD-Brit,9f207d5458afc3304e24f16988069467b19eab81,True,tests/test_hosts.py::TestHost::test_host_addcontactgroupt,,,fail,skipped,0.0,0.0,100,0,True,brit_confirmed,,results/idoft-od/centreon-sdk-python-tests_test_hosts_py__testhost__test_host_addcontactgroupt.json
centreon-sdk-python,https://github.com/guillaumewatteeux/centreon-sdk-python,OD-Brit,9f207d5458afc3304e24f16988069467b19eab81,True,tests/test_hosts.py::TestHost::test_host_addparent,,,fail,skipped,0.0,0.0,100,0,True,brit_confirmed,,results/idoft-od/centreon-sdk-python-tests_test_hosts_py__testhost__test_host_addparent.json
centreon-sdk-python,https://github.com/guillaumewatteeux/centreon-sdk-python,OD-Brit,9f207d5458afc3304e24f16988069467b19eab81,True,tests/test_hosts.py::TestHost::test_host_addtemplate,,,fail,skipped,0.0,0.0,100,0,True,brit_confirmed,,results/idoft-od/centreon-sdk-python-tests_test_hosts_py__testhost__test_host_addtemplate.json
centreon-sdk-python,https://github.com/guillaumewatteeux/centreon-sdk-python,OD-Brit,9f207d5458afc3304e24f16988069467b19eab81,True,tests/test_hosts.py::TestHost::test_host_applytemplate,,,fail,skipped,0.0,0.0,100,0,True,brit_confirmed,,results/idoft-od/centreon-sdk-python-tests_test_hosts_py__testhost__test_host_applytemplate.json
centreon-sdk-python,https://github.com/guillaumewatteeux/centreon-sdk-python,OD-Brit,9f207d5458afc3304e24f16988069467b19eab81,True,tests/test_hosts.py::TestHost::test_host_deletecontact,,,fail,skipped,0.0,0.0,100,0,True,brit_confirmed,,results/idoft-od/centreon-sdk-python-tests_test_hosts_py__testhost__test_host_deletecontact.json
centreon-sdk-python,https://github.com/guillaumewatteeux/centreon-sdk-python,OD-Brit,9f207d5458afc3304e24f16988069467b19eab81,True,tests/test_hosts.py::TestHost::test_host_deletecontactgroup,,,fail,skipped,0.0,0.0,100,0,True,brit_confirmed,,results/idoft-od/centreon-sdk-python-tests_test_hosts_py__testhost__test_host_deletecontactgroup.json
centreon-sdk-python,https://github.com/guillaumewatteeux/centreon-sdk-python,OD-Brit,9f207d5458afc3304e24f16988069467b19eab81,True,tests/test_hosts.py::TestHost::test_host_deletehostgroup,,,fail,skipped,0.0,0.0,100,0,True,brit_confirmed,,results/idoft-od/centreon-sdk-python-tests_test_hosts_py__testhost__test_host_deletehostgroup.json
centreon-sdk-python,https://github.com/guillaumewatteeux/centreon-sdk-python,OD-Brit,9f207d5458afc3304e24f16988069467b19eab81,True,tests/test_hosts.py::TestHost::test_host_delmacro,,,fail,skipped,0.0,0.0,100,0,True,brit_confirmed,,results/idoft-od/centreon-sdk-python-tests_test_hosts_py__testhost__test_host_delmacro.json
centreon-sdk-python,https://github.com/guillaumewatteeux/centreon-sdk-python,OD-Brit,9f207d5458afc3304e24f16988069467b19eab81,True,tests/test_hosts.py::TestHost::test_host_deteletemplate,,,fail,skipped,0.0,0.0,100,0,True,brit_confirmed,,results/idoft-od/centreon-sdk-python-tests_test_hosts_py__testhost__test_host_deteletemplate.json
centreon-sdk-python,https://github.com/guillaumewatteeux/centreon-sdk-python,OD-Brit,9f207d5458afc3304e24f16988069467b19eab81,True,tests/test_hosts.py::TestHost::test_host_disable,,,fail,skipped,0.0,0.0,100,0,True,brit_confirmed,,results/idoft-od/centreon-sdk-python-tests_test_hosts_py__testhost__test_host_disable.json
centreon-sdk-python,https://github.com/guillaumewatteeux/centreon-sdk-python,OD-Brit,9f207d5458afc3304e24f16988069467b19eab81,True,tests/test_hosts.py::TestHost::test_host_enable,,,fail,skipped,0.0,0.0,100,0,True,brit_confirmed,,results/idoft-od/centreon-sdk-python-tests_test_hosts_py__testhost__test_host_enable.json
centreon-sdk-python,https://github.com/guillaumewatteeux/centreon-sdk-python,OD-Brit,9f207d5458afc3304e24f16988069467b19eab81,True,tests/test_hosts.py::TestHost::test_host_getcontact,,,fail,skipped,0.0,0.0,100,0,True,brit_confirmed,,results/idoft-od/centreon-sdk-python-tests_test_hosts_py__testhost__test_host_getcontact.json
centreon-sdk-python,https://github.com/guillaumewatteeux/centreon-sdk-python,OD-Brit,9f207d5458afc3304e24f16988069467b19eab81,True,tests/test_hosts.py::TestHost::test_host_getcontactgroup,,,fail,skipped,0.0,0.0,100,0,True,brit_confirmed,,results/idoft-od/centreon-sdk-python-tests_test_hosts_py__testhost__test_host_getcontactgroup.json
centreon-sdk-python,https://github.com/guillaumewatteeux/centreon-sdk-python,OD-Brit,9f207d5458afc3304e24f16988069467b19eab81,True,tests/test_hosts.py::TestHost::test_host_gethostgroup,,,fail,skipped,0.0,0.0,100,0,True,brit_confirmed,,results/idoft-od/centreon-sdk-python-tests_test_hosts_py__testhost__test_host_gethostgroup.json
centreon-sdk-python,https://github.com/guillaumewatteeux/centreon-sdk-python,OD-Brit,9f207d5458afc3304e24f16988069467b19eab81,True,tests/test_hosts.py::TestHost::test_host_getmacro,,,fail,skipped,0.0,0.0,100,0,True,brit_confirmed,,results/idoft-od/centreon-sdk-python-tests_test_hosts_py__testhost__test_host_getmacro.json
centreon-sdk-python,https://github.com/guillaumewatteeux/centreon-sdk-python,OD-Brit,9f207d5458afc3304e24f16988069467b19eab81,True,tests/test_hosts.py::TestHost::test_host_getparents,,,fail,skipped,0.0,0.0,100,0,True,brit_confirmed,,results/idoft-od/centreon-sdk-python-tests_test_hosts_py__testhost__test_host_getparents.json
centreon-sdk-python,https://github.com/guillaumewatteeux/centreon-sdk-python,OD-Brit,9f207d5458afc3304e24f16988069467b19eab81,True,tests/test_hosts.py::TestHost::test_host_gettemplate,,,fail,skipped,0.0,0.0,100,0,True,brit_confirmed,,results/idoft-od/centreon-sdk-python-tests_test_hosts_py__testhost__test_host_gettemplate.json
centreon-sdk-python,https://github.com/guillaumewatteeux/centreon-sdk-python,OD-Brit,9f207d5458afc3304e24f16988069467b19eab81,True,tests/test_hosts.py::TestHost::test_host_setcontact,,,fail,skipped,0.0,0.0,100,0,True,brit_confirmed,,results/idoft-od/centreon-sdk-python-tests_test_hosts_py__testhost__test_host_setcontact.json
centreon-sdk-python,https://github.com/guillaumewatteeux/centreon-sdk-python,OD-Brit,9f207d5458afc3304e24f16988069467b19eab81,True,tests/test_hosts.py::TestHost::test_host_setcontactgroup,,,fail,skipped,0.0,0.0,100,0,True,brit_confirmed,,results/idoft-od/centreon-sdk-python-tests_test_hosts_py__testhost__test_host_setcontactgroup.json
centreon-sdk-python,https://github.com/guillaumewatteeux/centreon-sdk-python,OD-Brit,9f207d5458afc3304e24f16988069467b19eab81,True,tests/test_hosts.py::TestHost::test_host_setinstance,,,fail,skipped,0.0,0.0,100,0,True,brit_confirmed,,results/idoft-od/centreon-sdk-python-tests_test_hosts_py__testhost__test_host_setinstance.json
centreon-sdk-python,https://github.com/guillaumewatteeux/centreon-sdk-python,OD-Brit,9f207d5458afc3304e24f16988069467b19eab81,True,tests/test_hosts.py::TestHost::test_host_setmacro,,,fail,skipped,0.0,0.0,100,0,True,brit_confirmed,,results/idoft-od/centreon-sdk-python-tests_test_hosts_py__testhost__test_host_setmacro.json
centreon-sdk-python,https://github.com/guillaumewatteeux/centreon-sdk-python,OD-Brit,9f207d5458afc3304e24f16988069467b19eab81,True,tests/test_hosts.py::TestHost::test_host_setparam,,,fail,skipped,0.0,0.0,100,0,True,brit_confirmed,,results/idoft-od/centreon-sdk-python-tests_test_hosts_py__testhost__test_host_setparam.json
centreon-sdk-python,https://github.com/guillaumewatteeux/centreon-sdk-python,OD-Brit,9f207d5458afc3304e24f16988069467b19eab81,True,tests/test_hosts.py::TestHost::test_host_setparent,,,fail,skipped,0.0,0.0,100,0,True,brit_confirmed,,results/idoft-od/centreon-sdk-python-tests_test_hosts_py__testhost__test_host_setparent.json
centreon-sdk-python,https://github.com/guillaumewatteeux/centreon-sdk-python,OD-Brit,9f207d5458afc3304e24f16988069467b19eab81,True,tests/test_hosts.py::TestHost::test_host_settemplate,,,fail,skipped,0.0,0.0,100,0,True,brit_confirmed,,results/idoft-od/centreon-sdk-python-tests_test_hosts_py__testhost__test_host_settemplate.json
centreon-sdk-python,https://github.com/guillaumewatteeux/centreon-sdk-python,OD-Brit,9f207d5458afc3304e24f16988069467b19eab81,True,tests/test_hosts.py::TestHosts::test_hosts_add,,,fail,skipped,0.0,0.0,100,0,True,brit_confirmed,,results/idoft-od/centreon-sdk-python-tests_test_hosts_py__testhosts__test_hosts_add.json
centreon-sdk-python,https://github.com/guillaumewatteeux/centreon-sdk-python,OD-Brit,9f207d5458afc3304e24f16988069467b19eab81,True,tests/test_hosts.py::TestHosts::test_hosts_delete,,,fail,skipped,0.0,0.0,100,0,True,brit_confirmed,,results/idoft-od/centreon-sdk-python-tests_test_hosts_py__testhosts__test_hosts_delete.json
centreon-sdk-python,https://github.com/guillaumewatteeux/centreon-sdk-python,OD-Brit,9f207d5458afc3304e24f16988069467b19eab81,True,tests/test_hosts.py::TestHosts::test_hosts_delete_with_obj,,,fail,skipped,0.0,0.0,100,0,True,brit_confirmed,,results/idoft-od/centreon-sdk-python-tests_test_hosts_py__testhosts__test_hosts_delete_with_obj.json
centreon-sdk-python,https://github.com/guillaumewatteeux/centreon-sdk-python,OD-Brit,9f207d5458afc3304e24f16988069467b19eab81,True,tests/test_hosts.py::TestHosts::test_hosts_list,,,fail,skipped,0.0,0.0,100,0,True,brit_confirmed,,results/idoft-od/centreon-sdk-python-tests_test_hosts_py__testhosts__test_hosts_list.json
centreon-sdk-python,https://github.com/guillaumewatteeux/centreon-sdk-python,OD-Brit,9f207d5458afc3304e24f16988069467b19eab81,True,tests/test_hosts.py::TestHosts::test_hosts_not_exist,,,fail,skipped,0.0,0.0,100,0,True,brit_confirmed,,results/idoft-od/centreon-sdk-python-tests_test_hosts_py__testhosts__test_hosts_not_exist.json
centreon-sdk-python,https://github.com/guillaumewatteeux/centreon-sdk-python,OD-Brit,9f207d5458afc3304e24f16988069467b19eab81,True,tests/test_resourcecfg.py::TestResourceCFG::test_resourcecfg_add,,,fail,skipped,0.0,0.0,100,0,True,brit_confirmed,,results/idoft-od/centreon-sdk-python-tests_test_resourcecfg_py__testresourcecfg__test_resourcecfg.json
centreon-sdk-python,https://github.com/guillaumewatteeux/centreon-sdk-python,OD-Brit,9f207d5458afc3304e24f16988069467b19eab81,True,tests/test_resourcecfg.py::TestResourceCFG::test_resourcecfg_building_line,,,fail,skipped,0.0,0.0,100,0,True,brit_confirmed,,results/idoft-od/centreon-sdk-python-tests_test_resourcecfg_py__testresourcecfg__test_resourcecfg.json
centreon-sdk-python,https://github.com/guillaumewatteeux/centreon-sdk-python,OD-Brit,9f207d5458afc3304e24f16988069467b19eab81,True,tests/test_resourcecfg.py::TestResourceCFG::test_resourcecfg_delete,,,fail,skipped,0.0,0.0,100,0,True,brit_confirmed,,results/idoft-od/centreon-sdk-python-tests_test_resourcecfg_py__testresourcecfg__test_resourcecfg.json
centreon-sdk-python,https://github.com/guillaumewatteeux/centreon-sdk-python,OD-Brit,9f207d5458afc3304e24f16988069467b19eab81,True,tests/test_resourcecfg.py::TestResourceCFG::test_resourcecfg_get_one,,,fail,skipped,0.0,0.0,100,0,True,brit_confirmed,,results/idoft-od/centreon-sdk-python-tests_test_resourcecfg_py__testresourcecfg__test_resourcecfg.json
centreon-sdk-python,https://github.com/guillaumewatteeux/centreon-sdk-python,OD-Brit,9f207d5458afc3304e24f16988069467b19eab81,True,tests/test_resourcecfg.py::TestResourceCFG::test_resourcecfg_not_exist,,,fail,skipped,0.0,0.0,100,0,True,brit_confirmed,,results/idoft-od/centreon-sdk-python-tests_test_resourcecfg_py__testresourcecfg__test_resourcecfg.json
centreon-sdk-python,https://github.com/guillaumewatteeux/centreon-sdk-python,OD-Brit,9f207d5458afc3304e24f16988069467b19eab81,True,tests/test_resourcecfg.py::TestResourceCFG::test_resourcecfg_setparam,,,fail,skipped,0.0,0.0,100,0,True,brit_confirmed,,results/idoft-od/centreon-sdk-python-tests_test_resourcecfg_py__testresourcecfg__test_resourcecfg.json
DotDot,https://github.com/Gsllchb/DotDot,OD-Vic,89a6f7a86866de9c348f7e91da57c359c94568db,True,tests/test_dotdotdotdot.py::test_dotdotdotdot,,,pass,pass,100.0,0.0,100,101,False,could_not_reproduce,,results/idoft-od/DotDot-tests_test_dotdotdotdot_py__test_dotdotdotdot.json
python-ansel,https://github.com/haney/python-ansel,OD-Brit,afb2b28d8595beeb1f87e355b611f01e13b8e664,True,tests/test_incremental.py::test_decode_invalid_raising_error_handler[+],,,fail,skipped,0.0,0.0,100,0,True,brit_confirmed,,results/idoft-od/python-ansel-tests_test_incremental_py__test_decode_invalid_raising_error.json
pook,https://github.com/h2non/pook,OD-Brit,2071da27701c82ce02b015e01e2aa6fd203e7bb5,True,tests/unit/api_test.py::test_activate,,,fail,skipped,0.0,0.0,100,0,True,brit_confirmed,,results/idoft-od/pook-tests_unit_api_test_py__test_activate.json
pook,https://github.com/h2non/pook,OD-Vic,2071da27701c82ce02b015e01e2aa6fd203e7bb5,True,tests/unit/api_test.py::test_mock_contructors,,,fail,error,0.0,0.0,100,1,False,could_not_reproduce,,results/idoft-od/pook-tests_unit_api_test_py__test_mock_contructors.json
pook,https://github.com/h2non/pook,OD-Brit,2071da27701c82ce02b015e01e2aa6fd203e7bb5,True,tests/unit/api_test.py::test_on,,,fail,skipped,0.0,0.0,100,0,True,brit_confirmed,,results/idoft-od/pook-tests_unit_api_test_py__test_on.json
pook,https://github.com/h2non/pook,OD-Brit,2071da27701c82ce02b015e01e2aa6fd203e7bb5,True,tests/unit/api_test.py::test_use,,,fail,skipped,0.0,0.0,100,0,True,brit_confirmed,,results/idoft-od/pook-tests_unit_api_test_py__test_use.json
ext_pylib,https://github.com/hbradleyiii/ext_pylib,OD-Vic,15a9b5a80db87b5f20e03ef6bfa015acf4bf8543,True,"tests/files/test_node.py::test_node_repr[atts0-{'path' : None, 'group' : None}]",,,fail,unknown,0.0,0.0,100,1,False,could_not_reproduce,,results/idoft-od/ext_pylib-tests_files_test_node_py__test_node_repr_atts0___path____non.json
ext_pylib,https://github.com/hbradleyiii/ext_pylib,OD-Vic,15a9b5a80db87b5f20e03ef6bfa015acf4bf8543,True,"tests/files/test_node.py::test_node_repr[atts1-{'path' : '/this/path/file', 'group' : None}]",,,fail,unknown,0.0,0.0,100,1,False,could_not_reproduce,,results/idoft-od/ext_pylib-tests_files_test_node_py__test_node_repr_atts1___path______t.json
py-autodoc,https://github.com/heavenshell/py-autodoc,OD-Vic,001d5ff03d41a5d714075eb08e666c413d50f0ac,True,examples/test_gen_each_case.py::TestUnittest::test_foo_bar,,,pass,pass,100.0,0.0,100,101,False,could_not_reproduce,,results/idoft-od/py-autodoc-examples_test_gen_each_case_py__testunittest__test_foo_bar.json
ext_pylib,https://github.com/hbradleyiii/ext_pylib,OD-Vic,15a9b5a80db87b5f20e03ef6bfa015acf4bf8543,True,"tests/files/test_node.py::test_node_repr[atts2-{'path' : '/etc/path/file', 'group' : None}]",,,fail,unknown,0.0,0.0,100,1,False,could_not_reproduce,,results/idoft-od/ext_pylib-tests_files_test_node_py__test_node_repr_atts2___path______e.json
py-autodoc,https://github.com/heavenshell/py-autodoc,OD-Vic,001d5ff03d41a5d714075eb08e666c413d50f0ac,True,examples/test_gen_each_case.py::TestUnittest::test_post,,,pass,pass,100.0,0.0,100,101,False,could_not_reproduce,,results/idoft-od/py-autodoc-examples_test_gen_each_case_py__testunittest__test_post.json
json-storage-manager,https://github.com/hefnawi/json-storage-manager,OD-Brit,c7521fc4a576cf23a8c2454106bed6fb8c951b8d,True,tests/test_main.py::test_get_item,,,fail,skipped,0.0,0.0,100,0,True,brit_confirmed,,results/idoft-od/json-storage-manager-tests_test_main_py__test_get_item.json
json-storage-manager,https://github.com/hefnawi/json-storage-manager,OD-Vic,c7521fc4a576cf23a8c2454106bed6fb8c951b8d,True,tests/test_main.py::test_get_no_item,,,pass,fail,0.0,0.0,100,1,True,vic_confirmed,,results/idoft-od/json-storage-manager-tests_test_main_py__test_get_no_item.json
json-storage-manager,https://github.com/hefnawi/json-storage-manager,OD-Vic,c7521fc4a576cf23a8c2454106bed6fb8c951b8d,True,tests/test_main.py::test_read_json,,,pass,fail,0.0,0.0,100,1,True,vic_confirmed,,results/idoft-od/json-storage-manager-tests_test_main_py__test_read_json.json
json-storage-manager,https://github.com/hefnawi/json-storage-manager,OD-Vic,c7521fc4a576cf23a8c2454106bed6fb8c951b8d,True,tests/test_main.py::test_set_item,,,pass,fail,0.0,0.0,100,1,True,vic_confirmed,,results/idoft-od/json-storage-manager-tests_test_main_py__test_set_item.json
json-storage-manager,https://github.com/hefnawi/json-storage-manager,OD-Brit,c7521fc4a576cf23a8c2454106bed6fb8c951b8d,True,tests/test_main.py::test_set_item_fail,,,fail,skipped,0.0,0.0,100,0,True,brit_confirmed,,results/idoft-od/json-storage-manager-tests_test_main_py__test_set_item_fail.json
json-storage-manager,https://github.com/hefnawi/json-storage-manager,OD-Brit,c7521fc4a576cf23a8c2454106bed6fb8c951b8d,True,tests/test_main.py::test_update_item,,,fail,skipped,0.0,0.0,100,0,True,brit_confirmed,,results/idoft-od/json-storage-manager-tests_test_main_py__test_update_item.json
json-storage-manager,https://github.com/hefnawi/json-storage-manager,OD-Vic,c7521fc4a576cf23a8c2454106bed6fb8c951b8d,True,tests/test_main.py::test_write_json,,,pass,fail,0.0,0.0,100,1,True,vic_confirmed,,results/idoft-od/json-storage-manager-tests_test_main_py__test_write_json.json
py-autodoc,https://github.com/heavenshell/py-autodoc,OD-Vic,001d5ff03d41a5d714075eb08e666c413d50f0ac,True,examples/test_pytest.py::test_index,,,pass,pass,100.0,0.0,100,101,False,could_not_reproduce,,results/idoft-od/py-autodoc-examples_test_pytest_py__test_index.json
py-autodoc,https://github.com/heavenshell/py-autodoc,OD-Vic,001d5ff03d41a5d714075eb08e666c413d50f0ac,True,tests/test_autodoc.py::TestAutodoc::test_create_document,,,pass,pass,100.0,0.0,100,101,False,could_not_reproduce,,results/idoft-od/py-autodoc-tests_test_autodoc_py__testautodoc__test_create_document.json
py-autodoc,https://github.com/heavenshell/py-autodoc,OD-Vic,001d5ff03d41a5d714075eb08e666c413d50f0ac,True,tests/test_autodoc.py::TestAutodoc::test_parse_response,,,pass,pass,2.0,1.0,100,4,True,vic_confirmed,,results/idoft-od/py-autodoc-tests_test_autodoc_py__testautodoc__test_parse_response.json
py-autodoc,https://github.com/heavenshell/py-autodoc,OD-Vic,001d5ff03d41a5d714075eb08e666c413d50f0ac,True,tests/test_autodoc.py::TestAutodoc::test_parse_responses,,,pass,fail,0.0,0.0,100,1,True,vic_confirmed,,results/idoft-od/py-autodoc-tests_test_autodoc_py__testautodoc__test_parse_responses.json
SCout,https://github.com/holzkohlengrill/SCout,OD-Vic,8fd1eca0607b27d6e0c537b2ea1211d23356edff,True,tests/test_header.py::TestHeaderLogger::testSingleArg,,,pass,pass,100.0,0.0,100,101,False,could_not_reproduce,,results/idoft-od/SCout-tests_test_header_py__testheaderlogger__testsinglearg.json
py-autodoc,https://github.com/heavenshell/py-autodoc,OD-Vic,001d5ff03d41a5d714075eb08e666c413d50f0ac,True,tests/test_autodoc.py::TestAutodoc::test_should_change_separators,,,pass,pass,36.0,1.0,100,38,True,vic_confirmed,,results/idoft-od/py-autodoc-tests_test_autodoc_py__testautodoc__test_should_change_separ.json
webssh,https://github.com/huashengdun/webssh,OD-Vic,51d527fe75a62aed239126a6697749a30baecb30,True,tests/test_app.py::TestAppBasic::test_app_auth_with_valid_pubkey_by_urlencoded_form,,,fail,error,0.0,0.0,100,1,False,could_not_reproduce,,results/idoft-od/webssh-tests_test_app_py__testappbasic__test_app_auth_with_valid_pu.json
aries-staticagent-python,https://github.com/hyperledger/aries-staticagent-python,OD-Vic,62f0e4e435e4e324f76a8fb724d0f733192bc0c3,True,tests/test_pack_unpack.py::test_pack_unpack_anon,,,fail,error,0.0,0.0,100,1,False,could_not_reproduce,,results/idoft-od/aries-staticagent-python-tests_test_pack_unpack_py__test_pack_unpack_anon.json
webssh,https://github.com/huashengdun/webssh,OD-Vic,51d527fe75a62aed239126a6697749a30baecb30,True,tests/test_app.py::TestAppBasic::test_app_with_correct_credentials_but_empty_id,,,fail,error,0.0,0.0,100,1,False,could_not_reproduce,,results/idoft-od/webssh-tests_test_app_py__testappbasic__test_app_with_correct_crede.json
aries-staticagent-python,https://github.com/hyperledger/aries-staticagent-python,OD-Vic,62f0e4e435e4e324f76a8fb724d0f733192bc0c3,True,tests/test_pack_unpack.py::test_pack_unpack_auth,,,fail,error,0.0,0.0,100,1,False,could_not_reproduce,,results/idoft-od/aries-staticagent-python-tests_test_pack_unpack_py__test_pack_unpack_auth.json
webssh,https://github.com/huashengdun/webssh,OD-Vic,51d527fe75a62aed239126a6697749a30baecb30,True,tests/test_app.py::TestAppBasic::test_app_with_correct_credentials_but_without_id_argument,,,fail,error,0.0,0.0,100,1,False,could_not_reproduce,,results/idoft-od/webssh-tests_test_app_py__testappbasic__test_app_with_correct_crede.json
webssh,https://github.com/huashengdun/webssh,OD-Vic,51d527fe75a62aed239126a6697749a30baecb30,True,tests/test_app.py::TestAppBasic::test_app_with_correct_credentials_but_with_no_port,,,fail,error,0.0,0.0,100,1,False,could_not_reproduce,,results/idoft-od/webssh-tests_test_app_py__testappbasic__test_app_with_correct_crede.json
python-aws-dataclasses,https://github.com/hypoport/python-aws-dataclasses,OD-Vic,30bfe90457a83957d10ec18fe7d61439b5b74280,True,tests/test_sns_event.py::test_message_attributes,,,fail,error,0.0,0.0,100,1,False,could_not_reproduce,,results/idoft-od/python-aws-dataclasses-tests_test_sns_event_py__test_message_attributes.json
webssh,https://github.com/huashengdun/webssh,OD-Vic,51d527fe75a62aed239126a6697749a30baecb30,True,tests/test_app.py::TestAppBasic::test_app_with_correct_credentials_timeout,,,fail,error,0.0,0.0,100,1,False,could_not_reproduce,,results/idoft-od/webssh-tests_test_app_py__testappbasic__test_app_with_correct_crede.json
identixone-python,https://github.com/identixone/identixone-python,OD-Vic,232e5dfcf98ebe91a3ed433a265be161ee965a5e,True,tests/api/test_api_client.py::TestAPIClient::test_no_token_raises_exception,,,pass,fail,0.0,0.0,100,1,True,vic_confirmed,,results/idoft-od/identixone-python-tests_api_test_api_client_py__testapiclient__test_no_token_r.json
identixone-python,https://github.com/identixone/identixone-python,OD-Vic,232e5dfcf98ebe91a3ed433a265be161ee965a5e,True,tests/api/test_api_client.py::TestAPIClient::test_unsupported_version_raises_exception,,,pass,fail,0.0,0.0,100,1,True,vic_confirmed,,results/idoft-od/identixone-python-tests_api_test_api_client_py__testapiclient__test_unsupporte.json
identixone-python,https://github.com/identixone/identixone-python,OD-Vic,232e5dfcf98ebe91a3ed433a265be161ee965a5e,True,tests/utils/test_environment.py::TestEnvironmentVar::test_dict_environ_invalid_without_prefix,,,pass,fail,0.0,0.0,100,1,True,vic_confirmed,,results/idoft-od/identixone-python-tests_utils_test_environment_py__testenvironmentvar__test_di.json
identixone-python,https://github.com/identixone/identixone-python,OD-Vic,232e5dfcf98ebe91a3ed433a265be161ee965a5e,True,tests/utils/test_environment.py::TestEnvironmentVar::test_os_environ_invalid_without_prefix,,,pass,fail,0.0,0.0,100,1,True,vic_confirmed,,results/idoft-od/identixone-python-tests_utils_test_environment_py__testenvironmentvar__test_os.json
webssh,https://github.com/huashengdun/webssh,OD-Vic,51d527fe75a62aed239126a6697749a30baecb30,True,tests/test_app.py::TestAppBasic::test_app_with_correct_credentials_user_robey,,,fail,error,0.0,0.0,100,1,False,could_not_reproduce,,results/idoft-od/webssh-tests_test_app_py__testappbasic__test_app_with_correct_crede.json
Pyro5,https://github.com/irmen/Pyro5,OD,55bec91891bb9007441024186f3c62b06a3a6870,True,test_pyro4compat.py::test_compat_config,,,fail,error,0.0,0.0,100,1,False,could_not_reproduce,,results/idoft-od/Pyro5-test_pyro4compat_py__test_compat_config.json
webssh,https://github.com/huashengdun/webssh,OD-Vic,51d527fe75a62aed239126a6697749a30baecb30,True,tests/test_app.py::TestAppBasic::test_app_with_user_keyonly_for_bad_authentication_type,,,fail,error,0.0,0.0,100,1,False,could_not_reproduce,,results/idoft-od/webssh-tests_test_app_py__testappbasic__test_app_with_user_keyonly_.json
Tale,https://github.com/irmen/Tale,OD-Vic,a2a26443465ab6978b32d9253e833471500e7b68,True,tests/test_pubsub.py::TestPubsub::test_unsubscribe_all,,,pass,pass,5.0,1.0,100,7,True,vic_confirmed,,results/idoft-od/Tale-tests_test_pubsub_py__testpubsub__test_unsubscribe_all.json
webssh,https://github.com/huashengdun/webssh,OD-Vic,51d527fe75a62aed239126a6697749a30baecb30,True,tests/test_app.py::TestAppBasic::test_app_with_user_pass2fa_with_wrong_pkey_correct_passwords,,,fail,error,0.0,0.0,100,1,False,could_not_reproduce,,results/idoft-od/webssh-tests_test_app_py__testappbasic__test_app_with_user_pass2fa_.json
linux_aio,https://github.com/isac322/linux_aio,OD-Brit,007d033b42703e9bb4d7cd99ca50e54108215d46,True,test/test_non_vector_rw.py::TestRW::test_02_read,,,fail,skipped,0.0,0.0,100,0,True,brit_confirmed,,results/idoft-od/linux_aio-test_test_non_vector_rw_py__testrw__test_02_read.json
linux_aio,https://github.com/isac322/linux_aio,OD-Brit,007d033b42703e9bb4d7cd99ca50e54108215d46,True,test/test_non_vector_rw.py::TestRW::test_02_read_2_str,,,fail,skipped,0.0,0.0,100,0,True,brit_confirmed,,results/idoft-od/linux_aio-test_test_non_vector_rw_py__testrw__test_02_read_2_str.json
linux_aio,https://github.com/isac322/linux_aio,OD-Brit,007d033b42703e9bb4d7cd99ca50e54108215d46,True,test/test_non_vector_rw.py::TestRW::test_02_read_replace_file,,,fail,skipped,0.0,0.0,100,0,True,brit_confirmed,,results/idoft-od/linux_aio-test_test_non_vector_rw_py__testrw__test_02_read_replace_fil.json
linux_aio,https://github.com/isac322/linux_aio,OD-Brit,007d033b42703e9bb4d7cd99ca50e54108215d46,True,test/test_non_vector_rw.py::TestRW::test_02_read_w_io_priority,,,fail,skipped,0.0,0.0,100,0,True,brit_confirmed,,results/idoft-od/linux_aio-test_test_non_vector_rw_py__testrw__test_02_read_w_io_priori.json
linux_aio,https://github.com/isac322/linux_aio,OD-Brit,007d033b42703e9bb4d7cd99ca50e54108215d46,True,test/test_non_vector_rw.py::TestRW::test_02_read_w_non_zero_offset,,,fail,skipped,0.0,0.0,100,0,True,brit_confirmed,,results/idoft-od/linux_aio-test_test_non_vector_rw_py__testrw__test_02_read_w_non_zero_.json
linux_aio,https://github.com/isac322/linux_aio,OD-Brit,007d033b42703e9bb4d7cd99ca50e54108215d46,True,test/test_non_vector_rw.py::TestRW::test_02_read_w_rw_flags,,,fail,skipped,0.0,0.0,100,0,True,brit_confirmed,,results/idoft-od/linux_aio-test_test_non_vector_rw_py__testrw__test_02_read_w_rw_flags.json
webssh,https://github.com/huashengdun/webssh,OD-Vic,51d527fe75a62aed239126a6697749a30baecb30,True,tests/test_app.py::TestAppBasic::test_app_with_wrong_credentials,,,fail,error,0.0,0.0,100,1,False,could_not_reproduce,,results/idoft-od/webssh-tests_test_app_py__testappbasic__test_app_with_wrong_credent.json
data-pypes,https://github.com/isnok/data-pypes,OD-Vic,dcfe6feac2b617f9f8624cff81c44f72c0313ee6,True,pypes/logsetup.py::pypes.logsetup.get_logconfig,,,pass,fail,0.0,0.0,100,1,True,vic_confirmed,,results/idoft-od/data-pypes-pypes_logsetup_py__pypes_logsetup_get_logconfig.json
sdklib,https://github.com/ivanprjcts/sdklib,OD-Vic,5384b1c7f05abd6350151c08ad6a4a8b5855f8f0,True,tests/test_http_context.py::TestHttpContext::test_http_context_singleton_clear,,,pass,fail,0.0,0.0,100,1,True,vic_confirmed,,results/idoft-od/sdklib-tests_test_http_context_py__testhttpcontext__test_http_conte.json
ReactOBus,https://github.com/ivoire/ReactOBus,OD-Vic,841d5c0442ffe92fcaec278e07053afe5b93d925,True,tests/test_db.py::test_run,,,fail,error,0.0,0.0,100,1,False,could_not_reproduce,,results/idoft-od/ReactOBus-tests_test_db_py__test_run.json
pytm,https://github.com/izar/pytm,OD-Vic,724df0c6346706e9c3678bee11e23d9609d8fa4c,True,tests/test_private_func.py::TestMethod::test_defaults,,,pass,pass,100.0,0.0,100,101,False,could_not_reproduce,,results/idoft-od/pytm-tests_test_private_func_py__testmethod__test_defaults.json
colltools,https://github.com/JakubTesarek/colltools,OD-Vic,e50f98ccda33ab409fcdba277a39f071824e24c7,True,tests/test_name_registry.py::test_name_registry_has_no_instances,,,pass,fail,0.0,0.0,100,1,True,vic_confirmed,,results/idoft-od/colltools-tests_test_name_registry_py__test_name_registry_has_no_insta.json
pytm,https://github.com/izar/pytm,OD-Vic,724df0c6346706e9c3678bee11e23d9609d8fa4c,True,tests/test_private_func.py::TestUniqueNames::test_duplicate_boundary_names_have_different_unique_names,,,pass,pass,100.0,0.0,100,101,False,could_not_reproduce,,results/idoft-od/pytm-tests_test_private_func_py__testuniquenames__test_duplicate_.json
l293d,https://github.com/jamesevickery/l293d,OD-Vic,c026a9b58769f23d3e999234ba9df30fb021f949,True,tests/test_l293d.py::L293DTestCase::test_create_motor_with_force_selection,,,pass,fail,0.0,0.0,100,1,True,vic_confirmed,,results/idoft-od/l293d-tests_test_l293d_py__l293dtestcase__test_create_motor_with_f.json
l293d,https://github.com/jamesevickery/l293d,OD-Vic,c026a9b58769f23d3e999234ba9df30fb021f949,True,tests/test_l293d.py::L293DTestCase::test_motor_can_be_removed,,,pass,fail,0.0,0.0,100,1,True,vic_confirmed,,results/idoft-od/l293d-tests_test_l293d_py__l293dtestcase__test_motor_can_be_remove.json
l293d,https://github.com/jamesevickery/l293d,OD-Vic,c026a9b58769f23d3e999234ba9df30fb021f949,True,tests/test_l293d.py::L293DTestCase::test_pin_numbering_lock,,,pass,fail,0.0,0.0,100,1,True,vic_confirmed,,results/idoft-od/l293d-tests_test_l293d_py__l293dtestcase__test_pin_numbering_lock.json
compilertools,https://github.com/JGoutin/compilertools,OD-Brit,7b898cb6970f5f25c5356b15a2efd0cb2e54d566,True,tests/test_build.py::tests_patch___new__,,,fail,skipped,0.0,0.0,100,0,True,brit_confirmed,,results/idoft-od/compilertools-tests_test_build_py__tests_patch___new__.json
compilertools,https://github.com/JGoutin/compilertools,OD-Vic,7b898cb6970f5f25c5356b15a2efd0cb2e54d566,True,tests/test___init__.py::tests_init,,,pass,fail,0.0,0.0,100,1,True,vic_confirmed,,results/idoft-od/compilertools-tests_test___init___py__tests_init.json
dynamic-conf,https://github.com/jnoortheen/dynamic-conf,OD-Vic,42257f06a66765ac4f5de1c6a4637f4db779c5ab,True,tests/test_conf.py::test_cofig_writing[.env-ARG1=VAL1\nARG2=VAL2],,,pass,unknown,1.0,1.0,100,3,True,vic_confirmed,,results/idoft-od/dynamic-conf-tests_test_conf_py__test_cofig_writing__env_arg1_val1_narg2_.json
dynamic-conf,https://github.com/jnoortheen/dynamic-conf,OD-Vic,42257f06a66765ac4f5de1c6a4637f4db779c5ab,True,tests/test_conf.py::test_cofig_writing[env.py-ARG1 = 'VAL1'\nARG2 = 'VAL2'],,,fail,unknown,1.0,1.0,100,3,True,vic_confirmed,,results/idoft-od/dynamic-conf-tests_test_conf_py__test_cofig_writing_env_py_arg1____val1__.json
dynamic-conf,https://github.com/jnoortheen/dynamic-conf,OD-Vic,42257f06a66765ac4f5de1c6a4637f4db779c5ab,True,tests/test_conf.py::test_cofig_writing_with_dump[.env-ARG1=VAL1\nARG3=3\nARG2=VAL2],,,pass,unknown,1.0,1.0,100,3,True,vic_confirmed,,results/idoft-od/dynamic-conf-tests_test_conf_py__test_cofig_writing_with_dump__env_arg1_v.json
dynamic-conf,https://github.com/jnoortheen/dynamic-conf,OD-Vic,42257f06a66765ac4f5de1c6a4637f4db779c5ab,True,tests/test_conf.py::test_cofig_writing_with_dump[env.py-ARG1 = 'VAL1'\nARG3 = 3\nARG2 = 'VAL2'],,,fail,unknown,1.0,1.0,100,3,True,vic_confirmed,,results/idoft-od/dynamic-conf-tests_test_conf_py__test_cofig_writing_with_dump_env_py_arg1.json
dynamic-conf,https://github.com/jnoortheen/dynamic-conf,OD-Vic,42257f06a66765ac4f5de1c6a4637f4db779c5ab,True,tests/test_conf.py::test_cofig_writing_with_filter_prefix[.env-ARG1=VAL1\nARG2=VAL2],,,pass,unknown,1.0,1.0,100,3,True,vic_confirmed,,results/idoft-od/dynamic-conf-tests_test_conf_py__test_cofig_writing_with_filter_prefix__e.json
dynamic-conf,https://github.com/jnoortheen/dynamic-conf,OD-Vic,42257f06a66765ac4f5de1c6a4637f4db779c5ab,True,tests/test_conf.py::test_cofig_writing_with_filter_prefix[env.py-ARG1 = 'VAL1'\nARG2 = 'VAL2'],,,fail,unknown,1.0,1.0,100,3,True,vic_confirmed,,results/idoft-od/dynamic-conf-tests_test_conf_py__test_cofig_writing_with_filter_prefix_en.json
dynamic-conf,https://github.com/jnoortheen/dynamic-conf,OD-Vic,42257f06a66765ac4f5de1c6a4637f4db779c5ab,True,tests/test_conf.py::test_config_reading[.env],,,pass,unknown,2.0,1.0,100,4,True,vic_confirmed,,results/idoft-od/dynamic-conf-tests_test_conf_py__test_config_reading__env_.json
dynamic-conf,https://github.com/jnoortheen/dynamic-conf,OD-Vic,42257f06a66765ac4f5de1c6a4637f4db779c5ab,True,tests/test_conf.py::test_config_reading[env.py],,,pass,unknown,2.0,1.0,100,4,True,vic_confirmed,,results/idoft-od/dynamic-conf-tests_test_conf_py__test_config_reading_env_py_.json
py_ev,https://github.com/JBielan/py_ev,OD-Vic,0a2d48235b8ff2268254c151a179a2ece40cbd37,True,tests/test_py_ev.py::test_reset,,,pass,fail,0.0,0.0,100,1,True,vic_confirmed,,results/idoft-od/py_ev-tests_test_py_ev_py__test_reset.json
Flask-JWT-Router,https://github.com/joegasewicz/Flask-JWT-Router,OD-Vic,0fb1e256c81409be6f08d8be12f07e5f58b4f914,True,tests/test_routing.py::TestRouting::test_dynamic_params,,,pass,pass,100.0,0.0,100,101,False,could_not_reproduce,,results/idoft-od/Flask-JWT-Router-tests_test_routing_py__testrouting__test_dynamic_params.json
litedb,https://github.com/JonathanVusich/litedb,OD-Brit,2694bc39676d8398f669c0aed96aef89623dbc9a,True,tests/test_database/test_memory_database_hypothesis.py::TestMemoryDatabase::test_database_retrieve,,,fail,skipped,0.0,0.0,100,0,True,brit_confirmed,,results/idoft-od/litedb-tests_test_database_test_memory_database_hypothesis_py__test.json
Flask-JWT-Router,https://github.com/joegasewicz/Flask-JWT-Router,OD-Vic,0fb1e256c81409be6f08d8be12f07e5f58b4f914,True,tests/test_routing.py::TestRouting::test_ignored_routes,,,pass,pass,100.0,0.0,100,101,False,could_not_reproduce,,results/idoft-od/Flask-JWT-Router-tests_test_routing_py__testrouting__test_ignored_routes.json
Flask-JWT-Router,https://github.com/joegasewicz/Flask-JWT-Router,OD-Vic,0fb1e256c81409be6f08d8be12f07e5f58b4f914,True,tests/test_routing.py::TestRouting::test_jwt_route[jwt_router_client0-None-200],,,pass,fail,0.0,0.0,100,1,True,vic_confirmed,,results/idoft-od/Flask-JWT-Router-tests_test_routing_py__testrouting__test_jwt_route_jwt_route.json
geom,https://github.com/josiest/geom,OD-Vic,d12b381706ee620cba1c6a6cb45ab7815e5a1dc9,True,test_geom.py::test_epsilon,,,pass,pass,4.0,1.0,100,6,True,vic_confirmed,,results/idoft-od/geom-test_geom_py__test_epsilon.json
geom,https://github.com/josiest/geom,OD-Brit,d12b381706ee620cba1c6a6cb45ab7815e5a1dc9,True,test_geom.py::test_veceq,,,fail,skipped,0.0,0.0,100,0,True,brit_confirmed,,results/idoft-od/geom-test_geom_py__test_veceq.json
Flask-JWT-Router,https://github.com/joegasewicz/Flask-JWT-Router,OD-Vic,0fb1e256c81409be6f08d8be12f07e5f58b4f914,True,tests/test_routing.py::TestRouting::test_jwt_route[jwt_router_client3-None-401],,,pass,pass,100.0,0.0,100,101,False,could_not_reproduce,,results/idoft-od/Flask-JWT-Router-tests_test_routing_py__testrouting__test_jwt_route_jwt_route.json
django-hug,https://github.com/jounderwood/django-hug,OD-Vic,778b16f568ce9fdb01f360b7bff89c9d8b6c2ef7,True,tests/test_api.py::test_simple_post_ok,,,fail,unknown,0.0,0.0,100,1,False,could_not_reproduce,,results/idoft-od/django-hug-tests_test_api_py__test_simple_post_ok.json
django-hug,https://github.com/jounderwood/django-hug,OD-Vic,778b16f568ce9fdb01f360b7bff89c9d8b6c2ef7,True,tests/test_api.py::test_whole_body_post_ok,,,fail,unknown,0.0,0.0,100,1,False,could_not_reproduce,,results/idoft-od/django-hug-tests_test_api_py__test_whole_body_post_ok.json
atlasclient,https://github.com/jpoullet2000/atlasclient,OD-Vic,02b3e7d9a6596d1123fc22b6bfed08d60105d19e,True,tests/test_models.py::TestDiscoveryREST::test_search_attribute_get,,,fail,error,0.0,0.0,100,1,False,could_not_reproduce,,results/idoft-od/atlasclient-tests_test_models_py__testdiscoveryrest__test_search_attribu.json
regex4ocr,https://github.com/juntossomosmais/regex4ocr,OD-Brit,9f96e9c6fe6ffc3e1452b23103fdfa6a0f1dcede,True,tests/integration/test_type_casting.py::test_validate_types_removal,,,fail,skipped,0.0,0.0,100,0,True,brit_confirmed,,results/idoft-od/regex4ocr-tests_integration_test_type_casting_py__test_validate_types_.json
regex4ocr,https://github.com/juntossomosmais/regex4ocr,OD,a140c62e01b378ef9fc334e66eaf3450da70feed,True,test_drm_scanner.py::test_scan_drms_folder,,,fail,error,0.0,0.0,100,1,False,could_not_reproduce,,results/idoft-od/regex4ocr-test_drm_scanner_py__test_scan_drms_folder.json
configparse,https://github.com/jyn514/configparse,OD-Vic,d7a4ee5b121de2be1858104723bdb7ac47df64ce,True,test/test_all.py::test_positional,,,pass,pass,2.0,1.0,100,4,True,vic_confirmed,,results/idoft-od/configparse-test_test_all_py__test_positional.json
config-better,https://github.com/kade-robertson/config-better,OD-Vic,c14638da3fe95a669a04db2602e1f6ea15591c36,True,tests/test___init__.py::TestLinuxNoXDG::test_noxdg_cache,,,pass,pass,2.0,1.0,100,4,True,vic_confirmed,,results/idoft-od/config-better-tests_test___init___py__testlinuxnoxdg__test_noxdg_cache.json
config-better,https://github.com/kade-robertson/config-better,OD-Vic,c14638da3fe95a669a04db2602e1f6ea15591c36,True,tests/test___init__.py::TestLinuxNoXDG::test_noxdg_config,,,pass,pass,2.0,1.0,100,4,True,vic_confirmed,,results/idoft-od/config-better-tests_test___init___py__testlinuxnoxdg__test_noxdg_config.json
config-better,https://github.com/kade-robertson/config-better,OD-Vic,c14638da3fe95a669a04db2602e1f6ea15591c36,True,tests/test___init__.py::TestLinuxNoXDG::test_noxdg_data,,,pass,pass,2.0,1.0,100,4,True,vic_confirmed,,results/idoft-od/config-better-tests_test___init___py__testlinuxnoxdg__test_noxdg_data.json
config-better,https://github.com/kade-robertson/config-better,OD-Vic,c14638da3fe95a669a04db2602e1f6ea15591c36,True,tests/test___init__.py::TestMacForceUnix::test_noxdg_cache,,,pass,pass,2.0,1.0,100,4,True,vic_confirmed,,results/idoft-od/config-better-tests_test___init___py__testmacforceunix__test_noxdg_cache.json
config-better,https://github.com/kade-robertson/config-better,OD-Vic,c14638da3fe95a669a04db2602e1f6ea15591c36,True,tests/test___init__.py::TestMacForceUnix::test_noxdg_config,,,pass,pass,2.0,1.0,100,4,True,vic_confirmed,,results/idoft-od/config-better-tests_test___init___py__testmacforceunix__test_noxdg_config.json
config-better,https://github.com/kade-robertson/config-better,OD-Vic,c14638da3fe95a669a04db2602e1f6ea15591c36,True,tests/test___init__.py::TestMacForceUnix::test_noxdg_data,,,pass,pass,2.0,1.0,100,4,True,vic_confirmed,,results/idoft-od/config-better-tests_test___init___py__testmacforceunix__test_noxdg_data.json
config-better,https://github.com/kade-robertson/config-better,OD-Vic,c14638da3fe95a669a04db2602e1f6ea15591c36,True,tests/test___init__.py::TestMacNoXDG::test_noxdg_cache,,,pass,pass,2.0,1.0,100,4,True,vic_confirmed,,results/idoft-od/config-better-tests_test___init___py__testmacnoxdg__test_noxdg_cache.json
config-better,https://github.com/kade-robertson/config-better,OD-Vic,c14638da3fe95a669a04db2602e1f6ea15591c36,True,tests/test___init__.py::TestMacNoXDG::test_noxdg_config,,,pass,pass,2.0,1.0,100,4,True,vic_confirmed,,results/idoft-od/config-better-tests_test___init___py__testmacnoxdg__test_noxdg_config.json
config-better,https://github.com/kade-robertson/config-better,OD-Vic,c14638da3fe95a669a04db2602e1f6ea15591c36,True,tests/test___init__.py::TestMacNoXDG::test_noxdg_data,,,pass,pass,2.0,1.0,100,4,True,vic_confirmed,,results/idoft-od/config-better-tests_test___init___py__testmacnoxdg__test_noxdg_data.json
config-better,https://github.com/kade-robertson/config-better,OD-Vic,c14638da3fe95a669a04db2602e1f6ea15591c36,True,tests/test___init__.py::TestWindowsNoXDG::test_noxdg_cache,,,pass,pass,2.0,1.0,100,4,True,vic_confirmed,,results/idoft-od/config-better-tests_test___init___py__testwindowsnoxdg__test_noxdg_cache.json
config-better,https://github.com/kade-robertson/config-better,OD-Vic,c14638da3fe95a669a04db2602e1f6ea15591c36,True,tests/test___init__.py::TestWindowsNoXDG::test_noxdg_config,,,pass,pass,2.0,1.0,100,4,True,vic_confirmed,,results/idoft-od/config-better-tests_test___init___py__testwindowsnoxdg__test_noxdg_config.json
config-better,https://github.com/kade-robertson/config-better,OD-Vic,c14638da3fe95a669a04db2602e1f6ea15591c36,True,tests/test___init__.py::TestWindowsNoXDG::test_noxdg_data,,,pass,pass,2.0,1.0,100,4,True,vic_confirmed,,results/idoft-od/config-better-tests_test___init___py__testwindowsnoxdg__test_noxdg_data.json
engfmt,https://github.com/kenkundert/engfmt,OD-Vic,b908ef69aa7941e561019e24f969703f3234753b,True,test_constants.py::test_constants,,,pass,pass,100.0,0.0,100,101,False,could_not_reproduce,,results/idoft-od/engfmt-test_constants_py__test_constants.json
pysllo,https://github.com/kivio/pysllo,OD-Vic,8bc4d17f9a668e9aff3c77f688f0c06ed2e7686b,True,tests/test_propagation_logger.py::test_forcing_level_by_dict,,,pass,pass,1.0,1.0,100,3,True,vic_confirmed,,results/idoft-od/pysllo-tests_test_propagation_logger_py__test_forcing_level_by_dict.json
pysllo,https://github.com/kivio/pysllo,OD-Vic,8bc4d17f9a668e9aff3c77f688f0c06ed2e7686b,True,tests/test_propagation_logger.py::test_forcing_level_with_kwargs_by_level,,,pass,pass,1.0,1.0,100,3,True,vic_confirmed,,results/idoft-od/pysllo-tests_test_propagation_logger_py__test_forcing_level_with_kw.json
engfmt,https://github.com/kenkundert/engfmt,OD-Vic,b908ef69aa7941e561019e24f969703f3234753b,True,test_format.py::test_format,,,pass,pass,100.0,0.0,100,101,False,could_not_reproduce,,results/idoft-od/engfmt-test_format_py__test_format.json
engfmt,https://github.com/kenkundert/engfmt,OD-Vic,b908ef69aa7941e561019e24f969703f3234753b,True,test_misc.py::test_misc,,,pass,pass,100.0,0.0,100,101,False,could_not_reproduce,,results/idoft-od/engfmt-test_misc_py__test_misc.json
python-openflow,https://github.com/kytos/python-openflow,OD-Brit,a3387a7b28d529a3605aa1506a028e03394e4526,True,tests/unit/v0x04/test_controller2switch/test_flow_mod.py::TestFlowMod::test_minimum_size,,,pass,pass,100.0,0.0,100,101,False,could_not_reproduce,,results/idoft-od/python-openflow-tests_unit_v0x04_test_controller2switch_test_flow_mod_py__te.json
engfmt,https://github.com/kenkundert/engfmt,OD-Vic,b908ef69aa7941e561019e24f969703f3234753b,True,test_namespace.py::test_namespace,,,pass,pass,100.0,0.0,100,101,False,could_not_reproduce,,results/idoft-od/engfmt-test_namespace_py__test_namespace.json
pdir2,https://github.com/laike9m/pdir2,OD-Brit,ef5e2200074d68e2ca3df4ee441a1b9ea6ca5abc,True,tests/test_user_config.py::test_invalid_config_1,,,fail,skipped,0.0,0.0,100,0,True,brit_confirmed,,results/idoft-od/pdir2-tests_test_user_config_py__test_invalid_config_1.json
pdir2,https://github.com/laike9m/pdir2,OD-Brit,ef5e2200074d68e2ca3df4ee441a1b9ea6ca5abc,True,tests/test_user_config.py::test_invalid_config_2,,,fail,skipped,0.0,0.0,100,0,True,brit_confirmed,,results/idoft-od/pdir2-tests_test_user_config_py__test_invalid_config_2.json
pdir2,https://github.com/laike9m/pdir2,OD-Brit,ef5e2200074d68e2ca3df4ee441a1b9ea6ca5abc,True,tests/test_user_config.py::test_read_config,,,fail,skipped,0.0,0.0,100,0,True,brit_confirmed,,results/idoft-od/pdir2-tests_test_user_config_py__test_read_config.json
pdir2,https://github.com/laike9m/pdir2,OD-Brit,ef5e2200074d68e2ca3df4ee441a1b9ea6ca5abc,True,tests/test_user_config.py::test_read_config_from_custom_location,,,fail,skipped,0.0,0.0,100,0,True,brit_confirmed,,results/idoft-od/pdir2-tests_test_user_config_py__test_read_config_from_custom_loca.json
pdir2,https://github.com/laike9m/pdir2,OD-Brit,ef5e2200074d68e2ca3df4ee441a1b9ea6ca5abc,True,tests/test_user_config.py::test_set_env_without_config,,,fail,skipped,0.0,0.0,100,0,True,brit_confirmed,,results/idoft-od/pdir2-tests_test_user_config_py__test_set_env_without_config.json
pdir2,https://github.com/laike9m/pdir2,OD-Brit,ef5e2200074d68e2ca3df4ee441a1b9ea6ca5abc,True,tests/test_user_config.py::test_uniform_color,,,fail,skipped,0.0,0.0,100,0,True,brit_confirmed,,results/idoft-od/pdir2-tests_test_user_config_py__test_uniform_color.json
instabrade,https://github.com/levi-rs/instabrade,OD-Vic,73d027ce2e3b0141c7f1c83567151b5638905355,True,tests/test_instagram.py::test_app_store_center_popup_displayed,,,fail,unknown,0.0,0.0,100,1,False,could_not_reproduce,,results/idoft-od/instabrade-tests_test_instagram_py__test_app_store_center_popup_display.json
instabrade,https://github.com/levi-rs/instabrade,OD-Vic,73d027ce2e3b0141c7f1c83567151b5638905355,True,tests/test_instagram.py::test_app_store_footer_popup_displayed,,,fail,unknown,0.0,0.0,100,1,False,could_not_reproduce,,results/idoft-od/instabrade-tests_test_instagram_py__test_app_store_footer_popup_display.json
tunacell,https://github.com/LeBarbouze/tunacell,OD-Vic,837d57e1e6caeddf2e6bcdd2db2986fb456dd605,True,tunacell/tests/test_experiment.py::test_counts,,,pass,pass,100.0,0.0,100,101,False,could_not_reproduce,,results/idoft-od/tunacell-tunacell_tests_test_experiment_py__test_counts.json
dcard-spider,https://github.com/leVirve/dcard-spider,OD-Vic,ac64cbcfe7ef6be7e554cef422b1a8a6bb968d46,True,tests/test_forums.py::TestForums::test_with_none_name_in_dcard_instance,,,fail,unknown,0.0,0.0,100,1,False,could_not_reproduce,,results/idoft-od/dcard-spider-tests_test_forums_py__testforums__test_with_none_name_in_dca.json
tunacell,https://github.com/LeBarbouze/tunacell,OD-Vic,837d57e1e6caeddf2e6bcdd2db2986fb456dd605,True,tunacell/tests/test_experiment.py::test_experiment_abspath,,,pass,pass,100.0,0.0,100,101,False,could_not_reproduce,,results/idoft-od/tunacell-tunacell_tests_test_experiment_py__test_experiment_abspath.json
dcard-spider,https://github.com/leVirve/dcard-spider,OD-Vic,ac64cbcfe7ef6be7e554cef422b1a8a6bb968d46,True,tests/test_posts.py::TestPosts::test_with_none_in_dcard_instance,,,fail,unknown,0.0,0.0,100,1,False,could_not_reproduce,,results/idoft-od/dcard-spider-tests_test_posts_py__testposts__test_with_none_in_dcard_inst.json
tunacell,https://github.com/LeBarbouze/tunacell,OD-Vic,837d57e1e6caeddf2e6bcdd2db2986fb456dd605,True,tunacell/tests/test_experiment.py::test_experiment_attributes,,,pass,pass,100.0,0.0,100,101,False,could_not_reproduce,,results/idoft-od/tunacell-tunacell_tests_test_experiment_py__test_experiment_attribute.json
jupyter-sigplot,https://github.com/LGSInnovations/jupyter-sigplot,OD-Vic,498cda8f3648282cba84745d97e8973d2a02ed89,True,test/test_jupyter_sigplot.py::test_empty_object,,,fail,error,0.0,0.0,100,1,False,could_not_reproduce,,results/idoft-od/jupyter-sigplot-test_test_jupyter_sigplot_py__test_empty_object.json
tunacell,https://github.com/LeBarbouze/tunacell,OD-Vic,837d57e1e6caeddf2e6bcdd2db2986fb456dd605,True,tunacell/tests/test_experiment.py::test_experiment_datatype,,,pass,pass,100.0,0.0,100,101,False,could_not_reproduce,,results/idoft-od/tunacell-tunacell_tests_test_experiment_py__test_experiment_datatype.json
jupyter-sigplot,https://github.com/LGSInnovations/jupyter-sigplot,OD-Vic,498cda8f3648282cba84745d97e8973d2a02ed89,True,test/test_jupyter_sigplot.py::test_overlay_href,,,fail,error,0.0,0.0,100,1,False,could_not_reproduce,,results/idoft-od/jupyter-sigplot-test_test_jupyter_sigplot_py__test_overlay_href.json
tunacell,https://github.com/LeBarbouze/tunacell,OD-Vic,837d57e1e6caeddf2e6bcdd2db2986fb456dd605,True,tunacell/tests/test_experiment.py::test_experiment_get_container,,,pass,pass,100.0,0.0,100,101,False,could_not_reproduce,,results/idoft-od/tunacell-tunacell_tests_test_experiment_py__test_experiment_get_conta.json
pyswarms,https://github.com/ljvmiranda921/pyswarms,OD-Vic,08756526f39699eef28e515cac2ead17cef55710,True,tests/optimizers/test_tolerance.py::TestToleranceOptions::test_ftol_effect[GeneralOptimizerPSO],,,fail,error,0.0,0.0,100,1,False,could_not_reproduce,,results/idoft-od/pyswarms-tests_optimizers_test_tolerance_py__testtoleranceoptions__te.json
tunacell,https://github.com/LeBarbouze/tunacell,OD-Vic,837d57e1e6caeddf2e6bcdd2db2986fb456dd605,True,tunacell/tests/test_experiment.py::test_experiment_iter,,,pass,pass,100.0,0.0,100,101,False,could_not_reproduce,,results/idoft-od/tunacell-tunacell_tests_test_experiment_py__test_experiment_iter.json
pyswarms,https://github.com/ljvmiranda921/pyswarms,OD-Vic,08756526f39699eef28e515cac2ead17cef55710,True,tests/optimizers/test_tolerance.py::TestToleranceOptions::test_ftol_effect[GlobalBestPSO],,,fail,error,0.0,0.0,100,1,False,could_not_reproduce,,results/idoft-od/pyswarms-tests_optimizers_test_tolerance_py__testtoleranceoptions__te.json
pyswarms,https://github.com/ljvmiranda921/pyswarms,OD-Vic,08756526f39699eef28e515cac2ead17cef55710,True,tests/optimizers/test_tolerance.py::TestToleranceOptions::test_ftol_effect[LocalBestPSO],,,fail,error,0.0,0.0,100,1,False,could_not_reproduce,,results/idoft-od/pyswarms-tests_optimizers_test_tolerance_py__testtoleranceoptions__te.json
tunacell,https://github.com/LeBarbouze/tunacell,OD-Vic,837d57e1e6caeddf2e6bcdd2db2986fb456dd605,True,tunacell/tests/test_experiment.py::test_experiment_label,,,pass,pass,100.0,0.0,100,101,False,could_not_reproduce,,results/idoft-od/tunacell-tunacell_tests_test_experiment_py__test_experiment_label.json
pyswarms,https://github.com/ljvmiranda921/pyswarms,OD-Vic,08756526f39699eef28e515cac2ead17cef55710,True,tests/optimizers/test_tolerance.py::TestToleranceOptions::test_no_ftol[GeneralOptimizerPSO],,,fail,error,0.0,0.0,100,1,False,could_not_reproduce,,results/idoft-od/pyswarms-tests_optimizers_test_tolerance_py__testtoleranceoptions__te.json
pyswarms,https://github.com/ljvmiranda921/pyswarms,OD-Vic,08756526f39699eef28e515cac2ead17cef55710,True,tests/optimizers/test_tolerance.py::TestToleranceOptions::test_no_ftol[GlobalBestPSO],,,fail,error,0.0,0.0,100,1,False,could_not_reproduce,,results/idoft-od/pyswarms-tests_optimizers_test_tolerance_py__testtoleranceoptions__te.json
tunacell,https://github.com/LeBarbouze/tunacell,OD-Vic,837d57e1e6caeddf2e6bcdd2db2986fb456dd605,True,tunacell/tests/test_experiment.py::test_experiment_metadata,,,pass,pass,100.0,0.0,100,101,False,could_not_reproduce,,results/idoft-od/tunacell-tunacell_tests_test_experiment_py__test_experiment_metadata.json
pyswarms,https://github.com/ljvmiranda921/pyswarms,OD-Vic,08756526f39699eef28e515cac2ead17cef55710,True,tests/optimizers/test_tolerance.py::TestToleranceOptions::test_no_ftol[LocalBestPSO],,,fail,error,0.0,0.0,100,1,False,could_not_reproduce,,results/idoft-od/pyswarms-tests_optimizers_test_tolerance_py__testtoleranceoptions__te.json
tunacell,https://github.com/LeBarbouze/tunacell,OD-Vic,837d57e1e6caeddf2e6bcdd2db2986fb456dd605,True,tunacell/tests/test_experiment.py::test_experiment_number_container,,,pass,pass,100.0,0.0,100,101,False,could_not_reproduce,,results/idoft-od/tunacell-tunacell_tests_test_experiment_py__test_experiment_number_co.json
icloud_photos_downloader,https://github.com/lonly7star/icloud_photos_downloader,OD,999c804a02c6db420aeb517700d09d9ba1c5a9df,True,test_logger.py::LoggerTestCase::test_logger_tqdm_fallback,,,fail,error,0.0,0.0,100,1,False,could_not_reproduce,,results/idoft-od/icloud_photos_downloader-test_logger_py__loggertestcase__test_logger_tqdm_fallback.json
icloud_photos_downloader,https://github.com/ndbroadbent/icloud_photos_downloader,OD-Brit,e5f304941e2a74b1fbda06c4270ec2fc100e6a49,True,tests/test_cli.py::CliTestCase::test_tqdm,,,fail,skipped,0.0,0.0,100,0,True,brit_confirmed,,results/idoft-od/icloud_photos_downloader-tests_test_cli_py__clitestcase__test_tqdm.json
tunacell,https://github.com/LeBarbouze/tunacell,OD-Vic,837d57e1e6caeddf2e6bcdd2db2986fb456dd605,True,tunacell/tests/test_experiment.py::test_load_experiment,,,pass,pass,100.0,0.0,100,101,False,could_not_reproduce,,results/idoft-od/tunacell-tunacell_tests_test_experiment_py__test_load_experiment.json
tunacell,https://github.com/LeBarbouze/tunacell,OD-Vic,837d57e1e6caeddf2e6bcdd2db2986fb456dd605,True,tunacell/tests/test_filters.py::test_cell_any,,,pass,fail,0.0,0.0,100,1,True,vic_confirmed,,results/idoft-od/tunacell-tunacell_tests_test_filters_py__test_cell_any.json
tunacell,https://github.com/LeBarbouze/tunacell,OD-Brit,837d57e1e6caeddf2e6bcdd2db2986fb456dd605,True,tunacell/tests/test_observable.py::test_observable_str,,,fail,skipped,0.0,0.0,100,0,True,brit_confirmed,,results/idoft-od/tunacell-tunacell_tests_test_observable_py__test_observable_str.json
pytest_exact_fixtures,https://github.com/lrowe/pytest_exact_fixtures,OD-Vic,b72bf9d7661c65e1535e5fbbddc343fd6120e15c,True,test_exact_fixtures.py::test_alternative1,,,fail,unknown,0.0,0.0,100,1,False,could_not_reproduce,,results/idoft-od/pytest_exact_fixtures-test_exact_fixtures_py__test_alternative1.json
pytest_exact_fixtures,https://github.com/lrowe/pytest_exact_fixtures,OD-Vic,b72bf9d7661c65e1535e5fbbddc343fd6120e15c,True,test_exact_fixtures.py::test_alternative2,,,fail,unknown,0.0,0.0,100,1,False,could_not_reproduce,,results/idoft-od/pytest_exact_fixtures-test_exact_fixtures_py__test_alternative2.json
PyJsonFriendly,https://github.com/maboualidev/PyJsonFriendly,OD-Vic,8b1ee498bc7a27024851b5101bf09913031e2477,True,tests/test_pyJsonFriendly.py::TestPyJsonFriendly::test_01,,,pass,fail,0.0,0.0,100,1,True,vic_confirmed,,results/idoft-od/PyJsonFriendly-tests_test_pyjsonfriendly_py__testpyjsonfriendly__test_01.json
lithoxyl,https://github.com/mahmoud/lithoxyl,OD-Brit,9961553a065a1ad8bb7a2407fe74f2cfd6c79a20,True,lithoxyl/tests/test_stats.py::test_acc_random,,,fail,skipped,0.0,0.0,100,0,True,brit_confirmed,,results/idoft-od/lithoxyl-lithoxyl_tests_test_stats_py__test_acc_random.json
exceltojson,https://github.com/malongge/exceltojson,OD-Brit,6724c7de5153a7b125011e879419273589206d0d,True,tests/test_excel_2_json.py::TestProcessExcel::test_excel_process_not_patch_sheet_names,,,fail,skipped,0.0,0.0,100,0,True,brit_confirmed,,results/idoft-od/exceltojson-tests_test_excel_2_json_py__testprocessexcel__test_excel_pro.json
exceltojson,https://github.com/malongge/exceltojson,OD-Brit,6724c7de5153a7b125011e879419273589206d0d,True,tests/test_excel_2_json.py::TestProcessExcel::test_excel_process_with_sheet_names,,,fail,skipped,0.0,0.0,100,0,True,brit_confirmed,,results/idoft-od/exceltojson-tests_test_excel_2_json_py__testprocessexcel__test_excel_pro.json
flask-ipban,https://github.com/Martlark/flask-ipban,OD,1a56cbfee501da36a3c86c7f38882381a14f45bb,True,blob/master/flask_ipban/test_persistence.py,,,fail,error,0.0,1.0,100,2,True,vic_confirmed,,results/idoft-od/flask-ipban-blob_master_flask_ipban_test_persistence_py.json
flask-smorest,https://github.com/marshmallow-code/flask-smorest,OD-Vic,02e9e84def5ace80522c76b830fbef9930a28771,True,tests/test_pagination.py::TestPagination::test_pagination_max_page_size[app_fixture0-AppConfig-1000],,,fail,unknown,0.0,0.0,100,1,False,could_not_reproduce,,results/idoft-od/flask-smorest-tests_test_pagination_py__testpagination__test_pagination_ma.json
flask-smorest,https://github.com/marshmallow-code/flask-smorest,OD-Vic,02e9e84def5ace80522c76b830fbef9930a28771,True,tests/test_pagination.py::TestPagination::test_pagination_max_page_size[app_fixture1-AppConfig-1000],,,fail,unknown,0.0,0.0,100,1,False,could_not_reproduce,,results/idoft-od/flask-smorest-tests_test_pagination_py__testpagination__test_pagination_ma.json
flask-smorest,https://github.com/marshmallow-code/flask-smorest,OD-Vic,02e9e84def5ace80522c76b830fbef9930a28771,True,tests/test_pagination.py::TestPagination::test_pagination_max_page_size[app_fixture2-AppConfig-1000],,,fail,unknown,0.0,0.0,100,1,False,could_not_reproduce,,results/idoft-od/flask-smorest-tests_test_pagination_py__testpagination__test_pagination_ma.json
flask-smorest,https://github.com/marshmallow-code/flask-smorest,OD-Vic,02e9e84def5ace80522c76b830fbef9930a28771,True,tests/test_pagination.py::TestPagination::test_pagination_max_page_size[app_fixture3-AppConfig-1000],,,fail,unknown,0.0,0.0,100,1,False,could_not_reproduce,,results/idoft-od/flask-smorest-tests_test_pagination_py__testpagination__test_pagination_ma.json
plai,https://github.com/matheusbsilva/plai,OD-Vic,1d3bfb0438bb6bd2f8d8e42f17207f9449319763,True,tests/test_evaluation.py::TestPipeline::test_pipeline_raise_error_on_undeclared_dataframe,,,fail,unknown,0.0,0.0,100,1,False,could_not_reproduce,,results/idoft-od/plai-tests_test_evaluation_py__testpipeline__test_pipeline_raise_.json
flask-smorest,https://github.com/marshmallow-code/flask-smorest,OD-Vic,02e9e84def5ace80522c76b830fbef9930a28771,True,tests/test_pagination.py::TestPagination::test_pagination_max_page_size[app_fixture4-AppConfig-1000],,,fail,unknown,0.0,0.0,100,1,False,could_not_reproduce,,results/idoft-od/flask-smorest-tests_test_pagination_py__testpagination__test_pagination_ma.json
flask-smorest,https://github.com/marshmallow-code/flask-smorest,OD-Vic,02e9e84def5ace80522c76b830fbef9930a28771,True,tests/test_pagination.py::TestPagination::test_pagination_max_page_size[app_fixture5-AppConfig-1000],,,fail,unknown,0.0,0.0,100,1,False,could_not_reproduce,,results/idoft-od/flask-smorest-tests_test_pagination_py__testpagination__test_pagination_ma.json
flask-smorest,https://github.com/marshmallow-code/flask-smorest,OD-Vic,02e9e84def5ace80522c76b830fbef9930a28771,True,tests/test_pagination.py::TestPagination::test_pagination_max_page_size[app_fixture6-AppConfig-1000],,,fail,unknown,0.0,0.0,100,1,False,could_not_reproduce,,results/idoft-od/flask-smorest-tests_test_pagination_py__testpagination__test_pagination_ma.json
gplaycli,https://github.com/matlink/gplaycli,OD-Vic,b161dbffa64ddc7081ca7c880ce27f84c2f0a0d8,True,tests/test_init.py::test_default_settings,,,fail,error,0.0,0.0,100,1,False,could_not_reproduce,,results/idoft-od/gplaycli-tests_test_init_py__test_default_settings.json
flask-smorest,https://github.com/marshmallow-code/flask-smorest,OD-Vic,02e9e84def5ace80522c76b830fbef9930a28771,True,tests/test_pagination.py::TestPagination::test_pagination_max_page_size[app_fixture7-AppConfig-1000],,,fail,unknown,0.0,0.0,100,1,False,could_not_reproduce,,results/idoft-od/flask-smorest-tests_test_pagination_py__testpagination__test_pagination_ma.json
base10,https://github.com/mattdavis90/base10,OD-Vic,93577e85215e4cd7f02a504ff6a23501d56a1748,True,base10/test/test_helpers.py::TestMetricHelper::test_metric_helper_fields_exception,,,pass,fail,0.0,0.0,100,1,True,vic_confirmed,,results/idoft-od/base10-base10_test_test_helpers_py__testmetrichelper__test_metric_h.json
base10,https://github.com/mattdavis90/base10,OD-Vic,93577e85215e4cd7f02a504ff6a23501d56a1748,True,base10/test/test_helpers.py::TestMetricHelper::test_metric_helper_handles_time_field,,,pass,fail,0.0,0.0,100,1,True,vic_confirmed,,results/idoft-od/base10-base10_test_test_helpers_py__testmetrichelper__test_metric_h.json
base10,https://github.com/mattdavis90/base10,OD-Vic,93577e85215e4cd7f02a504ff6a23501d56a1748,True,base10/test/test_helpers.py::TestMetricHelper::test_metric_helper_metadata_exception,,,pass,fail,0.0,0.0,100,1,True,vic_confirmed,,results/idoft-od/base10-base10_test_test_helpers_py__testmetrichelper__test_metric_h.json
base10,https://github.com/mattdavis90/base10,OD-Vic,93577e85215e4cd7f02a504ff6a23501d56a1748,True,base10/test/test_helpers.py::TestMetricHelper::test_metric_helper_name_exception,,,pass,fail,0.0,0.0,100,1,True,vic_confirmed,,results/idoft-od/base10-base10_test_test_helpers_py__testmetrichelper__test_metric_h.json
flask-smorest,https://github.com/marshmallow-code/flask-smorest,OD-Vic,02e9e84def5ace80522c76b830fbef9930a28771,True,tests/test_pagination.py::TestPagination::test_pagination_min_page_page_size[app_fixture0-AppConfig-1000],,,fail,unknown,0.0,0.0,100,1,False,could_not_reproduce,,results/idoft-od/flask-smorest-tests_test_pagination_py__testpagination__test_pagination_mi.json
flask-smorest,https://github.com/marshmallow-code/flask-smorest,OD-Vic,02e9e84def5ace80522c76b830fbef9930a28771,True,tests/test_pagination.py::TestPagination::test_pagination_min_page_page_size[app_fixture1-AppConfig-1000],,,fail,unknown,0.0,0.0,100,1,False,could_not_reproduce,,results/idoft-od/flask-smorest-tests_test_pagination_py__testpagination__test_pagination_mi.json
flask-smorest,https://github.com/marshmallow-code/flask-smorest,OD-Vic,02e9e84def5ace80522c76b830fbef9930a28771,True,tests/test_pagination.py::TestPagination::test_pagination_min_page_page_size[app_fixture2-AppConfig-1000],,,fail,unknown,0.0,0.0,100,1,False,could_not_reproduce,,results/idoft-od/flask-smorest-tests_test_pagination_py__testpagination__test_pagination_mi.json
flask-smorest,https://github.com/marshmallow-code/flask-smorest,OD-Vic,02e9e84def5ace80522c76b830fbef9930a28771,True,tests/test_pagination.py::TestPagination::test_pagination_min_page_page_size[app_fixture3-AppConfig-1000],,,fail,unknown,0.0,0.0,100,1,False,could_not_reproduce,,results/idoft-od/flask-smorest-tests_test_pagination_py__testpagination__test_pagination_mi.json
flask-multi-redis,https://github.com/max-k/flask-multi-redis,OD-Vic,fa781d3598448a6429309a686de9a8adb53f9f34,True,test/integration/test_flask_multi_redis.py::test_aggregated_delitem_method,,,fail,error,0.0,0.0,100,1,False,could_not_reproduce,,results/idoft-od/flask-multi-redis-test_integration_test_flask_multi_redis_py__test_aggregated_.json
flask-smorest,https://github.com/marshmallow-code/flask-smorest,OD-Vic,02e9e84def5ace80522c76b830fbef9930a28771,True,tests/test_pagination.py::TestPagination::test_pagination_min_page_page_size[app_fixture4-AppConfig-1000],,,fail,unknown,0.0,0.0,100,1,False,could_not_reproduce,,results/idoft-od/flask-smorest-tests_test_pagination_py__testpagination__test_pagination_mi.json
flask-multi-redis,https://github.com/max-k/flask-multi-redis,OD-Vic,fa781d3598448a6429309a686de9a8adb53f9f34,True,test/integration/test_flask_multi_redis.py::test_aggregated_getitem_method,,,fail,error,0.0,0.0,100,1,False,could_not_reproduce,,results/idoft-od/flask-multi-redis-test_integration_test_flask_multi_redis_py__test_aggregated_.json
flask-smorest,https://github.com/marshmallow-code/flask-smorest,OD-Vic,02e9e84def5ace80522c76b830fbef9930a28771,True,tests/test_pagination.py::TestPagination::test_pagination_min_page_page_size[app_fixture5-AppConfig-1000],,,fail,unknown,0.0,0.0,100,1,False,could_not_reproduce,,results/idoft-od/flask-smorest-tests_test_pagination_py__testpagination__test_pagination_mi.json
flask-smorest,https://github.com/marshmallow-code/flask-smorest,OD-Vic,02e9e84def5ace80522c76b830fbef9930a28771,True,tests/test_pagination.py::TestPagination::test_pagination_min_page_page_size[app_fixture6-AppConfig-1000],,,fail,unknown,0.0,0.0,100,1,False,could_not_reproduce,,results/idoft-od/flask-smorest-tests_test_pagination_py__testpagination__test_pagination_mi.json
flask-multi-redis,https://github.com/max-k/flask-multi-redis,OD-Vic,fa781d3598448a6429309a686de9a8adb53f9f34,True,test/integration/test_flask_multi_redis.py::test_aggregated_setitem_method,,,fail,error,0.0,0.0,100,1,False,could_not_reproduce,,results/idoft-od/flask-multi-redis-test_integration_test_flask_multi_redis_py__test_aggregated_.json
flask-smorest,https://github.com/marshmallow-code/flask-smorest,OD-Vic,02e9e84def5ace80522c76b830fbef9930a28771,True,tests/test_pagination.py::TestPagination::test_pagination_min_page_page_size[app_fixture7-AppConfig-1000],,,fail,unknown,0.0,0.0,100,1,False,could_not_reproduce,,results/idoft-od/flask-smorest-tests_test_pagination_py__testpagination__test_pagination_mi.json
flask-multi-redis,https://github.com/max-k/flask-multi-redis,OD-Vic,fa781d3598448a6429309a686de9a8adb53f9f34,True,test/integration/test_flask_multi_redis.py::test_aggregator_delete_method,,,fail,error,0.0,0.0,100,1,False,could_not_reproduce,,results/idoft-od/flask-multi-redis-test_integration_test_flask_multi_redis_py__test_aggregator_.json
logzero,https://github.com/metachris/logzero,OD-Brit,b5d49fc2b118c370994c4ae5360d7c246d43ddc8,True,tests/test_logzero.py::test_default_logger_stderr_output,,,fail,skipped,0.0,0.0,100,0,True,brit_confirmed,,results/idoft-od/logzero-tests_test_logzero_py__test_default_logger_stderr_output.json
logzero,https://github.com/metachris/logzero,OD-Vic,b5d49fc2b118c370994c4ae5360d7c246d43ddc8,True,tests/test_logzero.py::test_write_to_logfile_and_stderr,,,pass,fail,0.0,0.0,100,1,True,vic_confirmed,,results/idoft-od/logzero-tests_test_logzero_py__test_write_to_logfile_and_stderr.json
flask-multi-redis,https://github.com/max-k/flask-multi-redis,OD-Vic,fa781d3598448a6429309a686de9a8adb53f9f34,True,test/integration/test_flask_multi_redis.py::test_aggregator_get_method,,,fail,error,0.0,0.0,100,1,False,could_not_reproduce,,results/idoft-od/flask-multi-redis-test_integration_test_flask_multi_redis_py__test_aggregator_.json
flask-multi-redis,https://github.com/max-k/flask-multi-redis,OD-Vic,fa781d3598448a6429309a686de9a8adb53f9f34,True,test/integration/test_flask_multi_redis.py::test_aggregator_keys_method,,,fail,error,0.0,0.0,100,1,False,could_not_reproduce,,results/idoft-od/flask-multi-redis-test_integration_test_flask_multi_redis_py__test_aggregator_.json
fastapi-sqlalchemy,https://github.com/mfreeborn/fastapi-sqlalchemy,OD-Vic,8ddf0edab22873365441757107ce21234bc09f8f,True,tests/test_session.py::test_inside_route_without_middleware_fails,,,pass,pass,2.0,1.0,100,4,True,vic_confirmed,,results/idoft-od/fastapi-sqlalchemy-tests_test_session_py__test_inside_route_without_middleware_.json
fastapi-sqlalchemy,https://github.com/mfreeborn/fastapi-sqlalchemy,OD-Vic,8ddf0edab22873365441757107ce21234bc09f8f,True,tests/test_session.py::test_outside_of_route_without_middleware_fails,,,pass,pass,3.0,1.0,100,5,True,vic_confirmed,,results/idoft-od/fastapi-sqlalchemy-tests_test_session_py__test_outside_of_route_without_middlew.json
flask-multi-redis,https://github.com/max-k/flask-multi-redis,OD-Vic,fa781d3598448a6429309a686de9a8adb53f9f34,True,test/integration/test_flask_multi_redis.py::test_aggregator_keys_method_with_empty_nodes,,,fail,error,0.0,0.0,100,1,False,could_not_reproduce,,results/idoft-od/flask-multi-redis-test_integration_test_flask_multi_redis_py__test_aggregator_.json
fanstatic-tools,https://github.com/MiCHiLU/fanstatic-tools,OD-Vic,c075a2195c8138d103b72ef8445ef08f2a865984,True,fanstatic/test_core.py::test_convenience_clear_not_initialized,,,pass,fail,0.0,0.0,100,1,True,vic_confirmed,,results/idoft-od/fanstatic-tools-fanstatic_test_core_py__test_convenience_clear_not_initializ.json
fanstatic-tools,https://github.com/MiCHiLU/fanstatic-tools,OD-Vic,c075a2195c8138d103b72ef8445ef08f2a865984,True,fanstatic/test_core.py::test_convenience_need_not_initialized,,,pass,fail,0.0,0.0,100,1,True,vic_confirmed,,results/idoft-od/fanstatic-tools-fanstatic_test_core_py__test_convenience_need_not_initialize.json
fanstatic-tools,https://github.com/MiCHiLU/fanstatic-tools,OD-Vic,c075a2195c8138d103b72ef8445ef08f2a865984,True,fanstatic/test_core.py::test_inclusion_renderers,,,pass,fail,0.0,0.0,100,1,True,vic_confirmed,,results/idoft-od/fanstatic-tools-fanstatic_test_core_py__test_inclusion_renderers.json
flask-multi-redis,https://github.com/max-k/flask-multi-redis,OD-Vic,fa781d3598448a6429309a686de9a8adb53f9f34,True,test/integration/test_flask_multi_redis.py::test_aggregator_scan_iter_method,,,fail,error,0.0,0.0,100,1,False,could_not_reproduce,,results/idoft-od/flask-multi-redis-test_integration_test_flask_multi_redis_py__test_aggregator_.json
flask-multi-redis,https://github.com/max-k/flask-multi-redis,OD-Vic,fa781d3598448a6429309a686de9a8adb53f9f34,True,test/integration/test_flask_multi_redis.py::test_aggregator_set_method,,,fail,error,0.0,0.0,100,1,False,could_not_reproduce,,results/idoft-od/flask-multi-redis-test_integration_test_flask_multi_redis_py__test_aggregator_.json
knack,https://github.com/microsoft/knack,OD-Vic,dc7b7d857ce3c11b2a3155b81f2470b3b579e7c9,True,tests/test_cli_scenarios.py::TestCLIScenarios::test_case_insensitive_command_path,,,pass,pass,100.0,0.0,100,101,False,could_not_reproduce,,results/idoft-od/knack-tests_test_cli_scenarios_py__testcliscenarios__test_case_ins.json
knack,https://github.com/microsoft/knack,OD-Vic,dc7b7d857ce3c11b2a3155b81f2470b3b579e7c9,True,tests/test_command_with_configured_defaults.py::TestCommandWithConfiguredDefaults::test_no_configured_default_on_required_arg,,,pass,pass,100.0,0.0,100,101,False,could_not_reproduce,,results/idoft-od/knack-tests_test_command_with_configured_defaults_py__testcommandw.json
flask-multi-redis,https://github.com/max-k/flask-multi-redis,OD-Vic,fa781d3598448a6429309a686de9a8adb53f9f34,True,test/integration/test_flask_multi_redis.py::test_aggregator_strategy,,,fail,error,0.0,0.0,100,1,False,could_not_reproduce,,results/idoft-od/flask-multi-redis-test_integration_test_flask_multi_redis_py__test_aggregator_.json
knack,https://github.com/microsoft/knack,OD-Vic,dc7b7d857ce3c11b2a3155b81f2470b3b579e7c9,True,tests/test_deprecation.py::TestArgumentDeprecation::test_deprecate_arguments_execute_expired,,,pass,pass,100.0,0.0,100,101,False,could_not_reproduce,,results/idoft-od/knack-tests_test_deprecation_py__testargumentdeprecation__test_dep.json
flask-multi-redis,https://github.com/max-k/flask-multi-redis,OD-Vic,fa781d3598448a6429309a686de9a8adb53f9f34,True,test/integration/test_flask_multi_redis.py::test_attributes_transmission_from_aggregated_node,,,fail,error,0.0,0.0,100,1,False,could_not_reproduce,,results/idoft-od/flask-multi-redis-test_integration_test_flask_multi_redis_py__test_attributes_.json
knack,https://github.com/microsoft/knack,OD-Vic,dc7b7d857ce3c11b2a3155b81f2470b3b579e7c9,True,tests/test_deprecation.py::TestArgumentDeprecation::test_deprecate_options_execute_expired,,,pass,pass,100.0,0.0,100,101,False,could_not_reproduce,,results/idoft-od/knack-tests_test_deprecation_py__testargumentdeprecation__test_dep.json
flask-multi-redis,https://github.com/max-k/flask-multi-redis,OD-Vic,fa781d3598448a6429309a686de9a8adb53f9f34,True,test/integration/test_flask_multi_redis.py::test_attributes_transmission_from_loadbalanced_node,,,fail,error,0.0,0.0,100,1,False,could_not_reproduce,,results/idoft-od/flask-multi-redis-test_integration_test_flask_multi_redis_py__test_attributes_.json
knack,https://github.com/microsoft/knack,OD-Vic,dc7b7d857ce3c11b2a3155b81f2470b3b579e7c9,True,tests/test_deprecation.py::TestCommandDeprecation::test_deprecate_command_expired_execute,,,pass,pass,100.0,0.0,100,101,False,could_not_reproduce,,results/idoft-od/knack-tests_test_deprecation_py__testcommanddeprecation__test_depr.json
flask-multi-redis,https://github.com/max-k/flask-multi-redis,OD-Vic,fa781d3598448a6429309a686de9a8adb53f9f34,True,test/integration/test_flask_multi_redis.py::test_attributes_transmission_if_aggregated_has_no_host,,,fail,error,0.0,0.0,100,1,False,could_not_reproduce,,results/idoft-od/flask-multi-redis-test_integration_test_flask_multi_redis_py__test_attributes_.json
knack,https://github.com/microsoft/knack,OD-Vic,dc7b7d857ce3c11b2a3155b81f2470b3b579e7c9,True,tests/test_deprecation.py::TestCommandDeprecation::test_deprecate_command_expired_execute_no_color,,,pass,pass,100.0,0.0,100,101,False,could_not_reproduce,,results/idoft-od/knack-tests_test_deprecation_py__testcommanddeprecation__test_depr.json
flask-multi-redis,https://github.com/max-k/flask-multi-redis,OD-Vic,fa781d3598448a6429309a686de9a8adb53f9f34,True,test/integration/test_flask_multi_redis.py::test_constructor,,,fail,error,0.0,0.0,100,1,False,could_not_reproduce,,results/idoft-od/flask-multi-redis-test_integration_test_flask_multi_redis_py__test_constructor.json
knack,https://github.com/microsoft/knack,OD-Vic,dc7b7d857ce3c11b2a3155b81f2470b3b579e7c9,True,tests/test_help.py::TestHelp::test_help_extra_params,,,pass,pass,100.0,0.0,100,101,False,could_not_reproduce,,results/idoft-od/knack-tests_test_help_py__testhelp__test_help_extra_params.json
flask-multi-redis,https://github.com/max-k/flask-multi-redis,OD-Vic,fa781d3598448a6429309a686de9a8adb53f9f34,True,test/integration/test_flask_multi_redis.py::test_custom_default_config,,,fail,error,0.0,0.0,100,1,False,could_not_reproduce,,results/idoft-od/flask-multi-redis-test_integration_test_flask_multi_redis_py__test_custom_defa.json
knack,https://github.com/microsoft/knack,OD-Vic,dc7b7d857ce3c11b2a3155b81f2470b3b579e7c9,True,tests/test_help.py::TestHelp::test_help_missing_params,,,pass,pass,100.0,0.0,100,101,False,could_not_reproduce,,results/idoft-od/knack-tests_test_help_py__testhelp__test_help_missing_params.json
zanna,https://github.com/MirkoRossini/zanna,OD-Vic,4c28b5ea3940fba69bee3fdf965a039c9b8f45c5,True,tests/test_decorators.py::TestDecorators::test_class_decorated,,,pass,fail,0.0,0.0,100,1,True,vic_confirmed,,results/idoft-od/zanna-tests_test_decorators_py__testdecorators__test_class_decorat.json
flask-multi-redis,https://github.com/max-k/flask-multi-redis,OD-Vic,fa781d3598448a6429309a686de9a8adb53f9f34,True,test/integration/test_flask_multi_redis.py::test_custom_default_ssl,,,fail,error,0.0,0.0,100,1,False,could_not_reproduce,,results/idoft-od/flask-multi-redis-test_integration_test_flask_multi_redis_py__test_custom_defa.json
zanna,https://github.com/MirkoRossini/zanna,OD-Vic,4c28b5ea3940fba69bee3fdf965a039c9b8f45c5,True,tests/test_decorators.py::TestDecorators::test_provider_decorated,,,pass,pass,100.0,0.0,100,101,False,could_not_reproduce,,results/idoft-od/zanna-tests_test_decorators_py__testdecorators__test_provider_deco.json
flask-multi-redis,https://github.com/max-k/flask-multi-redis,OD-Vic,fa781d3598448a6429309a686de9a8adb53f9f34,True,test/integration/test_flask_multi_redis.py::test_custom_node,,,fail,error,0.0,0.0,100,1,False,could_not_reproduce,,results/idoft-od/flask-multi-redis-test_integration_test_flask_multi_redis_py__test_custom_node.json
OccamTools,https://github.com/mortele/OccamTools,OD-Vic,26c47709f6b870c89403f03ade0950de9f301639,True,test/test_occam_data.py::test_occam_data_progress_bars,,,pass,pass,0.0,1.0,100,2,True,vic_confirmed,,results/idoft-od/OccamTools-test_test_occam_data_py__test_occam_data_progress_bars.json
flask-multi-redis,https://github.com/max-k/flask-multi-redis,OD-Vic,fa781d3598448a6429309a686de9a8adb53f9f34,True,test/integration/test_flask_multi_redis.py::test_custom_prefix,,,fail,error,0.0,0.0,100,1,False,could_not_reproduce,,results/idoft-od/flask-multi-redis-test_integration_test_flask_multi_redis_py__test_custom_pref.json
flask-multi-redis,https://github.com/max-k/flask-multi-redis,OD-Vic,fa781d3598448a6429309a686de9a8adb53f9f34,True,test/integration/test_flask_multi_redis.py::test_extension_registration_if_app_has_no_extensions,,,fail,error,0.0,0.0,100,1,False,could_not_reproduce,,results/idoft-od/flask-multi-redis-test_integration_test_flask_multi_redis_py__test_extension_r.json
neon,https://github.com/mrmechko/neon,OD-Brit,42ad78e3d79583a93abce6d06b81dafc29017514,True,tests/basic_tests.py::test_dont_memoize,,,fail,skipped,0.0,0.0,100,0,True,brit_confirmed,,results/idoft-od/neon-tests_basic_tests_py__test_dont_memoize.json
flask-multi-redis,https://github.com/max-k/flask-multi-redis,OD-Vic,fa781d3598448a6429309a686de9a8adb53f9f34,True,test/integration/test_flask_multi_redis.py::test_init_app,,,fail,error,0.0,0.0,100,1,False,could_not_reproduce,,results/idoft-od/flask-multi-redis-test_integration_test_flask_multi_redis_py__test_init_app.json
Breathe,https://github.com/mrob95/Breathe,OD-Brit,4600818e24f4156cd7bb8cc0f43886b27323968e,True,tests/test_command_context.py::test_manual_context_noccr,,,fail,skipped,0.0,0.0,100,0,True,brit_confirmed,,results/idoft-od/Breathe-tests_test_command_context_py__test_manual_context_noccr.json
Breathe,https://github.com/mrob95/Breathe,OD-Brit,4600818e24f4156cd7bb8cc0f43886b27323968e,True,tests/test_loading.py::test_loading,,,fail,skipped,0.0,0.0,100,0,True,brit_confirmed,,results/idoft-od/Breathe-tests_test_loading_py__test_loading.json
flask-multi-redis,https://github.com/max-k/flask-multi-redis,OD-Vic,fa781d3598448a6429309a686de9a8adb53f9f34,True,test/integration/test_flask_multi_redis.py::test_loadbalanced_delitem_method,,,fail,error,0.0,0.0,100,1,False,could_not_reproduce,,results/idoft-od/flask-multi-redis-test_integration_test_flask_multi_redis_py__test_loadbalance.json
Breathe,https://github.com/mrob95/Breathe,OD-Vic,4600818e24f4156cd7bb8cc0f43886b27323968e,True,tests/test_loading.py::test_loading_failure,,,pass,pass,100.0,0.0,100,101,False,could_not_reproduce,,results/idoft-od/Breathe-tests_test_loading_py__test_loading_failure.json
flask-multi-redis,https://github.com/max-k/flask-multi-redis,OD-Vic,fa781d3598448a6429309a686de9a8adb53f9f34,True,test/integration/test_flask_multi_redis.py::test_loadbalanced_getitem_method,,,fail,error,0.0,0.0,100,1,False,could_not_reproduce,,results/idoft-od/flask-multi-redis-test_integration_test_flask_multi_redis_py__test_loadbalance.json
Breathe,https://github.com/mrob95/Breathe,OD-Brit,4600818e24f4156cd7bb8cc0f43886b27323968e,True,tests/test_loading.py::test_reloading,,,fail,skipped,0.0,0.0,100,0,True,brit_confirmed,,results/idoft-od/Breathe-tests_test_loading_py__test_reloading.json
Breathe,https://github.com/mrob95/Breathe,OD-Brit,4600818e24f4156cd7bb8cc0f43886b27323968e,True,tests/test_merger.py::test_context_commands,,,fail,skipped,0.0,0.0,100,0,True,brit_confirmed,,results/idoft-od/Breathe-tests_test_merger_py__test_context_commands.json
Breathe,https://github.com/mrob95/Breathe,OD-Vic,4600818e24f4156cd7bb8cc0f43886b27323968e,True,tests/test_merger.py::test_core_commands,,,pass,pass,0.0,1.0,100,2,True,vic_confirmed,,results/idoft-od/Breathe-tests_test_merger_py__test_core_commands.json
flask-multi-redis,https://github.com/max-k/flask-multi-redis,OD-Vic,fa781d3598448a6429309a686de9a8adb53f9f34,True,test/integration/test_flask_multi_redis.py::test_loadbalanced_setitem_method,,,fail,error,0.0,0.0,100,1,False,could_not_reproduce,,results/idoft-od/flask-multi-redis-test_integration_test_flask_multi_redis_py__test_loadbalance.json
Breathe,https://github.com/mrob95/Breathe,OD,3ebcdfc9c011f1b64f00ae320f4704b78783f751,True,tests/test_merger.py::test_global_extras,,,pass,pass,100.0,0.0,100,101,False,could_not_reproduce,,results/idoft-od/Breathe-tests_test_merger_py__test_global_extras.json
Breathe,https://github.com/mrob95/Breathe,OD-Brit,4600818e24f4156cd7bb8cc0f43886b27323968e,True,tests/test_merger.py::test_grammar_numbers,,,fail,skipped,0.0,0.0,100,0,True,brit_confirmed,,results/idoft-od/Breathe-tests_test_merger_py__test_grammar_numbers.json
Breathe,https://github.com/mrob95/Breathe,OD-Brit,4600818e24f4156cd7bb8cc0f43886b27323968e,True,tests/test_merger.py::test_invalid,,,fail,skipped,0.0,0.0,100,0,True,brit_confirmed,,results/idoft-od/Breathe-tests_test_merger_py__test_invalid.json
Breathe,https://github.com/mrob95/Breathe,OD-Brit,4600818e24f4156cd7bb8cc0f43886b27323968e,True,tests/test_merger.py::test_noccr_commands,,,fail,skipped,0.0,0.0,100,0,True,brit_confirmed,,results/idoft-od/Breathe-tests_test_merger_py__test_noccr_commands.json
Breathe,https://github.com/mrob95/Breathe,OD-Brit,4600818e24f4156cd7bb8cc0f43886b27323968e,True,tests/test_top_level.py::test_recognition,,,fail,skipped,0.0,0.0,100,0,True,brit_confirmed,,results/idoft-od/Breathe-tests_test_top_level_py__test_recognition.json
Breathe,https://github.com/mrob95/Breathe,OD-Brit,4600818e24f4156cd7bb8cc0f43886b27323968e,True,tests/test_top_level.py::test_top_level_command_failure,,,fail,skipped,0.0,0.0,100,0,True,brit_confirmed,,results/idoft-od/Breathe-tests_test_top_level_py__test_top_level_command_failure.json
flask-multi-redis,https://github.com/max-k/flask-multi-redis,OD-Vic,fa781d3598448a6429309a686de9a8adb53f9f34,True,test/integration/test_flask_multi_redis.py::test_methods_transmission_from_aggregator,,,fail,error,0.0,0.0,100,1,False,could_not_reproduce,,results/idoft-od/flask-multi-redis-test_integration_test_flask_multi_redis_py__test_methods_tra.json
yamicache,https://github.com/mtik00/yamicache,OD-Vic,1109d08b18be94bdee55e113309f7be29f25d840,True,tests/test_class.py::test_cached,,,pass,fail,0.0,0.0,100,1,True,vic_confirmed,,results/idoft-od/yamicache-tests_test_class_py__test_cached.json
yamicache,https://github.com/mtik00/yamicache,OD-Vic,1109d08b18be94bdee55e113309f7be29f25d840,True,tests/test_class.py::test_keyed_cached,,,pass,fail,0.0,0.0,100,1,True,vic_confirmed,,results/idoft-od/yamicache-tests_test_class_py__test_keyed_cached.json
yamicache,https://github.com/mtik00/yamicache,OD-Vic,1109d08b18be94bdee55e113309f7be29f25d840,True,tests/test_class.py::test_utility,,,pass,fail,0.0,0.0,100,1,True,vic_confirmed,,results/idoft-od/yamicache-tests_test_class_py__test_utility.json
yamicache,https://github.com/mtik00/yamicache,OD-Vic,1109d08b18be94bdee55e113309f7be29f25d840,True,tests/test_noclass.py::test_main,,,pass,fail,0.0,0.0,100,1,True,vic_confirmed,,results/idoft-od/yamicache-tests_test_noclass_py__test_main.json
flask-multi-redis,https://github.com/max-k/flask-multi-redis,OD-Vic,fa781d3598448a6429309a686de9a8adb53f9f34,True,test/integration/test_flask_multi_redis.py::test_methods_transmission_from_redis,,,fail,error,0.0,0.0,100,1,False,could_not_reproduce,,results/idoft-od/flask-multi-redis-test_integration_test_flask_multi_redis_py__test_methods_tra.json
flask-multi-redis,https://github.com/max-k/flask-multi-redis,OD-Vic,fa781d3598448a6429309a686de9a8adb53f9f34,True,test/integration/test_flask_multi_redis.py::test_task_runner,,,fail,error,0.0,0.0,100,1,False,could_not_reproduce,,results/idoft-od/flask-multi-redis-test_integration_test_flask_multi_redis_py__test_task_runner.json
policyuniverse,https://github.com/Netflix-Skunkworks/policyuniverse,OD-Vic,b633e572ecdba45d70398ac034fb44e0e4e7dbf8,True,policyuniverse/tests/test_expander_minimizer.py::TestMethods::test_expand_1,,,pass,fail,0.0,0.0,100,1,True,vic_confirmed,,results/idoft-od/policyuniverse-policyuniverse_tests_test_expander_minimizer_py__testmethods.json
napalm,https://github.com/napalm-automation/napalm,OD-Vic,0e23a55f52221e528be66c1f06a141f937e842f7,True,test/pyiosxr/test_iosxr.py::TestIOSXRDevice::test_lock_raises_LockError,,,fail,error,0.0,0.0,100,1,False,could_not_reproduce,,results/idoft-od/napalm-test_pyiosxr_test_iosxr_py__testiosxrdevice__test_lock_raise.json
policyuniverse,https://github.com/Netflix-Skunkworks/policyuniverse,OD-Vic,b633e572ecdba45d70398ac034fb44e0e4e7dbf8,True,policyuniverse/tests/test_expander_minimizer.py::TestMethods::test_expand_minimize_over_policies,,,pass,pass,100.0,0.0,100,101,False,could_not_reproduce,,results/idoft-od/policyuniverse-policyuniverse_tests_test_expander_minimizer_py__testmethods.json
napalm,https://github.com/napalm-automation/napalm,OD-Vic,0e23a55f52221e528be66c1f06a141f937e842f7,True,test/pyiosxr/test_iosxr.py::TestIOSXRDevice::test_mock_lock_connection_open,,,fail,error,0.0,0.0,100,1,False,could_not_reproduce,,results/idoft-od/napalm-test_pyiosxr_test_iosxr_py__testiosxrdevice__test_mock_lock_.json
compare-mt,https://github.com/neulab/compare-mt,OD-Brit,92502b30b1f228773179a01dd86fe1b8dfd400e5,True,tests/test_cache.py::TestSentBucketCache::test_sentbucket_cache,,,fail,skipped,0.0,0.0,100,0,True,brit_confirmed,,results/idoft-od/compare-mt-tests_test_cache_py__testsentbucketcache__test_sentbucket_ca.json
compare-mt,https://github.com/neulab/compare-mt,OD-Brit,92502b30b1f228773179a01dd86fe1b8dfd400e5,True,tests/test_cache.py::TestSrcWordAccCache::test_src_wordacc_cache,,,fail,skipped,0.0,0.0,100,0,True,brit_confirmed,,results/idoft-od/compare-mt-tests_test_cache_py__testsrcwordacccache__test_src_wordacc_c.json
compare-mt,https://github.com/neulab/compare-mt,OD-Brit,92502b30b1f228773179a01dd86fe1b8dfd400e5,True,tests/test_cache.py::TestWordAccCache::test_wordacc_cache,,,fail,skipped,0.0,0.0,100,0,True,brit_confirmed,,results/idoft-od/compare-mt-tests_test_cache_py__testwordacccache__test_wordacc_cache.json
neurodsp,https://github.com/neurodsp-tools/neurodsp,OD-Brit,19aa50c71deaa19e4ed85efa192afa8ab63d0bf1,True,neurodsp/tests/utils/test_download.py::test_check_data_file,,,fail,skipped,0.0,0.0,100,0,True,brit_confirmed,,results/idoft-od/neurodsp-neurodsp_tests_utils_test_download_py__test_check_data_file.json
autodiscover,https://github.com/nicolaszein/autodiscover,OD-Brit,3009f81c51b7a4cb077427e429d740db98eb173b,True,tests/test_autodiscover.py::TestAutoDiscover::test_autodiscover_with_pattern,,,fail,skipped,0.0,0.0,100,0,True,brit_confirmed,,results/idoft-od/autodiscover-tests_test_autodiscover_py__testautodiscover__test_autodisco.json
Neuraxle,https://github.com/Neuraxio/Neuraxle,OD-Vic,20c6e5713198345b43bf6899355f1b5cf65eb02c,True,testing/hyperparams/test_distributions.py::test_gaussian_distribution_mixture_log,,,pass,pass,10.0,1.0,100,12,True,vic_confirmed,,results/idoft-od/Neuraxle-testing_hyperparams_test_distributions_py__test_gaussian_dis.json
debinterface,https://github.com/nMustaki/debinterface,OD-Vic,abd30a55dcbadc30fd66143adc196034b663054f,True,test/test_hostapd.py::TestHostapd::test_read,,,pass,fail,0.0,0.0,100,1,True,vic_confirmed,,results/idoft-od/debinterface-test_test_hostapd_py__testhostapd__test_read.json
clu,https://github.com/nir0s/clu,OD-Vic,77da967a4577ca4cf100cfe34e87b39ad88bf21c,True,tests/test_ghost.py::TestCLI::test_fail_init_two_stashes_passphrase_file_exists,,,fail,error,0.0,0.0,100,1,False,could_not_reproduce,,results/idoft-od/clu-tests_test_ghost_py__testcli__test_fail_init_two_stashes_pas.json
clu,https://github.com/nir0s/clu,OD-Brit,77da967a4577ca4cf100cfe34e87b39ad88bf21c,True,tests/test_ghost.py::TestCLI::test_init_already_initialized,,,fail,skipped,0.0,0.0,100,0,True,brit_confirmed,,results/idoft-od/clu-tests_test_ghost_py__testcli__test_init_already_initialized.json
clu,https://github.com/nir0s/clu,OD-Brit,77da967a4577ca4cf100cfe34e87b39ad88bf21c,True,tests/test_ghost.py::TestCLI::test_init_permission_denied_on_passphrase,,,fail,skipped,0.0,0.0,100,0,True,brit_confirmed,,results/idoft-od/clu-tests_test_ghost_py__testcli__test_init_permission_denied_on.json
BT-Tracker,https://github.com/nordwind80/BT-Tracker,OD-Brit,558c15b399871c1ca11d0c4ae1eb598e3060931e,True,Tracker/tests/test_event.py::TestEvent::test_object,,,fail,skipped,0.0,0.0,100,0,True,brit_confirmed,,results/idoft-od/BT-Tracker-tracker_tests_test_event_py__testevent__test_object.json
clu,https://github.com/nir0s/clu,OD-Vic,77da967a4577ca4cf100cfe34e87b39ad88bf21c,True,tests/test_ghost.py::TestSQLAlchemyStorage::test_is_initialized,,,fail,error,0.0,0.0,100,1,False,could_not_reproduce,,results/idoft-od/clu-tests_test_ghost_py__testsqlalchemystorage__test_is_initiali.json
clu,https://github.com/nir0s/clu,OD-Brit,77da967a4577ca4cf100cfe34e87b39ad88bf21c,True,tests/test_ghost.py::TestStash::test_broken_is_initialized,,,fail,skipped,0.0,0.0,100,0,True,brit_confirmed,,results/idoft-od/clu-tests_test_ghost_py__teststash__test_broken_is_initialized.json
clu,https://github.com/nir0s/clu,OD-Vic,77da967a4577ca4cf100cfe34e87b39ad88bf21c,True,tests/test_ghost.py::TestTinyDBStorage::test_init_stash_in_current_dir,,,fail,error,0.0,0.0,100,1,False,could_not_reproduce,,results/idoft-od/clu-tests_test_ghost_py__testtinydbstorage__test_init_stash_in_c.json
sqs-polling,https://github.com/ohke/sqs-polling,OD-Vic,34d1375cf73e05211c73cd43bdd120ce076181c8,True,sqs_polling/tests/test_sqs_polling.py::TestSqsPolling::test_execute_delete,,,fail,error,0.0,0.0,100,1,False,could_not_reproduce,,results/idoft-od/sqs-polling-sqs_polling_tests_test_sqs_polling_py__testsqspolling__test_.json
clu,https://github.com/nir0s/clu,OD-Vic,77da967a4577ca4cf100cfe34e87b39ad88bf21c,True,tests/test_ghost.py::TestTinyDBStorage::test_is_initialized,,,fail,error,0.0,0.0,100,1,False,could_not_reproduce,,results/idoft-od/clu-tests_test_ghost_py__testtinydbstorage__test_is_initialized.json
IOCynergy,https://github.com/omersaraf/IOCynergy,OD-Vic,1821423680f741d8ca06bcc6a02c8b21156f9ba0,True,cynergy/tests/test_register_multiple.py::test_register_multiple,,,fail,fail,0.0,0.0,100,1,True,vic_confirmed,,results/idoft-od/IOCynergy-cynergy_tests_test_register_multiple_py__test_register_multi.json
YAROM,https://github.com/openworm/YAROM,OD-Brit,cd4fb6cb8fac72a198858225ce89ad8b9c9175fd,True,tests/test_mapper.py::MapperTest::test_children_are_added,,,fail,skipped,0.0,0.0,100,0,True,brit_confirmed,,results/idoft-od/YAROM-tests_test_mapper_py__mappertest__test_children_are_added.json
YAROM,https://github.com/openworm/YAROM,OD-Brit,cd4fb6cb8fac72a198858225ce89ad8b9c9175fd,True,tests/test_mapper.py::MapperTest::test_children_are_deregistered,,,fail,skipped,0.0,0.0,100,0,True,brit_confirmed,,results/idoft-od/YAROM-tests_test_mapper_py__mappertest__test_children_are_deregist.json
YAROM,https://github.com/openworm/YAROM,OD-Brit,cd4fb6cb8fac72a198858225ce89ad8b9c9175fd,True,tests/test_mapper.py::MapperTest::test_object_from_id_class,,,fail,skipped,0.0,0.0,100,0,True,brit_confirmed,,results/idoft-od/YAROM-tests_test_mapper_py__mappertest__test_object_from_id_class.json
pyserverpilot,https://github.com/opper/pyserverpilot,OD-Brit,b6b896fea1155fa95febde84f74e0d2230523ab0,True,tests/test_app.py::TestApp::test_add_ssl,,,fail,skipped,0.0,0.0,100,0,True,brit_confirmed,,results/idoft-od/pyserverpilot-tests_test_app_py__testapp__test_add_ssl.json
pyserverpilot,https://github.com/opper/pyserverpilot,OD-Brit,b6b896fea1155fa95febde84f74e0d2230523ab0,True,tests/test_app.py::TestApp::test_enable_force_ssl,,,fail,skipped,0.0,0.0,100,0,True,brit_confirmed,,results/idoft-od/pyserverpilot-tests_test_app_py__testapp__test_enable_force_ssl.json
pyserverpilot,https://github.com/opper/pyserverpilot,OD-Brit,b6b896fea1155fa95febde84f74e0d2230523ab0,True,tests/test_app.py::TestApp::test_get_app,,,fail,skipped,0.0,0.0,100,0,True,brit_confirmed,,results/idoft-od/pyserverpilot-tests_test_app_py__testapp__test_get_app.json
pyserverpilot,https://github.com/opper/pyserverpilot,OD-Brit,b6b896fea1155fa95febde84f74e0d2230523ab0,True,tests/test_app.py::TestApp::test_update_app_validation,,,fail,skipped,0.0,0.0,100,0,True,brit_confirmed,,results/idoft-od/pyserverpilot-tests_test_app_py__testapp__test_update_app_validation.json
pyserverpilot,https://github.com/opper/pyserverpilot,OD-Brit,b6b896fea1155fa95febde84f74e0d2230523ab0,True,tests/test_db.py::TestDb::test_get_db,,,fail,skipped,0.0,0.0,100,0,True,brit_confirmed,,results/idoft-od/pyserverpilot-tests_test_db_py__testdb__test_get_db.json
pyserverpilot,https://github.com/opper/pyserverpilot,OD-Brit,b6b896fea1155fa95febde84f74e0d2230523ab0,True,tests/test_db.py::TestDb::test_update_db,,,fail,skipped,0.0,0.0,100,0,True,brit_confirmed,,results/idoft-od/pyserverpilot-tests_test_db_py__testdb__test_update_db.json
lib-cove,https://github.com/OpenDataServices/lib-cove,OD-Vic,74ba874ec6882969894797ee0dbc5c70a16019e5,True,tests/lib/test_converters.py::test_convert_activity_xml_1,,,pass,fail,0.0,0.0,100,1,True,vic_confirmed,,results/idoft-od/lib-cove-tests_lib_test_converters_py__test_convert_activity_xml_1.json
lib-cove,https://github.com/OpenDataServices/lib-cove,OD-Vic,74ba874ec6882969894797ee0dbc5c70a16019e5,True,tests/lib/test_converters.py::test_convert_json_1,,,pass,fail,0.0,0.0,100,1,True,vic_confirmed,,results/idoft-od/lib-cove-tests_lib_test_converters_py__test_convert_json_1.json
lib-cove,https://github.com/OpenDataServices/lib-cove,OD-Vic,74ba874ec6882969894797ee0dbc5c70a16019e5,True,tests/lib/test_converters.py::test_convert_org_xml_1,,,pass,fail,0.0,0.0,100,1,True,vic_confirmed,,results/idoft-od/lib-cove-tests_lib_test_converters_py__test_convert_org_xml_1.json
dzonegit,https://github.com/oskar456/dzonegit,OD-Brit,8f952086aa41aee4ebb7432926ed8c6a9211ac9f,True,test_dzonegit.py::test_get_altered_files,,,fail,skipped,0.0,0.0,100,0,True,brit_confirmed,,results/idoft-od/dzonegit-test_dzonegit_py__test_get_altered_files.json
dzonegit,https://github.com/oskar456/dzonegit,OD-Brit,8f952086aa41aee4ebb7432926ed8c6a9211ac9f,True,test_dzonegit.py::test_get_file_contents,,,fail,skipped,0.0,0.0,100,0,True,brit_confirmed,,results/idoft-od/dzonegit-test_dzonegit_py__test_get_file_contents.json
dzonegit,https://github.com/oskar456/dzonegit,OD-Vic,8f952086aa41aee4ebb7432926ed8c6a9211ac9f,True,test_dzonegit.py::test_get_head,,,pass,fail,0.0,0.0,100,1,True,vic_confirmed,,results/idoft-od/dzonegit-test_dzonegit_py__test_get_head.json
dzonegit,https://github.com/oskar456/dzonegit,OD-Brit,8f952086aa41aee4ebb7432926ed8c6a9211ac9f,True,test_dzonegit.py::test_post_receive,,,fail,skipped,0.0,0.0,100,0,True,brit_confirmed,,results/idoft-od/dzonegit-test_dzonegit_py__test_post_receive.json
dzonegit,https://github.com/oskar456/dzonegit,OD-Vic,8f952086aa41aee4ebb7432926ed8c6a9211ac9f,True,test_dzonegit.py::test_pre_receive,,,pass,pass,4.0,1.0,100,6,True,vic_confirmed,,results/idoft-od/dzonegit-test_dzonegit_py__test_pre_receive.json
dzonegit,https://github.com/oskar456/dzonegit,OD-Brit,8f952086aa41aee4ebb7432926ed8c6a9211ac9f,True,test_dzonegit.py::test_template_config,,,fail,skipped,0.0,0.0,100,0,True,brit_confirmed,,results/idoft-od/dzonegit-test_dzonegit_py__test_template_config.json
dzonegit,https://github.com/oskar456/dzonegit,OD-Vic,8f952086aa41aee4ebb7432926ed8c6a9211ac9f,True,test_dzonegit.py::test_update,,,pass,pass,0.0,1.0,100,2,True,vic_confirmed,,results/idoft-od/dzonegit-test_dzonegit_py__test_update.json
vcdriver,https://github.com/Osirium/vcdriver,OD-Vic,2f311df9a73c82b5837d01bac16a10eb4db955eb,True,test/unit/test_config.py::test_read,,,fail,error,0.0,0.0,100,1,False,could_not_reproduce,,results/idoft-od/vcdriver-test_unit_test_config_py__test_read.json
metcli,https://github.com/ozzywalsh/metcli,OD-Vic,4658176034cea68955849bf488494c8ce3ffcbcd,True,metcli/test_metcli.py::test_met_request_should_handle_connection_problem,,,pass,fail,0.0,0.0,100,1,True,vic_confirmed,,results/idoft-od/metcli-metcli_test_metcli_py__test_met_request_should_handle_connec.json
metcli,https://github.com/ozzywalsh/metcli,OD-Vic,4658176034cea68955849bf488494c8ce3ffcbcd,True,metcli/test_metcli.py::test_met_request_should_return_dict,,,pass,fail,0.0,0.0,100,1,True,vic_confirmed,,results/idoft-od/metcli-metcli_test_metcli_py__test_met_request_should_return_dict.json
serpextract,https://github.com/Parsely/serpextract,OD-Vic,aec8f2bd79c66953938569a24b05c693ab70b4ce,True,tests/test_serps.py::TestSERPs::test_custom_parser_explicit,,,fail,error,0.0,0.0,100,1,False,could_not_reproduce,,results/idoft-od/serpextract-tests_test_serps_py__testserps__test_custom_parser_explicit.json
serpextract,https://github.com/Parsely/serpextract,OD-Brit,aec8f2bd79c66953938569a24b05c693ab70b4ce,True,tests/test_serps.py::TestSERPs::test_custom_parser_implicit,,,fail,skipped,0.0,0.0,100,0,True,brit_confirmed,,results/idoft-od/serpextract-tests_test_serps_py__testserps__test_custom_parser_implicit.json
dotty_dict,https://github.com/pawelzny/dotty_dict,OD,ae87e3fb76cbec5bfb9c885ccfb942afc3f0c9b5,True,tests/test_dotty_cache.py::test_getitem_cache,,,fail,error,100.0,0.0,100,101,False,could_not_reproduce,,results/idoft-od/dotty_dict-tests_test_dotty_cache_py__test_getitem_cache.json
serpextract,https://github.com/Parsely/serpextract,OD-Vic,aec8f2bd79c66953938569a24b05c693ab70b4ce,True,tests/test_serps.py::TestSERPs::test_naive_detection,,,fail,error,0.0,0.0,100,1,False,could_not_reproduce,,results/idoft-od/serpextract-tests_test_serps_py__testserps__test_naive_detection.json
autoclasswrapper,https://github.com/pierrepo/autoclasswrapper,OD-Brit,af43dd833e5586386098d1793a59332e968069da,True,tests/test_output.py::TestOutputClass::test_write_dendrogram,,,fail,skipped,0.0,0.0,100,0,True,brit_confirmed,,results/idoft-od/autoclasswrapper-tests_test_output_py__testoutputclass__test_write_dendrogram.json
serpextract,https://github.com/Parsely/serpextract/,OD-Vic,aec8f2bd79c66953938569a24b05c693ab70b4ce,True,tests/test_serps.py::TestSERPs::test_custom_parser_explicit,,,fail,error,0.0,0.0,100,1,False,could_not_reproduce,,results/idoft-od/serpextract-tests_test_serps_py__testserps__test_custom_parser_explicit.json
serpextract,https://github.com/Parsely/serpextract/,OD-Brit,aec8f2bd79c66953938569a24b05c693ab70b4ce,True,tests/test_serps.py::TestSERPs::test_custom_parser_implicit,,,fail,skipped,0.0,0.0,100,0,True,brit_confirmed,,results/idoft-od/serpextract-tests_test_serps_py__testserps__test_custom_parser_implicit.json
autoclasswrapper,https://github.com/pierrepo/autoclasswrapper,OD-Vic,af43dd833e5586386098d1793a59332e968069da,True,tests/test_output.py::TestOutputClass::test_write_dendrogram_no_stats,,,pass,fail,0.0,0.0,100,1,True,vic_confirmed,,results/idoft-od/autoclasswrapper-tests_test_output_py__testoutputclass__test_write_dendrogram.json
serpextract,https://github.com/Parsely/serpextract/,OD-Vic,aec8f2bd79c66953938569a24b05c693ab70b4ce,True,tests/test_serps.py::TestSERPs::test_naive_detection,,,fail,error,0.0,0.0,100,1,False,could_not_reproduce,,results/idoft-od/serpextract-tests_test_serps_py__testserps__test_naive_detection.json
docker-pretty-ps,https://github.com/politeauthority/docker-pretty-ps,OD-Vic,2fcc9db4e391df2b96ccc2e967b41b6263fdcc2d,True,tests/test_dockerprettyps.py::TestDockerPrettyPs::test_container_display_name,,,pass,fail,0.0,0.0,100,1,True,vic_confirmed,,results/idoft-od/docker-pretty-ps-tests_test_dockerprettyps_py__testdockerprettyps__test_conta.json
docker-pretty-ps,https://github.com/politeauthority/docker-pretty-ps,OD-Vic,2fcc9db4e391df2b96ccc2e967b41b6263fdcc2d,True,tests/test_dockerprettyps.py::TestDockerPrettyPs::test_get_container_colors,,,pass,fail,0.0,0.0,100,1,True,vic_confirmed,,results/idoft-od/docker-pretty-ps-tests_test_dockerprettyps_py__testdockerprettyps__test_get_c.json
docker-pretty-ps,https://github.com/politeauthority/docker-pretty-ps,OD-Vic,2fcc9db4e391df2b96ccc2e967b41b6263fdcc2d,True,tests/test_dockerprettyps.py::TestDockerPrettyPs::test_print_format,,,pass,fail,0.0,0.0,100,1,True,vic_confirmed,,results/idoft-od/docker-pretty-ps-tests_test_dockerprettyps_py__testdockerprettyps__test_print.json
limitediterables,https://github.com/Poogles/limitediterables,OD-Vic,3ce3bc28d5c4092db3d5499ad60339c007f4c0e0,True,tests/test_iterables.py::test_actual_rate_slower_than_rate_limit,,,pass,fail,0.0,0.0,100,1,True,vic_confirmed,,results/idoft-od/limitediterables-tests_test_iterables_py__test_actual_rate_slower_than_rate_l.json
limitediterables,https://github.com/Poogles/limitediterables,OD-Vic,3ce3bc28d5c4092db3d5499ad60339c007f4c0e0,True,tests/test_iterables.py::test_rate_limit,,,fail,fail,0.0,0.0,100,1,True,vic_confirmed,,results/idoft-od/limitediterables-tests_test_iterables_py__test_rate_limit.json
limitediterables,https://github.com/Poogles/limitediterables,OD-Vic,3ce3bc28d5c4092db3d5499ad60339c007f4c0e0,True,tests/test_iterables.py::test_rate_limit_negative,,,fail,fail,0.0,0.0,100,1,True,vic_confirmed,,results/idoft-od/limitediterables-tests_test_iterables_py__test_rate_limit_negative.json
torchpwl,https://github.com/PiotrDabkowski/torchpwl,OD-Vic,73b09cfa9f4c173988d8f075485b887c694fc5a8,True,torchpwl/pwl_test.py::test_pwl_default_init_response[7-3-MonoPointPWL],,,fail,error,0.0,0.0,100,1,False,could_not_reproduce,,results/idoft-od/torchpwl-torchpwl_pwl_test_py__test_pwl_default_init_response_7_3_mon.json
pydu,https://github.com/Prodesire/pydu,OD-Brit,e6e4055f81dbbece55dccfe29b7fb82b9bf40610,True,tests/test_iter.py::test_first_last,,,pass,pass,100.0,0.0,100,101,False,could_not_reproduce,,results/idoft-od/pydu-tests_test_iter_py__test_first_last.json
mccabe,https://github.com/pycqa/mccabe,OD-Brit,e92e9e79799c5796f76f3da821dbb5aa56e41028,True,test_mccabe.py::RegressionTests::test_max_complexity_is_always_an_int,,,fail,skipped,0.0,0.0,100,0,True,brit_confirmed,,results/idoft-od/mccabe-test_mccabe_py__regressiontests__test_max_complexity_is_alwa.json
domain2idna,https://github.com/PyFunceble/domain2idna,OD-Vic,39a1c4e1ebb877ed511e53b618fbe437a685c970,True,tests/test_cli.py::TestCLI::test_domain,,,pass,fail,0.0,0.0,100,1,True,vic_confirmed,,results/idoft-od/domain2idna-tests_test_cli_py__testcli__test_domain.json
domain2idna,https://github.com/PyFunceble/domain2idna,OD-Vic,39a1c4e1ebb877ed511e53b618fbe437a685c970,True,tests/test_cli.py::TestCLI::test_file,,,pass,error,1.0,1.0,100,3,True,vic_confirmed,,results/idoft-od/domain2idna-tests_test_cli_py__testcli__test_file.json
domain2idna,https://github.com/PyFunceble/domain2idna,OD-Vic,39a1c4e1ebb877ed511e53b618fbe437a685c970,True,tests/test_converter.py::TestConverter::test_commented_line,,,pass,pass,100.0,0.0,100,101,False,could_not_reproduce,,results/idoft-od/domain2idna-tests_test_converter_py__testconverter__test_commented_line.json
torchpwl,https://github.com/PiotrDabkowski/torchpwl,OD-Vic,73b09cfa9f4c173988d8f075485b887c694fc5a8,True,torchpwl/pwl_test.py::test_pwl_is_continous[2-3-PointPWL],,,fail,error,0.0,0.0,100,1,False,could_not_reproduce,,results/idoft-od/torchpwl-torchpwl_pwl_test_py__test_pwl_is_continous_2_3_pointpwl_.json
domain2idna,https://github.com/PyFunceble/domain2idna,OD-Vic,39a1c4e1ebb877ed511e53b618fbe437a685c970,True,tests/test_converter.py::TestConverter::test_hosts_file_format,,,pass,pass,100.0,0.0,100,101,False,could_not_reproduce,,results/idoft-od/domain2idna-tests_test_converter_py__testconverter__test_hosts_file_form.json
domain2idna,https://github.com/PyFunceble/domain2idna,OD-Vic,39a1c4e1ebb877ed511e53b618fbe437a685c970,True,tests/test_converter.py::TestConverter::test_to_idna_multiple,,,pass,pass,100.0,0.0,100,101,False,could_not_reproduce,,results/idoft-od/domain2idna-tests_test_converter_py__testconverter__test_to_idna_multipl.json
domain2idna,https://github.com/PyFunceble/domain2idna,OD-Vic,39a1c4e1ebb877ed511e53b618fbe437a685c970,True,tests/test_converter.py::TestConverter::test_to_idna_multiple_urls,,,pass,pass,100.0,0.0,100,101,False,could_not_reproduce,,results/idoft-od/domain2idna-tests_test_converter_py__testconverter__test_to_idna_multipl.json
domain2idna,https://github.com/PyFunceble/domain2idna,OD-Vic,39a1c4e1ebb877ed511e53b618fbe437a685c970,True,tests/test_converter.py::TestConverter::test_to_idna_single,,,pass,pass,100.0,0.0,100,101,False,could_not_reproduce,,results/idoft-od/domain2idna-tests_test_converter_py__testconverter__test_to_idna_single.json
torchpwl,https://github.com/PiotrDabkowski/torchpwl,OD-Vic,73b09cfa9f4c173988d8f075485b887c694fc5a8,True,torchpwl/pwl_test.py::test_pwl_is_continous[4-1-PointPWL],,,fail,error,0.0,0.0,100,1,False,could_not_reproduce,,results/idoft-od/torchpwl-torchpwl_pwl_test_py__test_pwl_is_continous_4_1_pointpwl_.json
domain2idna,https://github.com/PyFunceble/domain2idna,OD-Vic,39a1c4e1ebb877ed511e53b618fbe437a685c970,True,tests/test_helpers.py::TestFile::test_delete_not_exist,,,pass,pass,100.0,0.0,100,101,False,could_not_reproduce,,results/idoft-od/domain2idna-tests_test_helpers_py__testfile__test_delete_not_exist.json
domain2idna,https://github.com/PyFunceble/domain2idna,OD-Vic,39a1c4e1ebb877ed511e53b618fbe437a685c970,True,tests/test_helpers.py::TestFile::test_read_delete,,,pass,pass,100.0,0.0,100,101,False,could_not_reproduce,,results/idoft-od/domain2idna-tests_test_helpers_py__testfile__test_read_delete.json
domain2idna,https://github.com/PyFunceble/domain2idna,OD-Vic,39a1c4e1ebb877ed511e53b618fbe437a685c970,True,tests/test_helpers.py::TestFile::test_write_delete,,,pass,pass,100.0,0.0,100,101,False,could_not_reproduce,,results/idoft-od/domain2idna-tests_test_helpers_py__testfile__test_write_delete.json
odinweb,https://github.com/python-odin/odinweb,OD-Vic,198424133584acc18cb41c8d18d91f803abc810f,True,tests/test_containers.py::TestApiInterfaceBase::test_dispatch__encode_error_with_debug_enabled,,,pass,pass,100.0,0.0,100,101,False,could_not_reproduce,,results/idoft-od/odinweb-tests_test_containers_py__testapiinterfacebase__test_dispatc.json
domain2idna,https://github.com/PyFunceble/domain2idna,OD-Vic,39a1c4e1ebb877ed511e53b618fbe437a685c970,True,tests/test_helpers.py::TestFile::test_write_overwrite_delete,,,pass,pass,100.0,0.0,100,101,False,could_not_reproduce,,results/idoft-od/domain2idna-tests_test_helpers_py__testfile__test_write_overwrite_delete.json
odinweb,https://github.com/python-odin/odinweb,OD-Vic,198424133584acc18cb41c8d18d91f803abc810f,True,tests/test_containers.py::TestApiInterfaceBase::test_dispatch__error_handled_by_middleware,,,pass,pass,100.0,0.0,100,101,False,could_not_reproduce,,results/idoft-od/odinweb-tests_test_containers_py__testapiinterfacebase__test_dispatc.json
domain2idna,https://github.com/PyFunceble/domain2idna,OD-Vic,39a1c4e1ebb877ed511e53b618fbe437a685c970,True,tests/test_init.py::TestInit::test_get,,,pass,pass,100.0,0.0,100,101,False,could_not_reproduce,,results/idoft-od/domain2idna-tests_test_init_py__testinit__test_get.json
odinweb,https://github.com/python-odin/odinweb,OD-Vic,198424133584acc18cb41c8d18d91f803abc810f,True,tests/test_containers.py::TestApiInterfaceBase::test_dispatch__error_handled_by_middleware_raises_exception,,,pass,pass,100.0,0.0,100,101,False,could_not_reproduce,,results/idoft-od/odinweb-tests_test_containers_py__testapiinterfacebase__test_dispatc.json
odinweb,https://github.com/python-odin/odinweb,OD-Vic,198424133584acc18cb41c8d18d91f803abc810f,True,tests/test_containers.py::TestApiInterfaceBase::test_dispatch__error_with_debug_enabled,,,pass,pass,100.0,0.0,100,101,False,could_not_reproduce,,results/idoft-od/odinweb-tests_test_containers_py__testapiinterfacebase__test_dispatc.json
qgrid,https://github.com/quantopian/qgrid,OD-Vic,877b420d3bd83297bbcc97202b914001a85afff2,True,qgrid/tests/test_grid.py::test_edit_multi_index_df,,,fail,error,0.0,0.0,100,1,False,could_not_reproduce,,results/idoft-od/qgrid-qgrid_tests_test_grid_py__test_edit_multi_index_df.json
odinweb,https://github.com/python-odin/odinweb,OD-Vic,198424133584acc18cb41c8d18d91f803abc810f,True,tests/test_containers.py::TestApiInterfaceBase::test_dispatch__exceptions[error0-HTTPStatus.NOT_MODIFIED],,,pass,pass,100.0,0.0,100,101,False,could_not_reproduce,,results/idoft-od/odinweb-tests_test_containers_py__testapiinterfacebase__test_dispatc.json
odinweb,https://github.com/python-odin/odinweb,OD-Vic,198424133584acc18cb41c8d18d91f803abc810f,True,tests/test_containers.py::TestApiInterfaceBase::test_dispatch__exceptions[error1-400],,,pass,pass,100.0,0.0,100,101,False,could_not_reproduce,,results/idoft-od/odinweb-tests_test_containers_py__testapiinterfacebase__test_dispatc.json
odinweb,https://github.com/python-odin/odinweb,OD-Vic,198424133584acc18cb41c8d18d91f803abc810f,True,tests/test_containers.py::TestApiInterfaceBase::test_dispatch__exceptions[error2-400],,,pass,pass,100.0,0.0,100,101,False,could_not_reproduce,,results/idoft-od/odinweb-tests_test_containers_py__testapiinterfacebase__test_dispatc.json
pyradigm,https://github.com/raamana/pyradigm,OD-Vic,01d47cf34a9af4bb104e2891559059a522221b4d,True,pyradigm/tests/test_BaseDataset_common_behaviours.py::test_save_load,,,fail,error,0.0,0.0,100,1,False,could_not_reproduce,,results/idoft-od/pyradigm-pyradigm_tests_test_basedataset_common_behaviours_py__test_s.json
odinweb,https://github.com/python-odin/odinweb,OD-Vic,198424133584acc18cb41c8d18d91f803abc810f,True,tests/test_containers.py::TestApiInterfaceBase::test_dispatch__exceptions[error5-500],,,pass,pass,100.0,0.0,100,101,False,could_not_reproduce,,results/idoft-od/odinweb-tests_test_containers_py__testapiinterfacebase__test_dispatc.json
pyradigm,https://github.com/raamana/pyradigm,OD-Vic,01d47cf34a9af4bb104e2891559059a522221b4d,True,pyradigm/tests/test_classify_dataset.py::test_add,,,fail,error,0.0,0.0,100,1,False,could_not_reproduce,,results/idoft-od/pyradigm-pyradigm_tests_test_classify_dataset_py__test_add.json
odinweb,https://github.com/python-odin/odinweb,OD-Vic,198424133584acc18cb41c8d18d91f803abc810f,True,tests/test_containers.py::TestApiInterfaceBase::test_dispatch__exceptions[NotImplementedError-501],,,pass,pass,100.0,0.0,100,101,False,could_not_reproduce,,results/idoft-od/odinweb-tests_test_containers_py__testapiinterfacebase__test_dispatc.json
pyradigm,https://github.com/raamana/pyradigm,OD-Vic,01d47cf34a9af4bb104e2891559059a522221b4d,True,pyradigm/tests/test_classify_dataset.py::test_cant_write_to_nonexisting_dir,,,fail,error,0.0,0.0,100,1,False,could_not_reproduce,,results/idoft-od/pyradigm-pyradigm_tests_test_classify_dataset_py__test_cant_write_to_.json
odinweb,https://github.com/python-odin/odinweb,OD-Vic,198424133584acc18cb41c8d18d91f803abc810f,True,tests/test_containers.py::TestApiInterfaceBase::test_dispatch__exceptions[ValueError-500],,,pass,pass,100.0,0.0,100,101,False,could_not_reproduce,,results/idoft-od/odinweb-tests_test_containers_py__testapiinterfacebase__test_dispatc.json
pyradigm,https://github.com/raamana/pyradigm,OD-Vic,01d47cf34a9af4bb104e2891559059a522221b4d,True,pyradigm/tests/test_classify_dataset.py::test_init_with_dict,,,fail,error,0.0,0.0,100,1,False,could_not_reproduce,,results/idoft-od/pyradigm-pyradigm_tests_test_classify_dataset_py__test_init_with_dict.json
odinweb,https://github.com/python-odin/odinweb,OD-Vic,198424133584acc18cb41c8d18d91f803abc810f,True,tests/test_containers.py::TestApiInterfaceBase::test_dispatch__http_response,,,pass,pass,100.0,0.0,100,101,False,could_not_reproduce,,results/idoft-od/odinweb-tests_test_containers_py__testapiinterfacebase__test_dispatc.json
odinweb,https://github.com/python-odin/odinweb,OD-Vic,198424133584acc18cb41c8d18d91f803abc810f,True,tests/test_containers.py::TestApiInterfaceBase::test_dispatch__invalid_headers[r1-406-URI not available in preferred format],,,pass,pass,100.0,0.0,100,101,False,could_not_reproduce,,results/idoft-od/odinweb-tests_test_containers_py__testapiinterfacebase__test_dispatc.json
pyradigm,https://github.com/raamana/pyradigm,OD-Vic,01d47cf34a9af4bb104e2891559059a522221b4d,True,pyradigm/tests/test_classify_dataset.py::test_num_targets,,,fail,error,0.0,0.0,100,1,False,could_not_reproduce,,results/idoft-od/pyradigm-pyradigm_tests_test_classify_dataset_py__test_num_targets.json
odinweb,https://github.com/python-odin/odinweb,OD-Vic,198424133584acc18cb41c8d18d91f803abc810f,True,tests/test_containers.py::TestApiInterfaceBase::test_dispatch__invalid_headers[r2-405-Specified method is invalid for this resource],,,pass,pass,100.0,0.0,100,101,False,could_not_reproduce,,results/idoft-od/odinweb-tests_test_containers_py__testapiinterfacebase__test_dispatc.json
pyradigm,https://github.com/raamana/pyradigm,OD-Vic,01d47cf34a9af4bb104e2891559059a522221b4d,True,pyradigm/tests/test_classify_dataset.py::test_return_data_labels,,,fail,error,0.0,0.0,100,1,False,could_not_reproduce,,results/idoft-od/pyradigm-pyradigm_tests_test_classify_dataset_py__test_return_data_la.json
odinweb,https://github.com/python-odin/odinweb,OD-Vic,198424133584acc18cb41c8d18d91f803abc810f,True,tests/test_containers.py::TestApiInterfaceBase::test_dispatch__with_middleware,,,pass,pass,100.0,0.0,100,101,False,could_not_reproduce,,results/idoft-od/odinweb-tests_test_containers_py__testapiinterfacebase__test_dispatc.json
pyradigm,https://github.com/raamana/pyradigm,OD-Vic,01d47cf34a9af4bb104e2891559059a522221b4d,True,pyradigm/tests/test_old_pyradigm.py::test_add,,,fail,error,0.0,0.0,100,1,False,could_not_reproduce,,results/idoft-od/pyradigm-pyradigm_tests_test_old_pyradigm_py__test_add.json
pyradigm,https://github.com/raamana/pyradigm,OD-Vic,01d47cf34a9af4bb104e2891559059a522221b4d,True,pyradigm/tests/test_old_pyradigm.py::test_init_with_dict,,,fail,error,0.0,0.0,100,1,False,could_not_reproduce,,results/idoft-od/pyradigm-pyradigm_tests_test_old_pyradigm_py__test_init_with_dict.json
pyradigm,https://github.com/raamana/pyradigm,OD-Vic,01d47cf34a9af4bb104e2891559059a522221b4d,True,pyradigm/tests/test_old_pyradigm.py::test_num_classes,,,fail,error,0.0,0.0,100,1,False,could_not_reproduce,,results/idoft-od/pyradigm-pyradigm_tests_test_old_pyradigm_py__test_num_classes.json
pingouin,https://github.com/raphaelvallat/pingouin,OD-Vic,08560bb978949e97653b203f7374e90b022b88fb,True,pingouin/tests/test_regression.py::TestRegression::test_logistic_regression,,,fail,fail,0.0,0.0,100,1,True,vic_confirmed,,results/idoft-od/pingouin-pingouin_tests_test_regression_py__testregression__test_logi.json
pyradigm,https://github.com/raamana/pyradigm,OD-Vic,01d47cf34a9af4bb104e2891559059a522221b4d,True,pyradigm/tests/test_old_pyradigm.py::test_return_data_labels,,,fail,error,0.0,0.0,100,1,False,could_not_reproduce,,results/idoft-od/pyradigm-pyradigm_tests_test_old_pyradigm_py__test_return_data_labels.json
tornado-swirl,https://github.com/rduldulao/tornado-swirl,OD-Brit,b8df27efc3d7fd0dce0f0290767c94ac2e747311,True,tests/test_swirl.py::TestSampleEndpoints::test_security_scheme1,,,fail,skipped,0.0,0.0,100,0,True,brit_confirmed,,results/idoft-od/tornado-swirl-tests_test_swirl_py__testsampleendpoints__test_security_sche.json
tornado-swirl,https://github.com/rduldulao/tornado-swirl,OD-Brit,b8df27efc3d7fd0dce0f0290767c94ac2e747311,True,tests/test_swirl.py::TestSampleEndpoints::test_security_scheme2,,,fail,skipped,0.0,0.0,100,0,True,brit_confirmed,,results/idoft-od/tornado-swirl-tests_test_swirl_py__testsampleendpoints__test_security_sche.json
pyradigm,https://github.com/raamana/pyradigm,OD-Vic,01d47cf34a9af4bb104e2891559059a522221b4d,True,pyradigm/tests/test_regress_dataset.py::test_add,,,fail,error,0.0,0.0,100,1,False,could_not_reproduce,,results/idoft-od/pyradigm-pyradigm_tests_test_regress_dataset_py__test_add.json
pyradigm,https://github.com/raamana/pyradigm,OD-Vic,01d47cf34a9af4bb104e2891559059a522221b4d,True,pyradigm/tests/test_regress_dataset.py::test_cant_write_to_nonexisting_dir,,,fail,error,0.0,0.0,100,1,False,could_not_reproduce,,results/idoft-od/pyradigm-pyradigm_tests_test_regress_dataset_py__test_cant_write_to_n.json
PyGraph,https://github.com/richecr/PyGraph,OD,e81c3a0f543f5bfcda1a603c6dcecde13d582c57,True,__tests__/test_simple_graph.py::TestSimpleGraph::test_add_vertex,,,pass,pass,100.0,0.0,100,101,False,could_not_reproduce,,results/idoft-od/PyGraph-__tests___test_simple_graph_py__testsimplegraph__test_add_ve.json
PyGraph,https://github.com/richecr/PyGraph,OD,e81c3a0f543f5bfcda1a603c6dcecde13d582c57,True,__tests__/test_simple_graph.py::TestSimpleGraph::test_delete_vertex,,,fail,fail,0.0,0.0,100,1,True,vic_confirmed,,results/idoft-od/PyGraph-__tests___test_simple_graph_py__testsimplegraph__test_delete.json
PyGraph,https://github.com/richecr/PyGraph,OD,e81c3a0f543f5bfcda1a603c6dcecde13d582c57,True,__tests__/test_simple_graph.py::TestSimpleGraph::test_duplicated_edge,,,fail,pass,0.0,1.0,100,2,True,vic_confirmed,,results/idoft-od/PyGraph-__tests___test_simple_graph_py__testsimplegraph__test_duplic.json
PyGraph,https://github.com/richecr/PyGraph,OD,e81c3a0f543f5bfcda1a603c6dcecde13d582c57,True,__tests__/test_simple_graph.py::TestSimpleGraph::test_false_cycle_graph,,,fail,pass,1.0,1.0,100,3,True,vic_confirmed,,results/idoft-od/PyGraph-__tests___test_simple_graph_py__testsimplegraph__test_false_.json
PyGraph,https://github.com/richecr/PyGraph,OD,e81c3a0f543f5bfcda1a603c6dcecde13d582c57,True,__tests__/test_simple_graph.py::TestSimpleGraph::test_false_regular_graph,,,fail,fail,0.0,0.0,100,1,True,vic_confirmed,,results/idoft-od/PyGraph-__tests___test_simple_graph_py__testsimplegraph__test_false_.json
PyGraph,https://github.com/richecr/PyGraph,OD,e81c3a0f543f5bfcda1a603c6dcecde13d582c57,True,__tests__/test_simple_graph.py::TestSimpleGraph::test_get_all_vertex,,,fail,fail,0.0,0.0,100,1,True,vic_confirmed,,results/idoft-od/PyGraph-__tests___test_simple_graph_py__testsimplegraph__test_get_al.json
PyGraph,https://github.com/richecr/PyGraph,OD,e81c3a0f543f5bfcda1a603c6dcecde13d582c57,True,__tests__/test_simple_graph.py::TestSimpleGraph::test_is_terminal,,,fail,pass,0.0,1.0,100,2,True,vic_confirmed,,results/idoft-od/PyGraph-__tests___test_simple_graph_py__testsimplegraph__test_is_ter.json
PyGraph,https://github.com/richecr/PyGraph,OD,e81c3a0f543f5bfcda1a603c6dcecde13d582c57,True,__tests__/test_simple_graph.py::TestSimpleGraph::test_num_edges,,,fail,fail,0.0,0.0,100,1,True,vic_confirmed,,results/idoft-od/PyGraph-__tests___test_simple_graph_py__testsimplegraph__test_num_ed.json
PyGraph,https://github.com/richecr/PyGraph,OD,e81c3a0f543f5bfcda1a603c6dcecde13d582c57,True,__tests__/test_simple_graph.py::TestSimpleGraph::test_num_vertex,,,pass,fail,0.0,0.0,100,1,True,vic_confirmed,,results/idoft-od/PyGraph-__tests___test_simple_graph_py__testsimplegraph__test_num_ve.json
PyGraph,https://github.com/richecr/PyGraph,OD,e81c3a0f543f5bfcda1a603c6dcecde13d582c57,True,__tests__/test_simple_graph.py::TestSimpleGraph::test_true_regular_graph,,,fail,pass,0.0,1.0,100,2,True,vic_confirmed,,results/idoft-od/PyGraph-__tests___test_simple_graph_py__testsimplegraph__test_true_r.json
pyradigm,https://github.com/raamana/pyradigm,OD-Vic,01d47cf34a9af4bb104e2891559059a522221b4d,True,pyradigm/tests/test_regress_dataset.py::test_init_with_dict,,,fail,error,0.0,0.0,100,1,False,could_not_reproduce,,results/idoft-od/pyradigm-pyradigm_tests_test_regress_dataset_py__test_init_with_dict.json
PyGraph,https://github.com/richecr/PyGraph,OD,e81c3a0f543f5bfcda1a603c6dcecde13d582c57,True,__tests__/test_simple_graph.py::TestSimpleGraph::test_vertex_neighbors,,,pass,pass,100.0,0.0,100,101,False,could_not_reproduce,,results/idoft-od/PyGraph-__tests___test_simple_graph_py__testsimplegraph__test_vertex.json
PyGraph,https://github.com/Rickecr/PyGraph,OD-Brit,e81c3a0f543f5bfcda1a603c6dcecde13d582c57,True,__tests__/test_simple_graph.py::TestSimpleGraph::test_delete_vertex,,,fail,skipped,0.0,0.0,100,0,True,brit_confirmed,,results/idoft-od/PyGraph-__tests___test_simple_graph_py__testsimplegraph__test_delete.json
PyGraph,https://github.com/Rickecr/PyGraph,OD-Brit,e81c3a0f543f5bfcda1a603c6dcecde13d582c57,True,__tests__/test_simple_graph.py::TestSimpleGraph::test_duplicated_edge,,,fail,skipped,0.0,0.0,100,0,True,brit_confirmed,,results/idoft-od/PyGraph-__tests___test_simple_graph_py__testsimplegraph__test_duplic.json
PyGraph,https://github.com/Rickecr/PyGraph,OD-Brit,e81c3a0f543f5bfcda1a603c6dcecde13d582c57,True,__tests__/test_simple_graph.py::TestSimpleGraph::test_edge_exists,,,fail,skipped,0.0,0.0,100,0,True,brit_confirmed,,results/idoft-od/PyGraph-__tests___test_simple_graph_py__testsimplegraph__test_edge_e.json
PyGraph,https://github.com/Rickecr/PyGraph,OD-Brit,e81c3a0f543f5bfcda1a603c6dcecde13d582c57,True,__tests__/test_simple_graph.py::TestSimpleGraph::test_false_cycle_graph,,,fail,skipped,0.0,0.0,100,0,True,brit_confirmed,,results/idoft-od/PyGraph-__tests___test_simple_graph_py__testsimplegraph__test_false_.json
PyGraph,https://github.com/Rickecr/PyGraph,OD-Brit,e81c3a0f543f5bfcda1a603c6dcecde13d582c57,True,__tests__/test_simple_graph.py::TestSimpleGraph::test_false_regular_graph,,,fail,skipped,0.0,0.0,100,0,True,brit_confirmed,,results/idoft-od/PyGraph-__tests___test_simple_graph_py__testsimplegraph__test_false_.json
PyGraph,https://github.com/Rickecr/PyGraph,OD-Brit,e81c3a0f543f5bfcda1a603c6dcecde13d582c57,True,__tests__/test_simple_graph.py::TestSimpleGraph::test_is_terminal,,,fail,skipped,0.0,0.0,100,0,True,brit_confirmed,,results/idoft-od/PyGraph-__tests___test_simple_graph_py__testsimplegraph__test_is_ter.json
PyGraph,https://github.com/Rickecr/PyGraph,OD-Brit,e81c3a0f543f5bfcda1a603c6dcecde13d582c57,True,__tests__/test_simple_graph.py::TestSimpleGraph::test_list_graph_edges,,,fail,skipped,0.0,0.0,100,0,True,brit_confirmed,,results/idoft-od/PyGraph-__tests___test_simple_graph_py__testsimplegraph__test_list_g.json
PyGraph,https://github.com/Rickecr/PyGraph,OD-Brit,e81c3a0f543f5bfcda1a603c6dcecde13d582c57,True,__tests__/test_simple_graph.py::TestSimpleGraph::test_list_graph_vertices,,,fail,skipped,0.0,0.0,100,0,True,brit_confirmed,,results/idoft-od/PyGraph-__tests___test_simple_graph_py__testsimplegraph__test_list_g.json
PyGraph,https://github.com/Rickecr/PyGraph,OD-Brit,e81c3a0f543f5bfcda1a603c6dcecde13d582c57,True,__tests__/test_simple_graph.py::TestSimpleGraph::test_num_edges,,,fail,skipped,0.0,0.0,100,0,True,brit_confirmed,,results/idoft-od/PyGraph-__tests___test_simple_graph_py__testsimplegraph__test_num_ed.json
PyGraph,https://github.com/Rickecr/PyGraph,OD-Vic,e81c3a0f543f5bfcda1a603c6dcecde13d582c57,True,__tests__/test_simple_graph.py::TestSimpleGraph::test_num_vertex,,,pass,fail,0.0,0.0,100,1,True,vic_confirmed,,results/idoft-od/PyGraph-__tests___test_simple_graph_py__testsimplegraph__test_num_ve.json
PyGraph,https://github.com/Rickecr/PyGraph,OD-Brit,e81c3a0f543f5bfcda1a603c6dcecde13d582c57,True,__tests__/test_simple_graph.py::TestSimpleGraph::test_show_edge,,,fail,skipped,0.0,0.0,100,0,True,brit_confirmed,,results/idoft-od/PyGraph-__tests___test_simple_graph_py__testsimplegraph__test_show_e.json
PyGraph,https://github.com/Rickecr/PyGraph,OD-Brit,e81c3a0f543f5bfcda1a603c6dcecde13d582c57,True,__tests__/test_simple_graph.py::TestSimpleGraph::test_true_cycle_graph,,,fail,skipped,0.0,0.0,100,0,True,brit_confirmed,,results/idoft-od/PyGraph-__tests___test_simple_graph_py__testsimplegraph__test_true_c.json
PyGraph,https://github.com/Rickecr/PyGraph,OD-Brit,e81c3a0f543f5bfcda1a603c6dcecde13d582c57,True,__tests__/test_simple_graph.py::TestSimpleGraph::test_vertex_degree,,,fail,skipped,0.0,0.0,100,0,True,brit_confirmed,,results/idoft-od/PyGraph-__tests___test_simple_graph_py__testsimplegraph__test_vertex.json
PyGraph,https://github.com/Rickecr/PyGraph,OD-Brit,e81c3a0f543f5bfcda1a603c6dcecde13d582c57,True,__tests__/test_simple_graph.py::TestSimpleGraph::test_vertex_exists,,,fail,skipped,0.0,0.0,100,0,True,brit_confirmed,,results/idoft-od/PyGraph-__tests___test_simple_graph_py__testsimplegraph__test_vertex.json
PyGraph,https://github.com/Rickecr/PyGraph,OD-Brit,e81c3a0f543f5bfcda1a603c6dcecde13d582c57,True,__tests__/test_simple_graph.py::TestSimpleGraph::test_vertices_adjacency,,,fail,skipped,0.0,0.0,100,0,True,brit_confirmed,,results/idoft-od/PyGraph-__tests___test_simple_graph_py__testsimplegraph__test_vertic.json
pyradigm,https://github.com/raamana/pyradigm,OD-Vic,01d47cf34a9af4bb104e2891559059a522221b4d,True,pyradigm/tests/test_regress_dataset.py::test_num_targets,,,fail,error,0.0,0.0,100,1,False,could_not_reproduce,,results/idoft-od/pyradigm-pyradigm_tests_test_regress_dataset_py__test_num_targets.json
pyradigm,https://github.com/raamana/pyradigm,OD-Vic,01d47cf34a9af4bb104e2891559059a522221b4d,True,pyradigm/tests/test_regress_dataset.py::test_return_data_labels,,,fail,error,0.0,0.0,100,1,False,could_not_reproduce,,results/idoft-od/pyradigm-pyradigm_tests_test_regress_dataset_py__test_return_data_lab.json
abagen,https://github.com/rmarkello/abagen,OD,2aeab5bd0f147fa76b488645e148a1c18095378d,True,mouse\test_gene.py::test_get_gene_info::test_get_gene_info,,,fail,error,0.0,0.0,100,1,False,could_not_reproduce,,results/idoft-od/abagen-mouse_test_gene_py__test_get_gene_info__test_get_gene_info.json
basic_auth,https://github.com/rorymurdock/basic_auth,OD-Brit,622f2133c13988cec549f4ea55bed14e50f90876,True,tests/test_basic.py::test_verify_config,,,fail,skipped,0.0,0.0,100,0,True,brit_confirmed,,results/idoft-od/basic_auth-tests_test_basic_py__test_verify_config.json
basic_auth,https://github.com/rorymurdock/basic_auth,OD-Brit,622f2133c13988cec549f4ea55bed14e50f90876,True,tests/test_general.py::test_file_data_arguments,,,fail,skipped,0.0,0.0,100,0,True,brit_confirmed,,results/idoft-od/basic_auth-tests_test_general_py__test_file_data_arguments.json
basic_auth,https://github.com/rorymurdock/basic_auth,OD-Brit,622f2133c13988cec549f4ea55bed14e50f90876,True,tests/test_general.py::test_file_data_interactive,,,fail,skipped,0.0,0.0,100,0,True,brit_confirmed,,results/idoft-od/basic_auth-tests_test_general_py__test_file_data_interactive.json
basic_auth,https://github.com/rorymurdock/basic_auth,OD-Brit,622f2133c13988cec549f4ea55bed14e50f90876,True,tests/test_wso.py::test_file_data_arguments,,,fail,skipped,0.0,0.0,100,0,True,brit_confirmed,,results/idoft-od/basic_auth-tests_test_wso_py__test_file_data_arguments.json
basic_auth,https://github.com/rorymurdock/basic_auth,OD-Brit,622f2133c13988cec549f4ea55bed14e50f90876,True,tests/test_wso.py::test_file_data_interactive,,,fail,skipped,0.0,0.0,100,0,True,brit_confirmed,,results/idoft-od/basic_auth-tests_test_wso_py__test_file_data_interactive.json
fissa,https://github.com/rochefort-lab/fissa,OD-Vic,2077a8c8a029948dcf1d4c352f785700f42aff9f,True,fissa/tests/test_core.py::TestExperimentA::test_imagelistloaded_roizip,,,fail,fail,0.0,0.0,100,1,True,vic_confirmed,,results/idoft-od/fissa-fissa_tests_test_core_py__testexperimenta__test_imagelistloa.json
kafkian,https://github.com/saabeilin/kafkian,OD-Vic,79eb88b874876632590fea48afcab09592c717dd,True,tests/unit/test_producer_avro.py::test_avro_producer_produce,,,pass,pass,100.0,0.0,100,101,False,could_not_reproduce,,results/idoft-od/kafkian-tests_unit_test_producer_avro_py__test_avro_producer_produce.json
kafkian,https://github.com/saabeilin/kafkian,OD-Vic,79eb88b874876632590fea48afcab09592c717dd,True,tests/unit/test_producer_avro_key.py::test_avro_producer_produce,,,pass,pass,100.0,0.0,100,101,False,could_not_reproduce,,results/idoft-od/kafkian-tests_unit_test_producer_avro_key_py__test_avro_producer_pro.json
pyTrnsysType,https://github.com/samuelduchesne/pyTrnsysType,OD-Vic,6cf552e4ccd66f7b728e84654e580befe2061114,True,tests/test_xml.py::TestTrnsysModel::test_get_attr_derivative,,,fail,error,0.0,1.0,100,2,True,vic_confirmed,,results/idoft-od/pyTrnsysType-tests_test_xml_py__testtrnsysmodel__test_get_attr_derivative.json
lazypr,https://github.com/sanjaz/lazypr,OD-Vic,226895868769f613d9e905f265a4fd7c421d2fd4,True,tests/test_config.py::TestConfig::test_get_default_config_file_path,,,pass,pass,100.0,0.0,100,101,False,could_not_reproduce,,results/idoft-od/lazypr-tests_test_config_py__testconfig__test_get_default_config_fi.json
eppy,https://github.com/santoshphilip/eppy,OD-Vic,98e58583dce6c0fcec9c7b1ff1142bae0a67ddc7,True,eppy/tests/test_bunch_subclass.py::TestEpBunch::test_getreferingobjs,,,pass,pass,100.0,0.0,100,101,False,could_not_reproduce,,results/idoft-od/eppy-eppy_tests_test_bunch_subclass_py__testepbunch__test_getrefe.json
eppy,https://github.com/santoshphilip/eppy,OD-Vic,98e58583dce6c0fcec9c7b1ff1142bae0a67ddc7,True,eppy/tests/test_bunch_subclass.py::TestEpBunch::test_get_referenced_object,,,pass,pass,100.0,0.0,100,101,False,could_not_reproduce,,results/idoft-od/eppy-eppy_tests_test_bunch_subclass_py__testepbunch__test_get_ref.json
eppy,https://github.com/santoshphilip/eppy,OD-Vic,98e58583dce6c0fcec9c7b1ff1142bae0a67ddc7,True,eppy/tests/test_case_insensitive.py::test_contains[BUILDING],,,pass,pass,100.0,0.0,100,101,False,could_not_reproduce,,results/idoft-od/eppy-eppy_tests_test_case_insensitive_py__test_contains_building_.json
eppy,https://github.com/santoshphilip/eppy,OD-Vic,98e58583dce6c0fcec9c7b1ff1142bae0a67ddc7,True,eppy/tests/test_case_insensitive.py::test_contains[BuIlDiNg],,,pass,pass,100.0,0.0,100,101,False,could_not_reproduce,,results/idoft-od/eppy-eppy_tests_test_case_insensitive_py__test_contains_building_.json
eppy,https://github.com/santoshphilip/eppy,OD-Vic,98e58583dce6c0fcec9c7b1ff1142bae0a67ddc7,True,eppy/tests/test_case_insensitive.py::test_contains[Building],,,pass,pass,100.0,0.0,100,101,False,could_not_reproduce,,results/idoft-od/eppy-eppy_tests_test_case_insensitive_py__test_contains_building_.json
eppy,https://github.com/santoshphilip/eppy,OD-Vic,98e58583dce6c0fcec9c7b1ff1142bae0a67ddc7,True,eppy/tests/test_case_insensitive.py::test_contains[building],,,pass,pass,100.0,0.0,100,101,False,could_not_reproduce,,results/idoft-od/eppy-eppy_tests_test_case_insensitive_py__test_contains_building_.json
eppy,https://github.com/santoshphilip/eppy,OD-Vic,98e58583dce6c0fcec9c7b1ff1142bae0a67ddc7,True,eppy/tests/test_case_insensitive.py::test_del[BUILDING],,,pass,pass,100.0,0.0,100,101,False,could_not_reproduce,,results/idoft-od/eppy-eppy_tests_test_case_insensitive_py__test_del_building_.json
eppy,https://github.com/santoshphilip/eppy,OD-Vic,98e58583dce6c0fcec9c7b1ff1142bae0a67ddc7,True,eppy/tests/test_case_insensitive.py::test_del[BuIlDiNg],,,pass,pass,100.0,0.0,100,101,False,could_not_reproduce,,results/idoft-od/eppy-eppy_tests_test_case_insensitive_py__test_del_building_.json
eppy,https://github.com/santoshphilip/eppy,OD-Vic,98e58583dce6c0fcec9c7b1ff1142bae0a67ddc7,True,eppy/tests/test_case_insensitive.py::test_del[Building],,,pass,pass,100.0,0.0,100,101,False,could_not_reproduce,,results/idoft-od/eppy-eppy_tests_test_case_insensitive_py__test_del_building_.json
eppy,https://github.com/santoshphilip/eppy,OD-Vic,98e58583dce6c0fcec9c7b1ff1142bae0a67ddc7,True,eppy/tests/test_case_insensitive.py::test_del[building],,,pass,pass,100.0,0.0,100,101,False,could_not_reproduce,,results/idoft-od/eppy-eppy_tests_test_case_insensitive_py__test_del_building_.json
eppy,https://github.com/santoshphilip/eppy,OD-Vic,98e58583dce6c0fcec9c7b1ff1142bae0a67ddc7,True,eppy/tests/test_case_insensitive.py::test_get_and_set[BUILDING],,,pass,pass,100.0,0.0,100,101,False,could_not_reproduce,,results/idoft-od/eppy-eppy_tests_test_case_insensitive_py__test_get_and_set_buildi.json
eppy,https://github.com/santoshphilip/eppy,OD-Vic,98e58583dce6c0fcec9c7b1ff1142bae0a67ddc7,True,eppy/tests/test_case_insensitive.py::test_get_and_set[BuIlDiNg],,,pass,pass,100.0,0.0,100,101,False,could_not_reproduce,,results/idoft-od/eppy-eppy_tests_test_case_insensitive_py__test_get_and_set_buildi.json
eppy,https://github.com/santoshphilip/eppy,OD-Vic,98e58583dce6c0fcec9c7b1ff1142bae0a67ddc7,True,eppy/tests/test_case_insensitive.py::test_get_and_set[Building],,,pass,pass,100.0,0.0,100,101,False,could_not_reproduce,,results/idoft-od/eppy-eppy_tests_test_case_insensitive_py__test_get_and_set_buildi.json
eppy,https://github.com/santoshphilip/eppy,OD-Vic,98e58583dce6c0fcec9c7b1ff1142bae0a67ddc7,True,eppy/tests/test_case_insensitive.py::test_get_and_set[building],,,pass,pass,100.0,0.0,100,101,False,could_not_reproduce,,results/idoft-od/eppy-eppy_tests_test_case_insensitive_py__test_get_and_set_buildi.json
eppy,https://github.com/santoshphilip/eppy,OD-Vic,98e58583dce6c0fcec9c7b1ff1142bae0a67ddc7,True,eppy/tests/test_examples.py::test_pythonic,,,pass,fail,0.0,0.0,100,1,True,vic_confirmed,,results/idoft-od/eppy-eppy_tests_test_examples_py__test_pythonic.json
eppy,https://github.com/santoshphilip/eppy,OD-Vic,98e58583dce6c0fcec9c7b1ff1142bae0a67ddc7,True,eppy/tests/test_fanpower.py::testfanpower_bhp,,,pass,pass,100.0,0.0,100,101,False,could_not_reproduce,,results/idoft-od/eppy-eppy_tests_test_fanpower_py__testfanpower_bhp.json
eppy,https://github.com/santoshphilip/eppy,OD-Vic,98e58583dce6c0fcec9c7b1ff1142bae0a67ddc7,True,eppy/tests/test_fanpower.py::testfanpower_watts,,,pass,pass,100.0,0.0,100,101,False,could_not_reproduce,,results/idoft-od/eppy-eppy_tests_test_fanpower_py__testfanpower_watts.json
eppy,https://github.com/santoshphilip/eppy,OD-Vic,98e58583dce6c0fcec9c7b1ff1142bae0a67ddc7,True,eppy/tests/test_fanpower.py::test_fan_maxcfm,,,pass,pass,100.0,0.0,100,101,False,could_not_reproduce,,results/idoft-od/eppy-eppy_tests_test_fanpower_py__test_fan_maxcfm.json
eppy,https://github.com/santoshphilip/eppy,OD-Vic,98e58583dce6c0fcec9c7b1ff1142bae0a67ddc7,True,eppy/tests/test_hvacbuilder.py::test_componentsintobranch,,,pass,pass,100.0,0.0,100,101,False,could_not_reproduce,,results/idoft-od/eppy-eppy_tests_test_hvacbuilder_py__test_componentsintobranch.json
eppy,https://github.com/santoshphilip/eppy,OD-Vic,98e58583dce6c0fcec9c7b1ff1142bae0a67ddc7,True,eppy/tests/test_hvacbuilder.py::test_connectcomponents,,,pass,pass,100.0,0.0,100,101,False,could_not_reproduce,,results/idoft-od/eppy-eppy_tests_test_hvacbuilder_py__test_connectcomponents.json
saga,https://github.com/saga-vcs/saga,OD-Vic,7beaae8831696ce813aa85620387e416719198db,True,tests/test_excel.py::test_merge[tests/merges/xlsx/change_rows],,,pass,pass,100.0,0.0,100,101,False,could_not_reproduce,,results/idoft-od/saga-tests_test_excel_py__test_merge_tests_merges_xlsx_change_row.json
eppy,https://github.com/santoshphilip/eppy,OD-Vic,98e58583dce6c0fcec9c7b1ff1142bae0a67ddc7,True,eppy/tests/test_hvacbuilder.py::test_getbranchcomponents,,,pass,pass,100.0,0.0,100,101,False,could_not_reproduce,,results/idoft-od/eppy-eppy_tests_test_hvacbuilder_py__test_getbranchcomponents.json
eppy,https://github.com/santoshphilip/eppy,OD-Vic,98e58583dce6c0fcec9c7b1ff1142bae0a67ddc7,True,eppy/tests/test_hvacbuilder.py::test_getfieldnamesendswith,,,pass,pass,100.0,0.0,100,101,False,could_not_reproduce,,results/idoft-od/eppy-eppy_tests_test_hvacbuilder_py__test_getfieldnamesendswith.json
eppy,https://github.com/santoshphilip/eppy,OD-Vic,98e58583dce6c0fcec9c7b1ff1142bae0a67ddc7,True,eppy/tests/test_hvacbuilder.py::test_getnodefieldname,,,pass,pass,100.0,0.0,100,101,False,could_not_reproduce,,results/idoft-od/eppy-eppy_tests_test_hvacbuilder_py__test_getnodefieldname.json
eppy,https://github.com/santoshphilip/eppy,OD-Vic,98e58583dce6c0fcec9c7b1ff1142bae0a67ddc7,True,eppy/tests/test_hvacbuilder.py::test_initinletoutlet,,,pass,pass,100.0,0.0,100,101,False,could_not_reproduce,,results/idoft-od/eppy-eppy_tests_test_hvacbuilder_py__test_initinletoutlet.json
eppy,https://github.com/santoshphilip/eppy,OD-Vic,98e58583dce6c0fcec9c7b1ff1142bae0a67ddc7,True,eppy/tests/test_hvacbuilder.py::test_makecondenserloop,,,pass,pass,100.0,0.0,100,101,False,could_not_reproduce,,results/idoft-od/eppy-eppy_tests_test_hvacbuilder_py__test_makecondenserloop.json
eppy,https://github.com/santoshphilip/eppy,OD-Vic,98e58583dce6c0fcec9c7b1ff1142bae0a67ddc7,True,eppy/tests/test_hvacbuilder.py::test_makeductbranch,,,pass,pass,100.0,0.0,100,101,False,could_not_reproduce,,results/idoft-od/eppy-eppy_tests_test_hvacbuilder_py__test_makeductbranch.json
eppy,https://github.com/santoshphilip/eppy,OD-Vic,98e58583dce6c0fcec9c7b1ff1142bae0a67ddc7,True,eppy/tests/test_hvacbuilder.py::test_makeductcomponent,,,pass,pass,100.0,0.0,100,101,False,could_not_reproduce,,results/idoft-od/eppy-eppy_tests_test_hvacbuilder_py__test_makeductcomponent.json
eppy,https://github.com/santoshphilip/eppy,OD-Vic,98e58583dce6c0fcec9c7b1ff1142bae0a67ddc7,True,eppy/tests/test_hvacbuilder.py::test_makepipebranch,,,pass,pass,100.0,0.0,100,101,False,could_not_reproduce,,results/idoft-od/eppy-eppy_tests_test_hvacbuilder_py__test_makepipebranch.json
eppy,https://github.com/santoshphilip/eppy,OD-Vic,98e58583dce6c0fcec9c7b1ff1142bae0a67ddc7,True,eppy/tests/test_hvacbuilder.py::test_makepipecomponent,,,pass,pass,100.0,0.0,100,101,False,could_not_reproduce,,results/idoft-od/eppy-eppy_tests_test_hvacbuilder_py__test_makepipecomponent.json
eppy,https://github.com/santoshphilip/eppy,OD-Vic,98e58583dce6c0fcec9c7b1ff1142bae0a67ddc7,True,eppy/tests/test_hvacbuilder.py::test_makeplantloop,,,pass,pass,100.0,0.0,100,101,False,could_not_reproduce,,results/idoft-od/eppy-eppy_tests_test_hvacbuilder_py__test_makeplantloop.json
eppy,https://github.com/santoshphilip/eppy,OD-Vic,98e58583dce6c0fcec9c7b1ff1142bae0a67ddc7,True,eppy/tests/test_hvacbuilder.py::test_renamenodes,,,pass,pass,100.0,0.0,100,101,False,could_not_reproduce,,results/idoft-od/eppy-eppy_tests_test_hvacbuilder_py__test_renamenodes.json
eppy,https://github.com/santoshphilip/eppy,OD-Vic,98e58583dce6c0fcec9c7b1ff1142bae0a67ddc7,True,eppy/tests/test_hvacbuilder.py::test_replacebranch,,,pass,pass,100.0,0.0,100,101,False,could_not_reproduce,,results/idoft-od/eppy-eppy_tests_test_hvacbuilder_py__test_replacebranch.json
eppy,https://github.com/santoshphilip/eppy,OD-Vic,98e58583dce6c0fcec9c7b1ff1142bae0a67ddc7,True,eppy/tests/test_IDF.py::TestIDF::test_popidfobject,,,pass,pass,100.0,0.0,100,101,False,could_not_reproduce,,results/idoft-od/eppy-eppy_tests_test_idf_py__testidf__test_popidfobject.json
eppy,https://github.com/santoshphilip/eppy,OD-Vic,98e58583dce6c0fcec9c7b1ff1142bae0a67ddc7,True,eppy/tests/test_IDF.py::TestIDF::test_removeidfobject,,,pass,pass,100.0,0.0,100,101,False,could_not_reproduce,,results/idoft-od/eppy-eppy_tests_test_idf_py__testidf__test_removeidfobject.json
eppy,https://github.com/santoshphilip/eppy,OD-Vic,98e58583dce6c0fcec9c7b1ff1142bae0a67ddc7,True,eppy/tests/test_idf_helpers.py::test_copyidfintoidf,,,pass,pass,100.0,0.0,100,101,False,could_not_reproduce,,results/idoft-od/eppy-eppy_tests_test_idf_helpers_py__test_copyidfintoidf.json
eppy,https://github.com/santoshphilip/eppy,OD-Vic,98e58583dce6c0fcec9c7b1ff1142bae0a67ddc7,True,eppy/tests/test_idf_helpers.py::test_getanymentions,,,pass,pass,100.0,0.0,100,101,False,could_not_reproduce,,results/idoft-od/eppy-eppy_tests_test_idf_helpers_py__test_getanymentions.json
eppy,https://github.com/santoshphilip/eppy,OD-Vic,98e58583dce6c0fcec9c7b1ff1142bae0a67ddc7,True,eppy/tests/test_idf_helpers.py::test_getidfkeyswithnodes,,,pass,pass,100.0,0.0,100,101,False,could_not_reproduce,,results/idoft-od/eppy-eppy_tests_test_idf_helpers_py__test_getidfkeyswithnodes.json
eppy,https://github.com/santoshphilip/eppy,OD-Vic,98e58583dce6c0fcec9c7b1ff1142bae0a67ddc7,True,eppy/tests/test_idf_helpers.py::test_getidfobjectlist,,,pass,pass,100.0,0.0,100,101,False,could_not_reproduce,,results/idoft-od/eppy-eppy_tests_test_idf_helpers_py__test_getidfobjectlist.json
eppy,https://github.com/santoshphilip/eppy,OD-Vic,98e58583dce6c0fcec9c7b1ff1142bae0a67ddc7,True,eppy/tests/test_idf_helpers.py::test_getobjectswithnode,,,pass,pass,100.0,0.0,100,101,False,could_not_reproduce,,results/idoft-od/eppy-eppy_tests_test_idf_helpers_py__test_getobjectswithnode.json
eppy,https://github.com/santoshphilip/eppy,OD-Vic,98e58583dce6c0fcec9c7b1ff1142bae0a67ddc7,True,eppy/tests/test_idf_helpers.py::test_getobject_use_prevfield,,,pass,pass,100.0,0.0,100,101,False,could_not_reproduce,,results/idoft-od/eppy-eppy_tests_test_idf_helpers_py__test_getobject_use_prevfield.json
saga,https://github.com/saga-vcs/saga,OD-Vic,7beaae8831696ce813aa85620387e416719198db,True,tests/test_excel.py::test_merge[tests/merges/xlsx/existing_file],,,pass,pass,100.0,0.0,100,101,False,could_not_reproduce,,results/idoft-od/saga-tests_test_excel_py__test_merge_tests_merges_xlsx_existing_f.json
eppy,https://github.com/santoshphilip/eppy,OD-Vic,98e58583dce6c0fcec9c7b1ff1142bae0a67ddc7,True,eppy/tests/test_idf_helpers.py::test_idfobjectkeys,,,pass,pass,100.0,0.0,100,101,False,could_not_reproduce,,results/idoft-od/eppy-eppy_tests_test_idf_helpers_py__test_idfobjectkeys.json
eppy,https://github.com/santoshphilip/eppy,OD-Vic,98e58583dce6c0fcec9c7b1ff1142bae0a67ddc7,True,eppy/tests/test_idf_helpers.py::test_name2idfobject,,,pass,pass,100.0,0.0,100,101,False,could_not_reproduce,,results/idoft-od/eppy-eppy_tests_test_idf_helpers_py__test_name2idfobject.json
eppy,https://github.com/santoshphilip/eppy,OD-Vic,98e58583dce6c0fcec9c7b1ff1142bae0a67ddc7,True,eppy/tests/test_json_functions.py::test_updateidf,,,pass,pass,100.0,0.0,100,101,False,could_not_reproduce,,results/idoft-od/eppy-eppy_tests_test_json_functions_py__test_updateidf.json
eppy,https://github.com/santoshphilip/eppy,OD-Vic,98e58583dce6c0fcec9c7b1ff1142bae0a67ddc7,True,eppy/tests/test_modeleditor.py::test_getallobjlists,,,pass,pass,100.0,0.0,100,101,False,could_not_reproduce,,results/idoft-od/eppy-eppy_tests_test_modeleditor_py__test_getallobjlists.json
eppy,https://github.com/santoshphilip/eppy,OD-Vic,98e58583dce6c0fcec9c7b1ff1142bae0a67ddc7,True,eppy/tests/test_modeleditor.py::test_getiddgroupdict,,,pass,pass,100.0,0.0,100,101,False,could_not_reproduce,,results/idoft-od/eppy-eppy_tests_test_modeleditor_py__test_getiddgroupdict.json
eppy,https://github.com/santoshphilip/eppy,OD-Vic,98e58583dce6c0fcec9c7b1ff1142bae0a67ddc7,True,eppy/tests/test_modeleditor.py::test_getrefnames,,,pass,pass,100.0,0.0,100,101,False,could_not_reproduce,,results/idoft-od/eppy-eppy_tests_test_modeleditor_py__test_getrefnames.json
eppy,https://github.com/santoshphilip/eppy,OD-Brit,98e58583dce6c0fcec9c7b1ff1142bae0a67ddc7,True,eppy/tests/test_modeleditor.py::test_idd_index,,,fail,skipped,0.0,0.0,100,0,True,brit_confirmed,,results/idoft-od/eppy-eppy_tests_test_modeleditor_py__test_idd_index.json
eppy,https://github.com/santoshphilip/eppy,OD-Vic,98e58583dce6c0fcec9c7b1ff1142bae0a67ddc7,True,eppy/tests/test_modeleditor.py::test_idfinmsequence,,,pass,pass,100.0,0.0,100,101,False,could_not_reproduce,,results/idoft-od/eppy-eppy_tests_test_modeleditor_py__test_idfinmsequence.json
eppy,https://github.com/santoshphilip/eppy,OD-Vic,98e58583dce6c0fcec9c7b1ff1142bae0a67ddc7,True,eppy/tests/test_modeleditor.py::test_idfstr,,,pass,pass,100.0,0.0,100,101,False,could_not_reproduce,,results/idoft-od/eppy-eppy_tests_test_modeleditor_py__test_idfstr.json
eppy,https://github.com/santoshphilip/eppy,OD-Vic,98e58583dce6c0fcec9c7b1ff1142bae0a67ddc7,True,eppy/tests/test_modeleditor.py::test_initread,,,pass,pass,100.0,0.0,100,101,False,could_not_reproduce,,results/idoft-od/eppy-eppy_tests_test_modeleditor_py__test_initread.json
eppy,https://github.com/santoshphilip/eppy,OD-Vic,98e58583dce6c0fcec9c7b1ff1142bae0a67ddc7,True,eppy/tests/test_modeleditor.py::test_initreadtxt,,,pass,pass,100.0,0.0,100,101,False,could_not_reproduce,,results/idoft-od/eppy-eppy_tests_test_modeleditor_py__test_initreadtxt.json
eppy,https://github.com/santoshphilip/eppy,OD-Vic,98e58583dce6c0fcec9c7b1ff1142bae0a67ddc7,True,eppy/tests/test_modeleditor.py::test_new,,,pass,pass,100.0,0.0,100,101,False,could_not_reproduce,,results/idoft-od/eppy-eppy_tests_test_modeleditor_py__test_new.json
eppy,https://github.com/santoshphilip/eppy,OD-Vic,98e58583dce6c0fcec9c7b1ff1142bae0a67ddc7,True,eppy/tests/test_modeleditor.py::test_newidfobject,,,pass,pass,100.0,0.0,100,101,False,could_not_reproduce,,results/idoft-od/eppy-eppy_tests_test_modeleditor_py__test_newidfobject.json
eppy,https://github.com/santoshphilip/eppy,OD-Vic,98e58583dce6c0fcec9c7b1ff1142bae0a67ddc7,True,eppy/tests/test_modeleditor.py::test_newidfobject_warning,,,pass,pass,100.0,0.0,100,101,False,could_not_reproduce,,results/idoft-od/eppy-eppy_tests_test_modeleditor_py__test_newidfobject_warning.json
eppy,https://github.com/santoshphilip/eppy,OD-Vic,98e58583dce6c0fcec9c7b1ff1142bae0a67ddc7,True,eppy/tests/test_modeleditor.py::test_refname2key,,,pass,pass,100.0,0.0,100,101,False,could_not_reproduce,,results/idoft-od/eppy-eppy_tests_test_modeleditor_py__test_refname2key.json
eppy,https://github.com/santoshphilip/eppy,OD-Vic,98e58583dce6c0fcec9c7b1ff1142bae0a67ddc7,True,eppy/tests/test_modeleditor.py::test_rename,,,pass,pass,100.0,0.0,100,101,False,could_not_reproduce,,results/idoft-od/eppy-eppy_tests_test_modeleditor_py__test_rename.json
eppy,https://github.com/santoshphilip/eppy,OD-Vic,98e58583dce6c0fcec9c7b1ff1142bae0a67ddc7,True,eppy/tests/test_modeleditor.py::test_save,,,pass,pass,100.0,0.0,100,101,False,could_not_reproduce,,results/idoft-od/eppy-eppy_tests_test_modeleditor_py__test_save.json
eppy,https://github.com/santoshphilip/eppy,OD-Vic,98e58583dce6c0fcec9c7b1ff1142bae0a67ddc7,True,eppy/tests/test_modeleditor.py::test_saveas,,,pass,pass,100.0,0.0,100,101,False,could_not_reproduce,,results/idoft-od/eppy-eppy_tests_test_modeleditor_py__test_saveas.json
eppy,https://github.com/santoshphilip/eppy,OD-Vic,98e58583dce6c0fcec9c7b1ff1142bae0a67ddc7,True,eppy/tests/test_modeleditor.py::test_savecopy,,,pass,pass,100.0,0.0,100,101,False,could_not_reproduce,,results/idoft-od/eppy-eppy_tests_test_modeleditor_py__test_savecopy.json
eppy,https://github.com/santoshphilip/eppy,OD-Vic,98e58583dce6c0fcec9c7b1ff1142bae0a67ddc7,True,eppy/tests/test_modeleditor.py::test_save_with_lineendings_and_encodings,,,pass,pass,100.0,0.0,100,101,False,could_not_reproduce,,results/idoft-od/eppy-eppy_tests_test_modeleditor_py__test_save_with_lineendings_a.json
eppy,https://github.com/santoshphilip/eppy,OD-Vic,98e58583dce6c0fcec9c7b1ff1142bae0a67ddc7,True,eppy/tests/test_modeleditor.py::test_zonearea_zonevolume,,,pass,pass,100.0,0.0,100,101,False,could_not_reproduce,,results/idoft-od/eppy-eppy_tests_test_modeleditor_py__test_zonearea_zonevolume.json
eppy,https://github.com/santoshphilip/eppy,OD-Vic,98e58583dce6c0fcec9c7b1ff1142bae0a67ddc7,True,eppy/tests/test_simpleread.py::test_idfreadtest,,,pass,pass,100.0,0.0,100,101,False,could_not_reproduce,,results/idoft-od/eppy-eppy_tests_test_simpleread_py__test_idfreadtest.json
saga,https://github.com/saga-vcs/saga,OD-Vic,7beaae8831696ce813aa85620387e416719198db,True,tests/test_excel.py::test_merge[tests/merges/xlsx/new_row_init_empty],,,pass,pass,100.0,0.0,100,101,False,could_not_reproduce,,results/idoft-od/saga-tests_test_excel_py__test_merge_tests_merges_xlsx_new_row_in.json
eppy,https://github.com/santoshphilip/eppy,OD-Vic,98e58583dce6c0fcec9c7b1ff1142bae0a67ddc7,True,eppy/tests/test_thermal_properties.py::Test_ThermalProperties::test_heatcapacity_1_layer_construction,,,pass,pass,100.0,0.0,100,101,False,could_not_reproduce,,results/idoft-od/eppy-eppy_tests_test_thermal_properties_py__test_thermalpropertie.json
eppy,https://github.com/santoshphilip/eppy,OD-Vic,98e58583dce6c0fcec9c7b1ff1142bae0a67ddc7,True,eppy/tests/test_thermal_properties.py::Test_ThermalProperties::test_heatcapacity_2_layer_construction,,,pass,pass,100.0,0.0,100,101,False,could_not_reproduce,,results/idoft-od/eppy-eppy_tests_test_thermal_properties_py__test_thermalpropertie.json
eppy,https://github.com/santoshphilip/eppy,OD-Vic,98e58583dce6c0fcec9c7b1ff1142bae0a67ddc7,True,eppy/tests/test_thermal_properties.py::Test_ThermalProperties::test_heatcapacity_airgap_construction,,,pass,pass,100.0,0.0,100,101,False,could_not_reproduce,,results/idoft-od/eppy-eppy_tests_test_thermal_properties_py__test_thermalpropertie.json
eppy,https://github.com/santoshphilip/eppy,OD-Vic,98e58583dce6c0fcec9c7b1ff1142bae0a67ddc7,True,eppy/tests/test_thermal_properties.py::Test_ThermalProperties::test_heatcapacity_infraredtransparent_construction,,,pass,pass,100.0,0.0,100,101,False,could_not_reproduce,,results/idoft-od/eppy-eppy_tests_test_thermal_properties_py__test_thermalpropertie.json
eppy,https://github.com/santoshphilip/eppy,OD-Vic,98e58583dce6c0fcec9c7b1ff1142bae0a67ddc7,True,eppy/tests/test_thermal_properties.py::Test_ThermalProperties::test_heatcapacity_material,,,pass,pass,100.0,0.0,100,101,False,could_not_reproduce,,results/idoft-od/eppy-eppy_tests_test_thermal_properties_py__test_thermalpropertie.json
eppy,https://github.com/santoshphilip/eppy,OD-Vic,98e58583dce6c0fcec9c7b1ff1142bae0a67ddc7,True,eppy/tests/test_thermal_properties.py::Test_ThermalProperties::test_heatcapacity_nomass_construction,,,pass,pass,100.0,0.0,100,101,False,could_not_reproduce,,results/idoft-od/eppy-eppy_tests_test_thermal_properties_py__test_thermalpropertie.json
eppy,https://github.com/santoshphilip/eppy,OD-Vic,98e58583dce6c0fcec9c7b1ff1142bae0a67ddc7,True,eppy/tests/test_thermal_properties.py::Test_ThermalProperties::test_heatcapacity_roofvegetation_construction,,,pass,pass,100.0,0.0,100,101,False,could_not_reproduce,,results/idoft-od/eppy-eppy_tests_test_thermal_properties_py__test_thermalpropertie.json
eppy,https://github.com/santoshphilip/eppy,OD-Vic,98e58583dce6c0fcec9c7b1ff1142bae0a67ddc7,True,eppy/tests/test_thermal_properties.py::Test_ThermalProperties::test_rvalue_1_layer_construction,,,pass,pass,100.0,0.0,100,101,False,could_not_reproduce,,results/idoft-od/eppy-eppy_tests_test_thermal_properties_py__test_thermalpropertie.json
eppy,https://github.com/santoshphilip/eppy,OD-Vic,98e58583dce6c0fcec9c7b1ff1142bae0a67ddc7,True,eppy/tests/test_thermal_properties.py::Test_ThermalProperties::test_rvalue_2_layer_construction,,,pass,pass,100.0,0.0,100,101,False,could_not_reproduce,,results/idoft-od/eppy-eppy_tests_test_thermal_properties_py__test_thermalpropertie.json
eppy,https://github.com/santoshphilip/eppy,OD-Vic,98e58583dce6c0fcec9c7b1ff1142bae0a67ddc7,True,eppy/tests/test_thermal_properties.py::Test_ThermalProperties::test_rvalue_airgap_construction,,,pass,pass,100.0,0.0,100,101,False,could_not_reproduce,,results/idoft-od/eppy-eppy_tests_test_thermal_properties_py__test_thermalpropertie.json
eppy,https://github.com/santoshphilip/eppy,OD-Vic,98e58583dce6c0fcec9c7b1ff1142bae0a67ddc7,True,eppy/tests/test_thermal_properties.py::Test_ThermalProperties::test_rvalue_fails,,,pass,pass,100.0,0.0,100,101,False,could_not_reproduce,,results/idoft-od/eppy-eppy_tests_test_thermal_properties_py__test_thermalpropertie.json
eppy,https://github.com/santoshphilip/eppy,OD-Vic,98e58583dce6c0fcec9c7b1ff1142bae0a67ddc7,True,eppy/tests/test_thermal_properties.py::Test_ThermalProperties::test_rvalue_infraredtransparent_construction,,,pass,pass,100.0,0.0,100,101,False,could_not_reproduce,,results/idoft-od/eppy-eppy_tests_test_thermal_properties_py__test_thermalpropertie.json
eppy,https://github.com/santoshphilip/eppy,OD-Vic,98e58583dce6c0fcec9c7b1ff1142bae0a67ddc7,True,eppy/tests/test_thermal_properties.py::Test_ThermalProperties::test_rvalue_material,,,pass,pass,100.0,0.0,100,101,False,could_not_reproduce,,results/idoft-od/eppy-eppy_tests_test_thermal_properties_py__test_thermalpropertie.json
eppy,https://github.com/santoshphilip/eppy,OD-Vic,98e58583dce6c0fcec9c7b1ff1142bae0a67ddc7,True,eppy/tests/test_thermal_properties.py::Test_ThermalProperties::test_rvalue_nomass_construction,,,pass,pass,100.0,0.0,100,101,False,could_not_reproduce,,results/idoft-od/eppy-eppy_tests_test_thermal_properties_py__test_thermalpropertie.json
eppy,https://github.com/santoshphilip/eppy,OD-Vic,98e58583dce6c0fcec9c7b1ff1142bae0a67ddc7,True,eppy/tests/test_thermal_properties.py::Test_ThermalProperties::test_rvalue_roofvegetation_construction,,,pass,pass,100.0,0.0,100,101,False,could_not_reproduce,,results/idoft-od/eppy-eppy_tests_test_thermal_properties_py__test_thermalpropertie.json
eppy,https://github.com/santoshphilip/eppy,OD-Vic,98e58583dce6c0fcec9c7b1ff1142bae0a67ddc7,True,eppy/tests/test_thermal_properties.py::Test_ThermalProperties::test_ufactor_1_layer_construction,,,pass,pass,100.0,0.0,100,101,False,could_not_reproduce,,results/idoft-od/eppy-eppy_tests_test_thermal_properties_py__test_thermalpropertie.json
eppy,https://github.com/santoshphilip/eppy,OD-Vic,98e58583dce6c0fcec9c7b1ff1142bae0a67ddc7,True,eppy/tests/test_thermal_properties.py::Test_ThermalProperties::test_ufactor_2_layer_construction,,,pass,pass,100.0,0.0,100,101,False,could_not_reproduce,,results/idoft-od/eppy-eppy_tests_test_thermal_properties_py__test_thermalpropertie.json
eppy,https://github.com/santoshphilip/eppy,OD-Vic,98e58583dce6c0fcec9c7b1ff1142bae0a67ddc7,True,eppy/tests/test_thermal_properties.py::Test_ThermalProperties::test_ufactor_airgap_construction,,,pass,pass,100.0,0.0,100,101,False,could_not_reproduce,,results/idoft-od/eppy-eppy_tests_test_thermal_properties_py__test_thermalpropertie.json
eppy,https://github.com/santoshphilip/eppy,OD-Vic,98e58583dce6c0fcec9c7b1ff1142bae0a67ddc7,True,eppy/tests/test_thermal_properties.py::Test_ThermalProperties::test_ufactor_infraredtransparent_construction,,,pass,pass,100.0,0.0,100,101,False,could_not_reproduce,,results/idoft-od/eppy-eppy_tests_test_thermal_properties_py__test_thermalpropertie.json
eppy,https://github.com/santoshphilip/eppy,OD-Vic,98e58583dce6c0fcec9c7b1ff1142bae0a67ddc7,True,eppy/tests/test_thermal_properties.py::Test_ThermalProperties::test_ufactor_material,,,pass,pass,100.0,0.0,100,101,False,could_not_reproduce,,results/idoft-od/eppy-eppy_tests_test_thermal_properties_py__test_thermalpropertie.json
eppy,https://github.com/santoshphilip/eppy,OD-Vic,98e58583dce6c0fcec9c7b1ff1142bae0a67ddc7,True,eppy/tests/test_thermal_properties.py::Test_ThermalProperties::test_ufactor_nomass_construction,,,pass,pass,100.0,0.0,100,101,False,could_not_reproduce,,results/idoft-od/eppy-eppy_tests_test_thermal_properties_py__test_thermalpropertie.json
eppy,https://github.com/santoshphilip/eppy,OD-Vic,98e58583dce6c0fcec9c7b1ff1142bae0a67ddc7,True,eppy/tests/test_thermal_properties.py::Test_ThermalProperties::test_ufactor_roofvegetation_construction,,,pass,pass,100.0,0.0,100,101,False,could_not_reproduce,,results/idoft-od/eppy-eppy_tests_test_thermal_properties_py__test_thermalpropertie.json
saga,https://github.com/saga-vcs/saga,OD-Vic,7beaae8831696ce813aa85620387e416719198db,True,tests/test_excel.py::test_merge[tests/merges/xlsx/new_string],,,pass,pass,100.0,0.0,100,101,False,could_not_reproduce,,results/idoft-od/saga-tests_test_excel_py__test_merge_tests_merges_xlsx_new_string.json
python-telegram-handler,https://github.com/sashgorokhov/python-telegram-handler,OD-Brit,4ac0e5cbb6ac3c3f81a57be6b3cea49dfd8e8ec4,True,tests/test_handlers.py::test_handler_init_without_chat,,,fail,skipped,0.0,0.0,100,0,True,brit_confirmed,,results/idoft-od/python-telegram-handler-tests_test_handlers_py__test_handler_init_without_chat.json
scikit-hep,https://github.com/scikit-hep/scikit-hep/,OD-Vic,e78234da9e754e380a7d871afb56b20baa73b99b,True,tests/dataset/test_numpydataset.py::test_methods,,,fail,unknown,0.0,0.0,100,1,False,could_not_reproduce,,results/idoft-od/scikit-hep-tests_dataset_test_numpydataset_py__test_methods.json
shub,https://github.com/scrapinghub/shub,OD, 7297d6b05b487749d99a4d94eea2f2de3e558f8a,True,test_utils.py::ReleaseUtilsTes::test_get_docker_client,,,fail,error,0.0,0.0,100,1,False,could_not_reproduce,,results/idoft-od/shub-test_utils_py__releaseutilstes__test_get_docker_client.json
securenative-python,https://github.com/securenative/securenative-python,OD-Vic,0eae99733b7565341487ad32f044be8dc51032cd,True,tests/configuration_manager_test.py::ConfigurationManagerTest::test_default_values_for_invalid_enum_config_props,,,pass,pass,3.0,1.0,100,5,True,vic_confirmed,,results/idoft-od/securenative-python-tests_configuration_manager_test_py__configurationmanagertes.json
securenative-python,https://github.com/securenative/securenative-python,OD-Brit,0eae99733b7565341487ad32f044be8dc51032cd,True,tests/configuration_manager_test.py::ConfigurationManagerTest::test_get_config_from_env_variables,,,fail,skipped,0.0,0.0,100,0,True,brit_confirmed,,results/idoft-od/securenative-python-tests_configuration_manager_test_py__configurationmanagertes.json
securenative-python,https://github.com/securenative/securenative-python,OD-Vic,0eae99733b7565341487ad32f044be8dc51032cd,True,tests/configuration_manager_test.py::ConfigurationManagerTest::test_ignore_unknown_config_in_properties_file,,,pass,pass,7.0,1.0,100,9,True,vic_confirmed,,results/idoft-od/securenative-python-tests_configuration_manager_test_py__configurationmanagertes.json
securenative-python,https://github.com/securenative/securenative-python,OD-Brit,0eae99733b7565341487ad32f044be8dc51032cd,True,tests/configuration_manager_test.py::ConfigurationManagerTest::test_load_default_config,,,fail,skipped,0.0,0.0,100,0,True,brit_confirmed,,results/idoft-od/securenative-python-tests_configuration_manager_test_py__configurationmanagertes.json
securenative-python,https://github.com/securenative/securenative-python,OD-Vic,0eae99733b7565341487ad32f044be8dc51032cd,True,tests/configuration_manager_test.py::ConfigurationManagerTest::test_parse_config_file_correctly,,,pass,pass,0.0,1.0,100,2,True,vic_confirmed,,results/idoft-od/securenative-python-tests_configuration_manager_test_py__configurationmanagertes.json
securenative-python,https://github.com/securenative/securenative-python,OD-Vic,0eae99733b7565341487ad32f044be8dc51032cd,True,tests/securenative_test.py::SecureNativeTest::test_get_sdk_instance_without_init_throws,,,pass,fail,0.0,0.0,100,1,True,vic_confirmed,,results/idoft-od/securenative-python-tests_securenative_test_py__securenativetest__test_get_sdk_i.json
py-vkontakte,https://github.com/sgaynetdinov/py-vkontakte,OD-Vic,b03246b8d4b6f5ee5ab7e5c67e09e1f14b85fd9c,True,tests/test_message.py::test_message,,,pass,pass,100.0,0.0,100,101,False,could_not_reproduce,,results/idoft-od/py-vkontakte-tests_test_message_py__test_message.json
anonapi,https://github.com/sjoerdk/anonapi,OD-Vic,5e70dfd9fcb7dcc4e2345a6a153d9530f4886e73,True,tests/test_cli_create.py::test_job_parameter_set,,,pass,pass,100.0,0.0,100,101,False,could_not_reproduce,,results/idoft-od/anonapi-tests_test_cli_create_py__test_job_parameter_set.json
feature_engine,https://github.com/solegalli/feature_engine,OD-Vic,ba4d7050b3923d620c1773b66cd4c51ed24498dd,True,tests/test_missing_data_imputer.py::test_ArbitraryNumberImputer,,,pass,pass,1.0,1.0,100,3,True,vic_confirmed,,results/idoft-od/feature_engine-tests_test_missing_data_imputer_py__test_arbitrarynumberimpu.json
feature_engine,https://github.com/solegalli/feature_engine,OD-Vic,ba4d7050b3923d620c1773b66cd4c51ed24498dd,True,tests/test_missing_data_imputer.py::test_CategoricalVariableImputer,,,pass,fail,0.0,0.0,100,1,True,vic_confirmed,,results/idoft-od/feature_engine-tests_test_missing_data_imputer_py__test_categoricalvariable.json
feature_engine,https://github.com/solegalli/feature_engine,OD-Vic,ba4d7050b3923d620c1773b66cd4c51ed24498dd,True,tests/test_missing_data_imputer.py::test_EndTailImputer,,,fail,fail,0.0,0.0,100,1,True,vic_confirmed,,results/idoft-od/feature_engine-tests_test_missing_data_imputer_py__test_endtailimputer.json
feature_engine,https://github.com/solegalli/feature_engine,OD-Vic,ba4d7050b3923d620c1773b66cd4c51ed24498dd,True,tests/test_missing_data_imputer.py::test_MeanMedianImputer,,,fail,fail,0.0,0.0,100,1,True,vic_confirmed,,results/idoft-od/feature_engine-tests_test_missing_data_imputer_py__test_meanmedianimputer.json
freezegun,https://github.com/spulec/freezegun,OD-Vic,b46da782a7a051081fd51577749cfc0074db0cc6,True,tests/test_class_import.py::test_can_ignore_email_module,,,pass,pass,100.0,0.0,100,101,False,could_not_reproduce,,results/idoft-od/freezegun-tests_test_class_import_py__test_can_ignore_email_module.json
freezegun,https://github.com/spulec/freezegun,OD-Vic,b46da782a7a051081fd51577749cfc0074db0cc6,True,tests/test_class_import.py::test_fake_uses_real_when_ignored,,,pass,pass,100.0,0.0,100,101,False,could_not_reproduce,,results/idoft-od/freezegun-tests_test_class_import_py__test_fake_uses_real_when_ignored.json
freezegun,https://github.com/spulec/freezegun,OD-Vic,b46da782a7a051081fd51577749cfc0074db0cc6,True,tests/test_class_import.py::test_import_after_start,,,pass,pass,100.0,0.0,100,101,False,could_not_reproduce,,results/idoft-od/freezegun-tests_test_class_import_py__test_import_after_start.json
freezegun,https://github.com/spulec/freezegun,OD-Vic,b46da782a7a051081fd51577749cfc0074db0cc6,True,tests/test_datetimes.py::test_context_manager,,,pass,pass,100.0,0.0,100,101,False,could_not_reproduce,,results/idoft-od/freezegun-tests_test_datetimes_py__test_context_manager.json
freezegun,https://github.com/spulec/freezegun,OD-Vic,b46da782a7a051081fd51577749cfc0074db0cc6,True,tests/test_datetimes.py::test_min_and_max,,,pass,pass,100.0,0.0,100,101,False,could_not_reproduce,,results/idoft-od/freezegun-tests_test_datetimes_py__test_min_and_max.json
freezegun,https://github.com/spulec/freezegun,OD-Vic,b46da782a7a051081fd51577749cfc0074db0cc6,True,tests/test_datetimes.py::test_nested_context_manager,,,pass,pass,100.0,0.0,100,101,False,could_not_reproduce,,results/idoft-od/freezegun-tests_test_datetimes_py__test_nested_context_manager.json
freezegun,https://github.com/spulec/freezegun,OD-Vic,b46da782a7a051081fd51577749cfc0074db0cc6,True,tests/test_datetimes.py::test_nested_context_manager_with_tz_offsets,,,pass,pass,100.0,0.0,100,101,False,could_not_reproduce,,results/idoft-od/freezegun-tests_test_datetimes_py__test_nested_context_manager_with_tz.json
freezegun,https://github.com/spulec/freezegun,OD-Vic,b46da782a7a051081fd51577749cfc0074db0cc6,True,tests/test_datetimes.py::test_simple_api,,,pass,pass,100.0,0.0,100,101,False,could_not_reproduce,,results/idoft-od/freezegun-tests_test_datetimes_py__test_simple_api.json
freezegun,https://github.com/spulec/freezegun,OD-Vic,b46da782a7a051081fd51577749cfc0074db0cc6,True,tests/test_datetimes.py::test_time_localtime,,,pass,pass,100.0,0.0,100,101,False,could_not_reproduce,,results/idoft-od/freezegun-tests_test_datetimes_py__test_time_localtime.json
freezegun,https://github.com/spulec/freezegun,OD-Vic,b46da782a7a051081fd51577749cfc0074db0cc6,True,tests/test_datetimes.py::test_time_ns,,,pass,pass,100.0,0.0,100,101,False,could_not_reproduce,,results/idoft-od/freezegun-tests_test_datetimes_py__test_time_ns.json
freezegun,https://github.com/spulec/freezegun,OD-Vic,b46da782a7a051081fd51577749cfc0074db0cc6,True,tests/test_errors.py::test_ignore_errors_in_start[ImportError],,,pass,pass,100.0,0.0,100,101,False,could_not_reproduce,,results/idoft-od/freezegun-tests_test_errors_py__test_ignore_errors_in_start_importerro.json
freezegun,https://github.com/spulec/freezegun,OD-Vic,b46da782a7a051081fd51577749cfc0074db0cc6,True,tests/test_errors.py::test_ignore_errors_in_start[TypeError],,,pass,pass,100.0,0.0,100,101,False,could_not_reproduce,,results/idoft-od/freezegun-tests_test_errors_py__test_ignore_errors_in_start_typeerror_.json
freezegun,https://github.com/spulec/freezegun,OD-Vic,b46da782a7a051081fd51577749cfc0074db0cc6,True,tests/test_uuid.py::test_uuid1_future,,,pass,pass,100.0,0.0,100,101,False,could_not_reproduce,,results/idoft-od/freezegun-tests_test_uuid_py__test_uuid1_future.json
freezegun,https://github.com/spulec/freezegun,OD-Vic,b46da782a7a051081fd51577749cfc0074db0cc6,True,tests/test_warnings.py::test_ignore_warnings_in_start,,,pass,pass,100.0,0.0,100,101,False,could_not_reproduce,,results/idoft-od/freezegun-tests_test_warnings_py__test_ignore_warnings_in_start.json
freezegun,https://github.com/spulec/freezegun,OD-Vic,b46da782a7a051081fd51577749cfc0074db0cc6,True,tests/test_warnings.py::test_ignore_warnings_in_stop,,,pass,pass,100.0,0.0,100,101,False,could_not_reproduce,,results/idoft-od/freezegun-tests_test_warnings_py__test_ignore_warnings_in_stop.json
qer,https://github.com/sputt/qer,OD-Vic,c77e6777967ee660447beb9522c867a7233ef78d,True,tests/repos/test_pypi.py::test_no_candidates,,,fail,unknown,0.0,0.0,100,1,False,could_not_reproduce,,results/idoft-od/qer-tests_repos_test_pypi_py__test_no_candidates.json
qer,https://github.com/sputt/qer,OD-Vic,c77e6777967ee660447beb9522c867a7233ef78d,True,tests/repos/test_pypi.py::test_pypi_500,,,fail,unknown,0.0,0.0,100,1,False,could_not_reproduce,,results/idoft-od/qer-tests_repos_test_pypi_py__test_pypi_500.json
qer,https://github.com/sputt/qer,OD-Vic,c77e6777967ee660447beb9522c867a7233ef78d,True,tests/repos/test_pypi.py::test_python_requires_wheel_tags[https://pypi.org/numpy-1.16.3-cp37-cp37m-manylinux1_x86_64.whl#sha256=HASH],,,fail,unknown,0.0,0.0,100,1,False,could_not_reproduce,,results/idoft-od/qer-tests_repos_test_pypi_py__test_python_requires_wheel_tags_ht.json
qer,https://github.com/sputt/qer,OD-Vic,c77e6777967ee660447beb9522c867a7233ef78d,True,tests/repos/test_pypi.py::test_python_requires_wheel_tags[https://pypi.org/numpy-1.16.3-cp37-cp37m-win_amd64.whl#sha256=HASH],,,fail,unknown,0.0,0.0,100,1,False,could_not_reproduce,,results/idoft-od/qer-tests_repos_test_pypi_py__test_python_requires_wheel_tags_ht.json
qer,https://github.com/sputt/qer,OD-Vic,c77e6777967ee660447beb9522c867a7233ef78d,True,tests/repos/test_pypi.py::test_python_requires_wheel_tags[https://pypi.org/numpy-1.16.3.zip#sha256=HASH],,,fail,unknown,0.0,0.0,100,1,False,could_not_reproduce,,results/idoft-od/qer-tests_repos_test_pypi_py__test_python_requires_wheel_tags_ht.json
qer,https://github.com/sputt/qer,OD-Vic,c77e6777967ee660447beb9522c867a7233ef78d,True,tests/repos/test_pypi.py::test_successful_numpy,,,fail,unknown,0.0,0.0,100,1,False,could_not_reproduce,,results/idoft-od/qer-tests_repos_test_pypi_py__test_successful_numpy.json
qer,https://github.com/sputt/qer,OD-Vic,c77e6777967ee660447beb9522c867a7233ef78d,True,tests/test_extractor.py::test_extractor[mock_targz],,,fail,unknown,0.0,0.0,100,1,False,could_not_reproduce,,results/idoft-od/qer-tests_test_extractor_py__test_extractor_mock_targz_.json
qer,https://github.com/sputt/qer,OD-Vic,c77e6777967ee660447beb9522c867a7233ef78d,True,tests/test_extractor.py::test_extractor[mock_zip0],,,fail,unknown,0.0,0.0,100,1,False,could_not_reproduce,,results/idoft-od/qer-tests_test_extractor_py__test_extractor_mock_zip0_.json
qer,https://github.com/sputt/qer,OD-Vic,c77e6777967ee660447beb9522c867a7233ef78d,True,tests/test_extractor.py::test_extractor[mock_zip1],,,fail,unknown,0.0,0.0,100,1,False,could_not_reproduce,,results/idoft-od/qer-tests_test_extractor_py__test_extractor_mock_zip1_.json
req-compile,https://github.com/sputt/req-compile,OD-Vic,c77e6777967ee660447beb9522c867a7233ef78d,True,tests/repos/test_pypi.py::test_no_candidates,,,fail,unknown,0.0,0.0,100,1,False,could_not_reproduce,,results/idoft-od/req-compile-tests_repos_test_pypi_py__test_no_candidates.json
req-compile,https://github.com/sputt/req-compile,OD-Vic,c77e6777967ee660447beb9522c867a7233ef78d,True,tests/repos/test_pypi.py::test_pypi_500,,,fail,unknown,0.0,0.0,100,1,False,could_not_reproduce,,results/idoft-od/req-compile-tests_repos_test_pypi_py__test_pypi_500.json
req-compile,https://github.com/sputt/req-compile,OD-Vic,c77e6777967ee660447beb9522c867a7233ef78d,True,tests/repos/test_pypi.py::test_python_requires_wheel_tags[https://pypi.org/numpy-1.16.3-cp37-cp37m-manylinux1_x86_64.whl#sha256=HASH],,,fail,unknown,0.0,0.0,100,1,False,could_not_reproduce,,results/idoft-od/req-compile-tests_repos_test_pypi_py__test_python_requires_wheel_tags_ht.json
req-compile,https://github.com/sputt/req-compile,OD-Vic,c77e6777967ee660447beb9522c867a7233ef78d,True,tests/repos/test_pypi.py::test_python_requires_wheel_tags[https://pypi.org/numpy-1.16.3-cp37-cp37m-win_amd64.whl#sha256=HASH],,,fail,unknown,0.0,0.0,100,1,False,could_not_reproduce,,results/idoft-od/req-compile-tests_repos_test_pypi_py__test_python_requires_wheel_tags_ht.json
req-compile,https://github.com/sputt/req-compile,OD-Vic,c77e6777967ee660447beb9522c867a7233ef78d,True,tests/repos/test_pypi.py::test_python_requires_wheel_tags[https://pypi.org/numpy-1.16.3.zip#sha256=HASH],,,fail,unknown,0.0,0.0,100,1,False,could_not_reproduce,,results/idoft-od/req-compile-tests_repos_test_pypi_py__test_python_requires_wheel_tags_ht.json
req-compile,https://github.com/sputt/req-compile,OD-Vic,c77e6777967ee660447beb9522c867a7233ef78d,True,tests/repos/test_pypi.py::test_successful_numpy,,,fail,unknown,0.0,0.0,100,1,False,could_not_reproduce,,results/idoft-od/req-compile-tests_repos_test_pypi_py__test_successful_numpy.json
req-compile,https://github.com/sputt/req-compile,OD-Vic,c77e6777967ee660447beb9522c867a7233ef78d,True,tests/test_extractor.py::test_extractor[mock_targz],,,fail,unknown,0.0,0.0,100,1,False,could_not_reproduce,,results/idoft-od/req-compile-tests_test_extractor_py__test_extractor_mock_targz_.json
req-compile,https://github.com/sputt/req-compile,OD-Vic,c77e6777967ee660447beb9522c867a7233ef78d,True,tests/test_extractor.py::test_extractor[mock_zip0],,,fail,unknown,0.0,0.0,100,1,False,could_not_reproduce,,results/idoft-od/req-compile-tests_test_extractor_py__test_extractor_mock_zip0_.json
req-compile,https://github.com/sputt/req-compile,OD-Vic,c77e6777967ee660447beb9522c867a7233ef78d,True,tests/test_extractor.py::test_extractor[mock_zip1],,,fail,unknown,0.0,0.0,100,1,False,could_not_reproduce,,results/idoft-od/req-compile-tests_test_extractor_py__test_extractor_mock_zip1_.json
stackify-api-python,https://github.com/stackify/stackify-api-python,OD-Vic,c2625f558c41dc6c79474226b1ca7766b192dd66,True,tests/test_handler.py::TestListener::test_not_identified,,,pass,pass,100.0,0.0,100,101,False,could_not_reproduce,,results/idoft-od/stackify-api-python-tests_test_handler_py__testlistener__test_not_identified.json
stackify-api-python,https://github.com/stackify/stackify-api-python,OD-Vic,c2625f558c41dc6c79474226b1ca7766b192dd66,True,tests/test_handler.py::TestListener::test_send_group_crash,,,pass,pass,100.0,0.0,100,101,False,could_not_reproduce,,results/idoft-od/stackify-api-python-tests_test_handler_py__testlistener__test_send_group_crash.json
stackify-api-python,https://github.com/stackify/stackify-api-python,OD-Vic,c2625f558c41dc6c79474226b1ca7766b192dd66,True,tests/test_handler.py::TestListener::test_send_group_if_needed,,,pass,pass,100.0,0.0,100,101,False,could_not_reproduce,,results/idoft-od/stackify-api-python-tests_test_handler_py__testlistener__test_send_group_if_need.json
stackify-api-python,https://github.com/stackify/stackify-api-python,OD-Vic,c2625f558c41dc6c79474226b1ca7766b192dd66,True,tests/transport/test_init.py::TestTransport::test_default_send_url,,,pass,pass,100.0,0.0,100,101,False,could_not_reproduce,,results/idoft-od/stackify-api-python-tests_transport_test_init_py__testtransport__test_default_se.json
saga,https://github.com/saga-vcs/saga,OD-Vic,7beaae8831696ce813aa85620387e416719198db,True,tests/test_excel.py::test_merge[tests/merges/xlsx/shift],,,pass,pass,100.0,0.0,100,101,False,could_not_reproduce,,results/idoft-od/saga-tests_test_excel_py__test_merge_tests_merges_xlsx_shift_.json
layeredconfig,https://github.com/staffanm/layeredconfig,OD-Vic,c0eae96da7848ea52b43ac947f284eb2324d9ce1,True,tests/test_layeredconfig.py::TestLayeredWithSingleSource::test_commandline,,,pass,pass,100.0,0.0,100,101,False,could_not_reproduce,,results/idoft-od/layeredconfig-tests_test_layeredconfig_py__testlayeredwithsinglesource__te.json
m3u-dump,https://github.com/stateya/m3u-dump,OD-Vic,1ec3eeedb4c650af76c6c66859375ca2d2a6e1bc,True,tests/test_m3u_dump.py::test_copy_music_dryrun,,,pass,fail,0.0,0.0,100,1,True,vic_confirmed,,results/idoft-od/m3u-dump-tests_test_m3u_dump_py__test_copy_music_dryrun.json
skipper,https://github.com/Stratoscale/skipper,OD-Vic,dde3194bf6cf227b30c6e54b18c37317d2e0647e,True,tests/test_cli.py::TestCLI::test_make_without_build_container_tag,,,fail,error,0.0,0.0,100,1,False,could_not_reproduce,,results/idoft-od/skipper-tests_test_cli_py__testcli__test_make_without_build_containe.json
skipper,https://github.com/Stratoscale/skipper,OD-Vic,dde3194bf6cf227b30c6e54b18c37317d2e0647e,True,tests/test_cli.py::TestCLI::test_run_without_build_container_tag,,,fail,error,0.0,0.0,100,1,False,could_not_reproduce,,results/idoft-od/skipper-tests_test_cli_py__testcli__test_run_without_build_container.json
skipper,https://github.com/Stratoscale/skipper,OD-Vic,dde3194bf6cf227b30c6e54b18c37317d2e0647e,True,tests/test_cli.py::TestCLI::test_run_without_build_container_tag_cached,,,fail,error,0.0,0.0,100,1,False,could_not_reproduce,,results/idoft-od/skipper-tests_test_cli_py__testcli__test_run_without_build_container.json
netutils-linux,https://github.com/strizhechenko/netutils-linux,OD-Brit,dfcb0900ffffa3020656338bbab123f6da00a168,True,netutils_linux_tuning/test_rx_buffers.py::RxBuffersTuneTest::test_all,,,fail,skipped,0.0,0.0,100,0,True,brit_confirmed,,results/idoft-od/netutils-linux-netutils_linux_tuning_test_rx_buffers_py__rxbufferstunetest_.json
riemann,https://github.com/summa-tx/riemann,OD-Vic,0fda32e783487572c869aaabc6af7adba01cbd00,True,riemann/tests/encoding/test_addresses.py::TestAddresses::test_make_p2sh_address_msig,,,pass,pass,100.0,0.0,100,101,False,could_not_reproduce,,results/idoft-od/riemann-riemann_tests_encoding_test_addresses_py__testaddresses__tes.json
riemann,https://github.com/summa-tx/riemann,OD-Vic,0fda32e783487572c869aaabc6af7adba01cbd00,True,riemann/tests/test_simple.py::TestSimple::test_unsigned_witness_tx,,,pass,pass,100.0,0.0,100,101,False,could_not_reproduce,,results/idoft-od/riemann-riemann_tests_test_simple_py__testsimple__test_unsigned_witn.json
riemann,https://github.com/summa-tx/riemann,OD-Vic,0fda32e783487572c869aaabc6af7adba01cbd00,True,riemann/tests/tx/test_tx_builder.py::TestTxBuilder::test_make_pkh_output_script,,,pass,pass,100.0,0.0,100,101,False,could_not_reproduce,,results/idoft-od/riemann-riemann_tests_tx_test_tx_builder_py__testtxbuilder__test_mak.json
flask-sqlalchemy-booster,https://github.com/SuryaSankar/flask-sqlalchemy-booster,OD-Brit,e43980e29a18e725d791b87ce1b677470bbaf22c,True,tests/test_view_boosters/test_todo_list_api/test_api_endpoints.py::test_task_get,,,fail,skipped,0.0,0.0,100,0,True,brit_confirmed,,results/idoft-od/flask-sqlalchemy-booster-tests_test_view_boosters_test_todo_list_api_test_api_endpoin.json
flask-sqlalchemy-booster,https://github.com/SuryaSankar/flask-sqlalchemy-booster,OD-Brit,e43980e29a18e725d791b87ce1b677470bbaf22c,True,tests/test_view_boosters/test_todo_list_api/test_api_endpoints.py::test_task_updation,,,fail,skipped,0.0,0.0,100,0,True,brit_confirmed,,results/idoft-od/flask-sqlalchemy-booster-tests_test_view_boosters_test_todo_list_api_test_api_endpoin.json
multiindex,https://github.com/sushobhit27/multiindex,OD-Vic,b631e60bd47558eca9067a0dc87f0e713cddc6f2,True,multiindex/tests/test_multiindex.py::test_insert,,,pass,pass,1.0,1.0,100,3,True,vic_confirmed,,results/idoft-od/multiindex-multiindex_tests_test_multiindex_py__test_insert.json
multiindex,https://github.com/sushobhit27/multiindex,OD-Vic,b631e60bd47558eca9067a0dc87f0e713cddc6f2,True,multiindex/tests/test_multiindex.py::test_insert_overwrite,,,pass,fail,0.0,0.0,100,1,True,vic_confirmed,,results/idoft-od/multiindex-multiindex_tests_test_multiindex_py__test_insert_overwrite.json
multiindex,https://github.com/sushobhit27/multiindex,OD-Brit,b631e60bd47558eca9067a0dc87f0e713cddc6f2,True,multiindex/tests/test_multiindex.py::test_remove,,,fail,skipped,0.0,0.0,100,0,True,brit_confirmed,,results/idoft-od/multiindex-multiindex_tests_test_multiindex_py__test_remove.json
multiindex,https://github.com/sushobhit27/multiindex,OD-Vic,b631e60bd47558eca9067a0dc87f0e713cddc6f2,True,multiindex/tests/test_multiindex_hashed_non_unique.py::test_insert,,,pass,fail,0.0,0.0,100,1,True,vic_confirmed,,results/idoft-od/multiindex-multiindex_tests_test_multiindex_hashed_non_unique_py__test_.json
promise,https://github.com/syrusakbary/promise,OD-Brit,4627315476f6b9fc82818327ae09b04f89f9bda7,True,tests/test_dataloader.py::test_wrong_loader_return_type_does_not_block_async_instance,,,fail,skipped,0.0,0.0,100,0,True,brit_confirmed,,results/idoft-od/promise-tests_test_dataloader_py__test_wrong_loader_return_type_does.json
pytidy,https://github.com/taxpon/pytidy,OD-Vic,0a0a54b80b53dadd8ecc8ff2db42444741b75865,True,tests/test_dataclass.py::test_class_is_inserted_to_dataclass,,,pass,pass,100.0,0.0,100,101,False,could_not_reproduce,,results/idoft-od/pytidy-tests_test_dataclass_py__test_class_is_inserted_to_dataclass.json
pytidy,https://github.com/taxpon/pytidy,OD-Vic,0a0a54b80b53dadd8ecc8ff2db42444741b75865,True,tests/test_function.py::test_object_insertion,,,pass,pass,100.0,0.0,100,101,False,could_not_reproduce,,results/idoft-od/pytidy-tests_test_function_py__test_object_insertion.json
pytidy,https://github.com/taxpon/pytidy,OD-Vic,0a0a54b80b53dadd8ecc8ff2db42444741b75865,True,tests/test_function.py::test_return_type_none,,,pass,pass,100.0,0.0,100,101,False,could_not_reproduce,,results/idoft-od/pytidy-tests_test_function_py__test_return_type_none.json
pythondi,https://github.com/teamhide/pythondi,OD-Vic,913e6a60fc5d02c3db385ad322f970ecec36969b,True,tests/test_configure.py::test_configure,,,pass,pass,100.0,0.0,100,101,False,could_not_reproduce,,results/idoft-od/pythondi-tests_test_configure_py__test_configure.json
pydbvolve,https://github.com/Teamworksapp/pydbvolve,OD-Vic,e18bb8cf98997c52de0cf30a8e106c480ba0bb57,True,tests/unittests/test_00_initialization.py::test_09_get_migration_table_schema,,,pass,fail,0.0,0.0,100,1,True,vic_confirmed,,results/idoft-od/pydbvolve-tests_unittests_test_00_initialization_py__test_09_get_migra.json
pydbvolve,https://github.com/Teamworksapp/pydbvolve,OD-Vic,e18bb8cf98997c52de0cf30a8e106c480ba0bb57,True,tests/unittests/test_00_initialization.py::test_13_pre_config,,,pass,fail,0.0,0.0,100,1,True,vic_confirmed,,results/idoft-od/pydbvolve-tests_unittests_test_00_initialization_py__test_13_pre_confi.json
pydbvolve,https://github.com/Teamworksapp/pydbvolve,OD-Brit,e18bb8cf98997c52de0cf30a8e106c480ba0bb57,True,tests/unittests/test_01_migration_table.py::test_02_check_migration_table_bad_structure,,,pass,pass,3.0,1.0,100,5,True,brit_confirmed,,results/idoft-od/pydbvolve-tests_unittests_test_01_migration_table_py__test_02_check_mi.json
HikLoad,https://github.com/Tedyst/HikLoad,OD-Brit,b3eb7be65bd34040992e1b7b15f23ff4ce2e8dc4,True,tests/test_config.py::test_envvar,,,fail,skipped,0.0,0.0,100,0,True,brit_confirmed,,results/idoft-od/HikLoad-tests_test_config_py__test_envvar.json
QTAF,https://github.com/Tencent/QTAF,OD-Vic,c9141e8fbdfd89f5f13dd59dfab17f9e8193dcf8,True,tests/test_testbase/test_assert.py::AssertionTest::test_assert_failure,,,fail,error,0.0,0.0,100,1,False,could_not_reproduce,,results/idoft-od/QTAF-tests_test_testbase_test_assert_py__assertiontest__test_asse.json
crom,https://github.com/thegetty/crom,OD-Vic,98bb6be4e32b4c81eb7e0b5e841a915b015abaf0,True,tests/test_add_classification.py::TestAddClassification::test_add_classification,,,pass,pass,100.0,0.0,100,101,False,could_not_reproduce,,results/idoft-od/crom-tests_test_add_classification_py__testaddclassification__tes.json
crom,https://github.com/thegetty/crom,OD-Vic,98bb6be4e32b4c81eb7e0b5e841a915b015abaf0,True,tests/test_currency.py::TestCurrencyExtraction::test_extract_est,,,pass,pass,100.0,0.0,100,101,False,could_not_reproduce,,results/idoft-od/crom-tests_test_currency_py__testcurrencyextraction__test_extract.json
crom,https://github.com/thegetty/crom,OD-Vic,98bb6be4e32b4c81eb7e0b5e841a915b015abaf0,True,tests/test_currency.py::TestCurrencyExtraction::test_extract_price_with_citation,,,pass,pass,100.0,0.0,100,101,False,could_not_reproduce,,results/idoft-od/crom-tests_test_currency_py__testcurrencyextraction__test_extract.json
crom,https://github.com/thegetty/crom,OD-Vic,98bb6be4e32b4c81eb7e0b5e841a915b015abaf0,True,tests/test_currency.py::TestCurrencyExtraction::test_extract_start,,,pass,pass,100.0,0.0,100,101,False,could_not_reproduce,,results/idoft-od/crom-tests_test_currency_py__testcurrencyextraction__test_extract.json
crom,https://github.com/thegetty/crom,OD-Vic,98bb6be4e32b4c81eb7e0b5e841a915b015abaf0,True,tests/test_model.py::TestAutoIdentifiers::test_no_ident,,,pass,fail,0.0,0.0,100,1,True,vic_confirmed,,results/idoft-od/crom-tests_test_model_py__testautoidentifiers__test_no_ident.json
crom,https://github.com/thegetty/crom,OD-Vic,98bb6be4e32b4c81eb7e0b5e841a915b015abaf0,True,tests/test_model.py::TestBaseResource::test_allows_multiple,,,pass,pass,13.0,1.0,100,15,True,vic_confirmed,,results/idoft-od/crom-tests_test_model_py__testbaseresource__test_allows_multiple.json
crom,https://github.com/thegetty/crom,OD-Vic,98bb6be4e32b4c81eb7e0b5e841a915b015abaf0,True,tests/test_model.py::TestBaseResource::test_check_prop,,,pass,pass,72.0,1.0,100,74,True,vic_confirmed,,results/idoft-od/crom-tests_test_model_py__testbaseresource__test_check_prop.json
crom,https://github.com/thegetty/crom,OD-Vic,98bb6be4e32b4c81eb7e0b5e841a915b015abaf0,True,tests/test_model.py::TestBaseResource::test_check_reference,,,pass,fail,0.0,0.0,100,1,True,vic_confirmed,,results/idoft-od/crom-tests_test_model_py__testbaseresource__test_check_reference.json
crom,https://github.com/thegetty/crom,OD-Vic,98bb6be4e32b4c81eb7e0b5e841a915b015abaf0,True,tests/test_model.py::TestBaseResource::test_init_params,,,pass,pass,13.0,1.0,100,15,True,vic_confirmed,,results/idoft-od/crom-tests_test_model_py__testbaseresource__test_init_params.json
crom,https://github.com/thegetty/crom,OD-Vic,98bb6be4e32b4c81eb7e0b5e841a915b015abaf0,True,tests/test_model.py::TestBaseResource::test_list_my_props,,,pass,pass,13.0,1.0,100,15,True,vic_confirmed,,results/idoft-od/crom-tests_test_model_py__testbaseresource__test_list_my_props.json
crom,https://github.com/thegetty/crom,OD-Vic,98bb6be4e32b4c81eb7e0b5e841a915b015abaf0,True,tests/test_model.py::TestBaseResource::test_multiplicity,,,pass,pass,13.0,1.0,100,15,True,vic_confirmed,,results/idoft-od/crom-tests_test_model_py__testbaseresource__test_multiplicity.json
crom,https://github.com/thegetty/crom,OD-Vic,98bb6be4e32b4c81eb7e0b5e841a915b015abaf0,True,tests/test_model.py::TestFactorySerialization::test_breadth,,,pass,pass,2.0,1.0,100,4,True,vic_confirmed,,results/idoft-od/crom-tests_test_model_py__testfactoryserialization__test_breadth.json
crom,https://github.com/thegetty/crom,OD-Vic,98bb6be4e32b4c81eb7e0b5e841a915b015abaf0,True,tests/test_model.py::TestFactorySerialization::test_collapse_json,,,pass,pass,23.0,1.0,100,25,True,vic_confirmed,,results/idoft-od/crom-tests_test_model_py__testfactoryserialization__test_collapse.json
crom,https://github.com/thegetty/crom,OD-Vic,98bb6be4e32b4c81eb7e0b5e841a915b015abaf0,True,tests/test_model.py::TestFactorySerialization::test_ordering,,,pass,pass,2.0,1.0,100,4,True,vic_confirmed,,results/idoft-od/crom-tests_test_model_py__testfactoryserialization__test_ordering.json
crom,https://github.com/thegetty/crom,OD-Vic,98bb6be4e32b4c81eb7e0b5e841a915b015abaf0,True,tests/test_model.py::TestFactorySerialization::test_pipe_scoped,,,pass,pass,39.0,1.0,100,41,True,vic_confirmed,,results/idoft-od/crom-tests_test_model_py__testfactoryserialization__test_pipe_sco.json
crom,https://github.com/thegetty/crom,OD-Vic,98bb6be4e32b4c81eb7e0b5e841a915b015abaf0,True,tests/test_model.py::TestFactorySerialization::test_production_mode,,,pass,pass,2.0,1.0,100,4,True,vic_confirmed,,results/idoft-od/crom-tests_test_model_py__testfactoryserialization__test_producti.json
crom,https://github.com/thegetty/crom,OD-Vic,98bb6be4e32b4c81eb7e0b5e841a915b015abaf0,True,tests/test_model.py::TestFactorySerialization::test_recursion,,,pass,pass,2.0,1.0,100,4,True,vic_confirmed,,results/idoft-od/crom-tests_test_model_py__testfactoryserialization__test_recursio.json
crom,https://github.com/thegetty/crom,OD-Vic,98bb6be4e32b4c81eb7e0b5e841a915b015abaf0,True,tests/test_model.py::TestFactorySerialization::test_string_list,,,pass,pass,2.0,1.0,100,4,True,vic_confirmed,,results/idoft-od/crom-tests_test_model_py__testfactoryserialization__test_string_l.json
crom,https://github.com/thegetty/crom,OD-Vic,98bb6be4e32b4c81eb7e0b5e841a915b015abaf0,True,tests/test_model.py::TestFactorySerialization::test_toFile,,,pass,fail,0.0,0.0,100,1,True,vic_confirmed,,results/idoft-od/crom-tests_test_model_py__testfactoryserialization__test_tofile.json
crom,https://github.com/thegetty/crom,OD-Vic,98bb6be4e32b4c81eb7e0b5e841a915b015abaf0,True,tests/test_model.py::TestFactorySerialization::test_toJSON,,,pass,pass,100.0,0.0,100,101,False,could_not_reproduce,,results/idoft-od/crom-tests_test_model_py__testfactoryserialization__test_tojson.json
crom,https://github.com/thegetty/crom,OD-Vic,98bb6be4e32b4c81eb7e0b5e841a915b015abaf0,True,tests/test_model.py::TestFactorySerialization::test_toJSON_fast,,,pass,pass,100.0,0.0,100,101,False,could_not_reproduce,,results/idoft-od/crom-tests_test_model_py__testfactoryserialization__test_tojson_f.json
crom,https://github.com/thegetty/crom,OD-Vic,98bb6be4e32b4c81eb7e0b5e841a915b015abaf0,True,tests/test_model.py::TestFactorySerialization::test_toJSON_normal,,,pass,pass,100.0,0.0,100,101,False,could_not_reproduce,,results/idoft-od/crom-tests_test_model_py__testfactoryserialization__test_tojson_n.json
crom,https://github.com/thegetty/crom,OD-Vic,98bb6be4e32b4c81eb7e0b5e841a915b015abaf0,True,tests/test_model.py::TestFactorySerialization::test_toString,,,pass,pass,100.0,0.0,100,101,False,could_not_reproduce,,results/idoft-od/crom-tests_test_model_py__testfactoryserialization__test_tostring.json
crom,https://github.com/thegetty/crom,OD-Vic,98bb6be4e32b4c81eb7e0b5e841a915b015abaf0,True,tests/test_model.py::TestFactorySerialization::test_toString_fast,,,pass,pass,100.0,0.0,100,101,False,could_not_reproduce,,results/idoft-od/crom-tests_test_model_py__testfactoryserialization__test_tostring.json
crom,https://github.com/thegetty/crom,OD-Vic,98bb6be4e32b4c81eb7e0b5e841a915b015abaf0,True,tests/test_model.py::TestMagicMethods::test_not_multiple_instance,,,pass,pass,2.0,1.0,100,4,True,vic_confirmed,,results/idoft-od/crom-tests_test_model_py__testmagicmethods__test_not_multiple_ins.json
crom,https://github.com/thegetty/crom,OD-Vic,98bb6be4e32b4c81eb7e0b5e841a915b015abaf0,True,tests/test_model.py::TestMagicMethods::test_validate_multiplicity,,,pass,pass,14.0,1.0,100,16,True,vic_confirmed,,results/idoft-od/crom-tests_test_model_py__testmagicmethods__test_validate_multipl.json
crom,https://github.com/thegetty/crom,OD-Vic,98bb6be4e32b4c81eb7e0b5e841a915b015abaf0,True,tests/test_model.py::TestMagicMethods::test_validate_profile_off,,,pass,pass,14.0,1.0,100,16,True,vic_confirmed,,results/idoft-od/crom-tests_test_model_py__testmagicmethods__test_validate_profile.json
crom,https://github.com/thegetty/crom,OD-Vic,98bb6be4e32b4c81eb7e0b5e841a915b015abaf0,True,tests/test_model.py::TestMagicMethods::test_validation_wrong_type,,,pass,pass,2.0,1.0,100,4,True,vic_confirmed,,results/idoft-od/crom-tests_test_model_py__testmagicmethods__test_validation_wrong.json
crom,https://github.com/thegetty/crom,OD-Vic,98bb6be4e32b4c81eb7e0b5e841a915b015abaf0,True,tests/test_model.py::TestPropertyCache::test_cache_hierarchy,,,pass,pass,13.0,1.0,100,15,True,vic_confirmed,,results/idoft-od/crom-tests_test_model_py__testpropertycache__test_cache_hierarchy.json
crom,https://github.com/thegetty/crom,OD-Vic,98bb6be4e32b4c81eb7e0b5e841a915b015abaf0,True,tests/test_reader.py::TestReader::test_read,,,pass,pass,100.0,0.0,100,101,False,could_not_reproduce,,results/idoft-od/crom-tests_test_reader_py__testreader__test_read.json
crom,https://github.com/thegetty/crom,OD-Vic,98bb6be4e32b4c81eb7e0b5e841a915b015abaf0,True,tests/test_reader.py::TestReader::test_vocab_collision,,,pass,pass,100.0,0.0,100,101,False,could_not_reproduce,,results/idoft-od/crom-tests_test_reader_py__testreader__test_vocab_collision.json
crom,https://github.com/thegetty/crom,OD-Vic,98bb6be4e32b4c81eb7e0b5e841a915b015abaf0,True,tests/test_vocab.py::TestClassBuilder::test_aa_check,,,pass,pass,100.0,0.0,100,101,False,could_not_reproduce,,results/idoft-od/crom-tests_test_vocab_py__testclassbuilder__test_aa_check.json
crom,https://github.com/thegetty/crom,OD-Vic,98bb6be4e32b4c81eb7e0b5e841a915b015abaf0,True,tests/test_vocab.py::TestClassBuilder::test_boundary_setter,,,pass,pass,100.0,0.0,100,101,False,could_not_reproduce,,results/idoft-od/crom-tests_test_vocab_py__testclassbuilder__test_boundary_setter.json
crom,https://github.com/thegetty/crom,OD-Vic,98bb6be4e32b4c81eb7e0b5e841a915b015abaf0,True,tests/test_vocab.py::TestClassBuilder::test_conceptual_parts,,,pass,pass,100.0,0.0,100,101,False,could_not_reproduce,,results/idoft-od/crom-tests_test_vocab_py__testclassbuilder__test_conceptual_parts.json
crom,https://github.com/thegetty/crom,OD-Vic,98bb6be4e32b4c81eb7e0b5e841a915b015abaf0,True,tests/test_vocab.py::TestClassBuilder::test_linguistic_object_boundary,,,pass,pass,100.0,0.0,100,101,False,could_not_reproduce,,results/idoft-od/crom-tests_test_vocab_py__testclassbuilder__test_linguistic_objec.json
crom,https://github.com/thegetty/crom,OD-Vic,98bb6be4e32b4c81eb7e0b5e841a915b015abaf0,True,tests/test_vocab.py::TestClassBuilder::test_metatype,,,pass,pass,100.0,0.0,100,101,False,could_not_reproduce,,results/idoft-od/crom-tests_test_vocab_py__testclassbuilder__test_metatype.json
crom,https://github.com/thegetty/crom,OD-Vic,98bb6be4e32b4c81eb7e0b5e841a915b015abaf0,True,tests/test_vocab.py::TestClassBuilder::test_multitype,,,pass,pass,100.0,0.0,100,101,False,could_not_reproduce,,results/idoft-od/crom-tests_test_vocab_py__testclassbuilder__test_multitype.json
crom,https://github.com/thegetty/crom,OD-Vic,98bb6be4e32b4c81eb7e0b5e841a915b015abaf0,True,tests/test_vocab.py::TestClassBuilder::test_procurement_boundary,,,pass,pass,100.0,0.0,100,101,False,could_not_reproduce,,results/idoft-od/crom-tests_test_vocab_py__testclassbuilder__test_procurement_boun.json
envyaml,https://github.com/thesimj/envyaml,OD-Brit,79a220cabb69d71397310d941de205610cf5e4cb,True,tests/test_envyaml.py::test_it_should_not_fail_when_try_load_non_exist_default_file,,,fail,skipped,0.0,0.0,100,0,True,brit_confirmed,,results/idoft-od/envyaml-tests_test_envyaml_py__test_it_should_not_fail_when_try_load.json
nodal,https://github.com/thimic/nodal,OD-Vic,261eeefd50298765c5722c5f7da72e6f2927bd3e,True,tests/nodal/nodes/test_noop.py::TestNoOp::test_name,,,pass,pass,100.0,0.0,100,101,False,could_not_reproduce,,results/idoft-od/nodal-tests_nodal_nodes_test_noop_py__testnoop__test_name.json
nodal,https://github.com/thimic/nodal,OD-Vic,261eeefd50298765c5722c5f7da72e6f2927bd3e,True,tests/nodal/test_graph.py::TestGraph::test__on_node_create,,,pass,pass,100.0,0.0,100,101,False,could_not_reproduce,,results/idoft-od/nodal-tests_nodal_test_graph_py__testgraph__test__on_node_create.json
nodal,https://github.com/thimic/nodal,OD-Vic,261eeefd50298765c5722c5f7da72e6f2927bd3e,True,tests/nodal/test_graph.py::TestGraph::test__on_node_destroy,,,pass,pass,100.0,0.0,100,101,False,could_not_reproduce,,results/idoft-od/nodal-tests_nodal_test_graph_py__testgraph__test__on_node_destroy.json
pymq,https://github.com/thrau/pymq,OD-Vic,101857bca2b705c328d3bda3b26797b51e8ffb70,True,tests/test_provider_ipc.py::IpcQueueTest::test_queue_collection_types,,,pass,pass,100.0,0.0,100,101,False,could_not_reproduce,,results/idoft-od/pymq-tests_test_provider_ipc_py__ipcqueuetest__test_queue_collect.json
saga,https://github.com/saga-vcs/saga,OD-Vic,7beaae8831696ce813aa85620387e416719198db,True,tests/test_excel.py::test_merge[tests/merges/xlsx/single_element],,,pass,pass,100.0,0.0,100,101,False,could_not_reproduce,,results/idoft-od/saga-tests_test_excel_py__test_merge_tests_merges_xlsx_single_ele.json
pymq,https://github.com/thrau/pymq,OD-Vic,101857bca2b705c328d3bda3b26797b51e8ffb70,True,tests/test_provider_ipc.py::IpcQueueTest::test_queue_complex_types,,,pass,pass,100.0,0.0,100,101,False,could_not_reproduce,,results/idoft-od/pymq-tests_test_provider_ipc_py__ipcqueuetest__test_queue_complex.json
pymq,https://github.com/thrau/pymq,OD-Vic,101857bca2b705c328d3bda3b26797b51e8ffb70,True,tests/test_provider_ipc.py::IpcQueueTest::test_queue_get_blocking,,,pass,pass,100.0,0.0,100,101,False,could_not_reproduce,,results/idoft-od/pymq-tests_test_provider_ipc_py__ipcqueuetest__test_queue_get_blo.json
pymq,https://github.com/thrau/pymq,OD-Vic,101857bca2b705c328d3bda3b26797b51e8ffb70,True,tests/test_provider_ipc.py::IpcQueueTest::test_queue_get_nowait_timeout,,,pass,pass,100.0,0.0,100,101,False,could_not_reproduce,,results/idoft-od/pymq-tests_test_provider_ipc_py__ipcqueuetest__test_queue_get_now.json
pymq,https://github.com/thrau/pymq,OD-Vic,101857bca2b705c328d3bda3b26797b51e8ffb70,True,tests/test_provider_ipc.py::IpcQueueTest::test_queue_primitive_types,,,pass,pass,100.0,0.0,100,101,False,could_not_reproduce,,results/idoft-od/pymq-tests_test_provider_ipc_py__ipcqueuetest__test_queue_primiti.json
pymq,https://github.com/thrau/pymq,OD-Vic,101857bca2b705c328d3bda3b26797b51e8ffb70,True,tests/test_provider_ipc.py::IpcQueueTest::test_queue_put_get,,,pass,pass,100.0,0.0,100,101,False,could_not_reproduce,,results/idoft-od/pymq-tests_test_provider_ipc_py__ipcqueuetest__test_queue_put_get.json
pymq,https://github.com/thrau/pymq,OD-Vic,101857bca2b705c328d3bda3b26797b51e8ffb70,True,tests/test_provider_ipc.py::IpcRpcTest::test_echo_command_response_function,,,pass,pass,100.0,0.0,100,101,False,could_not_reproduce,,results/idoft-od/pymq-tests_test_provider_ipc_py__ipcrpctest__test_echo_command_re.json
saga,https://github.com/saga-vcs/saga,OD-Vic,7beaae8831696ce813aa85620387e416719198db,True,tests/test_excel.py::test_merge[tests/merges/xlsx/string_and_number],,,pass,pass,100.0,0.0,100,101,False,could_not_reproduce,,results/idoft-od/saga-tests_test_excel_py__test_merge_tests_merges_xlsx_string_and.json
saga,https://github.com/saga-vcs/saga,OD-Vic,7beaae8831696ce813aa85620387e416719198db,True,tests/test_text.py::test_merge[tests/merges/txt/add_in_both],,,pass,pass,100.0,0.0,100,101,False,could_not_reproduce,,results/idoft-od/saga-tests_test_text_py__test_merge_tests_merges_txt_add_in_both_.json
saga,https://github.com/saga-vcs/saga,OD-Vic,7beaae8831696ce813aa85620387e416719198db,True,tests/test_text.py::test_merge[tests/merges/txt/add_in_middle],,,pass,pass,100.0,0.0,100,101,False,could_not_reproduce,,results/idoft-od/saga-tests_test_text_py__test_merge_tests_merges_txt_add_in_middl.json
saga,https://github.com/saga-vcs/saga,OD-Vic,7beaae8831696ce813aa85620387e416719198db,True,tests/test_text.py::test_merge[tests/merges/txt/add_line],,,pass,pass,100.0,0.0,100,101,False,could_not_reproduce,,results/idoft-od/saga-tests_test_text_py__test_merge_tests_merges_txt_add_line_.json
saga,https://github.com/saga-vcs/saga,OD-Vic,7beaae8831696ce813aa85620387e416719198db,True,tests/test_text.py::test_merge[tests/merges/txt/remove_in_both],,,pass,pass,100.0,0.0,100,101,False,could_not_reproduce,,results/idoft-od/saga-tests_test_text_py__test_merge_tests_merges_txt_remove_in_bo.json
saga,https://github.com/saga-vcs/saga,OD-Vic,7beaae8831696ce813aa85620387e416719198db,True,tests/test_text.py::test_merge[tests/merges/txt/remove_line],,,pass,pass,100.0,0.0,100,101,False,could_not_reproduce,,results/idoft-od/saga-tests_test_text_py__test_merge_tests_merges_txt_remove_line_.json
pymq,https://github.com/thrau/pymq,OD-Vic,101857bca2b705c328d3bda3b26797b51e8ffb70,True,tests/test_provider_ipc.py::IpcRpcTest::test_error_function,,,pass,pass,100.0,0.0,100,101,False,could_not_reproduce,,results/idoft-od/pymq-tests_test_provider_ipc_py__ipcrpctest__test_error_function.json
edk2-pytool-library,https://github.com/tianocore/edk2-pytool-library,OD-Brit,ab6bac82f297b4e8fe0a0d4dcde4711b3cb1bc88,True,edk2toollib/acpi/ivrs_parser_test.py::IvrsParserTest::test_ivrs_parser_ivrs_full,,,fail,skipped,0.0,0.0,100,0,True,brit_confirmed,,results/idoft-od/edk2-pytool-library-edk2toollib_acpi_ivrs_parser_test_py__ivrsparsertest__test_i.json
easy_python_requirements,https://github.com/tjdevries/easy_python_requirements,OD-Brit,2bf905f34065637cbc781d17d8e5806892fb66d5,True,test/test_mock_functions.py::test_mock_class_update,,,fail,skipped,0.0,0.0,100,0,True,brit_confirmed,,results/idoft-od/easy_python_requirements-test_test_mock_functions_py__test_mock_class_update.json
easy_python_requirements,https://github.com/tjdevries/easy_python_requirements,OD-Vic,2bf905f34065637cbc781d17d8e5806892fb66d5,True,test/test_mock_functions.py::test_mock_module_with_two_updates,,,pass,pass,100.0,0.0,100,101,False,could_not_reproduce,,results/idoft-od/easy_python_requirements-test_test_mock_functions_py__test_mock_module_with_two_updat.json
cloudnetpy,https://github.com/tukiains/cloudnetpy,OD-Vic,26f2607b890630146469cfa410fce99438ceee3f,False,tests/unit/test_classify.py::TestFindRain::test_1,,,pass,fail,0.0,0.0,100,1,True,vic_confirmed,,results/idoft-od/cloudnetpy-tests_unit_test_classify_py__testfindrain__test_1.json
cloudnetpy,https://github.com/tukiains/cloudnetpy,OD-Brit,26f2607b890630146469cfa410fce99438ceee3f,False,tests/unit/test_classify.py::TestFindRain::test_3,,,fail,skipped,0.0,0.0,100,0,True,brit_confirmed,,results/idoft-od/cloudnetpy-tests_unit_test_classify_py__testfindrain__test_3.json
cloudnetpy,https://github.com/tukiains/cloudnetpy,OD-Vic,26f2607b890630146469cfa410fce99438ceee3f,False,tests/unit/test_drizzle.py::test_append_data[beta_corr],,,pass,pass,0.0,1.0,100,2,True,vic_confirmed,,results/idoft-od/cloudnetpy-tests_unit_test_drizzle_py__test_append_data_beta_corr_.json
cloudnetpy,https://github.com/tukiains/cloudnetpy,OD-Vic,26f2607b890630146469cfa410fce99438ceee3f,False,tests/unit/test_drizzle.py::test_append_data[Do],,,pass,pass,0.0,1.0,100,2,True,vic_confirmed,,results/idoft-od/cloudnetpy-tests_unit_test_drizzle_py__test_append_data_do_.json
cloudnetpy,https://github.com/tukiains/cloudnetpy,OD-Vic,26f2607b890630146469cfa410fce99438ceee3f,False,tests/unit/test_drizzle.py::test_append_data[Do_bias],,,pass,pass,0.0,1.0,100,2,True,vic_confirmed,,results/idoft-od/cloudnetpy-tests_unit_test_drizzle_py__test_append_data_do_bias_.json
cloudnetpy,https://github.com/tukiains/cloudnetpy,OD-Vic,26f2607b890630146469cfa410fce99438ceee3f,False,tests/unit/test_drizzle.py::test_append_data[Do_error],,,pass,pass,0.0,1.0,100,2,True,vic_confirmed,,results/idoft-od/cloudnetpy-tests_unit_test_drizzle_py__test_append_data_do_error_.json
cloudnetpy,https://github.com/tukiains/cloudnetpy,OD-Vic,26f2607b890630146469cfa410fce99438ceee3f,False,tests/unit/test_drizzle.py::test_append_data[drizzle_lwc],,,pass,pass,0.0,1.0,100,2,True,vic_confirmed,,results/idoft-od/cloudnetpy-tests_unit_test_drizzle_py__test_append_data_drizzle_lwc_.json
cloudnetpy,https://github.com/tukiains/cloudnetpy,OD-Vic,26f2607b890630146469cfa410fce99438ceee3f,False,tests/unit/test_drizzle.py::test_append_data[drizzle_lwc_bias],,,pass,pass,0.0,1.0,100,2,True,vic_confirmed,,results/idoft-od/cloudnetpy-tests_unit_test_drizzle_py__test_append_data_drizzle_lwc_bia.json
pymq,https://github.com/thrau/pymq,OD-Vic,101857bca2b705c328d3bda3b26797b51e8ffb70,True,tests/test_provider_ipc.py::IpcRpcTest::test_remote_decorator,,,pass,pass,100.0,0.0,100,101,False,could_not_reproduce,,results/idoft-od/pymq-tests_test_provider_ipc_py__ipcrpctest__test_remote_decorato.json
cloudnetpy,https://github.com/tukiains/cloudnetpy,OD-Vic,26f2607b890630146469cfa410fce99438ceee3f,False,tests/unit/test_drizzle.py::test_append_data[drizzle_lwc_error],,,pass,pass,0.0,1.0,100,2,True,vic_confirmed,,results/idoft-od/cloudnetpy-tests_unit_test_drizzle_py__test_append_data_drizzle_lwc_err.json
cloudnetpy,https://github.com/tukiains/cloudnetpy,OD-Vic,26f2607b890630146469cfa410fce99438ceee3f,False,tests/unit/test_drizzle.py::test_append_data[drizzle_lwf],,,pass,pass,0.0,1.0,100,2,True,vic_confirmed,,results/idoft-od/cloudnetpy-tests_unit_test_drizzle_py__test_append_data_drizzle_lwf_.json
cloudnetpy,https://github.com/tukiains/cloudnetpy,OD-Vic,26f2607b890630146469cfa410fce99438ceee3f,False,tests/unit/test_drizzle.py::test_append_data[drizzle_lwf_bias],,,pass,pass,0.0,1.0,100,2,True,vic_confirmed,,results/idoft-od/cloudnetpy-tests_unit_test_drizzle_py__test_append_data_drizzle_lwf_bia.json
cloudnetpy,https://github.com/tukiains/cloudnetpy,OD-Vic,26f2607b890630146469cfa410fce99438ceee3f,False,tests/unit/test_drizzle.py::test_append_data[drizzle_lwf_error],,,pass,pass,0.0,1.0,100,2,True,vic_confirmed,,results/idoft-od/cloudnetpy-tests_unit_test_drizzle_py__test_append_data_drizzle_lwf_err.json
cloudnetpy,https://github.com/tukiains/cloudnetpy,OD-Vic,26f2607b890630146469cfa410fce99438ceee3f,False,tests/unit/test_drizzle.py::test_append_data[drizzle_N],,,pass,pass,0.0,1.0,100,2,True,vic_confirmed,,results/idoft-od/cloudnetpy-tests_unit_test_drizzle_py__test_append_data_drizzle_n_.json
cloudnetpy,https://github.com/tukiains/cloudnetpy,OD-Vic,26f2607b890630146469cfa410fce99438ceee3f,False,tests/unit/test_drizzle.py::test_append_data[drizzle_N_bias],,,pass,pass,0.0,1.0,100,2,True,vic_confirmed,,results/idoft-od/cloudnetpy-tests_unit_test_drizzle_py__test_append_data_drizzle_n_bias_.json
cloudnetpy,https://github.com/tukiains/cloudnetpy,OD-Vic,26f2607b890630146469cfa410fce99438ceee3f,False,tests/unit/test_drizzle.py::test_append_data[drizzle_N_error],,,pass,pass,0.0,1.0,100,2,True,vic_confirmed,,results/idoft-od/cloudnetpy-tests_unit_test_drizzle_py__test_append_data_drizzle_n_error.json
cloudnetpy,https://github.com/tukiains/cloudnetpy,OD-Vic,26f2607b890630146469cfa410fce99438ceee3f,False,tests/unit/test_drizzle.py::test_append_data[mu],,,pass,pass,0.0,1.0,100,2,True,vic_confirmed,,results/idoft-od/cloudnetpy-tests_unit_test_drizzle_py__test_append_data_mu_.json
cloudnetpy,https://github.com/tukiains/cloudnetpy,OD-Vic,26f2607b890630146469cfa410fce99438ceee3f,False,tests/unit/test_drizzle.py::test_append_data[mu_error],,,pass,pass,0.0,1.0,100,2,True,vic_confirmed,,results/idoft-od/cloudnetpy-tests_unit_test_drizzle_py__test_append_data_mu_error_.json
cloudnetpy,https://github.com/tukiains/cloudnetpy,OD-Vic,26f2607b890630146469cfa410fce99438ceee3f,False,tests/unit/test_drizzle.py::test_append_data[S],,,pass,pass,0.0,1.0,100,2,True,vic_confirmed,,results/idoft-od/cloudnetpy-tests_unit_test_drizzle_py__test_append_data_s_.json
cloudnetpy,https://github.com/tukiains/cloudnetpy,OD-Vic,26f2607b890630146469cfa410fce99438ceee3f,False,tests/unit/test_drizzle.py::test_append_data[S_error],,,pass,pass,0.0,1.0,100,2,True,vic_confirmed,,results/idoft-od/cloudnetpy-tests_unit_test_drizzle_py__test_append_data_s_error_.json
cloudnetpy,https://github.com/tukiains/cloudnetpy,OD-Vic,26f2607b890630146469cfa410fce99438ceee3f,False,tests/unit/test_drizzle.py::test_append_data[v_air],,,pass,pass,0.0,1.0,100,2,True,vic_confirmed,,results/idoft-od/cloudnetpy-tests_unit_test_drizzle_py__test_append_data_v_air_.json
cloudnetpy,https://github.com/tukiains/cloudnetpy,OD-Vic,26f2607b890630146469cfa410fce99438ceee3f,False,tests/unit/test_drizzle.py::test_append_data[v_drizzle],,,pass,pass,0.0,1.0,100,2,True,vic_confirmed,,results/idoft-od/cloudnetpy-tests_unit_test_drizzle_py__test_append_data_v_drizzle_.json
cloudnetpy,https://github.com/tukiains/cloudnetpy,OD-Vic,26f2607b890630146469cfa410fce99438ceee3f,False,tests/unit/test_drizzle.py::test_append_data[v_drizzle_bias],,,pass,pass,0.0,1.0,100,2,True,vic_confirmed,,results/idoft-od/cloudnetpy-tests_unit_test_drizzle_py__test_append_data_v_drizzle_bias_.json
cloudnetpy,https://github.com/tukiains/cloudnetpy,OD-Vic,26f2607b890630146469cfa410fce99438ceee3f,False,tests/unit/test_drizzle.py::test_append_data[v_drizzle_error],,,pass,pass,0.0,1.0,100,2,True,vic_confirmed,,results/idoft-od/cloudnetpy-tests_unit_test_drizzle_py__test_append_data_v_drizzle_error.json
cloudnetpy,https://github.com/tukiains/cloudnetpy,OD-Vic,26f2607b890630146469cfa410fce99438ceee3f,False,tests/unit/test_drizzle.py::test_calc_beta_z_ratio,,,pass,fail,0.0,0.0,100,1,True,vic_confirmed,,results/idoft-od/cloudnetpy-tests_unit_test_drizzle_py__test_calc_beta_z_ratio.json
cloudnetpy,https://github.com/tukiains/cloudnetpy,OD-Vic,26f2607b890630146469cfa410fce99438ceee3f,False,tests/unit/test_drizzle.py::test_calc_density,,,fail,fail,0.0,0.0,100,1,True,vic_confirmed,,results/idoft-od/cloudnetpy-tests_unit_test_drizzle_py__test_calc_density.json
cloudnetpy,https://github.com/tukiains/cloudnetpy,OD-Vic,26f2607b890630146469cfa410fce99438ceee3f,False,tests/unit/test_drizzle.py::test_calc_derived_products[drizzle_lwc],,,pass,pass,0.0,1.0,100,2,True,vic_confirmed,,results/idoft-od/cloudnetpy-tests_unit_test_drizzle_py__test_calc_derived_products_drizz.json
cloudnetpy,https://github.com/tukiains/cloudnetpy,OD-Vic,26f2607b890630146469cfa410fce99438ceee3f,False,tests/unit/test_drizzle.py::test_calc_derived_products[drizzle_lwf],,,pass,pass,0.0,1.0,100,2,True,vic_confirmed,,results/idoft-od/cloudnetpy-tests_unit_test_drizzle_py__test_calc_derived_products_drizz.json
cloudnetpy,https://github.com/tukiains/cloudnetpy,OD-Vic,26f2607b890630146469cfa410fce99438ceee3f,False,tests/unit/test_drizzle.py::test_calc_derived_products[drizzle_N],,,pass,pass,0.0,1.0,100,2,True,vic_confirmed,,results/idoft-od/cloudnetpy-tests_unit_test_drizzle_py__test_calc_derived_products_drizz.json
cloudnetpy,https://github.com/tukiains/cloudnetpy,OD-Vic,26f2607b890630146469cfa410fce99438ceee3f,False,tests/unit/test_drizzle.py::test_calc_derived_products[v_air],,,pass,pass,0.0,1.0,100,2,True,vic_confirmed,,results/idoft-od/cloudnetpy-tests_unit_test_drizzle_py__test_calc_derived_products_v_air.json
cloudnetpy,https://github.com/tukiains/cloudnetpy,OD-Vic,26f2607b890630146469cfa410fce99438ceee3f,False,tests/unit/test_drizzle.py::test_calc_derived_products[v_drizzle],,,pass,pass,0.0,1.0,100,2,True,vic_confirmed,,results/idoft-od/cloudnetpy-tests_unit_test_drizzle_py__test_calc_derived_products_v_dri.json
cloudnetpy,https://github.com/tukiains/cloudnetpy,OD-Vic,26f2607b890630146469cfa410fce99438ceee3f,False,tests/unit/test_drizzle.py::test_calc_dia,,,pass,fail,0.0,0.0,100,1,True,vic_confirmed,,results/idoft-od/cloudnetpy-tests_unit_test_drizzle_py__test_calc_dia.json
cloudnetpy,https://github.com/tukiains/cloudnetpy,OD-Brit,26f2607b890630146469cfa410fce99438ceee3f,False,tests/unit/test_drizzle.py::test_calc_fall_velocity,,,fail,skipped,0.0,0.0,100,0,True,brit_confirmed,,results/idoft-od/cloudnetpy-tests_unit_test_drizzle_py__test_calc_fall_velocity.json
cloudnetpy,https://github.com/tukiains/cloudnetpy,OD-Vic,26f2607b890630146469cfa410fce99438ceee3f,False,tests/unit/test_drizzle.py::test_calc_lwc,,,pass,pass,0.0,1.0,100,2,True,vic_confirmed,,results/idoft-od/cloudnetpy-tests_unit_test_drizzle_py__test_calc_lwc.json
cloudnetpy,https://github.com/tukiains/cloudnetpy,OD-Brit,26f2607b890630146469cfa410fce99438ceee3f,False,tests/unit/test_drizzle.py::test_calc_lwf,,,fail,skipped,0.0,0.0,100,0,True,brit_confirmed,,results/idoft-od/cloudnetpy-tests_unit_test_drizzle_py__test_calc_lwf.json
cloudnetpy,https://github.com/tukiains/cloudnetpy,OD-Vic,26f2607b890630146469cfa410fce99438ceee3f,False,tests/unit/test_drizzle.py::test_calc_v_air,,,pass,pass,0.0,1.0,100,2,True,vic_confirmed,,results/idoft-od/cloudnetpy-tests_unit_test_drizzle_py__test_calc_v_air.json
cloudnetpy,https://github.com/tukiains/cloudnetpy,OD-Vic,26f2607b890630146469cfa410fce99438ceee3f,False,tests/unit/test_drizzle.py::test_find_indices,,,pass,pass,0.0,1.0,100,2,True,vic_confirmed,,results/idoft-od/cloudnetpy-tests_unit_test_drizzle_py__test_find_indices.json
cloudnetpy,https://github.com/tukiains/cloudnetpy,OD-Vic,26f2607b890630146469cfa410fce99438ceee3f,False,tests/unit/test_drizzle.py::test_find_lut_indices,,,pass,fail,0.0,0.0,100,1,True,vic_confirmed,,results/idoft-od/cloudnetpy-tests_unit_test_drizzle_py__test_find_lut_indices.json
cloudnetpy,https://github.com/tukiains/cloudnetpy,OD-Vic,26f2607b890630146469cfa410fce99438ceee3f,False,tests/unit/test_drizzle.py::test_init_variables[beta_corr],,,pass,fail,0.0,0.0,100,1,True,vic_confirmed,,results/idoft-od/cloudnetpy-tests_unit_test_drizzle_py__test_init_variables_beta_corr_.json
cloudnetpy,https://github.com/tukiains/cloudnetpy,OD-Vic,26f2607b890630146469cfa410fce99438ceee3f,False,tests/unit/test_drizzle.py::test_init_variables[Do],,,pass,fail,0.0,0.0,100,1,True,vic_confirmed,,results/idoft-od/cloudnetpy-tests_unit_test_drizzle_py__test_init_variables_do_.json
cloudnetpy,https://github.com/tukiains/cloudnetpy,OD-Vic,26f2607b890630146469cfa410fce99438ceee3f,False,tests/unit/test_drizzle.py::test_init_variables[mu],,,pass,fail,0.0,0.0,100,1,True,vic_confirmed,,results/idoft-od/cloudnetpy-tests_unit_test_drizzle_py__test_init_variables_mu_.json
cloudnetpy,https://github.com/tukiains/cloudnetpy,OD-Vic,26f2607b890630146469cfa410fce99438ceee3f,False,tests/unit/test_drizzle.py::test_init_variables[S],,,pass,fail,0.0,0.0,100,1,True,vic_confirmed,,results/idoft-od/cloudnetpy-tests_unit_test_drizzle_py__test_init_variables_s_.json
cloudnetpy,https://github.com/tukiains/cloudnetpy,OD-Vic,26f2607b890630146469cfa410fce99438ceee3f,False,tests/unit/test_drizzle.py::test_is_converged,,,pass,fail,0.0,0.0,100,1,True,vic_confirmed,,results/idoft-od/cloudnetpy-tests_unit_test_drizzle_py__test_is_converged.json
cloudnetpy,https://github.com/tukiains/cloudnetpy,OD-Vic,26f2607b890630146469cfa410fce99438ceee3f,False,tests/unit/test_drizzle.py::test_screen_rain,,,pass,pass,0.0,1.0,100,2,True,vic_confirmed,,results/idoft-od/cloudnetpy-tests_unit_test_drizzle_py__test_screen_rain.json
cloudnetpy,https://github.com/tukiains/cloudnetpy,OD-Vic,26f2607b890630146469cfa410fce99438ceee3f,False,tests/unit/test_drizzle.py::test_update_result_tables[Do-10],,,pass,fail,0.0,0.0,100,1,True,vic_confirmed,,results/idoft-od/cloudnetpy-tests_unit_test_drizzle_py__test_update_result_tables_do_10_.json
cloudnetpy,https://github.com/tukiains/cloudnetpy,OD-Vic,26f2607b890630146469cfa410fce99438ceee3f,False,tests/unit/test_drizzle.py::test_update_result_tables[mu--1],,,pass,fail,0.0,0.0,100,1,True,vic_confirmed,,results/idoft-od/cloudnetpy-tests_unit_test_drizzle_py__test_update_result_tables_mu__1_.json
cloudnetpy,https://github.com/tukiains/cloudnetpy,OD-Vic,26f2607b890630146469cfa410fce99438ceee3f,False,tests/unit/test_drizzle.py::test_update_result_tables[S-93.7247943],,,pass,fail,0.0,0.0,100,1,True,vic_confirmed,,results/idoft-od/cloudnetpy-tests_unit_test_drizzle_py__test_update_result_tables_s_93_7.json
cloudnetpy,https://github.com/tukiains/cloudnetpy,OD-Vic,26f2607b890630146469cfa410fce99438ceee3f,False,tests/unit/test_lwc.py::test_init_status[0],,,pass,fail,0.0,0.0,100,1,True,vic_confirmed,,results/idoft-od/cloudnetpy-tests_unit_test_lwc_py__test_init_status_0_.json
cloudnetpy,https://github.com/tukiains/cloudnetpy,OD-Vic,26f2607b890630146469cfa410fce99438ceee3f,False,tests/unit/test_lwc.py::test_remove_good_profiles,,,pass,fail,0.0,0.0,100,1,True,vic_confirmed,,results/idoft-od/cloudnetpy-tests_unit_test_lwc_py__test_remove_good_profiles.json
cloudnetpy,https://github.com/tukiains/cloudnetpy,OD-Vic,26f2607b890630146469cfa410fce99438ceee3f,False,tests/unit/test_lwc.py::test_update_status[0],,,pass,fail,0.0,0.0,100,1,True,vic_confirmed,,results/idoft-od/cloudnetpy-tests_unit_test_lwc_py__test_update_status_0_.json
cloudnetpy,https://github.com/tukiains/cloudnetpy,OD-Vic,26f2607b890630146469cfa410fce99438ceee3f,False,tests/unit/test_lwc.py::test_update_status[1],,,pass,pass,3.0,1.0,100,5,True,vic_confirmed,,results/idoft-od/cloudnetpy-tests_unit_test_lwc_py__test_update_status_1_.json
cloudnetpy,https://github.com/tukiains/cloudnetpy,OD-Vic,26f2607b890630146469cfa410fce99438ceee3f,False,tests/unit/test_rpg.py::TestReduceHeader::test_1,,,pass,fail,0.0,0.0,100,1,True,vic_confirmed,,results/idoft-od/cloudnetpy-tests_unit_test_rpg_py__testreduceheader__test_1.json
python-resource-container,https://github.com/unfoldingWord-dev/python-resource-container,OD-Brit,64d87f900af969f47b20b798cf00c2861435b0d8,True,tests/container_test.py::TestResourceContainer::test_should_fail_to_load_missing_rc,,,fail,skipped,0.0,0.0,100,0,True,brit_confirmed,,results/idoft-od/python-resource-container-tests_container_test_py__testresourcecontainer__test_should_.json
python-resource-container,https://github.com/unfoldingWord-dev/python-resource-container,OD-Brit,64d87f900af969f47b20b798cf00c2861435b0d8,True,tests/container_test.py::TestResourceContainer::test_should_load_a_missing_rc_when_not_in_strict_mode,,,fail,skipped,0.0,0.0,100,0,True,brit_confirmed,,results/idoft-od/python-resource-container-tests_container_test_py__testresourcecontainer__test_should_.json
chuda,https://github.com/Varkal/chuda,OD-Vic,bd4d30c0f809d5349752ab2f322f30b01ab6b4a4,True,tests/test_app.py::test_output[argv0],,,pass,fail,0.0,0.0,100,1,True,vic_confirmed,,results/idoft-od/chuda-tests_test_app_py__test_output_argv0_.json
pyatlasclient,https://github.com/verdan/pyatlasclient,OD-Vic,6c3ef3926eef059f00730b6bcc1a1787f6bbcd9c,True,tests/test_models.py::TestDiscoveryREST::test_search_attribute_get,,,fail,error,0.0,0.0,100,1,False,could_not_reproduce,,results/idoft-od/pyatlasclient-tests_test_models_py__testdiscoveryrest__test_search_attribu.json
pymq,https://github.com/thrau/pymq,OD-Vic,101857bca2b705c328d3bda3b26797b51e8ffb70,True,tests/test_provider_ipc.py::IpcRpcTest::test_simple_function,,,pass,pass,100.0,0.0,100,101,False,could_not_reproduce,,results/idoft-od/pymq-tests_test_provider_ipc_py__ipcrpctest__test_simple_function.json
Verifone,https://github.com/vilkasgroup/Verifone,OD-Vic,5509c08767a9b482cfe5a9572854cf4c73ad6c02,True,tests/test_verifone.py::TestVerifone::test_001_create_object_with_defaults,,,pass,fail,0.0,0.0,100,1,True,vic_confirmed,,results/idoft-od/Verifone-tests_test_verifone_py__testverifone__test_001_create_object.json
flask-apify,https://github.com/vitalk/flask-apify,OD-Vic,f486d2616575be0e460ccf354d22badb7d68b387,True,tests/test_apify.py::test_apify_init,,,pass,pass,100.0,0.0,100,101,False,could_not_reproduce,,results/idoft-od/flask-apify-tests_test_apify_py__test_apify_init.json
flask-apify,https://github.com/vitalk/flask-apify,OD-Brit,f486d2616575be0e460ccf354d22badb7d68b387,True,tests/test_serializers.py::TestJSONPSerializer::test_support_custom_callback_name,,,fail,skipped,0.0,0.0,100,0,True,brit_confirmed,,results/idoft-od/flask-apify-tests_test_serializers_py__testjsonpserializer__test_support.json
flask-apify,https://github.com/vitalk/flask-apify,OD-Brit,f486d2616575be0e460ccf354d22badb7d68b387,True,tests/test_serializers.py::TestJSONPSerializer::test_use_callback_function_from_request_arguments_to_wrap_output,,,fail,skipped,0.0,0.0,100,0,True,brit_confirmed,,results/idoft-od/flask-apify-tests_test_serializers_py__testjsonpserializer__test_use_cal.json
myr-base,https://github.com/Vnet-as/myr-base,OD-Vic,56e347b4f4d70f53a6afe55e96c1f9e35f5454eb,True,tests/test_base.py::TestApp::test_announcing_no_tasks,,,fail,error,0.0,0.0,100,1,False,could_not_reproduce,,results/idoft-od/myr-base-tests_test_base_py__testapp__test_announcing_no_tasks.json
fooof,https://github.com/voytekresearch/fooof,OD-Brit,7a520c4f8ac3a44f4f18dc025b5e5d40049c9f2b,True,fooof/tests/core/test_io.py::test_load_file_contents,,,fail,skipped,0.0,0.0,100,0,True,brit_confirmed,,results/idoft-od/fooof-fooof_tests_core_test_io_py__test_load_file_contents.json
fooof,https://github.com/voytekresearch/fooof,OD-Brit,7a520c4f8ac3a44f4f18dc025b5e5d40049c9f2b,True,fooof/tests/core/test_io.py::test_load_jsonlines,,,fail,skipped,0.0,0.0,100,0,True,brit_confirmed,,results/idoft-od/fooof-fooof_tests_core_test_io_py__test_load_jsonlines.json
fooof,https://github.com/voytekresearch/fooof,OD-Brit,7a520c4f8ac3a44f4f18dc025b5e5d40049c9f2b,True,fooof/tests/core/test_io.py::test_load_json_fobj,,,fail,skipped,0.0,0.0,100,0,True,brit_confirmed,,results/idoft-od/fooof-fooof_tests_core_test_io_py__test_load_json_fobj.json
fooof,https://github.com/voytekresearch/fooof,OD-Brit,7a520c4f8ac3a44f4f18dc025b5e5d40049c9f2b,True,fooof/tests/core/test_io.py::test_load_json_str,,,fail,skipped,0.0,0.0,100,0,True,brit_confirmed,,results/idoft-od/fooof-fooof_tests_core_test_io_py__test_load_json_str.json
fooof,https://github.com/voytekresearch/fooof,OD-Vic,7a520c4f8ac3a44f4f18dc025b5e5d40049c9f2b,True,fooof/tests/objs/test_fit.py::test_fooof_fit_knee,,,fail,unknown,0.0,0.0,100,1,False,could_not_reproduce,,results/idoft-od/fooof-fooof_tests_objs_test_fit_py__test_fooof_fit_knee.json
fooof,https://github.com/voytekresearch/fooof,OD-Vic,7a520c4f8ac3a44f4f18dc025b5e5d40049c9f2b,True,fooof/tests/objs/test_fit.py::test_fooof_fit_nk,,,fail,unknown,0.0,0.0,100,1,False,could_not_reproduce,,results/idoft-od/fooof-fooof_tests_objs_test_fit_py__test_fooof_fit_nk.json
fooof,https://github.com/voytekresearch/fooof,OD-Brit,7a520c4f8ac3a44f4f18dc025b5e5d40049c9f2b,True,fooof/tests/objs/test_fit.py::test_fooof_load,,,fail,skipped,0.0,0.0,100,0,True,brit_confirmed,,results/idoft-od/fooof-fooof_tests_objs_test_fit_py__test_fooof_load.json
fooof,https://github.com/voytekresearch/fooof,OD-Brit,7a520c4f8ac3a44f4f18dc025b5e5d40049c9f2b,True,fooof/tests/objs/test_group.py::test_fg_load,,,fail,skipped,0.0,0.0,100,0,True,brit_confirmed,,results/idoft-od/fooof-fooof_tests_objs_test_group_py__test_fg_load.json
fooof,https://github.com/voytekresearch/fooof,OD-Brit,7a520c4f8ac3a44f4f18dc025b5e5d40049c9f2b,True,fooof/tests/utils/test_download.py::test_check_data_file,,,fail,skipped,0.0,0.0,100,0,True,brit_confirmed,,results/idoft-od/fooof-fooof_tests_utils_test_download_py__test_check_data_file.json
fooof,https://github.com/voytekresearch/fooof,OD-Brit,7a520c4f8ac3a44f4f18dc025b5e5d40049c9f2b,True,fooof/tests/utils/test_io.py::test_load_fooof,,,fail,skipped,0.0,0.0,100,0,True,brit_confirmed,,results/idoft-od/fooof-fooof_tests_utils_test_io_py__test_load_fooof.json
fooof,https://github.com/voytekresearch/fooof,OD-Brit,7a520c4f8ac3a44f4f18dc025b5e5d40049c9f2b,True,fooof/tests/utils/test_io.py::test_load_fooofgroup,,,fail,skipped,0.0,0.0,100,0,True,brit_confirmed,,results/idoft-od/fooof-fooof_tests_utils_test_io_py__test_load_fooofgroup.json
pymq,https://github.com/thrau/pymq,OD-Vic,101857bca2b705c328d3bda3b26797b51e8ffb70,True,tests/test_provider_ipc.py::IpcRpcTest::test_simple_list_param_function,,,pass,pass,100.0,0.0,100,101,False,could_not_reproduce,,results/idoft-od/pymq-tests_test_provider_ipc_py__ipcrpctest__test_simple_list_par.json
authnzerver,https://github.com/waqasbhatti/authnzerver,OD-Vic,bc735a1c9e1c084c40854a539a000d69a50ed486,True,authnzerver/tests/test_auth_creation.py::test_create_user,,,fail,fail,0.0,0.0,100,1,True,vic_confirmed,,results/idoft-od/authnzerver-authnzerver_tests_test_auth_creation_py__test_create_user.json
authnzerver,https://github.com/waqasbhatti/authnzerver,OD-Vic,bc735a1c9e1c084c40854a539a000d69a50ed486,True,authnzerver/tests/test_auth_permissions.py::test_role_permissions,,,fail,fail,0.0,0.0,100,1,True,vic_confirmed,,results/idoft-od/authnzerver-authnzerver_tests_test_auth_permissions_py__test_role_permis.json
wcraas_common,https://github.com/WCraaS/wcraas_common,OD-Vic,af209ab412c18473edfaaf2871eef9c0357b91e9,True,tests/test_wcraas_common.py::test_default_env_load,,,fail,error,0.0,0.0,100,1,False,could_not_reproduce,,results/idoft-od/wcraas_common-tests_test_wcraas_common_py__test_default_env_load.json
easypy,https://github.com/weka-io/easypy,OD-Vic,9501c3ee03dcb1630e58cbb73b1647056907bcea,True,tests/test_caching.py::test_resilient_between_timecaches,,,pass,pass,100.0,0.0,100,101,False,could_not_reproduce,,results/idoft-od/easypy-tests_test_caching_py__test_resilient_between_timecaches.json
pymq,https://github.com/thrau/pymq,OD-Vic,101857bca2b705c328d3bda3b26797b51e8ffb70,True,tests/test_provider_ipc.py::IpcRpcTest::test_simple_multiple_param_default_function,,,pass,pass,100.0,0.0,100,101,False,could_not_reproduce,,results/idoft-od/pymq-tests_test_provider_ipc_py__ipcrpctest__test_simple_multiple.json
easypy,https://github.com/weka-io/easypy,OD-Vic,9501c3ee03dcb1630e58cbb73b1647056907bcea,True,tests/test_concurrency.py::test_concurrent_done_status[False],,,pass,pass,100.0,0.0,100,101,False,could_not_reproduce,,results/idoft-od/easypy-tests_test_concurrency_py__test_concurrent_done_status_false.json
pymq,https://github.com/thrau/pymq,OD-Vic,101857bca2b705c328d3bda3b26797b51e8ffb70,True,tests/test_provider_ipc.py::IpcRpcTest::test_simple_multiple_param_function,,,pass,pass,100.0,0.0,100,101,False,could_not_reproduce,,results/idoft-od/pymq-tests_test_provider_ipc_py__ipcrpctest__test_simple_multiple.json
easypy,https://github.com/weka-io/easypy,OD-Vic,9501c3ee03dcb1630e58cbb73b1647056907bcea,True,tests/test_concurrency.py::test_concurrent_done_status[True],,,pass,pass,100.0,0.0,100,101,False,could_not_reproduce,,results/idoft-od/easypy-tests_test_concurrency_py__test_concurrent_done_status_true_.json
easypy,https://github.com/weka-io/easypy,OD-Vic,9501c3ee03dcb1630e58cbb73b1647056907bcea,True,tests/test_concurrency.py::test_multiexception_api[concurrent],,,pass,pass,100.0,0.0,100,101,False,could_not_reproduce,,results/idoft-od/easypy-tests_test_concurrency_py__test_multiexception_api_concurren.json
pymq,https://github.com/thrau/pymq,OD-Vic,101857bca2b705c328d3bda3b26797b51e8ffb70,True,tests/test_provider_ipc.py::IpcRpcTest::test_stateful_rpc,,,pass,pass,100.0,0.0,100,101,False,could_not_reproduce,,results/idoft-od/pymq-tests_test_provider_ipc_py__ipcrpctest__test_stateful_rpc.json
easypy,https://github.com/weka-io/easypy,OD-Vic,9501c3ee03dcb1630e58cbb73b1647056907bcea,True,tests/test_concurrency.py::test_multiexception_api[nonconcurrent],,,pass,pass,100.0,0.0,100,101,False,could_not_reproduce,,results/idoft-od/easypy-tests_test_concurrency_py__test_multiexception_api_nonconcur.json
pymq,https://github.com/thrau/pymq,OD-Vic,101857bca2b705c328d3bda3b26797b51e8ffb70,True,tests/test_provider_ipc.py::IpcRpcTest::test_timeout,,,pass,pass,100.0,0.0,100,101,False,could_not_reproduce,,results/idoft-od/pymq-tests_test_provider_ipc_py__ipcrpctest__test_timeout.json
easypy,https://github.com/weka-io/easypy,OD-Vic,9501c3ee03dcb1630e58cbb73b1647056907bcea,True,tests/test_concurrency.py::test_multiexception_pickling,,,pass,pass,100.0,0.0,100,101,False,could_not_reproduce,,results/idoft-od/easypy-tests_test_concurrency_py__test_multiexception_pickling.json
pymq,https://github.com/thrau/pymq,OD-Vic,101857bca2b705c328d3bda3b26797b51e8ffb70,True,tests/test_provider_ipc.py::IpcRpcTest::test_void_function_error,,,pass,pass,100.0,0.0,100,101,False,could_not_reproduce,,results/idoft-od/pymq-tests_test_provider_ipc_py__ipcrpctest__test_void_function_e.json
pyeventdispatcher,https://github.com/whisller/pyeventdispatcher,OD-Vic,5382e5e8578dea89a76481e15d410d516999055a,True,test/test_pyeventdispatcher.py::TestRegister::test_it_allows_to_register[<lambda>],,,pass,pass,0.0,1.0,100,2,True,vic_confirmed,,results/idoft-od/pyeventdispatcher-test_test_pyeventdispatcher_py__testregister__test_it_allows.json
pyeventdispatcher,https://github.com/whisller/pyeventdispatcher,OD-Vic,5382e5e8578dea89a76481e15d410d516999055a,True,test/test_pyeventdispatcher.py::TestRegister::test_it_allows_to_register[call_on_event],,,pass,pass,0.0,1.0,100,2,True,vic_confirmed,,results/idoft-od/pyeventdispatcher-test_test_pyeventdispatcher_py__testregister__test_it_allows.json
pyeventdispatcher,https://github.com/whisller/pyeventdispatcher,OD,433accc6e5682280189d8a584b87d4c3f815e200,True,test/test_pyeventdispatcher.py::TestRegister::test_listeners_executed_in_order test/test_pyeventdispatcher.py::TestRegister::test_it_allows_to_register,,,fail,error,1.0,1.0,100,3,True,vic_confirmed,,results/idoft-od/pyeventdispatcher-test_test_pyeventdispatcher_py__testregister__test_listeners.json
pyeventdispatcher,https://github.com/whisller/pyeventdispatcher,OD-Vic,5382e5e8578dea89a76481e15d410d516999055a,True,test/test_pyeventdispatcher.py::TestRegister::test_listeners_executed_in_order[to_register0-First\nSecond\n],,,pass,pass,0.0,1.0,100,2,True,vic_confirmed,,results/idoft-od/pyeventdispatcher-test_test_pyeventdispatcher_py__testregister__test_listeners.json
pyeventdispatcher,https://github.com/whisller/pyeventdispatcher,OD-Vic,5382e5e8578dea89a76481e15d410d516999055a,True,test/test_pyeventdispatcher.py::TestRegister::test_listeners_executed_in_order[to_register1-Second\nFirst\n],,,pass,pass,0.0,1.0,100,2,True,vic_confirmed,,results/idoft-od/pyeventdispatcher-test_test_pyeventdispatcher_py__testregister__test_listeners.json
coo,https://github.com/wilfredinni/coo,OD-Vic,da9e75d46ed65599cd2223b029ac30c08496a80b,True,tests/test_coo.py::test_tweet_none_media_TwitterError,,,pass,fail,0.0,0.0,100,1,True,vic_confirmed,,results/idoft-od/coo-tests_test_coo_py__test_tweet_none_media_twittererror.json
easypy,https://github.com/weka-io/easypy,OD-Vic,9501c3ee03dcb1630e58cbb73b1647056907bcea,True,tests/test_concurrency.py::test_multiexception_types,,,pass,pass,100.0,0.0,100,101,False,could_not_reproduce,,results/idoft-od/easypy-tests_test_concurrency_py__test_multiexception_types.json
urlquick,https://github.com/willforde/urlquick,OD-Vic,db765372b73800cfa056047a3f3331820abd4ae8,True,tests/test_urlquick.py::TestCacheHandler::test_cache_check_no_cache,,,pass,pass,0.0,1.0,100,2,True,vic_confirmed,,results/idoft-od/urlquick-tests_test_urlquick_py__testcachehandler__test_cache_check_n.json
ptemcee,https://github.com/willvousden/ptemcee,OD-Vic,a411be2e29e39585212c92acea1893f955aa9be8,True,ptemcee/tests.py::Tests::test_inf_logprob,,,pass,fail,0.0,0.0,100,1,True,vic_confirmed,,results/idoft-od/ptemcee-ptemcee_tests_py__tests__test_inf_logprob.json
firestore,https://github.com/workenvoy/firestore,OD-Vic,4933f1a9f307539a8cef4ea80869c8821a92bc8d,True,tests/containers/collection_test.py::DocumentTest::test_collection_name,,,pass,fail,0.0,0.0,100,1,True,vic_confirmed,,results/idoft-od/firestore-tests_containers_collection_test_py__documenttest__test_coll.json
firestore,https://github.com/workenvoy/firestore,OD-Vic,4933f1a9f307539a8cef4ea80869c8821a92bc8d,True,tests/containers/collection_test.py::DocumentTest::test_dbpath,,,pass,fail,0.0,0.0,100,1,True,vic_confirmed,,results/idoft-od/firestore-tests_containers_collection_test_py__documenttest__test_dbpa.json
poly_decomp.py,https://github.com/wsilva32/poly_decomp.py,OD-Vic,cb1a47f218e076772b9df137c1928023882df5e5,True,tests/test_poly_decomp.py::TestPoly_Decomp::test_not_polygonCanSee,,,pass,fail,0.0,0.0,100,1,True,vic_confirmed,,results/idoft-od/poly_decomp.py-tests_test_poly_decomp_py__testpoly_decomp__test_not_polygon.json
poly_decomp.py,https://github.com/wsilva32/poly_decomp.py,OD-Vic,cb1a47f218e076772b9df137c1928023882df5e5,True,tests/test_poly_decomp.py::TestPoly_Decomp::test_not_polygonIsReflex,,,pass,fail,0.0,0.0,100,1,True,vic_confirmed,,results/idoft-od/poly_decomp.py-tests_test_poly_decomp_py__testpoly_decomp__test_not_polygon.json
poly_decomp.py,https://github.com/wsilva32/poly_decomp.py,OD-Vic,cb1a47f218e076772b9df137c1928023882df5e5,True,tests/test_poly_decomp.py::TestPoly_Decomp::test_polygonAt,,,pass,pass,0.0,1.0,100,2,True,vic_confirmed,,results/idoft-od/poly_decomp.py-tests_test_poly_decomp_py__testpoly_decomp__test_polygonat.json
poly_decomp.py,https://github.com/wsilva32/poly_decomp.py,OD-Vic,cb1a47f218e076772b9df137c1928023882df5e5,True,tests/test_poly_decomp.py::TestPoly_Decomp::test_polygonAt_negative_index,,,pass,fail,0.0,0.0,100,1,True,vic_confirmed,,results/idoft-od/poly_decomp.py-tests_test_poly_decomp_py__testpoly_decomp__test_polygonat_n.json
poly_decomp.py,https://github.com/wsilva32/poly_decomp.py,OD-Vic,cb1a47f218e076772b9df137c1928023882df5e5,True,tests/test_poly_decomp.py::TestPoly_Decomp::test_polygonIsReflex,,,pass,fail,0.0,0.0,100,1,True,vic_confirmed,,results/idoft-od/poly_decomp.py-tests_test_poly_decomp_py__testpoly_decomp__test_polygonisre.json
alphanum_code,https://github.com/ylaizet/alphanum_code,OD-Vic,fb5cd313dc41f046aac01ff01d6e1561d17894a6,True,tests/test_alphanum_code.py::test_init_code,,,pass,fail,0.0,0.0,100,1,True,vic_confirmed,,results/idoft-od/alphanum_code-tests_test_alphanum_code_py__test_init_code.json
alphanum_code,https://github.com/ylaizet/alphanum_code,OD-Brit,fb5cd313dc41f046aac01ff01d6e1561d17894a6,True,tests/test_alphanum_code.py::test_next_code,,,fail,skipped,0.0,0.0,100,0,True,brit_confirmed,,results/idoft-od/alphanum_code-tests_test_alphanum_code_py__test_next_code.json
easypy,https://github.com/weka-io/easypy,OD-Vic,9501c3ee03dcb1630e58cbb73b1647056907bcea,True,tests/test_concurrency.py::test_multiobject_1,,,pass,pass,100.0,0.0,100,101,False,could_not_reproduce,,results/idoft-od/easypy-tests_test_concurrency_py__test_multiobject_1.json
pydeploy,https://github.com/yukinotenshi/pydeploy,OD-Vic,e3ddf907b293c9da28503b3d72414a303c5dfbed,True,pydeploy/tests/test_command_chain.py::TestCommandChain::test_all,,,pass,pass,100.0,0.0,100,101,False,could_not_reproduce,,results/idoft-od/pydeploy-pydeploy_tests_test_command_chain_py__testcommandchain__test.json
pydeploy,https://github.com/yukinotenshi/pydeploy,OD-Vic,e3ddf907b293c9da28503b3d72414a303c5dfbed,True,pydeploy/tests/test_command_chain.py::TestCommandChain::test_notifier_loaded,,,pass,pass,100.0,0.0,100,101,False,could_not_reproduce,,results/idoft-od/pydeploy-pydeploy_tests_test_command_chain_py__testcommandchain__test.json
pydeploy,https://github.com/yukinotenshi/pydeploy,OD-Vic,e3ddf907b293c9da28503b3d72414a303c5dfbed,True,pydeploy/tests/test_command_chain.py::TestCommandChain::test_postscript_only,,,pass,pass,100.0,0.0,100,101,False,could_not_reproduce,,results/idoft-od/pydeploy-pydeploy_tests_test_command_chain_py__testcommandchain__test.json
pydeploy,https://github.com/yukinotenshi/pydeploy,OD-Vic,e3ddf907b293c9da28503b3d72414a303c5dfbed,True,pydeploy/tests/test_command_chain.py::TestCommandChain::test_prescript_only,,,pass,pass,100.0,0.0,100,101,False,could_not_reproduce,,results/idoft-od/pydeploy-pydeploy_tests_test_command_chain_py__testcommandchain__test.json
wellpathpy,https://github.com/Zabamund/wellpathpy,OD-Vic,f29b14a9a1c46e77ea98b141e3cdc43674654ea2,True,wellpathpy/test/test_location.py::test_wellhead,,,fail,error,0.0,0.0,100,1,False,could_not_reproduce,,results/idoft-od/wellpathpy-wellpathpy_test_test_location_py__test_wellhead.json
pdl,https://github.com/zerotosingularity/pdl,OD-Brit,fd39c391101b3fe315631565a0f4eb7c99890789,True,tests/test_pdl.py::test_no_archive_url,,,fail,skipped,0.0,0.0,100,0,True,brit_confirmed,,results/idoft-od/pdl-tests_test_pdl_py__test_no_archive_url.json
easypy,https://github.com/weka-io/easypy,OD-Vic,9501c3ee03dcb1630e58cbb73b1647056907bcea,True,tests/test_concurrency.py::test_multiobject_exceptions,,,pass,pass,100.0,0.0,100,101,False,could_not_reproduce,,results/idoft-od/easypy-tests_test_concurrency_py__test_multiobject_exceptions.json
easypy,https://github.com/weka-io/easypy,OD-Vic,9501c3ee03dcb1630e58cbb73b1647056907bcea,True,tests/test_concurrency.py::test_multiobject_logging,,,fail,fail,0.0,0.0,100,1,True,vic_confirmed,,results/idoft-od/easypy-tests_test_concurrency_py__test_multiobject_logging.json
jackfruit,https://github.com/zzzzlzzzz/jackfruit,OD-Vic,350a41aa28e2bdc9367f9dd5e686b21125828589,True,tests/test_jackfruit.py::test_single_view,,,fail,unknown,0.0,0.0,100,1,False,could_not_reproduce,,results/idoft-od/jackfruit-tests_test_jackfruit_py__test_single_view.json
easypy,https://github.com/weka-io/easypy,OD-Vic,9501c3ee03dcb1630e58cbb73b1647056907bcea,True,tests/test_concurrency.py::test_thread_contexts_counters,,,pass,pass,100.0,0.0,100,101,False,could_not_reproduce,,results/idoft-od/easypy-tests_test_concurrency_py__test_thread_contexts_counters.json
easypy,https://github.com/weka-io/easypy,OD-Vic,9501c3ee03dcb1630e58cbb73b1647056907bcea,True,tests/test_concurrency.py::test_thread_context_stacks,,,pass,pass,100.0,0.0,100,101,False,could_not_reproduce,,results/idoft-od/easypy-tests_test_concurrency_py__test_thread_context_stacks.json
easypy,https://github.com/weka-io/easypy,OD-Vic,9501c3ee03dcb1630e58cbb73b1647056907bcea,True,tests/test_concurrency.py::test_thread_stacks,,,pass,pass,100.0,0.0,100,101,False,could_not_reproduce,,results/idoft-od/easypy-tests_test_concurrency_py__test_thread_stacks.json
easypy,https://github.com/weka-io/easypy,OD-Vic,9501c3ee03dcb1630e58cbb73b1647056907bcea,True,tests/test_exceptions.py::test_pickle_texception,,,pass,pass,100.0,0.0,100,101,False,could_not_reproduce,,results/idoft-od/easypy-tests_test_exceptions_py__test_pickle_texception.json
easypy,https://github.com/weka-io/easypy,OD-Vic,9501c3ee03dcb1630e58cbb73b1647056907bcea,True,tests/test_logging.py::test_indent_around_ctx,,,pass,pass,100.0,0.0,100,101,False,could_not_reproduce,,results/idoft-od/easypy-tests_test_logging_py__test_indent_around_ctx.json
easypy,https://github.com/weka-io/easypy,OD-Vic,9501c3ee03dcb1630e58cbb73b1647056907bcea,True,tests/test_logging.py::test_indent_around_function,,,pass,pass,100.0,0.0,100,101,False,could_not_reproduce,,results/idoft-od/easypy-tests_test_logging_py__test_indent_around_function.json
easypy,https://github.com/weka-io/easypy,OD-Vic,9501c3ee03dcb1630e58cbb73b1647056907bcea,True,tests/test_logging.py::test_indent_around_generator,,,pass,pass,100.0,0.0,100,101,False,could_not_reproduce,,results/idoft-od/easypy-tests_test_logging_py__test_indent_around_generator.json
easypy,https://github.com/weka-io/easypy,OD-Vic,9501c3ee03dcb1630e58cbb73b1647056907bcea,True,tests/test_rwlock.py::test_rwlock,,,pass,pass,100.0,0.0,100,101,False,could_not_reproduce,,results/idoft-od/easypy-tests_test_rwlock_py__test_rwlock.json
easypy,https://github.com/weka-io/easypy,OD-Vic,9501c3ee03dcb1630e58cbb73b1647056907bcea,True,tests/test_signals.py::test_async,,,pass,pass,100.0,0.0,100,101,False,could_not_reproduce,,results/idoft-od/easypy-tests_test_signals_py__test_async.json
easypy,https://github.com/weka-io/easypy,OD-Vic,9501c3ee03dcb1630e58cbb73b1647056907bcea,True,tests/test_signals.py::test_ctx,,,pass,pass,100.0,0.0,100,101,False,could_not_reproduce,,results/idoft-od/easypy-tests_test_signals_py__test_ctx.json
easypy,https://github.com/weka-io/easypy,OD-Vic,9501c3ee03dcb1630e58cbb73b1647056907bcea,True,tests/test_signals.py::test_ctx_with_identifier,,,pass,pass,100.0,0.0,100,101,False,could_not_reproduce,,results/idoft-od/easypy-tests_test_signals_py__test_ctx_with_identifier.json
easypy,https://github.com/weka-io/easypy,OD-Vic,9501c3ee03dcb1630e58cbb73b1647056907bcea,True,tests/test_signals.py::test_priorities,,,pass,pass,100.0,0.0,100,101,False,could_not_reproduce,,results/idoft-od/easypy-tests_test_signals_py__test_priorities.json
easypy,https://github.com/weka-io/easypy,OD-Vic,9501c3ee03dcb1630e58cbb73b1647056907bcea,True,tests/test_signals.py::test_priorities_async,,,pass,pass,100.0,0.0,100,101,False,could_not_reproduce,,results/idoft-od/easypy-tests_test_signals_py__test_priorities_async.json
easypy,https://github.com/weka-io/easypy,OD-Vic,9501c3ee03dcb1630e58cbb73b1647056907bcea,True,tests/test_signals.py::test_registration_context,,,pass,pass,100.0,0.0,100,101,False,could_not_reproduce,,results/idoft-od/easypy-tests_test_signals_py__test_registration_context.json
easypy,https://github.com/weka-io/easypy,OD-Vic,9501c3ee03dcb1630e58cbb73b1647056907bcea,True,tests/test_signals.py::test_signal_weakref,,,pass,pass,100.0,0.0,100,101,False,could_not_reproduce,,results/idoft-od/easypy-tests_test_signals_py__test_signal_weakref.json
easypy,https://github.com/weka-io/easypy,OD-Vic,9501c3ee03dcb1630e58cbb73b1647056907bcea,True,tests/test_signals.py::test_signal_weakref_complex_descriptors,,,pass,pass,100.0,0.0,100,101,False,could_not_reproduce,,results/idoft-od/easypy-tests_test_signals_py__test_signal_weakref_complex_descripto.json
easypy,https://github.com/weka-io/easypy,OD-Vic,9501c3ee03dcb1630e58cbb73b1647056907bcea,True,tests/test_signals.py::test_signal_weakref_context_manager_delete_after,,,pass,pass,100.0,0.0,100,101,False,could_not_reproduce,,results/idoft-od/easypy-tests_test_signals_py__test_signal_weakref_context_manager_d.json
easypy,https://github.com/weka-io/easypy,OD-Vic,9501c3ee03dcb1630e58cbb73b1647056907bcea,True,tests/test_signals.py::test_signal_weakref_context_manager_delete_after_with_identifier,,,pass,pass,100.0,0.0,100,101,False,could_not_reproduce,,results/idoft-od/easypy-tests_test_signals_py__test_signal_weakref_context_manager_d.json
easypy,https://github.com/weka-io/easypy,OD-Vic,9501c3ee03dcb1630e58cbb73b1647056907bcea,True,tests/test_signals.py::test_signal_weakref_context_manager_delete_during,,,pass,pass,100.0,0.0,100,101,False,could_not_reproduce,,results/idoft-od/easypy-tests_test_signals_py__test_signal_weakref_context_manager_d.json
easypy,https://github.com/weka-io/easypy,OD-Vic,9501c3ee03dcb1630e58cbb73b1647056907bcea,True,tests/test_signals.py::test_signal_weakref_context_manager_delete_during_with_identifier,,,pass,pass,100.0,0.0,100,101,False,could_not_reproduce,,results/idoft-od/easypy-tests_test_signals_py__test_signal_weakref_context_manager_d.json
easypy,https://github.com/weka-io/easypy,OD-Vic,9501c3ee03dcb1630e58cbb73b1647056907bcea,True,tests/test_signals.py::test_signal_weakref_with_identifier,,,pass,pass,100.0,0.0,100,101,False,could_not_reproduce,,results/idoft-od/easypy-tests_test_signals_py__test_signal_weakref_with_identifier.json
easypy,https://github.com/weka-io/easypy,OD-Vic,9501c3ee03dcb1630e58cbb73b1647056907bcea,True,tests/test_signals.py::test_simple_signal_object_identifier,,,pass,pass,100.0,0.0,100,101,False,could_not_reproduce,,results/idoft-od/easypy-tests_test_signals_py__test_simple_signal_object_identifier.json
easypy,https://github.com/weka-io/easypy,OD-Vic,9501c3ee03dcb1630e58cbb73b1647056907bcea,True,tests/test_signals.py::test_simple_signal_object_identifier_attribute,,,pass,pass,100.0,0.0,100,101,False,could_not_reproduce,,results/idoft-od/easypy-tests_test_signals_py__test_simple_signal_object_identifier_.json
easypy,https://github.com/weka-io/easypy,OD-Vic,9501c3ee03dcb1630e58cbb73b1647056907bcea,True,tests/test_signals.py::test_simple_signal_object_registration,,,pass,pass,100.0,0.0,100,101,False,could_not_reproduce,,results/idoft-od/easypy-tests_test_signals_py__test_simple_signal_object_registratio.json
easypy,https://github.com/weka-io/easypy,OD-Vic,9501c3ee03dcb1630e58cbb73b1647056907bcea,True,tests/test_signals.py::test_simple_signal_object_wo_identifier,,,pass,pass,100.0,0.0,100,101,False,could_not_reproduce,,results/idoft-od/easypy-tests_test_signals_py__test_simple_signal_object_wo_identifi.json
easypy,https://github.com/weka-io/easypy,OD-Vic,9501c3ee03dcb1630e58cbb73b1647056907bcea,True,tests/test_signals.py::test_simple_signal_registration,,,pass,pass,100.0,0.0,100,101,False,could_not_reproduce,,results/idoft-od/easypy-tests_test_signals_py__test_simple_signal_registration.json
easypy,https://github.com/weka-io/easypy,OD-Vic,9501c3ee03dcb1630e58cbb73b1647056907bcea,True,tests/test_sync.py::test_logged_condition,,,pass,pass,100.0,0.0,100,101,False,could_not_reproduce,,results/idoft-od/easypy-tests_test_sync_py__test_logged_condition.json
easypy,https://github.com/weka-io/easypy,OD-Vic,9501c3ee03dcb1630e58cbb73b1647056907bcea,True,tests/test_sync.py::test_logged_condition_exception,,,pass,pass,100.0,0.0,100,101,False,could_not_reproduce,,results/idoft-od/easypy-tests_test_sync_py__test_logged_condition_exception.json
easypy,https://github.com/weka-io/easypy,OD-Vic,9501c3ee03dcb1630e58cbb73b1647056907bcea,True,tests/test_sync.py::test_logged_condition_waited_for,,,pass,pass,100.0,0.0,100,101,False,could_not_reproduce,,results/idoft-od/easypy-tests_test_sync_py__test_logged_condition_waited_for.json
easypy,https://github.com/weka-io/easypy,OD-Vic,9501c3ee03dcb1630e58cbb73b1647056907bcea,True,tests/test_sync.py::test_logged_lock,,,pass,pass,100.0,0.0,100,101,False,could_not_reproduce,,results/idoft-od/easypy-tests_test_sync_py__test_logged_lock.json
easypy,https://github.com/weka-io/easypy,OD-Vic,9501c3ee03dcb1630e58cbb73b1647056907bcea,True,tests/test_sync.py::test_synchronization_coordinator_failing_context_manager,,,pass,pass,100.0,0.0,100,101,False,could_not_reproduce,,results/idoft-od/easypy-tests_test_sync_py__test_synchronization_coordinator_failing.json
easypy,https://github.com/weka-io/easypy,OD-Vic,9501c3ee03dcb1630e58cbb73b1647056907bcea,True,tests/test_sync.py::test_synchronization_coordinator_timeout,,,pass,pass,100.0,0.0,100,101,False,could_not_reproduce,,results/idoft-od/easypy-tests_test_sync_py__test_synchronization_coordinator_timeout.json
easypy,https://github.com/weka-io/easypy,OD-Vic,9501c3ee03dcb1630e58cbb73b1647056907bcea,True,tests/test_sync.py::test_synchronization_coordinator_with_multiobject_exception,,,pass,pass,100.0,0.0,100,101,False,could_not_reproduce,,results/idoft-od/easypy-tests_test_sync_py__test_synchronization_coordinator_with_mu.json
easypy,https://github.com/weka-io/easypy,OD-Vic,9501c3ee03dcb1630e58cbb73b1647056907bcea,True,tests/test_sync.py::test_wait_log_predicate,,,fail,fail,0.0,0.0,100,1,True,vic_confirmed,,results/idoft-od/easypy-tests_test_sync_py__test_wait_log_predicate.json
