Project URL,SHA Detected,Pytest Test Name (PathToFile::TestClass::TestMethod or PathToFile::TestMethod),Category,Status,PR Link,Notes
https://github.com/abhinavsingh/proxy.py,9b4263777bea7b3e00a1a3546511f2117f210a2b,tests/common/test_utils.py::TestSocketConnectionUtils::test_new_socket_connection_ipv4,OD-Vic,,,
https://github.com/AdventielFr/ecs-crd-cli,7b296c64086a204d3540da272e3d8dd74721c6c4,tests/test_prepareDeploymentServiceDefinitionStep.py::test_process_application_autoscaling_scalable_target_max_capacity_invalid,OD-Brit,Unmaintained,,latest commit 2022/07/08
https://github.com/agile4you/bottle-neck,ebc670a4b178255473d68e9b4122ba04e38f4810,test/test_handlers.py::test_handler_register_class_pass,OD-Vic,Unmaintained,,latest commit 2017/05/08
https://github.com/agile4you/bottle-neck,ebc670a4b178255473d68e9b4122ba04e38f4810,test/test_routing.py::test_router_mount_pass,OD,Opened,https://github.com/agile4you/bottle-neck/pull/4,
https://github.com/agile4you/bottle-neck,ebc670a4b178255473d68e9b4122ba04e38f4810,test/test_routing.py::test_router_mount_pass,OD-Brit,Unmaintained,,latest commit 2017/05/08
https://github.com/agile4you/bottle-neck,ebc670a4b178255473d68e9b4122ba04e38f4810,test/test_routing.py::test_router_register_handler_cbv_pass,OD-Brit,Unmaintained,,latest commit 2017/05/08
https://github.com/agile4you/bottle-neck,ebc670a4b178255473d68e9b4122ba04e38f4810,test/test_routing.py::test_router_register_handler_fn_pass,OD-Vic,Unmaintained,,latest commit 2017/05/08
https://github.com/agronholm/typeguard, 2fe7a63e7e7fe6b7910fd423ba82eea4bffb1f17,test_typeguard.py::test_check_call_args,OD,Opened,https://github.com/agronholm/typeguard/pull/220,
https://github.com/agronholm/typeguard, 2fe7a63e7e7fe6b7910fd423ba82eea4bffb1f17,test_typeguard.py::test_exec_no_namespace,OD,,,https://github.com/agronholm/typeguard/issues/221
https://github.com/agronholm/typeguard, 2fe7a63e7e7fe6b7910fd423ba82eea4bffb1f17,test_typeguard.py::test_forward_ref_policy_guess,OD,,,https://github.com/agronholm/typeguard/issues/221
https://github.com/aitgon/wopmars,33680f94163d82ce43557cf7f87a5f9ead496fdc,wopmars/tests/test_wopmars.py::TestWopmars::test_dry_run,OD-Vic,Unmaintained,,latest commit 2022/05/11
https://github.com/Alexei-Kornienko/schematics_to_swagger,d9c1c9e43a25c5a4ff60701b3bf22fc039c815c2,tests/test_model.py::test_compound_type,OD-Vic,Unmaintained,,latest commit 2020/03/02
https://github.com/Alexei-Kornienko/schematics_to_swagger,d9c1c9e43a25c5a4ff60701b3bf22fc039c815c2,tests/test_model.py::test_read_models_from_module,OD-Vic,Unmaintained,,latest commit 2020/03/02
https://github.com/alexrudy/supertunnel,4c64e2fedda3382b809a2c3d01c711ec4961f933,supertunnel/ssh/continuous_test.py::test_backoff,OD-Brit,Unmaintained,,latest commit 2019/11/21
https://github.com/alexrudy/supertunnel,4c64e2fedda3382b809a2c3d01c711ec4961f933,supertunnel/ssh/continuous_test.py::test_continuous_repr,OD-Brit,Unmaintained,,latest commit 2019/11/21
https://github.com/alexrudy/supertunnel,4c64e2fedda3382b809a2c3d01c711ec4961f933,supertunnel/ssh/continuous_test.py::test_run,OD-Brit,Unmaintained,,latest commit 2019/11/21
https://github.com/alexrudy/supertunnel,4c64e2fedda3382b809a2c3d01c711ec4961f933,supertunnel/ssh/continuous_test.py::test_run_continuous,OD-Brit,Unmaintained,,latest commit 2019/11/21
https://github.com/alexrudy/supertunnel,4c64e2fedda3382b809a2c3d01c711ec4961f933,supertunnel/ssh/continuous_test.py::test_run_continuous_hang,OD-Brit,Unmaintained,,latest commit 2019/11/21
https://github.com/alexrudy/supertunnel,4c64e2fedda3382b809a2c3d01c711ec4961f933,supertunnel/ssh/continuous_test.py::test_run_continuous_raise,OD-Brit,Unmaintained,,latest commit 2019/11/21
https://github.com/alexrudy/supertunnel,4c64e2fedda3382b809a2c3d01c711ec4961f933,supertunnel/ssh/continuous_test.py::test_ssh_log_line[debug1: Reading configuration-Action.CONTINUE],OD-Brit,Unmaintained,,latest commit 2019/11/21
https://github.com/alexrudy/supertunnel,4c64e2fedda3382b809a2c3d01c711ec4961f933,supertunnel/ssh/continuous_test.py::test_ssh_log_line[Entering interactive session-Action.CONNECTED],OD-Brit,Unmaintained,,latest commit 2019/11/21
https://github.com/alexrudy/supertunnel,4c64e2fedda3382b809a2c3d01c711ec4961f933,supertunnel/ssh/continuous_test.py::test_ssh_log_line[Host example.com not responding-Action.DISCONNECTED],OD-Brit,Unmaintained,,latest commit 2019/11/21
https://github.com/apache/beam,faae168fa34e97475df70b707f4df91c4946c6ca,sdks/python/apache_beam/runners/portability/portable_runner_test.py::PortableRunnerTest::test_assert_that,OD,Accepted,https://github.com/apache/beam/pull/36485,Repo recommend by GPT
https://github.com/attzonko/mmpy_bot,4faa19a9e04c75af94c45c24dbd0c9d9ecb867d4,tests/unit_tests/test_scheduler.py::test_add_onetime_job_without_trigger_time,OD-Vic,Deleted,,Deleted in commit 8bba73afdd0dc3ce01c8b0599e59aa5688faf281
https://github.com/attzonko/mmpy_bot,4faa19a9e04c75af94c45c24dbd0c9d9ecb867d4,tests/unit_tests/test_scheduler.py::test_add_onetime_job_with_trigger_time,OD-Vic,Deleted,,Deleted in commit 8bba73afdd0dc3ce01c8b0599e59aa5688faf281
https://github.com/AuraiProject/freesia,16834c17725edac74eb50fc5ce2ff1db6f3f4840,tests/test_route.py::RouteTestCase::test_url_match,OD-Brit,Unmaintained,,latest commit 2019/04/30
https://github.com/avature/confight,be2d162c99cc3c709289913de137f8d8bfbd35d5,test_confight.py::TestLoad::test_it_should_load_and_merge_lists_of_paths,OD-Vic,,,
https://github.com/benjaminp/six,c0be8815d13df45b6ae471c4c436cce8c192245d,test_six.py::test_lazy,OD-Vic,,,
https://github.com/bmweiner/skillful,8646f54faf62cb63f165f7699b8ace5b4a08233c,skillful/tests/test_controller.py::TestSkill::test_process,OD-Vic,Unmaintained,,latest commit 2017/05/15
https://github.com/bmweiner/skillful,8646f54faf62cb63f165f7699b8ace5b4a08233c,skillful/tests/test_controller.py::TestSkill::test_process_end,OD-Vic,Unmaintained,,latest commit 2017/05/15
https://github.com/brightway-lca/stats_arrays, 3d3480d064365571e64e736dcbd778badb1210db,extreme.py::GeneralizedExtremeValueUncertaintyTestCase::test_random_variables,OD,Opened,https://github.com/brightway-lca/stats_arrays/pull/10,
https://github.com/brightway-lca/stats_arrays, 3d3480d064365571e64e736dcbd778badb1210db,gama.py::GeneralizedExtremeValueUncertaintyTestCase::pretty_close,OD,Opened,https://github.com/brightway-lca/stats_arrays/pull/10,
https://github.com/brightway-lca/stats_arrays, 3d3480d064365571e64e736dcbd778badb1210db,student.py::GeneralizedExtremeValueUncertaintyTestCase::test_scale_matters/pretty_close,OD,Opened,https://github.com/brightway-lca/stats_arrays/pull/10,
https://github.com/bwohlberg/sporco,efd9237ec0d254e2ff630ad0ac17eb8dc566c586,tests/test_plot.py::TestSet01::test_09,OD-Vic,,,
https://github.com/cahoy/NestedDictionary,881f0ea8af36a60fcd1b9d7a84b1aec4cd7072b2,easy_dict/tests/test_01_default.py::test_del,OD-Brit,Unmaintained,,latest commit 2016/06/24
https://github.com/casamagalhaes/panamah-sdk-python,746f3fb7ebcf01810917bf9afa8e7ff5a4efad21,tests/test_processor.py::TestStream::test_initialization_and_accumulation,OD-Vic,RepoArchived,,
https://github.com/cbornet/python-httpproblem,0b08139277e9cba02339eeb0996c0910d047274a,tests/test_problem.py::test_exception_to_http_response,OD-Vic,Unmaintained,,latest commit 2020/12/17
https://github.com/cbornet/python-httpproblem,0b08139277e9cba02339eeb0996c0910d047274a,tests/test_problem.py::test_exception_to_http_response_with_global_traceback,OD-Vic,Unmaintained,,latest commit 2020/12/17
https://github.com/cbornet/python-httpproblem,0b08139277e9cba02339eeb0996c0910d047274a,tests/test_problem.py::test_exception_to_http_response_with_traceback_param,OD-Vic,Unmaintained,,latest commit 2020/12/17
https://github.com/cbornet/python-httpproblem,0b08139277e9cba02339eeb0996c0910d047274a,tests/test_problem.py::test_problem_http_response[1000-test_title-test_detail-test_type-test_instance-headers0-kwargs0-expected_body0-expected_headers0],OD-Vic,Unmaintained,,latest commit 2020/12/17
https://github.com/cbornet/python-httpproblem,0b08139277e9cba02339eeb0996c0910d047274a,tests/test_problem.py::test_problem_http_response[None-None-None-None-None-headers2-kwargs2-expected_body2-expected_headers2],OD-Vic,Unmaintained,,latest commit 2020/12/17
https://github.com/cbornet/python-httpproblem,0b08139277e9cba02339eeb0996c0910d047274a,tests/test_problem.py::test_problem_http_response[None-None-None-None-None-headers3-kwargs3-expected_body3-expected_headers3],OD-Vic,Unmaintained,,latest commit 2020/12/17
https://github.com/cbornet/python-httpproblem,0b08139277e9cba02339eeb0996c0910d047274a,tests/test_problem.py::test_problem_http_response[None-None-None-None-None-None-kwargs1-expected_body1-expected_headers1],OD-Vic,Unmaintained,,latest commit 2020/12/17
https://github.com/cbsinteractive/elemental,ca570c9f5fc43e20a4db23fc0137380f87be63f0,elemental/client_test.py::test_send_request_should_call_request_as_expected,OD-Vic,RepoArchived,,
https://github.com/cesar-rodriguez/terrascan,fd4ca9d23e694185fd5cb9ddf357b52b15adc6ca,tests/test_terrascan.py::test_success,OD-Vic,,,
https://github.com/chaosmail/python-fs,2567922ced9387e327e65f3244caff3b7af35684,fs/tests/test_mkdir.py::test_mkdir,OD-Vic,Unmaintained,,latest commit 2022/02/27
https://github.com/chinapnr/fishbase,1615ccff9106bf42fc6ae862cd13353c12c1b76d,test/test_logger.py::TestFishLogging::test_format3,OD-Brit,MovedOrRenamed,,Test renamed to test_format_03
https://github.com/chinapnr/fishbase,ddd1cced20caff3518f13073381d31461caa39a5,test/test_logger.py::TestFishLogging::test_format_03,OD-Brit,Unmaintained,,latest commit 2022/09/13
https://github.com/clapeyre/h5nav,595040c2f9b65196ceaf18d1c2c58d848466a22c,tests/test_cli.py::test_cat_star,OD-Vic,Unmaintained,,latest commit 2020/10/06
https://github.com/clapeyre/h5nav,595040c2f9b65196ceaf18d1c2c58d848466a22c,tests/test_cli.py::test_cd_group,OD-Vic,Unmaintained,,latest commit 2020/10/06
https://github.com/clapeyre/h5nav,595040c2f9b65196ceaf18d1c2c58d848466a22c,tests/test_cli.py::test_dump,OD-Vic,Unmaintained,,latest commit 2020/10/06
https://github.com/clapeyre/h5nav,595040c2f9b65196ceaf18d1c2c58d848466a22c,tests/test_cli.py::test_get_whitespace_name,OD-Vic,Unmaintained,,latest commit 2020/10/06
https://github.com/clapeyre/h5nav,595040c2f9b65196ceaf18d1c2c58d848466a22c,tests/test_cli.py::test_ls_simple,OD-Vic,Unmaintained,,latest commit 2020/10/06
https://github.com/clapeyre/h5nav,595040c2f9b65196ceaf18d1c2c58d848466a22c,tests/test_cli.py::test_ls_star,OD-Vic,Unmaintained,,latest commit 2020/10/06
https://github.com/clapeyre/h5nav,595040c2f9b65196ceaf18d1c2c58d848466a22c,tests/test_cli.py::test_pdf,OD-Vic,Unmaintained,,latest commit 2020/10/06
https://github.com/clapeyre/h5nav,595040c2f9b65196ceaf18d1c2c58d848466a22c,tests/test_cli.py::test_stats,OD-Vic,Unmaintained,,latest commit 2020/10/06
https://github.com/clapeyre/h5nav,595040c2f9b65196ceaf18d1c2c58d848466a22c,tests/test_cli.py::test_txt_dump,OD-Vic,Unmaintained,,latest commit 2020/10/06
https://github.com/codespell-project/codespell,4f2325ec18ccef64ed8062f63dc63d360fa33f47,test_dictionary.py::test_dictionary_looping,OD,Opened,https://github.com/codespell-project/codespell/pull/2105,
https://github.com/Cognexa/plcx,2756c0ba78c4c9e572d95ba002708957bc55d4fa,plcx/tests/comm/test_client.py::test_clientx[123],OD-Vic,Unmaintained,,latest commit 2021/05/31
https://github.com/Cognexa/plcx,2756c0ba78c4c9e572d95ba002708957bc55d4fa,plcx/tests/comm/test_client.py::test_clientx[1],OD-Vic,Unmaintained,,latest commit 2021/05/31
https://github.com/Cognexa/plcx,2756c0ba78c4c9e572d95ba002708957bc55d4fa,plcx/tests/comm/test_client.py::test_clientx[hola],OD-Vic,Unmaintained,,latest commit 2021/05/31
https://github.com/Cognexa/plcx,2756c0ba78c4c9e572d95ba002708957bc55d4fa,plcx/tests/comm/test_client.py::test_clientx_context[111],OD-Vic,Unmaintained,,latest commit 2021/05/31
https://github.com/Cognexa/plcx,2756c0ba78c4c9e572d95ba002708957bc55d4fa,plcx/tests/comm/test_client.py::test_clientx_context[321],OD-Vic,Unmaintained,,latest commit 2021/05/31
https://github.com/Cognexa/plcx,2756c0ba78c4c9e572d95ba002708957bc55d4fa,plcx/tests/comm/test_client.py::test_clientx_context[hi],OD-Vic,Unmaintained,,latest commit 2021/05/31
https://github.com/Cognexa/plcx,2756c0ba78c4c9e572d95ba002708957bc55d4fa,plcx/tests/comm/test_client.py::test_clientx_error,OD-Vic,Unmaintained,,latest commit 2021/05/31
https://github.com/coinbase/coinbase-commerce-python,d306fc562309edb909c8ace501c63327a7635975,tests/api_resources/base/test_create_api_resource.py::TestCreateAPIResource::test_create,OD-Vic,Unmaintained,,latest commit 2021/06/11
https://github.com/coinbase/coinbase-commerce-python,d306fc562309edb909c8ace501c63327a7635975,tests/api_resources/base/test_list_api_resource.py::TestListAPIResource::test_list,OD-Vic,Unmaintained,,latest commit 2021/06/11
https://github.com/coinbase/coinbase-commerce-python,d306fc562309edb909c8ace501c63327a7635975,tests/api_resources/test_charge.py::TestCharge::test_list_iter_mapping,OD-Vic,Unmaintained,,latest commit 2021/06/11
https://github.com/coinbase/coinbase-commerce-python,d306fc562309edb909c8ace501c63327a7635975,tests/api_resources/test_checkout.py::TestCheckout::test_list_iter_mapping,OD-Vic,Unmaintained,,latest commit 2021/06/11
https://github.com/coinbase/coinbase-commerce-python,d306fc562309edb909c8ace501c63327a7635975,tests/api_resources/test_event.py::TestEvent::test_list_iter_mapping,OD-Vic,Unmaintained,,latest commit 2021/06/11
https://github.com/coinbase/coinbase-commerce-python,d306fc562309edb909c8ace501c63327a7635975,tests/test_api_client.py::TestApiClient::test_authentication_error,OD-Vic,Unmaintained,,latest commit 2021/06/11
https://github.com/coinbase/coinbase-commerce-python,d306fc562309edb909c8ace501c63327a7635975,tests/test_api_client.py::TestApiClient::test_invalid_request_error,OD-Vic,Unmaintained,,latest commit 2021/06/11
https://github.com/coinbase/coinbase-commerce-python,d306fc562309edb909c8ace501c63327a7635975,tests/test_api_client.py::TestApiClient::test_resource_not_found_error,OD-Vic,Unmaintained,,latest commit 2021/06/11
https://github.com/ConSou/devtracker,ea892d6d48aa5d4627b429469b59ae3f0ce7f10f,devtracker/test_devtracker.py::test_add_start,OD-Vic,Unmaintained,,latest commit 2019/03/27
https://github.com/ConSou/devtracker,ea892d6d48aa5d4627b429469b59ae3f0ce7f10f,devtracker/test_devtracker.py::test_current_status,OD-Brit,Unmaintained,,latest commit 2019/03/27
https://github.com/ConSou/devtracker,ea892d6d48aa5d4627b429469b59ae3f0ce7f10f,devtracker/test_devtracker.py::test_make_project_csv,OD-Vic,Unmaintained,,latest commit 2019/03/27
https://github.com/ConSou/devtracker,ea892d6d48aa5d4627b429469b59ae3f0ce7f10f,devtracker/test_devtracker.py::test_today_report_err_one,OD-Vic,Unmaintained,,latest commit 2019/03/27
https://github.com/Cornices/cornice.ext.swagger,17a63e86751c7d8f1b2b75d49056161c80f4cef2,tests/test_app.py::AppSpecViewTest::test_validate_spec,OD-Vic,,,
https://github.com/cr0hn/aiotasks,ec485c84db55227c9283319a9c58401e294a06ff,tests/unittesting/tasks/memory/test_delay.py::test_memory_delay_add_task_non_coroutine_as_input,OD-Vic,Unmaintained,,latest commit 2020/05/27
https://github.com/cr0hn/aiotasks,ec485c84db55227c9283319a9c58401e294a06ff,tests/unittesting/tasks/memory/test_delay.py::test_memory_delay_task_decorator_invalid_function,OD-Vic,Unmaintained,,latest commit 2020/05/27
https://github.com/cr0hn/aiotasks,ec485c84db55227c9283319a9c58401e294a06ff,tests/unittesting/tasks/memory/test_delay.py::test_memory_delay_task_decorator_invalid_task_id_format,OD-Vic,Unmaintained,,latest commit 2020/05/27
https://github.com/cr0hn/aiotasks,ec485c84db55227c9283319a9c58401e294a06ff,tests/unittesting/tasks/memory/test_subscribers.py::test_memory_subscribers_empty_topics,OD-Vic,Unmaintained,,latest commit 2020/05/27
https://github.com/cr0hn/aiotasks,ec485c84db55227c9283319a9c58401e294a06ff,tests/unittesting/tasks/test_base_async.py::test_build_manager_invalid_prefix,OD-Vic,Unmaintained,,latest commit 2020/05/27
https://github.com/crazyscientist/osc-tiny,88c33c2c7f73ea26067e1bb4190bab5dc298dd85,osctiny/tests/test_issues.py::TestIssue::test_get,OD-Vic,,,
https://github.com/crumpstrr33/Utter-More,418cf5f5ef337700bf0897e746eff8bb275e6da6,test/test_utter_more.py::test_saving_utterances[alexa_test-csv-None],OD-Brit,Opened,https://github.com/crumpstrr33/Utter-More/pull/2,
https://github.com/crumpstrr33/Utter-More,418cf5f5ef337700bf0897e746eff8bb275e6da6,test/test_utter_more.py::test_saving_utterances[csv_test-csv-None],OD-Brit,Opened,https://github.com/crumpstrr33/Utter-More/pull/2,
https://github.com/crumpstrr33/Utter-More,418cf5f5ef337700bf0897e746eff8bb275e6da6,test/test_utter_more.py::test_saving_utterances[file_override_test-txt-csv],OD-Brit,Opened,https://github.com/crumpstrr33/Utter-More/pull/2,
https://github.com/crumpstrr33/Utter-More,418cf5f5ef337700bf0897e746eff8bb275e6da6,test/test_utter_more.py::test_saving_utterances[txt_test-txt-None],OD-Brit,Opened,https://github.com/crumpstrr33/Utter-More/pull/2,
https://github.com/d4nuu8/krllint,2f9376cdae14c201364d9c31b4c19a8ff2f708d2,tests/test_extraneous_whitespace.py::ExtraneousWhiteSpaceTestCase::test_rule_without_fix,OD-Vic,Unmaintained,,latest commit 2019/03/02
https://github.com/d4nuu8/krllint,2f9376cdae14c201364d9c31b4c19a8ff2f708d2,tests/test_extraneous_whitespace.py::ExtraneousWhiteSpaceTestCase::test_rule_with_fix,OD-Vic,Unmaintained,,latest commit 2019/03/02
https://github.com/d4nuu8/krllint,2f9376cdae14c201364d9c31b4c19a8ff2f708d2,tests/test_indentation_checker.py::IndentationCheckerTestCase::test_rule_with_fix,OD-Vic,Unmaintained,,latest commit 2019/03/02
https://github.com/d4nuu8/krllint,2f9376cdae14c201364d9c31b4c19a8ff2f708d2,tests/test_lower_or_mixed_case_built_in_type.py::LowerOrMixedCaseBuiltInTestCase::test_rule_without_fix,OD-Vic,Unmaintained,,latest commit 2019/03/02
https://github.com/d4nuu8/krllint,2f9376cdae14c201364d9c31b4c19a8ff2f708d2,tests/test_lower_or_mixed_case_built_in_type.py::LowerOrMixedCaseBuiltInTestCase::test_rule_with_fix,OD-Vic,Unmaintained,,latest commit 2019/03/02
https://github.com/d4nuu8/krllint,2f9376cdae14c201364d9c31b4c19a8ff2f708d2,tests/test_open_task.py::OpenTaskTestCase::test_rule_without_fix,OD-Vic,Unmaintained,,latest commit 2019/03/02
https://github.com/d4nuu8/krllint,2f9376cdae14c201364d9c31b4c19a8ff2f708d2,tests/test_open_task.py::OpenTaskTestCase::test_rule_with_fix,OD-Vic,Unmaintained,,latest commit 2019/03/02
https://github.com/d4nuu8/krllint,2f9376cdae14c201364d9c31b4c19a8ff2f708d2,tests/test_trailing_white_space_rule.py::TrailingWhiteSpaceTestCase::test_rule_without_fix,OD-Vic,Unmaintained,,latest commit 2019/03/02
https://github.com/d4nuu8/krllint,2f9376cdae14c201364d9c31b4c19a8ff2f708d2,tests/test_trailing_white_space_rule.py::TrailingWhiteSpaceTestCase::test_rule_with_fix,OD-Vic,Unmaintained,,latest commit 2019/03/02
https://github.com/daknuett/ljson,1d3dc13001d9d2f61bcfbf9d5c5b16d44fb8076e,test/test_ljson_disk.py::test_contains,OD-Vic,Unmaintained,,latest commit 2021/08/24
https://github.com/daknuett/ljson,1d3dc13001d9d2f61bcfbf9d5c5b16d44fb8076e,test/test_ljson_disk.py::test_delete,OD-Vic,Unmaintained,,latest commit 2021/08/24
https://github.com/daknuett/ljson,1d3dc13001d9d2f61bcfbf9d5c5b16d44fb8076e,test/test_ljson_disk.py::test_edit,OD-Vic,Unmaintained,,latest commit 2021/08/24
https://github.com/daknuett/ljson,1d3dc13001d9d2f61bcfbf9d5c5b16d44fb8076e,test/test_ljson_disk.py::test_read,OD-Vic,Unmaintained,,latest commit 2021/08/24
https://github.com/daknuett/ljson,1d3dc13001d9d2f61bcfbf9d5c5b16d44fb8076e,test/test_ljson_disk.py::test_unique_check,OD-Vic,Unmaintained,,latest commit 2021/08/24
https://github.com/daknuett/ljson,1d3dc13001d9d2f61bcfbf9d5c5b16d44fb8076e,test/test_ljson_mem.py::test_contains,OD-Vic,Unmaintained,,latest commit 2021/08/24
https://github.com/daknuett/ljson,1d3dc13001d9d2f61bcfbf9d5c5b16d44fb8076e,test/test_ljson_mem.py::test_edit,OD-Vic,Unmaintained,,latest commit 2021/08/24
https://github.com/daliclass/rxpy-backpressure,b1a7bddfb370884135d6f2e7d9a3dd332a90d7cc,tests/test_sized_buffer_backpressure_strategy.py::TestDropBackPressureStrategy::test_on_next_drop_new_message_when_buffer_full,OD-Vic,Unmaintained,,latest commit 2019/09/12
https://github.com/daliclass/rxpy-backpressure,b1a7bddfb370884135d6f2e7d9a3dd332a90d7cc,test_sized_buffer_backpressure_strategy.py::TestDropBackPressureStrategy::test_when_on_next_buffer_following_messages,OD,Unmaintained,,https://github.com/daliclass/rxpy-backpressure/issues/4;latest commit 2019/09/12
https://github.com/DanielSank/observed,d99fb99ff2a470a86efb2763685e8e2c021e799f,observed_test.py::TestBasics::test_callbacks,OD-Vic,Unmaintained,,latest commit 2021/10/09
https://github.com/datacommonsorg/api-python,6d09ca1557da0af893f008f7302801f12afc2d46,datacommons/test/set_api_key_test.py::TestApiKey::test_query_no_api_key,OD-Brit,,,
https://github.com/datacommonsorg/api-python,6d09ca1557da0af893f008f7302801f12afc2d46,datacommons/test/set_api_key_test.py::TestApiKey::test_send_request_no_api_key,OD-Brit,,,
https://github.com/datacommonsorg/api-python,16fabfc49a9c7d46a5b5847b0d9809242ec884e5,set_api_key_test.py::TestApiKey::test_query_no_api_key?,OD,Opened,https://github.com/datacommonsorg/api-python/pull/175,
https://github.com/datacommonsorg/api-python,16fabfc49a9c7d46a5b5847b0d9809242ec884e5,set_api_key_test.py::TestApiKey::test_send_request_no_api_key?,OD,Opened,https://github.com/datacommonsorg/api-python/pull/175,
https://github.com/DevKeh/redisqueue,feac4dfc30837e0ab1a55a8479443ea74b2793f2,tests/test_redisqueue.py::test_mock_queue_get_put_same_task,OD-Brit,Opened,https://github.com/jkehler/redisqueue/pull/4,
https://github.com/DevKeh/redisqueue,feac4dfc30837e0ab1a55a8479443ea74b2793f2,tests/test_redisqueue.py::test_mock_queue_put_get,OD-Brit,Opened,https://github.com/jkehler/redisqueue/pull/4,
https://github.com/DevKeh/redisqueue,feac4dfc30837e0ab1a55a8479443ea74b2793f2,tests/test_redisqueue.py::test_mock_queue_unique,OD-Brit,Opened,https://github.com/jkehler/redisqueue/pull/4,
https://github.com/dgellerup/laminar,74258f6e6cc8b3b4e9eaf7cc522192a353a3b45e,test/test_laminar.py::test_init_my_lam,OD-Vic,Unmaintained,,latest commit 2022/09/23
https://github.com/didix21/mdutils,2ef859ecc1e4f1a3e24f4150c96f61180bc57ceb,tests/test_mdutils.py::TestMdUtils::test_create_md_file,OD-Vic,Accepted,https://github.com/didix21/mdutils/pull/76,
https://github.com/didix21/mdutils,2ef859ecc1e4f1a3e24f4150c96f61180bc57ceb,tests/test_mdutils.py::TestMdUtils::test_new_checkbox_checked_list,OD-Vic,Accepted,https://github.com/didix21/mdutils/pull/76,
https://github.com/didix21/mdutils,2ef859ecc1e4f1a3e24f4150c96f61180bc57ceb,tests/test_mdutils.py::TestMdUtils::test_new_checkbox_list,OD-Vic,Accepted,https://github.com/didix21/mdutils/pull/76,
https://github.com/didix21/mdutils,2ef859ecc1e4f1a3e24f4150c96f61180bc57ceb,tests/test_mdutils.py::TestMdUtils::test_new_header,OD-Vic,Accepted,https://github.com/didix21/mdutils/pull/76,
https://github.com/didix21/mdutils,2ef859ecc1e4f1a3e24f4150c96f61180bc57ceb,tests/test_mdutils.py::TestMdUtils::test_new_list,OD-Vic,Accepted,https://github.com/didix21/mdutils/pull/76,
https://github.com/didix21/mdutils,2ef859ecc1e4f1a3e24f4150c96f61180bc57ceb,tests/test_mdutils.py::TestMdUtils::test_new_reference_image_markdown_data,OD-Vic,Accepted,https://github.com/didix21/mdutils/pull/76,
https://github.com/didix21/mdutils,2ef859ecc1e4f1a3e24f4150c96f61180bc57ceb,tests/test_mdutils.py::TestMdUtils::test_new_table_of_contents,OD-Vic,Accepted,https://github.com/didix21/mdutils/pull/76,
https://github.com/didix21/mdutils,2ef859ecc1e4f1a3e24f4150c96f61180bc57ceb,tests/test_mdutils.py::TestMdUtils::test_references_placed_in_markdown_file,OD-Vic,Accepted,https://github.com/didix21/mdutils/pull/76,
https://github.com/djrobstep/logx,c53fabbc160fb8d70fa878684ea36f0c22fd5caa,tests/test_logx.py::test_formatted_output,OD-Vic,Unmaintained,,latest commit 2020/01/17
https://github.com/djrobstep/logx,c53fabbc160fb8d70fa878684ea36f0c22fd5caa,tests/test_logx.py::test_plain_output,OD-Vic,Unmaintained,,latest commit 2020/01/17
https://github.com/djrobstep/logx,c53fabbc160fb8d70fa878684ea36f0c22fd5caa,tests/test_logx.py::test_set_format,OD-Vic,Unmaintained,,latest commit 2020/01/17
https://github.com/dmarkey/aiopylimit,b4075a8ac30dbbef59a2243f618a35a2f54b590c,aiopylimit/tests/test_aiopylimit.py::TestPyLimit::test_exception,OD-Vic,Unmaintained,,latest commit 2022/07/25
https://github.com/dmuhs/mythx-cli,f6b3d20d51ca1cfaed3cd45226bd1074388d42b9,tests/test_report.py::test_report_json,OD-Vic,Unmaintained,,latest commit 2022/09/13
https://github.com/dmuhs/mythx-cli,f6b3d20d51ca1cfaed3cd45226bd1074388d42b9,tests/test_report.py::test_report_json_blacklist,OD-Vic,Unmaintained,,latest commit 2022/09/13
https://github.com/dmuhs/mythx-cli,f6b3d20d51ca1cfaed3cd45226bd1074388d42b9,tests/test_report.py::test_report_json_pretty,OD-Vic,Unmaintained,,latest commit 2022/09/13
https://github.com/dmuhs/mythx-cli,f6b3d20d51ca1cfaed3cd45226bd1074388d42b9,tests/test_report.py::test_report_json_pretty_blacklist,OD-Vic,Unmaintained,,latest commit 2022/09/13
https://github.com/dmuhs/mythx-cli,f6b3d20d51ca1cfaed3cd45226bd1074388d42b9,tests/test_report.py::test_report_json_pretty_whitelist,OD-Vic,Unmaintained,,latest commit 2022/09/13
https://github.com/dmuhs/mythx-cli,f6b3d20d51ca1cfaed3cd45226bd1074388d42b9,tests/test_report.py::test_report_json_whitelist,OD-Vic,Unmaintained,,latest commit 2022/09/13
https://github.com/dmuhs/mythx-cli,f6b3d20d51ca1cfaed3cd45226bd1074388d42b9,tests/test_report.py::test_report_simple,OD-Vic,Unmaintained,,latest commit 2022/09/13
https://github.com/dmuhs/mythx-cli,f6b3d20d51ca1cfaed3cd45226bd1074388d42b9,tests/test_report.py::test_report_simple_blacklist,OD-Vic,Unmaintained,,latest commit 2022/09/13
https://github.com/dmuhs/mythx-cli,f6b3d20d51ca1cfaed3cd45226bd1074388d42b9,tests/test_report.py::test_report_simple_whitelist,OD-Vic,Unmaintained,,latest commit 2022/09/13
https://github.com/dmuhs/mythx-cli,f6b3d20d51ca1cfaed3cd45226bd1074388d42b9,tests/test_report.py::test_report_sonar_blacklist,OD-Vic,Unmaintained,,latest commit 2022/09/13
https://github.com/dmuhs/mythx-cli,f6b3d20d51ca1cfaed3cd45226bd1074388d42b9,tests/test_report.py::test_report_sonar_whitelist,OD-Vic,Unmaintained,,latest commit 2022/09/13
https://github.com/dmuhs/mythx-cli,f6b3d20d51ca1cfaed3cd45226bd1074388d42b9,tests/test_report.py::test_report_tabular,OD-Vic,Unmaintained,,latest commit 2022/09/13
https://github.com/dmuhs/mythx-cli,f6b3d20d51ca1cfaed3cd45226bd1074388d42b9,tests/test_report.py::test_report_tabular_blacklist,OD-Vic,Unmaintained,,latest commit 2022/09/13
https://github.com/dmuhs/mythx-cli,f6b3d20d51ca1cfaed3cd45226bd1074388d42b9,tests/test_report.py::test_report_tabular_whitelist,OD-Vic,Unmaintained,,latest commit 2022/09/13
https://github.com/dmytrostriletskyi/accessify,6b7cf8657ffe18cd6a43c6cfb73b071084f0331e,tests/interfaces/test_implements.py::test_implements_not_cls_convention,OD-Vic,Unmaintained,,latest commit 2019/04/16
https://github.com/dmytrostriletskyi/accessify,6b7cf8657ffe18cd6a43c6cfb73b071084f0331e,tests/interfaces/test_implements.py::test_implements_not_self_convention,OD-Vic,Unmaintained,,latest commit 2019/04/16
https://github.com/dmytrostriletskyi/accessify,6b7cf8657ffe18cd6a43c6cfb73b071084f0331e,tests/interfaces/test_implements.py::test_implements_not_self_convention_in_deleter,OD-Vic,Unmaintained,,latest commit 2019/04/16
https://github.com/dmytrostriletskyi/accessify,6b7cf8657ffe18cd6a43c6cfb73b071084f0331e,tests/interfaces/test_implements.py::test_implements_not_self_convention_in_getter,OD-Vic,Unmaintained,,latest commit 2019/04/16
https://github.com/dmytrostriletskyi/accessify,6b7cf8657ffe18cd6a43c6cfb73b071084f0331e,tests/interfaces/test_implements.py::test_implements_not_self_convention_in_setter,OD-Vic,Unmaintained,,latest commit 2019/04/16
https://github.com/dmytrostriletskyi/accessify,6b7cf8657ffe18cd6a43c6cfb73b071084f0331e,tests/interfaces/test_implements.py::test_implements_no_implementation_deleter,OD-Vic,Unmaintained,,latest commit 2019/04/16
https://github.com/dmytrostriletskyi/accessify,6b7cf8657ffe18cd6a43c6cfb73b071084f0331e,tests/interfaces/test_implements.py::test_implements_no_implementation_getter,OD-Vic,Unmaintained,,latest commit 2019/04/16
https://github.com/dmytrostriletskyi/accessify,6b7cf8657ffe18cd6a43c6cfb73b071084f0331e,tests/interfaces/test_implements.py::test_implements_no_implementation_instance_method,OD-Vic,Unmaintained,,latest commit 2019/04/16
https://github.com/dmytrostriletskyi/accessify,6b7cf8657ffe18cd6a43c6cfb73b071084f0331e,tests/interfaces/test_implements.py::test_implements_no_implementation_setter,OD-Vic,Unmaintained,,latest commit 2019/04/16
https://github.com/dmytrostriletskyi/accessify,6b7cf8657ffe18cd6a43c6cfb73b071084f0331e,tests/interfaces/test_implements.py::test_implements_no_implementation_static_method,OD-Vic,Unmaintained,,latest commit 2019/04/16
https://github.com/dmytrostriletskyi/accessify,6b7cf8657ffe18cd6a43c6cfb73b071084f0331e,tests/interfaces/test_implements.py::test_not_implements_private_access,OD-Vic,Unmaintained,,latest commit 2019/04/16
https://github.com/dmytrostriletskyi/accessify,6b7cf8657ffe18cd6a43c6cfb73b071084f0331e,tests/interfaces/test_implements.py::test_not_implements_protected_access,OD-Vic,Unmaintained,,latest commit 2019/04/16
https://github.com/dowjones/factiva-news-python,763b178fe7fd3716e5542cf098600ef56c6fbd62,__init__.py,OD,Opened,https://github.com/dowjones/factiva-news-python/pull/8,
https://github.com/dowjones/tokendito,f5d8e5171ddcca0c62925263ddb80535f51aded3,tests/unit_test.py::test_set_okta_password,OD-Vic,,,
https://github.com/dowjones/tokendito,f5d8e5171ddcca0c62925263ddb80535f51aded3,tests/unit_test.py::test_set_okta_username,OD-Vic,,,
https://github.com/dreid/yunomi,1aa3f166843613331b38e231264ffc3ac40e8094,yunomi/tests/test_metrics_registry.py::MetricsRegistryTests::test_count_calls_decorator,OD-Vic,RepoArchived,,
https://github.com/dreid/yunomi,1aa3f166843613331b38e231264ffc3ac40e8094,yunomi/tests/test_metrics_registry.py::MetricsRegistryTests::test_hist_calls_decorator,OD-Vic,RepoArchived,,
https://github.com/dreid/yunomi,1aa3f166843613331b38e231264ffc3ac40e8094,yunomi/tests/test_metrics_registry.py::MetricsRegistryTests::test_meter_calls_decorator,OD-Vic,RepoArchived,,
https://github.com/dreid/yunomi,1aa3f166843613331b38e231264ffc3ac40e8094,yunomi/tests/test_metrics_registry.py::MetricsRegistryTests::test_time_calls_decorator,OD-Vic,RepoArchived,,
https://github.com/DusanMadar/PySyncDroid,9a217a54f4286af8e7505c184eb2a6775f52d815,tests/test_sync.py::TestSync::test_do_sync,OD-Vic,Unmaintained,,latest commit 2019/07/21
https://github.com/dvc94ch/pykicad,cdebcaeb4ab6c8903ebecfd0748f826ea406923f,tests/test_module.py::CurveTests::test_curve,OD-Vic,Unmaintained,,latest commit 2019/12/09
https://github.com/dvc94ch/pykicad,cdebcaeb4ab6c8903ebecfd0748f826ea406923f,tests/test_module.py::DrillTests::test_drill,OD-Vic,Unmaintained,,latest commit 2019/12/09
https://github.com/dvc94ch/pykicad,cdebcaeb4ab6c8903ebecfd0748f826ea406923f,tests/test_module.py::DrillTests::test_drill_offset,OD-Vic,Unmaintained,,latest commit 2019/12/09
https://github.com/dvc94ch/pykicad,cdebcaeb4ab6c8903ebecfd0748f826ea406923f,tests/test_module.py::DrillTests::test_drill_oval,OD-Vic,Unmaintained,,latest commit 2019/12/09
https://github.com/dvc94ch/pykicad,cdebcaeb4ab6c8903ebecfd0748f826ea406923f,tests/test_module.py::LineTests::test_line,OD-Vic,Unmaintained,,latest commit 2019/12/09
https://github.com/dvc94ch/pykicad,cdebcaeb4ab6c8903ebecfd0748f826ea406923f,tests/test_module.py::ModelTests::test_model,OD-Vic,Unmaintained,,latest commit 2019/12/09
https://github.com/dvc94ch/pykicad,cdebcaeb4ab6c8903ebecfd0748f826ea406923f,tests/test_module.py::ModuleTests::test_module,OD-Vic,Unmaintained,,latest commit 2019/12/09
https://github.com/dvc94ch/pykicad,cdebcaeb4ab6c8903ebecfd0748f826ea406923f,tests/test_module.py::NetTests::test_net_auto_numbering,OD-Vic,Unmaintained,,latest commit 2019/12/09
https://github.com/dvc94ch/pykicad,cdebcaeb4ab6c8903ebecfd0748f826ea406923f,tests/test_module.py::PadTests::test_pad,OD-Vic,Unmaintained,,latest commit 2019/12/09
https://github.com/dvc94ch/pykicad,cdebcaeb4ab6c8903ebecfd0748f826ea406923f,tests/test_module.py::PadTests::test_pad_with_drill,OD-Vic,Unmaintained,,latest commit 2019/12/09
https://github.com/dvc94ch/pykicad,cdebcaeb4ab6c8903ebecfd0748f826ea406923f,tests/test_module.py::PadTests::test_pad_with_multiple_layers,OD-Vic,Unmaintained,,latest commit 2019/12/09
https://github.com/dvc94ch/pykicad,cdebcaeb4ab6c8903ebecfd0748f826ea406923f,tests/test_module.py::PolygonTests::test_polygon,OD-Vic,Unmaintained,,latest commit 2019/12/09
https://github.com/dvc94ch/pykicad,cdebcaeb4ab6c8903ebecfd0748f826ea406923f,tests/test_module.py::TextTests::test_text,OD-Vic,Unmaintained,,latest commit 2019/12/09
https://github.com/dvc94ch/pykicad,cdebcaeb4ab6c8903ebecfd0748f826ea406923f,tests/test_module.py::TextTests::test_text_with_hide,OD-Vic,Unmaintained,,latest commit 2019/12/09
https://github.com/dvc94ch/pykicad,cdebcaeb4ab6c8903ebecfd0748f826ea406923f,tests/test_module.py::TextTests::test_text_with_justify,OD-Vic,Unmaintained,,latest commit 2019/12/09
https://github.com/dvc94ch/pykicad,cdebcaeb4ab6c8903ebecfd0748f826ea406923f,tests/test_module.py::TextTests::test_text_with_rotation,OD-Vic,Unmaintained,,latest commit 2019/12/09
https://github.com/dvc94ch/pykicad,cdebcaeb4ab6c8903ebecfd0748f826ea406923f,tests/test_module.py::TextTests::test_text_with_thickness,OD-Vic,Unmaintained,,latest commit 2019/12/09
https://github.com/dvc94ch/pykicad,cdebcaeb4ab6c8903ebecfd0748f826ea406923f,tests/test_pcb.py::NetClassTests::test_parse,OD-Vic,Unmaintained,,latest commit 2019/12/09
https://github.com/dvc94ch/pykicad,cdebcaeb4ab6c8903ebecfd0748f826ea406923f,tests/test_pcb.py::NetClassTests::test_without_net,OD-Vic,Unmaintained,,latest commit 2019/12/09
https://github.com/dvc94ch/pykicad,cdebcaeb4ab6c8903ebecfd0748f826ea406923f,tests/test_pcb.py::NetClassTests::test_with_multiple_nets,OD-Vic,Unmaintained,,latest commit 2019/12/09
https://github.com/dvc94ch/pykicad,cdebcaeb4ab6c8903ebecfd0748f826ea406923f,tests/test_pcb.py::NetClassTests::test_with_net,OD-Vic,Unmaintained,,latest commit 2019/12/09
https://github.com/dvc94ch/pykicad,cdebcaeb4ab6c8903ebecfd0748f826ea406923f,tests/test_pcb.py::PcbTests::test_comment,OD-Vic,Unmaintained,,latest commit 2019/12/09
https://github.com/dvc94ch/pykicad,cdebcaeb4ab6c8903ebecfd0748f826ea406923f,tests/test_pcb.py::PcbTests::test_layers,OD-Vic,Unmaintained,,latest commit 2019/12/09
https://github.com/dvc94ch/pykicad,cdebcaeb4ab6c8903ebecfd0748f826ea406923f,tests/test_pcb.py::PcbTests::test_minimal_pcb,OD-Vic,Unmaintained,,latest commit 2019/12/09
https://github.com/dvc94ch/pykicad,cdebcaeb4ab6c8903ebecfd0748f826ea406923f,tests/test_pcb.py::PcbTests::test_num_nets,OD-Vic,Unmaintained,,latest commit 2019/12/09
https://github.com/dvc94ch/pykicad,cdebcaeb4ab6c8903ebecfd0748f826ea406923f,tests/test_pcb.py::PcbTests::test_page,OD-Vic,Unmaintained,,latest commit 2019/12/09
https://github.com/dvc94ch/pykicad,cdebcaeb4ab6c8903ebecfd0748f826ea406923f,tests/test_pcb.py::PcbTests::test_single_module,OD-Vic,Unmaintained,,latest commit 2019/12/09
https://github.com/dvc94ch/pykicad,cdebcaeb4ab6c8903ebecfd0748f826ea406923f,tests/test_pcb.py::ZoneTests::test_parse,OD-Vic,Unmaintained,,latest commit 2019/12/09
https://github.com/earthreader/libearth,71d2f3246eb0b6a3668a64e2242616d20b1d7dcd,tests/stage_test.py::test_get_dir_route,OD-Vic,Unmaintained,,latest commit 2016/04/17
https://github.com/econ-ark/HARK,f18dc69520db9e15d1d355e604ff712d38ce3d2b,HARK/ConsumptionSaving/tests/test_ConsAggShockModel.py::KrusellSmithAgentTestCase::test_agent,OD-Vic,,,
https://github.com/econ-ark/HARK,c9138af45fd0a0d97c718c8558f3ea8d9f2ae820,HARK/ConsumptionSaving/tests/test_ConsAggShockModel.py::testAggShockMarkovConsumerType::test_agent,OD-Vic,,,
https://github.com/econ-ark/HARK,c9138af45fd0a0d97c718c8558f3ea8d9f2ae820,HARK/ConsumptionSaving/tests/test_ConsAggShockModel.py::testKrusellSmith::test_agent,OD-Vic,MovedOrRenamed,,Test renamed to KrusellSmithAgentTestCase::test_agent
https://github.com/econ-ark/HARK,c9138af45fd0a0d97c718c8558f3ea8d9f2ae820,HARK/ConsumptionSaving/tests/test_IndShockConsumerType.py::testIndShockConsumerType::test_simulated_values,OD-Vic,,,
https://github.com/ECSHackWeek/impedance.py,d1019c161be9e967ae227117b72acae4351e198f,impedance/tests/test_circuit_elements.py::test_each_element,OD-Vic,,,
https://github.com/ECSHackWeek/impedance.py,d1019c161be9e967ae227117b72acae4351e198f,impedance/tests/test_circuit_elements.py::test_element_function_names,OD-Vic,,,
https://github.com/edasi/kool,efe847a05c1a07af5eddeeeb700fdefcb6c9ced9,tests/db/flatfile/test_database.py::TestFlatFile::test_tables,OD,Opened,https://github.com/edasi/kool/pull/50,
https://github.com/epsagon/epsagon-python,b985d8412848f9a0c98e2f15ae0967a6dba3517f,tests/wrappers/test_python_function.py::test_function_wrapper_function_exception,OD-Vic,RepoArchived,,
https://github.com/epsagon/epsagon-python,b985d8412848f9a0c98e2f15ae0967a6dba3517f,tests/wrappers/test_python_function.py::test_function_wrapper_sanity,OD-Vic,RepoArchived,,
https://github.com/epsagon/epsagon-python,b985d8412848f9a0c98e2f15ae0967a6dba3517f,tests/wrappers/test_python_function.py::test_python_wrapper_python_runner_factory_failed,OD-Vic,RepoArchived,,
https://github.com/Erik-White/ColonyScanalyser,38034b7d62a7c4f72a9f6981d0218c23f22cc7c8,tests/unit/test_base.py::TestUnique::test_init,OD-Vic,Unmaintained,,latest commit 2021/01/25
https://github.com/Erik-White/ColonyScanalyser,38034b7d62a7c4f72a9f6981d0218c23f22cc7c8,tests/unit/test_base.py::TestUnique::test_unique,OD-Vic,Unmaintained,,latest commit 2021/01/25
https://github.com/eth-cscs/reframe,576eb3f1dcc015d1e6d7a10602c748d4f810da68,unittests/test_check_filters.py::TestCheckFilters::test_have_cpu_only,OD-Brit,,,
https://github.com/eth-cscs/reframe,576eb3f1dcc015d1e6d7a10602c748d4f810da68,unittests/test_check_filters.py::TestCheckFilters::test_have_gpu_only,OD-Brit,,,
https://github.com/eth-cscs/reframe,576eb3f1dcc015d1e6d7a10602c748d4f810da68,unittests/test_check_filters.py::TestCheckFilters::test_have_name,OD-Brit,,,
https://github.com/eth-cscs/reframe,576eb3f1dcc015d1e6d7a10602c748d4f810da68,unittests/test_check_filters.py::TestCheckFilters::test_have_not_name,OD-Brit,,,
https://github.com/eth-cscs/reframe,576eb3f1dcc015d1e6d7a10602c748d4f810da68,unittests/test_check_filters.py::TestCheckFilters::test_have_prgenv,OD-Brit,,,
https://github.com/eth-cscs/reframe,576eb3f1dcc015d1e6d7a10602c748d4f810da68,unittests/test_check_filters.py::TestCheckFilters::test_have_tags,OD-Brit,,,
https://github.com/eth-cscs/reframe,576eb3f1dcc015d1e6d7a10602c748d4f810da68,unittests/test_check_filters.py::TestCheckFilters::test_invalid_regex,OD-Brit,,,
https://github.com/eth-cscs/reframe,576eb3f1dcc015d1e6d7a10602c748d4f810da68,unittests/test_check_filters.py::TestCheckFilters::test_partition,OD-Brit,,,
https://github.com/eth-cscs/reframe,576eb3f1dcc015d1e6d7a10602c748d4f810da68,unittests/test_environments.py::TestEnvironment::test_environ_snapshot,OD-Brit,,,
https://github.com/eth-cscs/reframe,576eb3f1dcc015d1e6d7a10602c748d4f810da68,unittests/test_environments.py::TestEnvironment::test_immutability,OD-Brit,,,
https://github.com/eth-cscs/reframe,576eb3f1dcc015d1e6d7a10602c748d4f810da68,unittests/test_environments.py::TestEnvironment::test_load_non_overlapping,OD-Brit,,,
https://github.com/eth-cscs/reframe,576eb3f1dcc015d1e6d7a10602c748d4f810da68,unittests/test_environments.py::TestEnvironment::test_load_overlapping,OD-Brit,,,
https://github.com/eth-cscs/reframe,576eb3f1dcc015d1e6d7a10602c748d4f810da68,unittests/test_environments.py::TestEnvironment::test_load_restore,OD-Brit,,,
https://github.com/eth-cscs/reframe,576eb3f1dcc015d1e6d7a10602c748d4f810da68,unittests/test_environments.py::TestEnvironment::test_setup,OD-Brit,,,
https://github.com/eth-cscs/reframe,576eb3f1dcc015d1e6d7a10602c748d4f810da68,unittests/test_loader.py::TestRegressionCheckLoader::test_conflicted_checks,OD-Brit,,,
https://github.com/eth-cscs/reframe,576eb3f1dcc015d1e6d7a10602c748d4f810da68,unittests/test_loader.py::TestRegressionCheckLoader::test_load_all,OD-Brit,,,
https://github.com/eth-cscs/reframe,576eb3f1dcc015d1e6d7a10602c748d4f810da68,unittests/test_loader.py::TestRegressionCheckLoader::test_load_bad_init,OD-Brit,,,
https://github.com/eth-cscs/reframe,576eb3f1dcc015d1e6d7a10602c748d4f810da68,unittests/test_loader.py::TestRegressionCheckLoader::test_load_file_absolute,OD-Brit,,,
https://github.com/eth-cscs/reframe,576eb3f1dcc015d1e6d7a10602c748d4f810da68,unittests/test_loader.py::TestRegressionCheckLoader::test_load_file_relative,OD-Brit,,,
https://github.com/eth-cscs/reframe,576eb3f1dcc015d1e6d7a10602c748d4f810da68,unittests/test_loader.py::TestRegressionCheckLoader::test_load_new_syntax,OD-Brit,,,
https://github.com/eth-cscs/reframe,576eb3f1dcc015d1e6d7a10602c748d4f810da68,unittests/test_loader.py::TestRegressionCheckLoader::test_load_recursive,OD-Brit,,,
https://github.com/eth-cscs/reframe,576eb3f1dcc015d1e6d7a10602c748d4f810da68,unittests/test_logging.py::TestLogger::test_check_logger,OD-Brit,,,
https://github.com/eth-cscs/reframe,576eb3f1dcc015d1e6d7a10602c748d4f810da68,unittests/test_logging.py::TestLogger::test_custom_handler_levels,OD-Brit,,,
https://github.com/eth-cscs/reframe,576eb3f1dcc015d1e6d7a10602c748d4f810da68,unittests/test_logging.py::TestLogger::test_custom_loglevels,OD-Brit,,,
https://github.com/eth-cscs/reframe,576eb3f1dcc015d1e6d7a10602c748d4f810da68,unittests/test_logging.py::TestLogger::test_handler_types,OD-Brit,,,
https://github.com/eth-cscs/reframe,576eb3f1dcc015d1e6d7a10602c748d4f810da68,unittests/test_logging.py::TestLogger::test_invalid_loglevel,OD-Brit,,,
https://github.com/eth-cscs/reframe,576eb3f1dcc015d1e6d7a10602c748d4f810da68,unittests/test_logging.py::TestLogger::test_logger_levels,OD-Brit,,,
https://github.com/eth-cscs/reframe,576eb3f1dcc015d1e6d7a10602c748d4f810da68,unittests/test_logging.py::TestLogger::test_rfc3339_timezone_extension,OD-Brit,,,
https://github.com/eth-cscs/reframe,576eb3f1dcc015d1e6d7a10602c748d4f810da68,unittests/test_logging.py::TestLogger::test_rfc3339_timezone_wrong_directive,OD-Brit,,,
https://github.com/eth-cscs/reframe,576eb3f1dcc015d1e6d7a10602c748d4f810da68,unittests/test_pipeline.py::test_environ_setup,OD-Brit,,,
https://github.com/eth-cscs/reframe,576eb3f1dcc015d1e6d7a10602c748d4f810da68,unittests/test_pipeline.py::test_hellocheck_local,OD-Brit,,,
https://github.com/eth-cscs/reframe,576eb3f1dcc015d1e6d7a10602c748d4f810da68,unittests/test_pipeline.py::test_hellocheck_local_prepost_run,OD-Brit,,,
https://github.com/eth-cscs/reframe,576eb3f1dcc015d1e6d7a10602c748d4f810da68,unittests/test_pipeline.py::test_name_compileonly_test,OD-Brit,,,
https://github.com/eth-cscs/reframe,576eb3f1dcc015d1e6d7a10602c748d4f810da68,unittests/test_pipeline.py::test_name_runonly_test,OD-Brit,,,
https://github.com/eth-cscs/reframe,576eb3f1dcc015d1e6d7a10602c748d4f810da68,unittests/test_pipeline.py::test_name_user_inheritance,OD-Brit,,,
https://github.com/eth-cscs/reframe,576eb3f1dcc015d1e6d7a10602c748d4f810da68,unittests/test_pipeline.py::test_registration_of_tests,OD-Brit,,,
https://github.com/eth-cscs/reframe,576eb3f1dcc015d1e6d7a10602c748d4f810da68,unittests/test_pipeline.py::test_regression_test_name,OD-Brit,,,
https://github.com/eth-cscs/reframe,576eb3f1dcc015d1e6d7a10602c748d4f810da68,unittests/test_pipeline.py::test_strange_test_names,OD-Brit,,,
https://github.com/eth-cscs/reframe,576eb3f1dcc015d1e6d7a10602c748d4f810da68,unittests/test_pipeline.py::test_supports_environ,OD-Brit,,,
https://github.com/eth-cscs/reframe,576eb3f1dcc015d1e6d7a10602c748d4f810da68,unittests/test_pipeline.py::test_supports_system,OD-Brit,,,
https://github.com/eth-cscs/reframe,576eb3f1dcc015d1e6d7a10602c748d4f810da68,unittests/test_policies.py::test_concurrency_limited,OD-Vic,,,
https://github.com/eth-cscs/reframe,576eb3f1dcc015d1e6d7a10602c748d4f810da68,unittests/test_policies.py::test_dependencies[SerialExecutionPolicy],OD-Brit,,,
https://github.com/eth-cscs/reframe,576eb3f1dcc015d1e6d7a10602c748d4f810da68,unittests/test_policies.py::test_dependencies_with_retries[SerialExecutionPolicy],OD-Brit,,,
https://github.com/eth-cscs/reframe,576eb3f1dcc015d1e6d7a10602c748d4f810da68,unittests/test_schedulers.py::test_cancel[local],OD-Brit,,,
https://github.com/eth-cscs/reframe,576eb3f1dcc015d1e6d7a10602c748d4f810da68,unittests/test_schedulers.py::test_cancel_before_submit[local],OD-Brit,,,
https://github.com/eth-cscs/reframe,576eb3f1dcc015d1e6d7a10602c748d4f810da68,unittests/test_schedulers.py::test_cancel_before_submit[pbs],OD-Brit,,,
https://github.com/eth-cscs/reframe,576eb3f1dcc015d1e6d7a10602c748d4f810da68,unittests/test_schedulers.py::test_cancel_before_submit[slurm],OD-Brit,,,
https://github.com/eth-cscs/reframe,576eb3f1dcc015d1e6d7a10602c748d4f810da68,unittests/test_schedulers.py::test_cancel_before_submit[squeue],OD-Brit,,,
https://github.com/eth-cscs/reframe,576eb3f1dcc015d1e6d7a10602c748d4f810da68,unittests/test_schedulers.py::test_cancel_before_submit[torque],OD-Brit,,,
https://github.com/eth-cscs/reframe,576eb3f1dcc015d1e6d7a10602c748d4f810da68,unittests/test_schedulers.py::test_cancel_term_ignore[local],OD-Brit,,,
https://github.com/eth-cscs/reframe,576eb3f1dcc015d1e6d7a10602c748d4f810da68,unittests/test_schedulers.py::test_cancel_with_grace[local],OD-Brit,,,
https://github.com/eth-cscs/reframe,576eb3f1dcc015d1e6d7a10602c748d4f810da68,unittests/test_schedulers.py::test_combined_access_constraint[slurm],OD-Brit,,,
https://github.com/eth-cscs/reframe,576eb3f1dcc015d1e6d7a10602c748d4f810da68,unittests/test_schedulers.py::test_combined_access_constraint[squeue],OD-Brit,,,
https://github.com/eth-cscs/reframe,576eb3f1dcc015d1e6d7a10602c748d4f810da68,unittests/test_schedulers.py::test_combined_access_multiple_constraints[slurm],OD-Brit,,,
https://github.com/eth-cscs/reframe,576eb3f1dcc015d1e6d7a10602c748d4f810da68,unittests/test_schedulers.py::test_combined_access_verbatim_constraint[slurm],OD-Brit,,,
https://github.com/eth-cscs/reframe,576eb3f1dcc015d1e6d7a10602c748d4f810da68,unittests/test_schedulers.py::test_flex_alloc_constraint_idle,OD-Brit,,,
https://github.com/eth-cscs/reframe,576eb3f1dcc015d1e6d7a10602c748d4f810da68,unittests/test_schedulers.py::test_flex_alloc_default_partition_all,OD-Brit,,,
https://github.com/eth-cscs/reframe,576eb3f1dcc015d1e6d7a10602c748d4f810da68,unittests/test_schedulers.py::test_flex_alloc_enough_nodes_constraint_partition,OD-Brit,,,
https://github.com/eth-cscs/reframe,576eb3f1dcc015d1e6d7a10602c748d4f810da68,unittests/test_schedulers.py::test_flex_alloc_exclude_nodes_cmd,OD-Brit,,,
https://github.com/eth-cscs/reframe,576eb3f1dcc015d1e6d7a10602c748d4f810da68,unittests/test_schedulers.py::test_flex_alloc_exclude_nodes_opt,OD-Brit,,,
https://github.com/eth-cscs/reframe,576eb3f1dcc015d1e6d7a10602c748d4f810da68,unittests/test_schedulers.py::test_flex_alloc_invalid_constraint,OD-Brit,,,
https://github.com/eth-cscs/reframe,576eb3f1dcc015d1e6d7a10602c748d4f810da68,unittests/test_schedulers.py::test_flex_alloc_invalid_partition_opt,OD-Brit,,,
https://github.com/eth-cscs/reframe,576eb3f1dcc015d1e6d7a10602c748d4f810da68,unittests/test_schedulers.py::test_flex_alloc_maintenance_nodes,OD-Brit,,,
https://github.com/eth-cscs/reframe,576eb3f1dcc015d1e6d7a10602c748d4f810da68,unittests/test_schedulers.py::test_flex_alloc_nodes_negative,OD-Brit,,,
https://github.com/eth-cscs/reframe,576eb3f1dcc015d1e6d7a10602c748d4f810da68,unittests/test_schedulers.py::test_flex_alloc_nodes_positive,OD-Brit,,,
https://github.com/eth-cscs/reframe,576eb3f1dcc015d1e6d7a10602c748d4f810da68,unittests/test_schedulers.py::test_flex_alloc_not_enough_idle_nodes,OD-Brit,,,
https://github.com/eth-cscs/reframe,576eb3f1dcc015d1e6d7a10602c748d4f810da68,unittests/test_schedulers.py::test_flex_alloc_not_enough_nodes_constraint_partition,OD-Brit,,,
https://github.com/eth-cscs/reframe,576eb3f1dcc015d1e6d7a10602c748d4f810da68,unittests/test_schedulers.py::test_flex_alloc_no_num_tasks_per_node,OD-Brit,,,
https://github.com/eth-cscs/reframe,576eb3f1dcc015d1e6d7a10602c748d4f810da68,unittests/test_schedulers.py::test_flex_alloc_partition_idle,OD-Brit,,,
https://github.com/eth-cscs/reframe,576eb3f1dcc015d1e6d7a10602c748d4f810da68,unittests/test_schedulers.py::test_flex_alloc_sched_access_idle,OD-Brit,,,
https://github.com/eth-cscs/reframe,576eb3f1dcc015d1e6d7a10602c748d4f810da68,unittests/test_schedulers.py::test_flex_alloc_sched_access_idle_sequence_view,OD-Brit,,,
https://github.com/eth-cscs/reframe,576eb3f1dcc015d1e6d7a10602c748d4f810da68,unittests/test_schedulers.py::test_flex_alloc_sched_access_partition,OD-Brit,,,
https://github.com/eth-cscs/reframe,576eb3f1dcc015d1e6d7a10602c748d4f810da68,unittests/test_schedulers.py::test_flex_alloc_valid_constraint_opt,OD-Brit,,,
https://github.com/eth-cscs/reframe,576eb3f1dcc015d1e6d7a10602c748d4f810da68,unittests/test_schedulers.py::test_flex_alloc_valid_constraint_partition,OD-Brit,,,
https://github.com/eth-cscs/reframe,576eb3f1dcc015d1e6d7a10602c748d4f810da68,unittests/test_schedulers.py::test_flex_alloc_valid_multiple_constraints,OD-Brit,,,
https://github.com/eth-cscs/reframe,576eb3f1dcc015d1e6d7a10602c748d4f810da68,unittests/test_schedulers.py::test_flex_alloc_valid_multiple_partitions,OD-Brit,,,
https://github.com/eth-cscs/reframe,576eb3f1dcc015d1e6d7a10602c748d4f810da68,unittests/test_schedulers.py::test_flex_alloc_valid_partition_cmd,OD-Brit,,,
https://github.com/eth-cscs/reframe,576eb3f1dcc015d1e6d7a10602c748d4f810da68,unittests/test_schedulers.py::test_flex_alloc_valid_partition_opt,OD-Brit,,,
https://github.com/eth-cscs/reframe,576eb3f1dcc015d1e6d7a10602c748d4f810da68,unittests/test_schedulers.py::test_flex_alloc_valid_reservation_cmd,OD-Brit,,,
https://github.com/eth-cscs/reframe,576eb3f1dcc015d1e6d7a10602c748d4f810da68,unittests/test_schedulers.py::test_flex_alloc_valid_reservation_option,OD-Brit,,,
https://github.com/eth-cscs/reframe,576eb3f1dcc015d1e6d7a10602c748d4f810da68,unittests/test_schedulers.py::test_guess_num_tasks[slurm],OD-Brit,,,
https://github.com/eth-cscs/reframe,576eb3f1dcc015d1e6d7a10602c748d4f810da68,unittests/test_schedulers.py::test_guess_num_tasks[squeue],OD-Brit,,,
https://github.com/eth-cscs/reframe,576eb3f1dcc015d1e6d7a10602c748d4f810da68,unittests/test_schedulers.py::test_guess_num_tasks[torque],OD-Brit,,,
https://github.com/eth-cscs/reframe,576eb3f1dcc015d1e6d7a10602c748d4f810da68,unittests/test_schedulers.py::test_no_empty_lines_in_preamble[pbs],OD-Brit,,,
https://github.com/eth-cscs/reframe,576eb3f1dcc015d1e6d7a10602c748d4f810da68,unittests/test_schedulers.py::test_no_empty_lines_in_preamble[slurm],OD-Brit,,,
https://github.com/eth-cscs/reframe,576eb3f1dcc015d1e6d7a10602c748d4f810da68,unittests/test_schedulers.py::test_no_empty_lines_in_preamble[squeue],OD-Brit,,,
https://github.com/eth-cscs/reframe,576eb3f1dcc015d1e6d7a10602c748d4f810da68,unittests/test_schedulers.py::test_no_empty_lines_in_preamble[torque],OD-Brit,,,
https://github.com/eth-cscs/reframe,576eb3f1dcc015d1e6d7a10602c748d4f810da68,unittests/test_schedulers.py::test_poll_before_submit[local],OD-Brit,,,
https://github.com/eth-cscs/reframe,576eb3f1dcc015d1e6d7a10602c748d4f810da68,unittests/test_schedulers.py::test_poll_before_submit[pbs],OD-Brit,,,
https://github.com/eth-cscs/reframe,576eb3f1dcc015d1e6d7a10602c748d4f810da68,unittests/test_schedulers.py::test_poll_before_submit[slurm],OD-Brit,,,
https://github.com/eth-cscs/reframe,576eb3f1dcc015d1e6d7a10602c748d4f810da68,unittests/test_schedulers.py::test_poll_before_submit[squeue],OD-Brit,,,
https://github.com/eth-cscs/reframe,576eb3f1dcc015d1e6d7a10602c748d4f810da68,unittests/test_schedulers.py::test_poll_before_submit[torque],OD-Brit,,,
https://github.com/eth-cscs/reframe,576eb3f1dcc015d1e6d7a10602c748d4f810da68,unittests/test_schedulers.py::test_prepare[local],OD-Brit,,,
https://github.com/eth-cscs/reframe,576eb3f1dcc015d1e6d7a10602c748d4f810da68,unittests/test_schedulers.py::test_prepare[pbs],OD-Brit,,,
https://github.com/eth-cscs/reframe,576eb3f1dcc015d1e6d7a10602c748d4f810da68,unittests/test_schedulers.py::test_prepare[slurm],OD-Brit,,,
https://github.com/eth-cscs/reframe,576eb3f1dcc015d1e6d7a10602c748d4f810da68,unittests/test_schedulers.py::test_prepare[squeue],OD-Brit,,,
https://github.com/eth-cscs/reframe,576eb3f1dcc015d1e6d7a10602c748d4f810da68,unittests/test_schedulers.py::test_prepare[torque],OD-Brit,,,
https://github.com/eth-cscs/reframe,576eb3f1dcc015d1e6d7a10602c748d4f810da68,unittests/test_schedulers.py::test_prepare_no_exclusive[slurm],OD-Brit,,,
https://github.com/eth-cscs/reframe,576eb3f1dcc015d1e6d7a10602c748d4f810da68,unittests/test_schedulers.py::test_prepare_no_exclusive[squeue],OD-Brit,,,
https://github.com/eth-cscs/reframe,576eb3f1dcc015d1e6d7a10602c748d4f810da68,unittests/test_schedulers.py::test_prepare_no_smt[squeue],OD-Brit,,,
https://github.com/eth-cscs/reframe,576eb3f1dcc015d1e6d7a10602c748d4f810da68,unittests/test_schedulers.py::test_prepare_without_smt[squeue],OD-Brit,,,
https://github.com/eth-cscs/reframe,576eb3f1dcc015d1e6d7a10602c748d4f810da68,unittests/test_schedulers.py::test_prepare_with_smt[slurm],OD-Brit,,,
https://github.com/eth-cscs/reframe,576eb3f1dcc015d1e6d7a10602c748d4f810da68,unittests/test_schedulers.py::test_prepare_with_smt[squeue],OD-Brit,,,
https://github.com/eth-cscs/reframe,576eb3f1dcc015d1e6d7a10602c748d4f810da68,unittests/test_schedulers.py::test_submit[local],OD-Brit,,,
https://github.com/eth-cscs/reframe,576eb3f1dcc015d1e6d7a10602c748d4f810da68,unittests/test_schedulers.py::test_submit_timelimit[local],OD-Brit,,,
https://github.com/eth-cscs/reframe,576eb3f1dcc015d1e6d7a10602c748d4f810da68,unittests/test_schedulers.py::test_wait_before_submit[local],OD-Brit,,,
https://github.com/eth-cscs/reframe,576eb3f1dcc015d1e6d7a10602c748d4f810da68,unittests/test_schedulers.py::test_wait_before_submit[pbs],OD-Brit,,,
https://github.com/eth-cscs/reframe,576eb3f1dcc015d1e6d7a10602c748d4f810da68,unittests/test_schedulers.py::test_wait_before_submit[slurm],OD-Brit,,,
https://github.com/eth-cscs/reframe,576eb3f1dcc015d1e6d7a10602c748d4f810da68,unittests/test_schedulers.py::test_wait_before_submit[squeue],OD-Brit,,,
https://github.com/eth-cscs/reframe,576eb3f1dcc015d1e6d7a10602c748d4f810da68,unittests/test_schedulers.py::test_wait_before_submit[torque],OD-Brit,,,
https://github.com/eukaryote/uberdict,852b9d8b80ab032ce7eb5c439ea8084336b69d04,tests/test_uberdict.py::test_pickle_dumpsloads_dotted,OD-Vic,Unmaintained,,latest commit 2017/07/23
https://github.com/eukaryote/uberdict,852b9d8b80ab032ce7eb5c439ea8084336b69d04,tests/test_uberdict.py::test_pickle_dumpsloads_nested,OD-Vic,Unmaintained,,latest commit 2017/07/23
https://github.com/eukaryote/uberdict,852b9d8b80ab032ce7eb5c439ea8084336b69d04,tests/test_uberdict.py::test_pickle_dumpsloads_nested_dotted,OD-Vic,Unmaintained,,latest commit 2017/07/23
https://github.com/eukaryote/uberdict,852b9d8b80ab032ce7eb5c439ea8084336b69d04,tests/test_uberdict.py::test_pickle_dumpsloads_simple,OD-Vic,Unmaintained,,latest commit 2017/07/23
https://github.com/femueller/python-n26,22cb609efbf5125e36879441ea20d5a1c2a51e98,tests/test_cards.py::CardsTests::test_block_card_cli_all,OD-Brit,RepoArchived,,
https://github.com/femueller/python-n26,22cb609efbf5125e36879441ea20d5a1c2a51e98,tests/test_cards.py::CardsTests::test_block_card_cli_single,OD-Brit,RepoArchived,,
https://github.com/femueller/python-n26,22cb609efbf5125e36879441ea20d5a1c2a51e98,tests/test_cards.py::CardsTests::test_unblock_card_cli_single,OD-Brit,RepoArchived,,
https://github.com/filestack/filestack-python,1bd6749735e5c78dde767e0685ddfdf0cd7423e2,tests/intelligent_ingestion_test.py::test_upload_part_success,OD-Vic,,,
https://github.com/filestack/filestack-python,1bd6749735e5c78dde767e0685ddfdf0cd7423e2,tests/intelligent_ingestion_test.py::test_upload_part_with_resize,OD-Vic,,,
https://github.com/ganehag/pyMeterBus,bc853aa38ac6b10301bdf97f13ac25b36985316f,tests/test_globals.py::TestSequenceFunctions::test_debug_default_value,OD-Vic,Opened,https://github.com/ganehag/pyMeterBus/pull/25,
https://github.com/gjvnq/LabIFSC,cb56b75f51eb54680d0b81f4c87aa0234538a2a8,tests/medida_test.py::test_medida_si_2,OD-Brit,Unmaintained,,latest commit 2019/04/12
https://github.com/gjvnq/LabIFSC,cb56b75f51eb54680d0b81f4c87aa0234538a2a8,tests/medida_test.py::test_medida_si_3,OD-Brit,Unmaintained,,latest commit 2019/04/12
https://github.com/gmggroup/omf,bf0cfaa4d05c438606d7b4561166bf12d2c1be74,tests/test_base.py::test_deserialize,OD-Vic,,,
https://github.com/googkit/googkit,cacb37bf65e5ac19379b329beb02af907240aa60,test/commands/test_candidates.py::TestCandidatesCommand::test_run_internal,OD-Vic,RepoArchived,,
https://github.com/Gsllchb/DotDot,64c8c5b0523211f243eef5dc6ea7c22dec5383cc,tests/test_dot.py::test_dot,OD,Rejected,https://github.com/Gsllchb/DotDot/pull/1,
https://github.com/Gsllchb/DotDot,89a6f7a86866de9c348f7e91da57c359c94568db,tests/test_dot.py::test_dot,OD-Vic,Unmaintained,,latest commit 2021/10/31
https://github.com/Gsllchb/DotDot,64c8c5b0523211f243eef5dc6ea7c22dec5383cc,tests/test_dotdot.py::test_dotdot,OD,Rejected,https://github.com/Gsllchb/DotDot/pull/1,
https://github.com/Gsllchb/DotDot,89a6f7a86866de9c348f7e91da57c359c94568db,tests/test_dotdot.py::test_dotdot,OD-Vic,Unmaintained,,latest commit 2021/10/31
https://github.com/Gsllchb/DotDot,64c8c5b0523211f243eef5dc6ea7c22dec5383cc,tests/test_dotdotdot.py::test_dotdotdot,OD,Rejected,https://github.com/Gsllchb/DotDot/pull/1,
https://github.com/Gsllchb/DotDot,89a6f7a86866de9c348f7e91da57c359c94568db,tests/test_dotdotdot.py::test_dotdotdot,OD-Vic,Unmaintained,,latest commit 2021/10/31
https://github.com/Gsllchb/DotDot,64c8c5b0523211f243eef5dc6ea7c22dec5383cc,tests/test_dotdotdotdot.py::test_dotdotdotdot,OD,Rejected,https://github.com/Gsllchb/DotDot/pull/1,
https://github.com/Gsllchb/DotDot,89a6f7a86866de9c348f7e91da57c359c94568db,tests/test_dotdotdotdot.py::test_dotdotdotdot,OD-Vic,Unmaintained,,latest commit 2021/10/31
https://github.com/guillaumewatteeux/centreon-sdk-python,9f207d5458afc3304e24f16988069467b19eab81,tests/test_command.py::TestCommands::test_command_add,OD-Brit,Unmaintained,,latest commit 2019/02/15
https://github.com/guillaumewatteeux/centreon-sdk-python,9f207d5458afc3304e24f16988069467b19eab81,tests/test_command.py::TestCommands::test_command_delete,OD-Brit,Unmaintained,,latest commit 2019/02/15
https://github.com/guillaumewatteeux/centreon-sdk-python,9f207d5458afc3304e24f16988069467b19eab81,tests/test_command.py::TestCommands::test_command_list,OD-Brit,Unmaintained,,latest commit 2019/02/15
https://github.com/guillaumewatteeux/centreon-sdk-python,9f207d5458afc3304e24f16988069467b19eab81,tests/test_command.py::TestCommands::test_command_not_exist,OD-Brit,Unmaintained,,latest commit 2019/02/15
https://github.com/guillaumewatteeux/centreon-sdk-python,9f207d5458afc3304e24f16988069467b19eab81,tests/test_command.py::TestCommands::test_command_setparam,OD-Brit,Unmaintained,,latest commit 2019/02/15
https://github.com/guillaumewatteeux/centreon-sdk-python,9f207d5458afc3304e24f16988069467b19eab81,tests/test_hosts.py::TestHost::test_host_addcontact,OD-Brit,Unmaintained,,latest commit 2019/02/15
https://github.com/guillaumewatteeux/centreon-sdk-python,9f207d5458afc3304e24f16988069467b19eab81,tests/test_hosts.py::TestHost::test_host_addcontactgroupt,OD-Brit,Unmaintained,,latest commit 2019/02/15
https://github.com/guillaumewatteeux/centreon-sdk-python,9f207d5458afc3304e24f16988069467b19eab81,tests/test_hosts.py::TestHost::test_host_addparent,OD-Brit,Unmaintained,,latest commit 2019/02/15
https://github.com/guillaumewatteeux/centreon-sdk-python,9f207d5458afc3304e24f16988069467b19eab81,tests/test_hosts.py::TestHost::test_host_addtemplate,OD-Brit,Unmaintained,,latest commit 2019/02/15
https://github.com/guillaumewatteeux/centreon-sdk-python,9f207d5458afc3304e24f16988069467b19eab81,tests/test_hosts.py::TestHost::test_host_applytemplate,OD-Brit,Unmaintained,,latest commit 2019/02/15
https://github.com/guillaumewatteeux/centreon-sdk-python,9f207d5458afc3304e24f16988069467b19eab81,tests/test_hosts.py::TestHost::test_host_deletecontact,OD-Brit,Unmaintained,,latest commit 2019/02/15
https://github.com/guillaumewatteeux/centreon-sdk-python,9f207d5458afc3304e24f16988069467b19eab81,tests/test_hosts.py::TestHost::test_host_deletecontactgroup,OD-Brit,Unmaintained,,latest commit 2019/02/15
https://github.com/guillaumewatteeux/centreon-sdk-python,9f207d5458afc3304e24f16988069467b19eab81,tests/test_hosts.py::TestHost::test_host_deletehostgroup,OD-Brit,Unmaintained,,latest commit 2019/02/15
https://github.com/guillaumewatteeux/centreon-sdk-python,9f207d5458afc3304e24f16988069467b19eab81,tests/test_hosts.py::TestHost::test_host_delmacro,OD-Brit,Unmaintained,,latest commit 2019/02/15
https://github.com/guillaumewatteeux/centreon-sdk-python,9f207d5458afc3304e24f16988069467b19eab81,tests/test_hosts.py::TestHost::test_host_deteletemplate,OD-Brit,Unmaintained,,latest commit 2019/02/15
https://github.com/guillaumewatteeux/centreon-sdk-python,9f207d5458afc3304e24f16988069467b19eab81,tests/test_hosts.py::TestHost::test_host_disable,OD-Brit,Unmaintained,,latest commit 2019/02/15
https://github.com/guillaumewatteeux/centreon-sdk-python,9f207d5458afc3304e24f16988069467b19eab81,tests/test_hosts.py::TestHost::test_host_enable,OD-Brit,Unmaintained,,latest commit 2019/02/15
https://github.com/guillaumewatteeux/centreon-sdk-python,9f207d5458afc3304e24f16988069467b19eab81,tests/test_hosts.py::TestHost::test_host_getcontact,OD-Brit,Unmaintained,,latest commit 2019/02/15
https://github.com/guillaumewatteeux/centreon-sdk-python,9f207d5458afc3304e24f16988069467b19eab81,tests/test_hosts.py::TestHost::test_host_getcontactgroup,OD-Brit,Unmaintained,,latest commit 2019/02/15
https://github.com/guillaumewatteeux/centreon-sdk-python,9f207d5458afc3304e24f16988069467b19eab81,tests/test_hosts.py::TestHost::test_host_gethostgroup,OD-Brit,Unmaintained,,latest commit 2019/02/15
https://github.com/guillaumewatteeux/centreon-sdk-python,9f207d5458afc3304e24f16988069467b19eab81,tests/test_hosts.py::TestHost::test_host_getmacro,OD-Brit,Unmaintained,,latest commit 2019/02/15
https://github.com/guillaumewatteeux/centreon-sdk-python,9f207d5458afc3304e24f16988069467b19eab81,tests/test_hosts.py::TestHost::test_host_getparents,OD-Brit,Unmaintained,,latest commit 2019/02/15
https://github.com/guillaumewatteeux/centreon-sdk-python,9f207d5458afc3304e24f16988069467b19eab81,tests/test_hosts.py::TestHost::test_host_gettemplate,OD-Brit,Unmaintained,,latest commit 2019/02/15
https://github.com/guillaumewatteeux/centreon-sdk-python,9f207d5458afc3304e24f16988069467b19eab81,tests/test_hosts.py::TestHost::test_host_setcontact,OD-Brit,Unmaintained,,latest commit 2019/02/15
https://github.com/guillaumewatteeux/centreon-sdk-python,9f207d5458afc3304e24f16988069467b19eab81,tests/test_hosts.py::TestHost::test_host_setcontactgroup,OD-Brit,Unmaintained,,latest commit 2019/02/15
https://github.com/guillaumewatteeux/centreon-sdk-python,9f207d5458afc3304e24f16988069467b19eab81,tests/test_hosts.py::TestHost::test_host_setinstance,OD-Brit,Unmaintained,,latest commit 2019/02/15
https://github.com/guillaumewatteeux/centreon-sdk-python,9f207d5458afc3304e24f16988069467b19eab81,tests/test_hosts.py::TestHost::test_host_setmacro,OD-Brit,Unmaintained,,latest commit 2019/02/15
https://github.com/guillaumewatteeux/centreon-sdk-python,9f207d5458afc3304e24f16988069467b19eab81,tests/test_hosts.py::TestHost::test_host_setparam,OD-Brit,Unmaintained,,latest commit 2019/02/15
https://github.com/guillaumewatteeux/centreon-sdk-python,9f207d5458afc3304e24f16988069467b19eab81,tests/test_hosts.py::TestHost::test_host_setparent,OD-Brit,Unmaintained,,latest commit 2019/02/15
https://github.com/guillaumewatteeux/centreon-sdk-python,9f207d5458afc3304e24f16988069467b19eab81,tests/test_hosts.py::TestHost::test_host_settemplate,OD-Brit,Unmaintained,,latest commit 2019/02/15
https://github.com/guillaumewatteeux/centreon-sdk-python,9f207d5458afc3304e24f16988069467b19eab81,tests/test_hosts.py::TestHosts::test_hosts_add,OD-Brit,Unmaintained,,latest commit 2019/02/15
https://github.com/guillaumewatteeux/centreon-sdk-python,9f207d5458afc3304e24f16988069467b19eab81,tests/test_hosts.py::TestHosts::test_hosts_delete,OD-Brit,Unmaintained,,latest commit 2019/02/15
https://github.com/guillaumewatteeux/centreon-sdk-python,9f207d5458afc3304e24f16988069467b19eab81,tests/test_hosts.py::TestHosts::test_hosts_delete_with_obj,OD-Brit,Unmaintained,,latest commit 2019/02/15
https://github.com/guillaumewatteeux/centreon-sdk-python,9f207d5458afc3304e24f16988069467b19eab81,tests/test_hosts.py::TestHosts::test_hosts_list,OD-Brit,Unmaintained,,latest commit 2019/02/15
https://github.com/guillaumewatteeux/centreon-sdk-python,9f207d5458afc3304e24f16988069467b19eab81,tests/test_hosts.py::TestHosts::test_hosts_not_exist,OD-Brit,Unmaintained,,latest commit 2019/02/15
https://github.com/guillaumewatteeux/centreon-sdk-python,9f207d5458afc3304e24f16988069467b19eab81,tests/test_resourcecfg.py::TestResourceCFG::test_resourcecfg_add,OD-Brit,Unmaintained,,latest commit 2019/02/15
https://github.com/guillaumewatteeux/centreon-sdk-python,9f207d5458afc3304e24f16988069467b19eab81,tests/test_resourcecfg.py::TestResourceCFG::test_resourcecfg_building_line,OD-Brit,Unmaintained,,latest commit 2019/02/15
https://github.com/guillaumewatteeux/centreon-sdk-python,9f207d5458afc3304e24f16988069467b19eab81,tests/test_resourcecfg.py::TestResourceCFG::test_resourcecfg_delete,OD-Brit,Unmaintained,,latest commit 2019/02/15
https://github.com/guillaumewatteeux/centreon-sdk-python,9f207d5458afc3304e24f16988069467b19eab81,tests/test_resourcecfg.py::TestResourceCFG::test_resourcecfg_get_one,OD-Brit,Unmaintained,,latest commit 2019/02/15
https://github.com/guillaumewatteeux/centreon-sdk-python,9f207d5458afc3304e24f16988069467b19eab81,tests/test_resourcecfg.py::TestResourceCFG::test_resourcecfg_not_exist,OD-Brit,Unmaintained,,latest commit 2019/02/15
https://github.com/guillaumewatteeux/centreon-sdk-python,9f207d5458afc3304e24f16988069467b19eab81,tests/test_resourcecfg.py::TestResourceCFG::test_resourcecfg_setparam,OD-Brit,Unmaintained,,latest commit 2019/02/15
https://github.com/h2non/pook,2071da27701c82ce02b015e01e2aa6fd203e7bb5,tests/unit/api_test.py::test_activate,OD-Brit,Opened,https://github.com/h2non/pook/pull/169,
https://github.com/h2non/pook,2071da27701c82ce02b015e01e2aa6fd203e7bb5,tests/unit/api_test.py::test_mock_contructors,OD-Vic,Opened,https://github.com/h2non/pook/pull/169,
https://github.com/h2non/pook,2071da27701c82ce02b015e01e2aa6fd203e7bb5,tests/unit/api_test.py::test_on,OD-Brit,Opened,https://github.com/h2non/pook/pull/169,
https://github.com/h2non/pook,2071da27701c82ce02b015e01e2aa6fd203e7bb5,tests/unit/api_test.py::test_use,OD-Brit,Opened,https://github.com/h2non/pook/pull/169,
https://github.com/haney/python-ansel,afb2b28d8595beeb1f87e355b611f01e13b8e664,tests/test_incremental.py::test_decode_invalid_raising_error_handler[+],OD-Brit,Unmaintained,,latest commit 2022/09/01
https://github.com/hbradleyiii/ext_pylib,15a9b5a80db87b5f20e03ef6bfa015acf4bf8543,"tests/files/test_node.py::test_node_repr[atts0-{'path' : None, 'group' : None}]",OD-Vic,Unmaintained,,latest commit 2016/04/04
https://github.com/hbradleyiii/ext_pylib,15a9b5a80db87b5f20e03ef6bfa015acf4bf8543,"tests/files/test_node.py::test_node_repr[atts1-{'path' : '/this/path/file', 'group' : None}]",OD-Vic,Unmaintained,,latest commit 2016/04/04
https://github.com/hbradleyiii/ext_pylib,15a9b5a80db87b5f20e03ef6bfa015acf4bf8543,"tests/files/test_node.py::test_node_repr[atts2-{'path' : '/etc/path/file', 'group' : None}]",OD-Vic,Unmaintained,,latest commit 2016/04/04
https://github.com/heavenshell/py-autodoc,001d5ff03d41a5d714075eb08e666c413d50f0ac,examples/test_gen_each_case.py::TestUnittest::test_foo_bar,OD-Vic,Unmaintained,,latest commit 2021/09/11
https://github.com/heavenshell/py-autodoc,001d5ff03d41a5d714075eb08e666c413d50f0ac,examples/test_gen_each_case.py::TestUnittest::test_post,OD-Vic,Unmaintained,,latest commit 2021/09/11
https://github.com/heavenshell/py-autodoc,001d5ff03d41a5d714075eb08e666c413d50f0ac,examples/test_pytest.py::test_index,OD-Vic,Unmaintained,,latest commit 2021/09/11
https://github.com/heavenshell/py-autodoc,001d5ff03d41a5d714075eb08e666c413d50f0ac,tests/test_autodoc.py::TestAutodoc::test_create_document,OD-Vic,Unmaintained,,latest commit 2021/09/11
https://github.com/heavenshell/py-autodoc,001d5ff03d41a5d714075eb08e666c413d50f0ac,tests/test_autodoc.py::TestAutodoc::test_parse_response,OD-Vic,Unmaintained,,latest commit 2021/09/11
https://github.com/heavenshell/py-autodoc,001d5ff03d41a5d714075eb08e666c413d50f0ac,tests/test_autodoc.py::TestAutodoc::test_parse_responses,OD-Vic,Unmaintained,,latest commit 2021/09/11
https://github.com/heavenshell/py-autodoc,001d5ff03d41a5d714075eb08e666c413d50f0ac,tests/test_autodoc.py::TestAutodoc::test_should_change_separators,OD-Vic,Unmaintained,,latest commit 2021/09/11
https://github.com/hefnawi/json-storage-manager,c7521fc4a576cf23a8c2454106bed6fb8c951b8d,tests/test_main.py::test_get_item,OD-Brit,Opened,https://github.com/hefnawi/json-storage-manager/pull/1,
https://github.com/hefnawi/json-storage-manager,c7521fc4a576cf23a8c2454106bed6fb8c951b8d,tests/test_main.py::test_get_no_item,OD-Vic,Opened,https://github.com/hefnawi/json-storage-manager/pull/1,
https://github.com/hefnawi/json-storage-manager,c7521fc4a576cf23a8c2454106bed6fb8c951b8d,tests/test_main.py::test_read_json,OD-Vic,Opened,https://github.com/hefnawi/json-storage-manager/pull/1,
https://github.com/hefnawi/json-storage-manager,c7521fc4a576cf23a8c2454106bed6fb8c951b8d,tests/test_main.py::test_set_item,OD-Vic,Opened,https://github.com/hefnawi/json-storage-manager/pull/2,
https://github.com/hefnawi/json-storage-manager,c7521fc4a576cf23a8c2454106bed6fb8c951b8d,tests/test_main.py::test_set_item_fail,OD-Brit,Opened,https://github.com/hefnawi/json-storage-manager/pull/1,
https://github.com/hefnawi/json-storage-manager,c7521fc4a576cf23a8c2454106bed6fb8c951b8d,tests/test_main.py::test_update_item,OD-Brit,Opened,https://github.com/hefnawi/json-storage-manager/pull/1,
https://github.com/hefnawi/json-storage-manager,c7521fc4a576cf23a8c2454106bed6fb8c951b8d,tests/test_main.py::test_write_json,OD-Vic,Opened,https://github.com/hefnawi/json-storage-manager/pull/1,
https://github.com/holzkohlengrill/SCout,8fd1eca0607b27d6e0c537b2ea1211d23356edff,tests/test_header.py::TestHeaderLogger::testSingleArg,OD-Vic,Unmaintained,,latest commit 2022/01/29
https://github.com/huashengdun/webssh,51d527fe75a62aed239126a6697749a30baecb30,tests/test_app.py::TestAppBasic::test_app_auth_with_valid_pubkey_by_urlencoded_form,OD-Vic,,,
https://github.com/huashengdun/webssh,51d527fe75a62aed239126a6697749a30baecb30,tests/test_app.py::TestAppBasic::test_app_with_correct_credentials_but_empty_id,OD-Vic,,,
https://github.com/huashengdun/webssh,51d527fe75a62aed239126a6697749a30baecb30,tests/test_app.py::TestAppBasic::test_app_with_correct_credentials_but_without_id_argument,OD-Vic,,,
https://github.com/huashengdun/webssh,51d527fe75a62aed239126a6697749a30baecb30,tests/test_app.py::TestAppBasic::test_app_with_correct_credentials_but_with_no_port,OD-Vic,,,
https://github.com/huashengdun/webssh,51d527fe75a62aed239126a6697749a30baecb30,tests/test_app.py::TestAppBasic::test_app_with_correct_credentials_timeout,OD-Vic,,,
https://github.com/huashengdun/webssh,51d527fe75a62aed239126a6697749a30baecb30,tests/test_app.py::TestAppBasic::test_app_with_correct_credentials_user_robey,OD-Vic,,,
https://github.com/huashengdun/webssh,51d527fe75a62aed239126a6697749a30baecb30,tests/test_app.py::TestAppBasic::test_app_with_user_keyonly_for_bad_authentication_type,OD-Vic,,,
https://github.com/huashengdun/webssh,51d527fe75a62aed239126a6697749a30baecb30,tests/test_app.py::TestAppBasic::test_app_with_user_pass2fa_with_wrong_pkey_correct_passwords,OD-Vic,,,
https://github.com/huashengdun/webssh,51d527fe75a62aed239126a6697749a30baecb30,tests/test_app.py::TestAppBasic::test_app_with_wrong_credentials,OD-Vic,,,
https://github.com/hyperledger/aries-staticagent-python,62f0e4e435e4e324f76a8fb724d0f733192bc0c3,tests/test_pack_unpack.py::test_pack_unpack_anon,OD-Vic,RepoArchived,,
https://github.com/hyperledger/aries-staticagent-python,62f0e4e435e4e324f76a8fb724d0f733192bc0c3,tests/test_pack_unpack.py::test_pack_unpack_auth,OD-Vic,RepoArchived,,
https://github.com/hypoport/python-aws-dataclasses,30bfe90457a83957d10ec18fe7d61439b5b74280,tests/test_sns_event.py::test_message_attributes,OD-Vic,RepoArchived,,
https://github.com/identixone/identixone-python,232e5dfcf98ebe91a3ed433a265be161ee965a5e,tests/api/test_api_client.py::TestAPIClient::test_no_token_raises_exception,OD-Vic,Unmaintained,,latest commit 2019/10/23
https://github.com/identixone/identixone-python,232e5dfcf98ebe91a3ed433a265be161ee965a5e,tests/api/test_api_client.py::TestAPIClient::test_unsupported_version_raises_exception,OD-Vic,Unmaintained,,latest commit 2019/10/23
https://github.com/identixone/identixone-python,232e5dfcf98ebe91a3ed433a265be161ee965a5e,tests/utils/test_environment.py::TestEnvironmentVar::test_dict_environ_invalid_without_prefix,OD-Vic,Unmaintained,,latest commit 2019/10/23
https://github.com/identixone/identixone-python,232e5dfcf98ebe91a3ed433a265be161ee965a5e,tests/utils/test_environment.py::TestEnvironmentVar::test_os_environ_invalid_without_prefix,OD-Vic,Unmaintained,,latest commit 2019/10/23
https://github.com/irmen/Pyro5,55bec91891bb9007441024186f3c62b06a3a6870,test_pyro4compat.py::test_compat_config,OD,Accepted,https://github.com/irmen/Pyro5/pull/57,
https://github.com/irmen/Tale,a2a26443465ab6978b32d9253e833471500e7b68,tests/test_pubsub.py::TestPubsub::test_unsubscribe_all,OD-Vic,RepoArchived,,
https://github.com/isac322/linux_aio,007d033b42703e9bb4d7cd99ca50e54108215d46,test/test_non_vector_rw.py::TestRW::test_02_read,OD-Brit,Unmaintained,,latest commit 2019/01/29
https://github.com/isac322/linux_aio,007d033b42703e9bb4d7cd99ca50e54108215d46,test/test_non_vector_rw.py::TestRW::test_02_read_2_str,OD-Brit,Unmaintained,,latest commit 2019/01/29
https://github.com/isac322/linux_aio,007d033b42703e9bb4d7cd99ca50e54108215d46,test/test_non_vector_rw.py::TestRW::test_02_read_replace_file,OD-Brit,Unmaintained,,latest commit 2019/01/29
https://github.com/isac322/linux_aio,007d033b42703e9bb4d7cd99ca50e54108215d46,test/test_non_vector_rw.py::TestRW::test_02_read_w_io_priority,OD-Brit,Unmaintained,,latest commit 2019/01/29
https://github.com/isac322/linux_aio,007d033b42703e9bb4d7cd99ca50e54108215d46,test/test_non_vector_rw.py::TestRW::test_02_read_w_non_zero_offset,OD-Brit,Unmaintained,,latest commit 2019/01/29
https://github.com/isac322/linux_aio,007d033b42703e9bb4d7cd99ca50e54108215d46,test/test_non_vector_rw.py::TestRW::test_02_read_w_rw_flags,OD-Brit,Unmaintained,,latest commit 2019/01/29
https://github.com/isnok/data-pypes,dcfe6feac2b617f9f8624cff81c44f72c0313ee6,pypes/logsetup.py::pypes.logsetup.get_logconfig,OD-Vic,Unmaintained,,latest commit 2016/04/24
https://github.com/ivanprjcts/sdklib,5384b1c7f05abd6350151c08ad6a4a8b5855f8f0,tests/test_http_context.py::TestHttpContext::test_http_context_singleton_clear,OD-Vic,Unmaintained,,latest commit 2022/01/14
https://github.com/ivoire/ReactOBus,841d5c0442ffe92fcaec278e07053afe5b93d925,tests/test_db.py::test_run,OD-Vic,Unmaintained,,latest commit 2019/07/16
https://github.com/izar/pytm,724df0c6346706e9c3678bee11e23d9609d8fa4c,tests/test_private_func.py::TestMethod::test_defaults,OD-Vic,,,
https://github.com/izar/pytm,724df0c6346706e9c3678bee11e23d9609d8fa4c,tests/test_private_func.py::TestUniqueNames::test_duplicate_boundary_names_have_different_unique_names,OD-Vic,,,
https://github.com/JakubTesarek/colltools,e50f98ccda33ab409fcdba277a39f071824e24c7,tests/test_name_registry.py::test_name_registry_has_no_instances,OD-Vic,Unmaintained,,latest commit 2020/02/24
https://github.com/jamesevickery/l293d,c026a9b58769f23d3e999234ba9df30fb021f949,tests/test_l293d.py::L293DTestCase::test_create_motor_with_force_selection,OD-Vic,Unmaintained,,latest commit 2021/06/19
https://github.com/jamesevickery/l293d,c026a9b58769f23d3e999234ba9df30fb021f949,tests/test_l293d.py::L293DTestCase::test_motor_can_be_removed,OD-Vic,Unmaintained,,latest commit 2021/06/19
https://github.com/jamesevickery/l293d,c026a9b58769f23d3e999234ba9df30fb021f949,tests/test_l293d.py::L293DTestCase::test_pin_numbering_lock,OD-Vic,Unmaintained,,latest commit 2021/06/19
https://github.com/JBielan/py_ev,0a2d48235b8ff2268254c151a179a2ece40cbd37,tests/test_py_ev.py::test_reset,OD-Vic,Unmaintained,,latest commit 2019/05/29
https://github.com/JGoutin/compilertools,7b898cb6970f5f25c5356b15a2efd0cb2e54d566,tests/test_build.py::tests_patch___new__,OD-Brit,,,
https://github.com/JGoutin/compilertools,7b898cb6970f5f25c5356b15a2efd0cb2e54d566,tests/test___init__.py::tests_init,OD-Vic,,,
https://github.com/jnoortheen/dynamic-conf,42257f06a66765ac4f5de1c6a4637f4db779c5ab,tests/test_conf.py::test_cofig_writing[.env-ARG1=VAL1\nARG2=VAL2],OD-Vic,Unmaintained,,latest commit 2020/12/03
https://github.com/jnoortheen/dynamic-conf,42257f06a66765ac4f5de1c6a4637f4db779c5ab,tests/test_conf.py::test_cofig_writing[env.py-ARG1 = 'VAL1'\nARG2 = 'VAL2'],OD-Vic,Unmaintained,,latest commit 2020/12/03
https://github.com/jnoortheen/dynamic-conf,42257f06a66765ac4f5de1c6a4637f4db779c5ab,tests/test_conf.py::test_cofig_writing_with_dump[.env-ARG1=VAL1\nARG3=3\nARG2=VAL2],OD-Vic,Unmaintained,,latest commit 2020/12/03
https://github.com/jnoortheen/dynamic-conf,42257f06a66765ac4f5de1c6a4637f4db779c5ab,tests/test_conf.py::test_cofig_writing_with_dump[env.py-ARG1 = 'VAL1'\nARG3 = 3\nARG2 = 'VAL2'],OD-Vic,Unmaintained,,latest commit 2020/12/03
https://github.com/jnoortheen/dynamic-conf,42257f06a66765ac4f5de1c6a4637f4db779c5ab,tests/test_conf.py::test_cofig_writing_with_filter_prefix[.env-ARG1=VAL1\nARG2=VAL2],OD-Vic,Unmaintained,,latest commit 2020/12/03
https://github.com/jnoortheen/dynamic-conf,42257f06a66765ac4f5de1c6a4637f4db779c5ab,tests/test_conf.py::test_cofig_writing_with_filter_prefix[env.py-ARG1 = 'VAL1'\nARG2 = 'VAL2'],OD-Vic,Unmaintained,,latest commit 2020/12/03
https://github.com/jnoortheen/dynamic-conf,42257f06a66765ac4f5de1c6a4637f4db779c5ab,tests/test_conf.py::test_config_reading[.env],OD-Vic,Unmaintained,,latest commit 2020/12/03
https://github.com/jnoortheen/dynamic-conf,42257f06a66765ac4f5de1c6a4637f4db779c5ab,tests/test_conf.py::test_config_reading[env.py],OD-Vic,Unmaintained,,latest commit 2020/12/03
https://github.com/joegasewicz/Flask-JWT-Router,0fb1e256c81409be6f08d8be12f07e5f58b4f914,tests/test_routing.py::TestRouting::test_dynamic_params,OD-Vic,Unmaintained,,latest commit 2022/06/22
https://github.com/joegasewicz/Flask-JWT-Router,0fb1e256c81409be6f08d8be12f07e5f58b4f914,tests/test_routing.py::TestRouting::test_ignored_routes,OD-Vic,Unmaintained,,latest commit 2022/06/22
https://github.com/joegasewicz/Flask-JWT-Router,0fb1e256c81409be6f08d8be12f07e5f58b4f914,tests/test_routing.py::TestRouting::test_jwt_route[jwt_router_client0-None-200],OD-Vic,Unmaintained,,latest commit 2022/06/22
https://github.com/joegasewicz/Flask-JWT-Router,0fb1e256c81409be6f08d8be12f07e5f58b4f914,tests/test_routing.py::TestRouting::test_jwt_route[jwt_router_client3-None-401],OD-Vic,Unmaintained,,latest commit 2022/06/22
https://github.com/JonathanVusich/litedb,2694bc39676d8398f669c0aed96aef89623dbc9a,tests/test_database/test_memory_database_hypothesis.py::TestMemoryDatabase::test_database_retrieve,OD-Brit,Unmaintained,,latest commit 2020/10/24
https://github.com/josiest/geom,d12b381706ee620cba1c6a6cb45ab7815e5a1dc9,test_geom.py::test_epsilon,OD-Vic,Unmaintained,,latest commit 2021/08/16
https://github.com/josiest/geom,d12b381706ee620cba1c6a6cb45ab7815e5a1dc9,test_geom.py::test_veceq,OD-Brit,Unmaintained,,latest commit 2021/08/16
https://github.com/jounderwood/django-hug,778b16f568ce9fdb01f360b7bff89c9d8b6c2ef7,tests/test_api.py::test_simple_post_ok,OD-Vic,Unmaintained,,latest commit 2020/06/21
https://github.com/jounderwood/django-hug,778b16f568ce9fdb01f360b7bff89c9d8b6c2ef7,tests/test_api.py::test_whole_body_post_ok,OD-Vic,Unmaintained,,latest commit 2020/06/21
https://github.com/jpoullet2000/atlasclient,02b3e7d9a6596d1123fc22b6bfed08d60105d19e,tests/test_models.py::TestDiscoveryREST::test_search_attribute_get,OD-Vic,Unmaintained,,latest commit 2019/08/19
https://github.com/juntossomosmais/regex4ocr,9f96e9c6fe6ffc3e1452b23103fdfa6a0f1dcede,tests/integration/test_type_casting.py::test_validate_types_removal,OD-Brit,RepoArchived,,
https://github.com/juntossomosmais/regex4ocr,a140c62e01b378ef9fc334e66eaf3450da70feed,test_drm_scanner.py::test_scan_drms_folder,OD,Accepted,https://github.com/juntossomosmais/regex4ocr/pull/2,RepoArchived
https://github.com/jyn514/configparse,d7a4ee5b121de2be1858104723bdb7ac47df64ce,test/test_all.py::test_positional,OD-Vic,RepoArchived,,
https://github.com/kade-robertson/config-better,c14638da3fe95a669a04db2602e1f6ea15591c36,tests/test___init__.py::TestLinuxNoXDG::test_noxdg_cache,OD-Vic,Unmaintained,,latest commit 2020/01/10
https://github.com/kade-robertson/config-better,c14638da3fe95a669a04db2602e1f6ea15591c36,tests/test___init__.py::TestLinuxNoXDG::test_noxdg_config,OD-Vic,Unmaintained,,latest commit 2020/01/10
https://github.com/kade-robertson/config-better,c14638da3fe95a669a04db2602e1f6ea15591c36,tests/test___init__.py::TestLinuxNoXDG::test_noxdg_data,OD-Vic,Unmaintained,,latest commit 2020/01/10
https://github.com/kade-robertson/config-better,c14638da3fe95a669a04db2602e1f6ea15591c36,tests/test___init__.py::TestMacForceUnix::test_noxdg_cache,OD-Vic,Unmaintained,,latest commit 2020/01/10
https://github.com/kade-robertson/config-better,c14638da3fe95a669a04db2602e1f6ea15591c36,tests/test___init__.py::TestMacForceUnix::test_noxdg_config,OD-Vic,Unmaintained,,latest commit 2020/01/10
https://github.com/kade-robertson/config-better,c14638da3fe95a669a04db2602e1f6ea15591c36,tests/test___init__.py::TestMacForceUnix::test_noxdg_data,OD-Vic,Unmaintained,,latest commit 2020/01/10
https://github.com/kade-robertson/config-better,c14638da3fe95a669a04db2602e1f6ea15591c36,tests/test___init__.py::TestMacNoXDG::test_noxdg_cache,OD-Vic,Unmaintained,,latest commit 2020/01/10
https://github.com/kade-robertson/config-better,c14638da3fe95a669a04db2602e1f6ea15591c36,tests/test___init__.py::TestMacNoXDG::test_noxdg_config,OD-Vic,Unmaintained,,latest commit 2020/01/10
https://github.com/kade-robertson/config-better,c14638da3fe95a669a04db2602e1f6ea15591c36,tests/test___init__.py::TestMacNoXDG::test_noxdg_data,OD-Vic,Unmaintained,,latest commit 2020/01/10
https://github.com/kade-robertson/config-better,c14638da3fe95a669a04db2602e1f6ea15591c36,tests/test___init__.py::TestWindowsNoXDG::test_noxdg_cache,OD-Vic,Unmaintained,,latest commit 2020/01/10
https://github.com/kade-robertson/config-better,c14638da3fe95a669a04db2602e1f6ea15591c36,tests/test___init__.py::TestWindowsNoXDG::test_noxdg_config,OD-Vic,Unmaintained,,latest commit 2020/01/10
https://github.com/kade-robertson/config-better,c14638da3fe95a669a04db2602e1f6ea15591c36,tests/test___init__.py::TestWindowsNoXDG::test_noxdg_data,OD-Vic,Unmaintained,,latest commit 2020/01/10
https://github.com/kenkundert/engfmt,b908ef69aa7941e561019e24f969703f3234753b,test_constants.py::test_constants,OD-Vic,Unmaintained,,latest commit 2021/08/28
https://github.com/kenkundert/engfmt,b908ef69aa7941e561019e24f969703f3234753b,test_format.py::test_format,OD-Vic,Unmaintained,,latest commit 2021/08/28
https://github.com/kenkundert/engfmt,b908ef69aa7941e561019e24f969703f3234753b,test_misc.py::test_misc,OD-Vic,Unmaintained,,latest commit 2021/08/28
https://github.com/kenkundert/engfmt,b908ef69aa7941e561019e24f969703f3234753b,test_namespace.py::test_namespace,OD-Vic,Unmaintained,,latest commit 2021/08/28
https://github.com/kivio/pysllo,8bc4d17f9a668e9aff3c77f688f0c06ed2e7686b,tests/test_propagation_logger.py::test_forcing_level_by_dict,OD-Vic,Unmaintained,,latest commit 2016/06/23
https://github.com/kivio/pysllo,8bc4d17f9a668e9aff3c77f688f0c06ed2e7686b,tests/test_propagation_logger.py::test_forcing_level_with_kwargs_by_level,OD-Vic,Unmaintained,,latest commit 2016/06/23
https://github.com/kytos/python-openflow,a3387a7b28d529a3605aa1506a028e03394e4526,tests/unit/v0x04/test_controller2switch/test_flow_mod.py::TestFlowMod::test_minimum_size,OD-Brit,RepoArchived,,
https://github.com/laike9m/pdir2,ef5e2200074d68e2ca3df4ee441a1b9ea6ca5abc,tests/test_user_config.py::test_invalid_config_1,OD-Brit,,,
https://github.com/laike9m/pdir2,ef5e2200074d68e2ca3df4ee441a1b9ea6ca5abc,tests/test_user_config.py::test_invalid_config_2,OD-Brit,,,
https://github.com/laike9m/pdir2,ef5e2200074d68e2ca3df4ee441a1b9ea6ca5abc,tests/test_user_config.py::test_read_config,OD-Brit,,,
https://github.com/laike9m/pdir2,ef5e2200074d68e2ca3df4ee441a1b9ea6ca5abc,tests/test_user_config.py::test_read_config_from_custom_location,OD-Brit,,,
https://github.com/laike9m/pdir2,ef5e2200074d68e2ca3df4ee441a1b9ea6ca5abc,tests/test_user_config.py::test_set_env_without_config,OD-Brit,,,
https://github.com/laike9m/pdir2,ef5e2200074d68e2ca3df4ee441a1b9ea6ca5abc,tests/test_user_config.py::test_uniform_color,OD-Brit,,,
https://github.com/LeBarbouze/tunacell,837d57e1e6caeddf2e6bcdd2db2986fb456dd605,tunacell/tests/test_experiment.py::test_counts,OD-Vic,Unmaintained,,latest commit 2019/08/10
https://github.com/LeBarbouze/tunacell,837d57e1e6caeddf2e6bcdd2db2986fb456dd605,tunacell/tests/test_experiment.py::test_experiment_abspath,OD-Vic,Unmaintained,,latest commit 2019/08/10
https://github.com/LeBarbouze/tunacell,837d57e1e6caeddf2e6bcdd2db2986fb456dd605,tunacell/tests/test_experiment.py::test_experiment_attributes,OD-Vic,Unmaintained,,latest commit 2019/08/10
https://github.com/LeBarbouze/tunacell,837d57e1e6caeddf2e6bcdd2db2986fb456dd605,tunacell/tests/test_experiment.py::test_experiment_datatype,OD-Vic,Unmaintained,,latest commit 2019/08/10
https://github.com/LeBarbouze/tunacell,837d57e1e6caeddf2e6bcdd2db2986fb456dd605,tunacell/tests/test_experiment.py::test_experiment_get_container,OD-Vic,Unmaintained,,latest commit 2019/08/10
https://github.com/LeBarbouze/tunacell,837d57e1e6caeddf2e6bcdd2db2986fb456dd605,tunacell/tests/test_experiment.py::test_experiment_iter,OD-Vic,Unmaintained,,latest commit 2019/08/10
https://github.com/LeBarbouze/tunacell,837d57e1e6caeddf2e6bcdd2db2986fb456dd605,tunacell/tests/test_experiment.py::test_experiment_label,OD-Vic,Unmaintained,,latest commit 2019/08/10
https://github.com/LeBarbouze/tunacell,837d57e1e6caeddf2e6bcdd2db2986fb456dd605,tunacell/tests/test_experiment.py::test_experiment_metadata,OD-Vic,Unmaintained,,latest commit 2019/08/10
https://github.com/LeBarbouze/tunacell,837d57e1e6caeddf2e6bcdd2db2986fb456dd605,tunacell/tests/test_experiment.py::test_experiment_number_container,OD-Vic,Unmaintained,,latest commit 2019/08/10
https://github.com/LeBarbouze/tunacell,837d57e1e6caeddf2e6bcdd2db2986fb456dd605,tunacell/tests/test_experiment.py::test_load_experiment,OD-Vic,Unmaintained,,latest commit 2019/08/10
https://github.com/LeBarbouze/tunacell,837d57e1e6caeddf2e6bcdd2db2986fb456dd605,tunacell/tests/test_filters.py::test_cell_any,OD-Vic,Unmaintained,,latest commit 2019/08/10
https://github.com/LeBarbouze/tunacell,837d57e1e6caeddf2e6bcdd2db2986fb456dd605,tunacell/tests/test_observable.py::test_observable_str,OD-Brit,Unmaintained,,latest commit 2019/08/10
https://github.com/leopepe/GOApy,a8e0dfe5f0f593107884ad54f89a27f67ee28129,tests/Sensor_test.py::SensorsTest::test_remove_sensor_success,OD-Brit,Unmaintained,,latest commit 2021/10/02
https://github.com/levi-rs/instabrade,73d027ce2e3b0141c7f1c83567151b5638905355,tests/test_instagram.py::test_app_store_center_popup_displayed,OD-Vic,RepoArchived,,
https://github.com/levi-rs/instabrade,73d027ce2e3b0141c7f1c83567151b5638905355,tests/test_instagram.py::test_app_store_footer_popup_displayed,OD-Vic,RepoArchived,,
https://github.com/leVirve/dcard-spider,ac64cbcfe7ef6be7e554cef422b1a8a6bb968d46,tests/test_forums.py::TestForums::test_with_none_name_in_dcard_instance,OD-Vic,Unmaintained,,latest commit 2018/11/27
https://github.com/leVirve/dcard-spider,ac64cbcfe7ef6be7e554cef422b1a8a6bb968d46,tests/test_posts.py::TestPosts::test_with_none_in_dcard_instance,OD-Vic,Unmaintained,,latest commit 2018/11/27
https://github.com/LGSInnovations/jupyter-sigplot,498cda8f3648282cba84745d97e8973d2a02ed89,test/test_jupyter_sigplot.py::test_empty_object,OD-Vic,Unmaintained,,latest commit 2020/04/13
https://github.com/LGSInnovations/jupyter-sigplot,498cda8f3648282cba84745d97e8973d2a02ed89,test/test_jupyter_sigplot.py::test_overlay_href,OD-Vic,Unmaintained,,latest commit 2020/04/13
https://github.com/ljvmiranda921/pyswarms,08756526f39699eef28e515cac2ead17cef55710,tests/optimizers/test_tolerance.py::TestToleranceOptions::test_ftol_effect[GeneralOptimizerPSO],OD-Vic,,,
https://github.com/ljvmiranda921/pyswarms,08756526f39699eef28e515cac2ead17cef55710,tests/optimizers/test_tolerance.py::TestToleranceOptions::test_ftol_effect[GlobalBestPSO],OD-Vic,,,
https://github.com/ljvmiranda921/pyswarms,08756526f39699eef28e515cac2ead17cef55710,tests/optimizers/test_tolerance.py::TestToleranceOptions::test_ftol_effect[LocalBestPSO],OD-Vic,,,
https://github.com/ljvmiranda921/pyswarms,08756526f39699eef28e515cac2ead17cef55710,tests/optimizers/test_tolerance.py::TestToleranceOptions::test_no_ftol[GeneralOptimizerPSO],OD-Vic,,,
https://github.com/ljvmiranda921/pyswarms,08756526f39699eef28e515cac2ead17cef55710,tests/optimizers/test_tolerance.py::TestToleranceOptions::test_no_ftol[GlobalBestPSO],OD-Vic,,,
https://github.com/ljvmiranda921/pyswarms,08756526f39699eef28e515cac2ead17cef55710,tests/optimizers/test_tolerance.py::TestToleranceOptions::test_no_ftol[LocalBestPSO],OD-Vic,,,
https://github.com/lonly7star/icloud_photos_downloader,999c804a02c6db420aeb517700d09d9ba1c5a9df,test_logger.py::LoggerTestCase::test_logger_tqdm_fallback,OD,Opened,https://github.com/icloud-photos-downloader/icloud_photos_downloader/pull/388,
https://github.com/lrowe/pytest_exact_fixtures,b72bf9d7661c65e1535e5fbbddc343fd6120e15c,test_exact_fixtures.py::test_alternative1,OD-Vic,Unmaintained,,latest commit 2019/02/04
https://github.com/lrowe/pytest_exact_fixtures,b72bf9d7661c65e1535e5fbbddc343fd6120e15c,test_exact_fixtures.py::test_alternative2,OD-Vic,Unmaintained,,latest commit 2019/02/04
https://github.com/maboualidev/PyJsonFriendly,8b1ee498bc7a27024851b5101bf09913031e2477,tests/test_pyJsonFriendly.py::TestPyJsonFriendly::test_01,OD-Vic,Unmaintained,,latest commit 2019/11/02
https://github.com/mahmoud/lithoxyl,9961553a065a1ad8bb7a2407fe74f2cfd6c79a20,lithoxyl/tests/test_stats.py::test_acc_random,OD-Brit,Unmaintained,,latest commit 2021/10/25
https://github.com/malongge/exceltojson,6724c7de5153a7b125011e879419273589206d0d,tests/test_excel_2_json.py::TestProcessExcel::test_excel_process_not_patch_sheet_names,OD-Brit,,,
https://github.com/malongge/exceltojson,6724c7de5153a7b125011e879419273589206d0d,tests/test_excel_2_json.py::TestProcessExcel::test_excel_process_with_sheet_names,OD-Brit,,,
https://github.com/marshmallow-code/flask-smorest,02e9e84def5ace80522c76b830fbef9930a28771,tests/test_pagination.py::TestPagination::test_pagination_max_page_size[app_fixture0-AppConfig-1000],OD-Vic,,,
https://github.com/marshmallow-code/flask-smorest,02e9e84def5ace80522c76b830fbef9930a28771,tests/test_pagination.py::TestPagination::test_pagination_max_page_size[app_fixture1-AppConfig-1000],OD-Vic,,,
https://github.com/marshmallow-code/flask-smorest,02e9e84def5ace80522c76b830fbef9930a28771,tests/test_pagination.py::TestPagination::test_pagination_max_page_size[app_fixture2-AppConfig-1000],OD-Vic,,,
https://github.com/marshmallow-code/flask-smorest,02e9e84def5ace80522c76b830fbef9930a28771,tests/test_pagination.py::TestPagination::test_pagination_max_page_size[app_fixture3-AppConfig-1000],OD-Vic,,,
https://github.com/marshmallow-code/flask-smorest,02e9e84def5ace80522c76b830fbef9930a28771,tests/test_pagination.py::TestPagination::test_pagination_max_page_size[app_fixture4-AppConfig-1000],OD-Vic,,,
https://github.com/marshmallow-code/flask-smorest,02e9e84def5ace80522c76b830fbef9930a28771,tests/test_pagination.py::TestPagination::test_pagination_max_page_size[app_fixture5-AppConfig-1000],OD-Vic,,,
https://github.com/marshmallow-code/flask-smorest,02e9e84def5ace80522c76b830fbef9930a28771,tests/test_pagination.py::TestPagination::test_pagination_max_page_size[app_fixture6-AppConfig-1000],OD-Vic,,,
https://github.com/marshmallow-code/flask-smorest,02e9e84def5ace80522c76b830fbef9930a28771,tests/test_pagination.py::TestPagination::test_pagination_max_page_size[app_fixture7-AppConfig-1000],OD-Vic,,,
https://github.com/marshmallow-code/flask-smorest,02e9e84def5ace80522c76b830fbef9930a28771,tests/test_pagination.py::TestPagination::test_pagination_min_page_page_size[app_fixture0-AppConfig-1000],OD-Vic,,,
https://github.com/marshmallow-code/flask-smorest,02e9e84def5ace80522c76b830fbef9930a28771,tests/test_pagination.py::TestPagination::test_pagination_min_page_page_size[app_fixture1-AppConfig-1000],OD-Vic,,,
https://github.com/marshmallow-code/flask-smorest,02e9e84def5ace80522c76b830fbef9930a28771,tests/test_pagination.py::TestPagination::test_pagination_min_page_page_size[app_fixture2-AppConfig-1000],OD-Vic,,,
https://github.com/marshmallow-code/flask-smorest,02e9e84def5ace80522c76b830fbef9930a28771,tests/test_pagination.py::TestPagination::test_pagination_min_page_page_size[app_fixture3-AppConfig-1000],OD-Vic,,,
https://github.com/marshmallow-code/flask-smorest,02e9e84def5ace80522c76b830fbef9930a28771,tests/test_pagination.py::TestPagination::test_pagination_min_page_page_size[app_fixture4-AppConfig-1000],OD-Vic,,,
https://github.com/marshmallow-code/flask-smorest,02e9e84def5ace80522c76b830fbef9930a28771,tests/test_pagination.py::TestPagination::test_pagination_min_page_page_size[app_fixture5-AppConfig-1000],OD-Vic,,,
https://github.com/marshmallow-code/flask-smorest,02e9e84def5ace80522c76b830fbef9930a28771,tests/test_pagination.py::TestPagination::test_pagination_min_page_page_size[app_fixture6-AppConfig-1000],OD-Vic,,,
https://github.com/marshmallow-code/flask-smorest,02e9e84def5ace80522c76b830fbef9930a28771,tests/test_pagination.py::TestPagination::test_pagination_min_page_page_size[app_fixture7-AppConfig-1000],OD-Vic,,,
https://github.com/Martlark/flask-ipban,1a56cbfee501da36a3c86c7f38882381a14f45bb,blob/master/flask_ipban/test_persistence.py,OD,,,pytest --randomly-seed=1234
https://github.com/martyni/autoyaml,be3f450667bcca477683e63bcc49c67c5d170855,tests/autoyaml_test.py::TestAutoyamlMethods::test_b_decrypt_config,OD-Brit,,,
https://github.com/martyni/autoyaml,be3f450667bcca477683e63bcc49c67c5d170855,tests/autoyaml_test.py::TestEncryptorMethods::test_b_decrypt,OD-Brit,,,
https://github.com/matheusbsilva/plai,1d3bfb0438bb6bd2f8d8e42f17207f9449319763,tests/test_evaluation.py::TestPipeline::test_pipeline_raise_error_on_undeclared_dataframe,OD-Vic,Unmaintained,,latest commit 2022/01/31
https://github.com/matlink/gplaycli,b161dbffa64ddc7081ca7c880ce27f84c2f0a0d8,tests/test_init.py::test_default_settings,OD-Vic,Unmaintained,,latest commit 2021/10/02
https://github.com/mattdavis90/base10,93577e85215e4cd7f02a504ff6a23501d56a1748,base10/test/test_helpers.py::TestMetricHelper::test_metric_helper_fields_exception,OD-Vic,Unmaintained,,latest commit 2018/06/28
https://github.com/mattdavis90/base10,93577e85215e4cd7f02a504ff6a23501d56a1748,base10/test/test_helpers.py::TestMetricHelper::test_metric_helper_handles_time_field,OD-Vic,Unmaintained,,latest commit 2018/06/28
https://github.com/mattdavis90/base10,93577e85215e4cd7f02a504ff6a23501d56a1748,base10/test/test_helpers.py::TestMetricHelper::test_metric_helper_metadata_exception,OD-Vic,Unmaintained,,latest commit 2018/06/28
https://github.com/mattdavis90/base10,93577e85215e4cd7f02a504ff6a23501d56a1748,base10/test/test_helpers.py::TestMetricHelper::test_metric_helper_name_exception,OD-Vic,Unmaintained,,latest commit 2018/06/28
https://github.com/max-k/flask-multi-redis,fa781d3598448a6429309a686de9a8adb53f9f34,test/integration/test_flask_multi_redis.py::test_aggregated_delitem_method,OD-Vic,Unmaintained,,latest commit 2016/11/22
https://github.com/max-k/flask-multi-redis,fa781d3598448a6429309a686de9a8adb53f9f34,test/integration/test_flask_multi_redis.py::test_aggregated_getitem_method,OD-Vic,Unmaintained,,latest commit 2016/11/22
https://github.com/max-k/flask-multi-redis,fa781d3598448a6429309a686de9a8adb53f9f34,test/integration/test_flask_multi_redis.py::test_aggregated_setitem_method,OD-Vic,Unmaintained,,latest commit 2016/11/22
https://github.com/max-k/flask-multi-redis,fa781d3598448a6429309a686de9a8adb53f9f34,test/integration/test_flask_multi_redis.py::test_aggregator_delete_method,OD-Vic,Unmaintained,,latest commit 2016/11/22
https://github.com/max-k/flask-multi-redis,fa781d3598448a6429309a686de9a8adb53f9f34,test/integration/test_flask_multi_redis.py::test_aggregator_get_method,OD-Vic,Unmaintained,,latest commit 2016/11/22
https://github.com/max-k/flask-multi-redis,fa781d3598448a6429309a686de9a8adb53f9f34,test/integration/test_flask_multi_redis.py::test_aggregator_keys_method,OD-Vic,Unmaintained,,latest commit 2016/11/22
https://github.com/max-k/flask-multi-redis,fa781d3598448a6429309a686de9a8adb53f9f34,test/integration/test_flask_multi_redis.py::test_aggregator_keys_method_with_empty_nodes,OD-Vic,Unmaintained,,latest commit 2016/11/22
https://github.com/max-k/flask-multi-redis,fa781d3598448a6429309a686de9a8adb53f9f34,test/integration/test_flask_multi_redis.py::test_aggregator_scan_iter_method,OD-Vic,Unmaintained,,latest commit 2016/11/22
https://github.com/max-k/flask-multi-redis,fa781d3598448a6429309a686de9a8adb53f9f34,test/integration/test_flask_multi_redis.py::test_aggregator_set_method,OD-Vic,Unmaintained,,latest commit 2016/11/22
https://github.com/max-k/flask-multi-redis,fa781d3598448a6429309a686de9a8adb53f9f34,test/integration/test_flask_multi_redis.py::test_aggregator_strategy,OD-Vic,Unmaintained,,latest commit 2016/11/22
https://github.com/max-k/flask-multi-redis,fa781d3598448a6429309a686de9a8adb53f9f34,test/integration/test_flask_multi_redis.py::test_attributes_transmission_from_aggregated_node,OD-Vic,Unmaintained,,latest commit 2016/11/22
https://github.com/max-k/flask-multi-redis,fa781d3598448a6429309a686de9a8adb53f9f34,test/integration/test_flask_multi_redis.py::test_attributes_transmission_from_loadbalanced_node,OD-Vic,Unmaintained,,latest commit 2016/11/22
https://github.com/max-k/flask-multi-redis,fa781d3598448a6429309a686de9a8adb53f9f34,test/integration/test_flask_multi_redis.py::test_attributes_transmission_if_aggregated_has_no_host,OD-Vic,Unmaintained,,latest commit 2016/11/22
https://github.com/max-k/flask-multi-redis,fa781d3598448a6429309a686de9a8adb53f9f34,test/integration/test_flask_multi_redis.py::test_constructor,OD-Vic,Unmaintained,,latest commit 2016/11/22
https://github.com/max-k/flask-multi-redis,fa781d3598448a6429309a686de9a8adb53f9f34,test/integration/test_flask_multi_redis.py::test_custom_default_config,OD-Vic,Unmaintained,,latest commit 2016/11/22
https://github.com/max-k/flask-multi-redis,fa781d3598448a6429309a686de9a8adb53f9f34,test/integration/test_flask_multi_redis.py::test_custom_default_ssl,OD-Vic,Unmaintained,,latest commit 2016/11/22
https://github.com/max-k/flask-multi-redis,fa781d3598448a6429309a686de9a8adb53f9f34,test/integration/test_flask_multi_redis.py::test_custom_node,OD-Vic,Unmaintained,,latest commit 2016/11/22
https://github.com/max-k/flask-multi-redis,fa781d3598448a6429309a686de9a8adb53f9f34,test/integration/test_flask_multi_redis.py::test_custom_prefix,OD-Vic,Unmaintained,,latest commit 2016/11/22
https://github.com/max-k/flask-multi-redis,fa781d3598448a6429309a686de9a8adb53f9f34,test/integration/test_flask_multi_redis.py::test_extension_registration_if_app_has_no_extensions,OD-Vic,Unmaintained,,latest commit 2016/11/22
https://github.com/max-k/flask-multi-redis,fa781d3598448a6429309a686de9a8adb53f9f34,test/integration/test_flask_multi_redis.py::test_init_app,OD-Vic,Unmaintained,,latest commit 2016/11/22
https://github.com/max-k/flask-multi-redis,fa781d3598448a6429309a686de9a8adb53f9f34,test/integration/test_flask_multi_redis.py::test_loadbalanced_delitem_method,OD-Vic,Unmaintained,,latest commit 2016/11/22
https://github.com/max-k/flask-multi-redis,fa781d3598448a6429309a686de9a8adb53f9f34,test/integration/test_flask_multi_redis.py::test_loadbalanced_getitem_method,OD-Vic,Unmaintained,,latest commit 2016/11/22
https://github.com/max-k/flask-multi-redis,fa781d3598448a6429309a686de9a8adb53f9f34,test/integration/test_flask_multi_redis.py::test_loadbalanced_setitem_method,OD-Vic,Unmaintained,,latest commit 2016/11/22
https://github.com/max-k/flask-multi-redis,fa781d3598448a6429309a686de9a8adb53f9f34,test/integration/test_flask_multi_redis.py::test_methods_transmission_from_aggregator,OD-Vic,Unmaintained,,latest commit 2016/11/22
https://github.com/max-k/flask-multi-redis,fa781d3598448a6429309a686de9a8adb53f9f34,test/integration/test_flask_multi_redis.py::test_methods_transmission_from_redis,OD-Vic,Unmaintained,,latest commit 2016/11/22
https://github.com/max-k/flask-multi-redis,fa781d3598448a6429309a686de9a8adb53f9f34,test/integration/test_flask_multi_redis.py::test_task_runner,OD-Vic,Unmaintained,,latest commit 2016/11/22
https://github.com/mehdisadeghi/clashogram,5b8cc18adfc92ad381040ee25b750df462122939,test_everything.py::MessageFactoryTestCase::test_format_time_default,OD-Vic,Unmaintained,,latest commit 2022/10/07
https://github.com/mehdisadeghi/clashogram,6ea9eef543201f117749fa290df800c32eb18f54,test_everything.py::MessageFactoryTestCase::test_format_time_default,OD-Vic,Accepted,https://github.com/mehdisadeghi/clashogram/pull/32,
https://github.com/metachris/logzero,b5d49fc2b118c370994c4ae5360d7c246d43ddc8,tests/test_logzero.py::test_default_logger_stderr_output,OD-Brit,RepoArchived,,
https://github.com/metachris/logzero,b5d49fc2b118c370994c4ae5360d7c246d43ddc8,tests/test_logzero.py::test_write_to_logfile_and_stderr,OD-Vic,RepoArchived,,
https://github.com/mfreeborn/fastapi-sqlalchemy,8ddf0edab22873365441757107ce21234bc09f8f,tests/test_session.py::test_inside_route_without_middleware_fails,OD-Vic,,,
https://github.com/mfreeborn/fastapi-sqlalchemy,8ddf0edab22873365441757107ce21234bc09f8f,tests/test_session.py::test_outside_of_route_without_middleware_fails,OD-Vic,,,
https://github.com/michaelpb/stowage,7c619be755b9b73fd202367bcf9014472f318834,test/test_stowage.py::TestPathGenerators::test_directory_walk,OD-Vic,Unmaintained,,latest commit 2022/01/26
https://github.com/michaelpb/stowage,7c619be755b9b73fd202367bcf9014472f318834,test/test_stowage.py::TestPathGenerators::test_needed_symlink_walk,OD-Vic,Unmaintained,,latest commit 2022/01/26
https://github.com/MiCHiLU/fanstatic-tools,c075a2195c8138d103b72ef8445ef08f2a865984,fanstatic/test_core.py::test_convenience_clear_not_initialized,OD-Vic,Unmaintained,,latest commit 2013/01/15
https://github.com/MiCHiLU/fanstatic-tools,c075a2195c8138d103b72ef8445ef08f2a865984,fanstatic/test_core.py::test_convenience_need_not_initialized,OD-Vic,Unmaintained,,latest commit 2013/01/15
https://github.com/MiCHiLU/fanstatic-tools,c075a2195c8138d103b72ef8445ef08f2a865984,fanstatic/test_core.py::test_inclusion_renderers,OD-Vic,Unmaintained,,latest commit 2013/01/15
https://github.com/microsoft/knack,dc7b7d857ce3c11b2a3155b81f2470b3b579e7c9,tests/test_cli_scenarios.py::TestCLIScenarios::test_case_insensitive_command_path,OD-Vic,,,
https://github.com/microsoft/knack,dc7b7d857ce3c11b2a3155b81f2470b3b579e7c9,tests/test_command_with_configured_defaults.py::TestCommandWithConfiguredDefaults::test_no_configured_default_on_required_arg,OD-Vic,,,
https://github.com/microsoft/knack,dc7b7d857ce3c11b2a3155b81f2470b3b579e7c9,tests/test_deprecation.py::TestArgumentDeprecation::test_deprecate_arguments_execute_expired,OD-Vic,,,
https://github.com/microsoft/knack,dc7b7d857ce3c11b2a3155b81f2470b3b579e7c9,tests/test_deprecation.py::TestArgumentDeprecation::test_deprecate_options_execute_expired,OD-Vic,,,
https://github.com/microsoft/knack,dc7b7d857ce3c11b2a3155b81f2470b3b579e7c9,tests/test_deprecation.py::TestCommandDeprecation::test_deprecate_command_expired_execute,OD-Vic,,,
https://github.com/microsoft/knack,dc7b7d857ce3c11b2a3155b81f2470b3b579e7c9,tests/test_deprecation.py::TestCommandDeprecation::test_deprecate_command_expired_execute_no_color,OD-Vic,,,
https://github.com/microsoft/knack,dc7b7d857ce3c11b2a3155b81f2470b3b579e7c9,tests/test_help.py::TestHelp::test_help_extra_params,OD-Vic,,,
https://github.com/microsoft/knack,dc7b7d857ce3c11b2a3155b81f2470b3b579e7c9,tests/test_help.py::TestHelp::test_help_missing_params,OD-Vic,,,
https://github.com/MirkoRossini/zanna,4c28b5ea3940fba69bee3fdf965a039c9b8f45c5,tests/test_decorators.py::TestDecorators::test_class_decorated,OD-Vic,,,
https://github.com/MirkoRossini/zanna,4c28b5ea3940fba69bee3fdf965a039c9b8f45c5,tests/test_decorators.py::TestDecorators::test_provider_decorated,OD-Vic,,,
https://github.com/mortele/OccamTools,26c47709f6b870c89403f03ade0950de9f301639,test/test_occam_data.py::test_occam_data_progress_bars,OD-Vic,Unmaintained,,latest commit 2020/11/12
https://github.com/moyasar/moyasar-python,aa8716ae3f98f8782141abe6869dfbb90af98b62,tests/moyasar_test.py::test_request_should_return_json_object,OD-Brit,Unmaintained,,latest commit 2021/06/03
https://github.com/mrmechko/neon,42ad78e3d79583a93abce6d06b81dafc29017514,tests/basic_tests.py::test_dont_memoize,OD-Brit,Unmaintained,,latest commit 2019/04/05
https://github.com/mrob95/Breathe,4600818e24f4156cd7bb8cc0f43886b27323968e,tests/test_command_context.py::test_manual_context_noccr,OD-Brit,Unmaintained,,latest commit 2021/10/06
https://github.com/mrob95/Breathe,4600818e24f4156cd7bb8cc0f43886b27323968e,tests/test_loading.py::test_loading,OD-Brit,Unmaintained,,latest commit 2021/10/06
https://github.com/mrob95/Breathe,3ebcdfc9c011f1b64f00ae320f4704b78783f751,tests/test_loading.py::test_loading_failure,OD,Accepted,https://github.com/mrob95/Breathe/pull/10,
https://github.com/mrob95/Breathe,4600818e24f4156cd7bb8cc0f43886b27323968e,tests/test_loading.py::test_loading_failure,OD-Vic,Unmaintained,,latest commit 2021/10/06
https://github.com/mrob95/Breathe,4600818e24f4156cd7bb8cc0f43886b27323968e,tests/test_loading.py::test_reloading,OD-Brit,Unmaintained,,latest commit 2021/10/06
https://github.com/mrob95/Breathe,4600818e24f4156cd7bb8cc0f43886b27323968e,tests/test_merger.py::test_context_commands,OD-Brit,Unmaintained,,latest commit 2021/10/06
https://github.com/mrob95/Breathe,4600818e24f4156cd7bb8cc0f43886b27323968e,tests/test_merger.py::test_core_commands,OD-Vic,Unmaintained,,latest commit 2021/10/06
https://github.com/mrob95/Breathe,3ebcdfc9c011f1b64f00ae320f4704b78783f751,tests/test_merger.py::test_global_extras,OD,DevelopersDoNotWantFix,https://github.com/mrob95/Breathe/pull/11,
https://github.com/mrob95/Breathe,3ebcdfc9c011f1b64f00ae320f4704b78783f751,tests/test_merger.py::test_grammar_numbers,OD,DevelopersDoNotWantFix,https://github.com/mrob95/Breathe/pull/11,
https://github.com/mrob95/Breathe,4600818e24f4156cd7bb8cc0f43886b27323968e,tests/test_merger.py::test_grammar_numbers,OD-Brit,Unmaintained,,latest commit 2021/10/06
https://github.com/mrob95/Breathe,4600818e24f4156cd7bb8cc0f43886b27323968e,tests/test_merger.py::test_invalid,OD-Brit,Unmaintained,,latest commit 2021/10/06
https://github.com/mrob95/Breathe,4600818e24f4156cd7bb8cc0f43886b27323968e,tests/test_merger.py::test_noccr_commands,OD-Brit,Unmaintained,,latest commit 2021/10/06
https://github.com/mrob95/Breathe,3ebcdfc9c011f1b64f00ae320f4704b78783f751,tests/test_top_level.py::test_recognition,OD,DevelopersDoNotWantFix,https://github.com/mrob95/Breathe/pull/11,
https://github.com/mrob95/Breathe,4600818e24f4156cd7bb8cc0f43886b27323968e,tests/test_top_level.py::test_recognition,OD-Brit,Unmaintained,,latest commit 2021/10/06
https://github.com/mrob95/Breathe,3ebcdfc9c011f1b64f00ae320f4704b78783f751,tests/test_top_level.py::test_top_level_command_failure,OD,DevelopersDoNotWantFix,https://github.com/mrob95/Breathe/pull/11,
https://github.com/mrob95/Breathe,4600818e24f4156cd7bb8cc0f43886b27323968e,tests/test_top_level.py::test_top_level_command_failure,OD-Brit,Unmaintained,,latest commit 2021/10/06
https://github.com/mtik00/yamicache,1109d08b18be94bdee55e113309f7be29f25d840,tests/test_class.py::test_cached,OD-Vic,,,
https://github.com/mtik00/yamicache,1109d08b18be94bdee55e113309f7be29f25d840,tests/test_class.py::test_keyed_cached,OD-Vic,,,
https://github.com/mtik00/yamicache,1109d08b18be94bdee55e113309f7be29f25d840,tests/test_class.py::test_utility,OD-Vic,,,
https://github.com/mtik00/yamicache,1109d08b18be94bdee55e113309f7be29f25d840,tests/test_noclass.py::test_main,OD-Vic,,,
https://github.com/naorlivne/parse_it,886d7de0e74e67edc136411a5220e35c1149e743,test/test_prase_it.py::BaseTests::test_envvar_defined_false,OD-Vic,,,
https://github.com/naorlivne/parse_it,886d7de0e74e67edc136411a5220e35c1149e743,test/test_prase_it.py::BaseTests::test_parser_read_all_configuration_variables_raise_allowed_types_error,OD-Brit,,,
https://github.com/napalm-automation/napalm,0e23a55f52221e528be66c1f06a141f937e842f7,test/pyiosxr/test_iosxr.py::TestIOSXRDevice::test_lock_raises_LockError,OD-Vic,,,
https://github.com/napalm-automation/napalm,0e23a55f52221e528be66c1f06a141f937e842f7,test/pyiosxr/test_iosxr.py::TestIOSXRDevice::test_mock_lock_connection_open,OD-Vic,,,
https://github.com/ndbroadbent/icloud_photos_downloader,e5f304941e2a74b1fbda06c4270ec2fc100e6a49,tests/test_cli.py::CliTestCase::test_tqdm,OD-Brit,,,
https://github.com/Netflix-Skunkworks/policyuniverse,b633e572ecdba45d70398ac034fb44e0e4e7dbf8,policyuniverse/tests/test_expander_minimizer.py::TestMethods::test_expand_1,OD-Vic,,,
https://github.com/Netflix-Skunkworks/policyuniverse,b633e572ecdba45d70398ac034fb44e0e4e7dbf8,policyuniverse/tests/test_expander_minimizer.py::TestMethods::test_expand_minimize_over_policies,OD-Vic,,,
https://github.com/neulab/compare-mt,92502b30b1f228773179a01dd86fe1b8dfd400e5,tests/test_cache.py::TestSentBucketCache::test_sentbucket_cache,OD-Brit,Unmaintained,,latest commit 2022/03/22
https://github.com/neulab/compare-mt,92502b30b1f228773179a01dd86fe1b8dfd400e5,tests/test_cache.py::TestSrcWordAccCache::test_src_wordacc_cache,OD-Brit,Unmaintained,,latest commit 2022/03/22
https://github.com/neulab/compare-mt,92502b30b1f228773179a01dd86fe1b8dfd400e5,tests/test_cache.py::TestWordAccCache::test_wordacc_cache,OD-Brit,Unmaintained,,latest commit 2022/03/22
https://github.com/Neuraxio/Neuraxle,20c6e5713198345b43bf6899355f1b5cf65eb02c,testing/hyperparams/test_distributions.py::test_gaussian_distribution_mixture_log,OD-Vic,Unmaintained,,latest commit 2022/08/16
https://github.com/neurodsp-tools/neurodsp,19aa50c71deaa19e4ed85efa192afa8ab63d0bf1,neurodsp/tests/utils/test_download.py::test_check_data_file,OD-Brit,Rejected,https://github.com/neurodsp-tools/neurodsp/pull/308,
https://github.com/nicolaszein/autodiscover,3009f81c51b7a4cb077427e429d740db98eb173b,tests/test_autodiscover.py::TestAutoDiscover::test_autodiscover_with_pattern,OD-Brit,Unmaintained,,latest commit 2021/02/02
https://github.com/nir0s/clu,77da967a4577ca4cf100cfe34e87b39ad88bf21c,tests/test_ghost.py::TestCLI::test_fail_init_two_stashes_passphrase_file_exists,OD-Vic,Unmaintained,,latest commit 2018/01/21
https://github.com/nir0s/clu,77da967a4577ca4cf100cfe34e87b39ad88bf21c,tests/test_ghost.py::TestCLI::test_init_already_initialized,OD-Brit,Unmaintained,,latest commit 2018/01/21
https://github.com/nir0s/clu,77da967a4577ca4cf100cfe34e87b39ad88bf21c,tests/test_ghost.py::TestCLI::test_init_permission_denied_on_passphrase,OD-Brit,Unmaintained,,latest commit 2018/01/21
https://github.com/nir0s/clu,77da967a4577ca4cf100cfe34e87b39ad88bf21c,tests/test_ghost.py::TestSQLAlchemyStorage::test_is_initialized,OD-Vic,Unmaintained,,latest commit 2018/01/21
https://github.com/nir0s/clu,77da967a4577ca4cf100cfe34e87b39ad88bf21c,tests/test_ghost.py::TestStash::test_broken_is_initialized,OD-Brit,Unmaintained,,latest commit 2018/01/21
https://github.com/nir0s/clu,77da967a4577ca4cf100cfe34e87b39ad88bf21c,tests/test_ghost.py::TestTinyDBStorage::test_init_stash_in_current_dir,OD-Vic,Unmaintained,,latest commit 2018/01/21
https://github.com/nir0s/clu,77da967a4577ca4cf100cfe34e87b39ad88bf21c,tests/test_ghost.py::TestTinyDBStorage::test_is_initialized,OD-Vic,Unmaintained,,latest commit 2018/01/21
https://github.com/nMustaki/debinterface,abd30a55dcbadc30fd66143adc196034b663054f,test/test_hostapd.py::TestHostapd::test_read,OD-Vic,Unmaintained,,latest commit 2021/07/05
https://github.com/nordwind80/BT-Tracker,558c15b399871c1ca11d0c4ae1eb598e3060931e,Tracker/tests/test_event.py::TestEvent::test_object,OD-Brit,Unmaintained,,latest commit 2019/04/29
https://github.com/ohke/sqs-polling,34d1375cf73e05211c73cd43bdd120ce076181c8,sqs_polling/tests/test_sqs_polling.py::TestSqsPolling::test_execute_delete,OD-Vic,Unmaintained,,latest commit 2021/11/17
https://github.com/omersaraf/IOCynergy,1821423680f741d8ca06bcc6a02c8b21156f9ba0,cynergy/tests/test_register_multiple.py::test_register_multiple,OD-Vic,Unmaintained,,latest commit 2019/12/17
https://github.com/OpenDataServices/lib-cove,74ba874ec6882969894797ee0dbc5c70a16019e5,tests/lib/test_converters.py::test_convert_activity_xml_1,OD-Vic,,,
https://github.com/OpenDataServices/lib-cove,74ba874ec6882969894797ee0dbc5c70a16019e5,tests/lib/test_converters.py::test_convert_json_1,OD-Vic,,,
https://github.com/OpenDataServices/lib-cove,74ba874ec6882969894797ee0dbc5c70a16019e5,tests/lib/test_converters.py::test_convert_org_xml_1,OD-Vic,,,
https://github.com/openworm/YAROM,cd4fb6cb8fac72a198858225ce89ad8b9c9175fd,tests/test_mapper.py::MapperTest::test_children_are_added,OD-Brit,Unmaintained,,latest commit 2020/01/25
https://github.com/openworm/YAROM,cd4fb6cb8fac72a198858225ce89ad8b9c9175fd,tests/test_mapper.py::MapperTest::test_children_are_deregistered,OD-Brit,Unmaintained,,latest commit 2020/01/25
https://github.com/openworm/YAROM,cd4fb6cb8fac72a198858225ce89ad8b9c9175fd,tests/test_mapper.py::MapperTest::test_object_from_id_class,OD-Brit,Unmaintained,,latest commit 2020/01/25
https://github.com/opper/pyserverpilot,b6b896fea1155fa95febde84f74e0d2230523ab0,tests/test_app.py::TestApp::test_add_ssl,OD-Brit,Unmaintained,,latest commit 2021/03/30
https://github.com/opper/pyserverpilot,b6b896fea1155fa95febde84f74e0d2230523ab0,tests/test_app.py::TestApp::test_enable_force_ssl,OD-Brit,Unmaintained,,latest commit 2021/03/30
https://github.com/opper/pyserverpilot,b6b896fea1155fa95febde84f74e0d2230523ab0,tests/test_app.py::TestApp::test_get_app,OD-Brit,Unmaintained,,latest commit 2021/03/30
https://github.com/opper/pyserverpilot,b6b896fea1155fa95febde84f74e0d2230523ab0,tests/test_app.py::TestApp::test_update_app_validation,OD-Brit,Unmaintained,,latest commit 2021/03/30
https://github.com/opper/pyserverpilot,b6b896fea1155fa95febde84f74e0d2230523ab0,tests/test_db.py::TestDb::test_get_db,OD-Brit,Unmaintained,,latest commit 2021/03/30
https://github.com/opper/pyserverpilot,b6b896fea1155fa95febde84f74e0d2230523ab0,tests/test_db.py::TestDb::test_update_db,OD-Brit,Unmaintained,,latest commit 2021/03/30
https://github.com/Osirium/vcdriver,2f311df9a73c82b5837d01bac16a10eb4db955eb,test/unit/test_config.py::test_read,OD-Vic,Unmaintained,,latest commit 2021/01/06
https://github.com/oskar456/dzonegit,8f952086aa41aee4ebb7432926ed8c6a9211ac9f,test_dzonegit.py::test_get_altered_files,OD-Brit,Unmaintained,,latest commit 2021/12/21
https://github.com/oskar456/dzonegit,8f952086aa41aee4ebb7432926ed8c6a9211ac9f,test_dzonegit.py::test_get_file_contents,OD-Brit,Unmaintained,,latest commit 2021/12/21
https://github.com/oskar456/dzonegit,8f952086aa41aee4ebb7432926ed8c6a9211ac9f,test_dzonegit.py::test_get_head,OD-Vic,Unmaintained,,latest commit 2021/12/21
https://github.com/oskar456/dzonegit,8f952086aa41aee4ebb7432926ed8c6a9211ac9f,test_dzonegit.py::test_post_receive,OD-Brit,Unmaintained,,latest commit 2021/12/21
https://github.com/oskar456/dzonegit,8f952086aa41aee4ebb7432926ed8c6a9211ac9f,test_dzonegit.py::test_pre_receive,OD-Vic,Unmaintained,,latest commit 2021/12/21
https://github.com/oskar456/dzonegit,8f952086aa41aee4ebb7432926ed8c6a9211ac9f,test_dzonegit.py::test_template_config,OD-Brit,Unmaintained,,latest commit 2021/12/21
https://github.com/oskar456/dzonegit,8f952086aa41aee4ebb7432926ed8c6a9211ac9f,test_dzonegit.py::test_update,OD-Vic,Unmaintained,,latest commit 2021/12/21
https://github.com/ozzywalsh/metcli,4658176034cea68955849bf488494c8ce3ffcbcd,metcli/test_metcli.py::test_met_request_should_handle_connection_problem,OD-Vic,Unmaintained,,latest commit 2021/03/23
https://github.com/ozzywalsh/metcli,4658176034cea68955849bf488494c8ce3ffcbcd,metcli/test_metcli.py::test_met_request_should_return_dict,OD-Vic,Unmaintained,,latest commit 2021/03/23
https://github.com/Parsely/serpextract,aec8f2bd79c66953938569a24b05c693ab70b4ce,tests/test_serps.py::TestSERPs::test_custom_parser_explicit,OD-Vic,Unmaintained,,latest commit 2021/08/16
https://github.com/Parsely/serpextract,aec8f2bd79c66953938569a24b05c693ab70b4ce,tests/test_serps.py::TestSERPs::test_custom_parser_implicit,OD-Brit,Unmaintained,,latest commit 2021/08/16
https://github.com/Parsely/serpextract,aec8f2bd79c66953938569a24b05c693ab70b4ce,tests/test_serps.py::TestSERPs::test_naive_detection,OD-Vic,Unmaintained,,latest commit 2021/08/16
https://github.com/Parsely/serpextract/,aec8f2bd79c66953938569a24b05c693ab70b4ce,tests/test_serps.py::TestSERPs::test_custom_parser_explicit,OD-Vic,,,
https://github.com/Parsely/serpextract/,aec8f2bd79c66953938569a24b05c693ab70b4ce,tests/test_serps.py::TestSERPs::test_custom_parser_implicit,OD-Brit,,,
https://github.com/Parsely/serpextract/,aec8f2bd79c66953938569a24b05c693ab70b4ce,tests/test_serps.py::TestSERPs::test_naive_detection,OD-Vic,,,
https://github.com/pawelzny/dotty_dict,ae87e3fb76cbec5bfb9c885ccfb942afc3f0c9b5,tests/test_dotty_cache.py::test_getitem_cache,OD,Opened,https://github.com/pawelzny/dotty_dict/pull/85,
https://github.com/pierrepo/autoclasswrapper,af43dd833e5586386098d1793a59332e968069da,tests/test_output.py::TestOutputClass::test_write_dendrogram,OD-Brit,Unmaintained,,latest commit 2019/07/25
https://github.com/pierrepo/autoclasswrapper,af43dd833e5586386098d1793a59332e968069da,tests/test_output.py::TestOutputClass::test_write_dendrogram_no_stats,OD-Vic,Unmaintained,,latest commit 2019/07/25
https://github.com/PiotrDabkowski/torchpwl,73b09cfa9f4c173988d8f075485b887c694fc5a8,torchpwl/pwl_test.py::test_pwl_default_init_response[7-3-MonoPointPWL],OD-Vic,Unmaintained,,latest commit 2022/03/05
https://github.com/PiotrDabkowski/torchpwl,73b09cfa9f4c173988d8f075485b887c694fc5a8,torchpwl/pwl_test.py::test_pwl_is_continous[2-3-PointPWL],OD-Vic,Unmaintained,,latest commit 2022/03/05
https://github.com/PiotrDabkowski/torchpwl,73b09cfa9f4c173988d8f075485b887c694fc5a8,torchpwl/pwl_test.py::test_pwl_is_continous[4-1-PointPWL],OD-Vic,Unmaintained,,latest commit 2022/03/05
https://github.com/politeauthority/docker-pretty-ps,2fcc9db4e391df2b96ccc2e967b41b6263fdcc2d,tests/test_dockerprettyps.py::TestDockerPrettyPs::test_container_display_name,OD-Vic,Unmaintained,,latest commit 2021/04/23
https://github.com/politeauthority/docker-pretty-ps,2fcc9db4e391df2b96ccc2e967b41b6263fdcc2d,tests/test_dockerprettyps.py::TestDockerPrettyPs::test_get_container_colors,OD-Vic,Unmaintained,,latest commit 2021/04/23
https://github.com/politeauthority/docker-pretty-ps,2fcc9db4e391df2b96ccc2e967b41b6263fdcc2d,tests/test_dockerprettyps.py::TestDockerPrettyPs::test_print_format,OD-Vic,Unmaintained,,latest commit 2021/04/23
https://github.com/Poogles/limitediterables,3ce3bc28d5c4092db3d5499ad60339c007f4c0e0,tests/test_iterables.py::test_actual_rate_slower_than_rate_limit,OD-Vic,Unmaintained,,latest commit 2018/02/01
https://github.com/Poogles/limitediterables,3ce3bc28d5c4092db3d5499ad60339c007f4c0e0,tests/test_iterables.py::test_rate_limit,OD-Vic,Unmaintained,,latest commit 2018/02/01
https://github.com/Poogles/limitediterables,3ce3bc28d5c4092db3d5499ad60339c007f4c0e0,tests/test_iterables.py::test_rate_limit_negative,OD-Vic,Unmaintained,,latest commit 2018/02/01
https://github.com/Prodesire/pydu,e6e4055f81dbbece55dccfe29b7fb82b9bf40610,tests/test_iter.py::test_first_last,OD-Brit,Opened,https://github.com/Prodesire/pydu/pull/21,
https://github.com/pycqa/mccabe,e92e9e79799c5796f76f3da821dbb5aa56e41028,test_mccabe.py::RegressionTests::test_max_complexity_is_always_an_int,OD-Brit,,,
https://github.com/PyFunceble/domain2idna,39a1c4e1ebb877ed511e53b618fbe437a685c970,tests/test_cli.py::TestCLI::test_domain,OD-Vic,Opened,https://github.com/PyFunceble/domain2idna/pull/4,
https://github.com/PyFunceble/domain2idna,39a1c4e1ebb877ed511e53b618fbe437a685c970,tests/test_cli.py::TestCLI::test_file,OD-Vic,,,
https://github.com/PyFunceble/domain2idna,39a1c4e1ebb877ed511e53b618fbe437a685c970,tests/test_converter.py::TestConverter::test_commented_line,OD-Vic,Opened,https://github.com/PyFunceble/domain2idna/pull/4,
https://github.com/PyFunceble/domain2idna,39a1c4e1ebb877ed511e53b618fbe437a685c970,tests/test_converter.py::TestConverter::test_hosts_file_format,OD-Vic,Opened,https://github.com/PyFunceble/domain2idna/pull/4,
https://github.com/PyFunceble/domain2idna,39a1c4e1ebb877ed511e53b618fbe437a685c970,tests/test_converter.py::TestConverter::test_to_idna_multiple,OD-Vic,Opened,https://github.com/PyFunceble/domain2idna/pull/4,
https://github.com/PyFunceble/domain2idna,39a1c4e1ebb877ed511e53b618fbe437a685c970,tests/test_converter.py::TestConverter::test_to_idna_multiple_urls,OD-Vic,Opened,https://github.com/PyFunceble/domain2idna/pull/4,
https://github.com/PyFunceble/domain2idna,39a1c4e1ebb877ed511e53b618fbe437a685c970,tests/test_converter.py::TestConverter::test_to_idna_single,OD-Vic,Opened,https://github.com/PyFunceble/domain2idna/pull/4,
https://github.com/PyFunceble/domain2idna,39a1c4e1ebb877ed511e53b618fbe437a685c970,tests/test_helpers.py::TestFile::test_delete_not_exist,OD-Vic,,,
https://github.com/PyFunceble/domain2idna,39a1c4e1ebb877ed511e53b618fbe437a685c970,tests/test_helpers.py::TestFile::test_read_delete,OD-Vic,Opened,https://github.com/PyFunceble/domain2idna/pull/4,
https://github.com/PyFunceble/domain2idna,39a1c4e1ebb877ed511e53b618fbe437a685c970,tests/test_helpers.py::TestFile::test_write_delete,OD-Vic,Opened,https://github.com/PyFunceble/domain2idna/pull/4,
https://github.com/PyFunceble/domain2idna,39a1c4e1ebb877ed511e53b618fbe437a685c970,tests/test_helpers.py::TestFile::test_write_overwrite_delete,OD-Vic,Opened,https://github.com/PyFunceble/domain2idna/pull/4,
https://github.com/PyFunceble/domain2idna,39a1c4e1ebb877ed511e53b618fbe437a685c970,tests/test_init.py::TestInit::test_get,OD-Vic,Opened,https://github.com/PyFunceble/domain2idna/pull/4,
https://github.com/python-odin/odinweb,198424133584acc18cb41c8d18d91f803abc810f,tests/test_containers.py::TestApiInterfaceBase::test_dispatch__encode_error_with_debug_enabled,OD-Vic,Unmaintained,,latest commit 2018/09/06
https://github.com/python-odin/odinweb,198424133584acc18cb41c8d18d91f803abc810f,tests/test_containers.py::TestApiInterfaceBase::test_dispatch__error_handled_by_middleware,OD-Vic,Unmaintained,,latest commit 2018/09/06
https://github.com/python-odin/odinweb,198424133584acc18cb41c8d18d91f803abc810f,tests/test_containers.py::TestApiInterfaceBase::test_dispatch__error_handled_by_middleware_raises_exception,OD-Vic,Unmaintained,,latest commit 2018/09/06
https://github.com/python-odin/odinweb,198424133584acc18cb41c8d18d91f803abc810f,tests/test_containers.py::TestApiInterfaceBase::test_dispatch__error_with_debug_enabled,OD-Vic,Unmaintained,,latest commit 2018/09/06
https://github.com/python-odin/odinweb,198424133584acc18cb41c8d18d91f803abc810f,tests/test_containers.py::TestApiInterfaceBase::test_dispatch__exceptions[error0-HTTPStatus.NOT_MODIFIED],OD-Vic,Unmaintained,,latest commit 2018/09/06
https://github.com/python-odin/odinweb,198424133584acc18cb41c8d18d91f803abc810f,tests/test_containers.py::TestApiInterfaceBase::test_dispatch__exceptions[error1-400],OD-Vic,Unmaintained,,latest commit 2018/09/06
https://github.com/python-odin/odinweb,198424133584acc18cb41c8d18d91f803abc810f,tests/test_containers.py::TestApiInterfaceBase::test_dispatch__exceptions[error2-400],OD-Vic,Unmaintained,,latest commit 2018/09/06
https://github.com/python-odin/odinweb,198424133584acc18cb41c8d18d91f803abc810f,tests/test_containers.py::TestApiInterfaceBase::test_dispatch__exceptions[error5-500],OD-Vic,Unmaintained,,latest commit 2018/09/06
https://github.com/python-odin/odinweb,198424133584acc18cb41c8d18d91f803abc810f,tests/test_containers.py::TestApiInterfaceBase::test_dispatch__exceptions[NotImplementedError-501],OD-Vic,Unmaintained,,latest commit 2018/09/06
https://github.com/python-odin/odinweb,198424133584acc18cb41c8d18d91f803abc810f,tests/test_containers.py::TestApiInterfaceBase::test_dispatch__exceptions[ValueError-500],OD-Vic,Unmaintained,,latest commit 2018/09/06
https://github.com/python-odin/odinweb,198424133584acc18cb41c8d18d91f803abc810f,tests/test_containers.py::TestApiInterfaceBase::test_dispatch__http_response,OD-Vic,Unmaintained,,latest commit 2018/09/06
https://github.com/python-odin/odinweb,198424133584acc18cb41c8d18d91f803abc810f,tests/test_containers.py::TestApiInterfaceBase::test_dispatch__invalid_headers[r1-406-URI not available in preferred format],OD-Vic,Unmaintained,,latest commit 2018/09/06
https://github.com/python-odin/odinweb,198424133584acc18cb41c8d18d91f803abc810f,tests/test_containers.py::TestApiInterfaceBase::test_dispatch__invalid_headers[r2-405-Specified method is invalid for this resource],OD-Vic,Unmaintained,,latest commit 2018/09/06
https://github.com/python-odin/odinweb,198424133584acc18cb41c8d18d91f803abc810f,tests/test_containers.py::TestApiInterfaceBase::test_dispatch__with_middleware,OD-Vic,Unmaintained,,latest commit 2018/09/06
https://github.com/quantopian/qgrid,877b420d3bd83297bbcc97202b914001a85afff2,qgrid/tests/test_grid.py::test_edit_multi_index_df,OD-Vic,Unmaintained,,latest commit 2020/04/07
https://github.com/raamana/pyradigm,01d47cf34a9af4bb104e2891559059a522221b4d,pyradigm/tests/test_BaseDataset_common_behaviours.py::test_save_load,OD-Vic,,,
https://github.com/raamana/pyradigm,01d47cf34a9af4bb104e2891559059a522221b4d,pyradigm/tests/test_classify_dataset.py::test_add,OD-Vic,,,
https://github.com/raamana/pyradigm,01d47cf34a9af4bb104e2891559059a522221b4d,pyradigm/tests/test_classify_dataset.py::test_cant_write_to_nonexisting_dir,OD-Vic,,,
https://github.com/raamana/pyradigm,01d47cf34a9af4bb104e2891559059a522221b4d,pyradigm/tests/test_classify_dataset.py::test_init_with_dict,OD-Vic,,,
https://github.com/raamana/pyradigm,01d47cf34a9af4bb104e2891559059a522221b4d,pyradigm/tests/test_classify_dataset.py::test_num_targets,OD-Vic,,,
https://github.com/raamana/pyradigm,01d47cf34a9af4bb104e2891559059a522221b4d,pyradigm/tests/test_classify_dataset.py::test_return_data_labels,OD-Vic,,,
https://github.com/raamana/pyradigm,01d47cf34a9af4bb104e2891559059a522221b4d,pyradigm/tests/test_old_pyradigm.py::test_add,OD-Vic,,,
https://github.com/raamana/pyradigm,01d47cf34a9af4bb104e2891559059a522221b4d,pyradigm/tests/test_old_pyradigm.py::test_init_with_dict,OD-Vic,,,
https://github.com/raamana/pyradigm,01d47cf34a9af4bb104e2891559059a522221b4d,pyradigm/tests/test_old_pyradigm.py::test_num_classes,OD-Vic,,,
https://github.com/raamana/pyradigm,01d47cf34a9af4bb104e2891559059a522221b4d,pyradigm/tests/test_old_pyradigm.py::test_return_data_labels,OD-Vic,,,
https://github.com/raamana/pyradigm,01d47cf34a9af4bb104e2891559059a522221b4d,pyradigm/tests/test_regress_dataset.py::test_add,OD-Vic,,,
https://github.com/raamana/pyradigm,01d47cf34a9af4bb104e2891559059a522221b4d,pyradigm/tests/test_regress_dataset.py::test_cant_write_to_nonexisting_dir,OD-Vic,,,
https://github.com/raamana/pyradigm,01d47cf34a9af4bb104e2891559059a522221b4d,pyradigm/tests/test_regress_dataset.py::test_init_with_dict,OD-Vic,,,
https://github.com/raamana/pyradigm,01d47cf34a9af4bb104e2891559059a522221b4d,pyradigm/tests/test_regress_dataset.py::test_num_targets,OD-Vic,,,
https://github.com/raamana/pyradigm,01d47cf34a9af4bb104e2891559059a522221b4d,pyradigm/tests/test_regress_dataset.py::test_return_data_labels,OD-Vic,,,
https://github.com/raphaelvallat/pingouin,08560bb978949e97653b203f7374e90b022b88fb,pingouin/tests/test_regression.py::TestRegression::test_logistic_regression,OD-Vic,Accepted,https://github.com/raphaelvallat/pingouin/pull/303,
https://github.com/rduldulao/tornado-swirl,b8df27efc3d7fd0dce0f0290767c94ac2e747311,tests/test_swirl.py::TestSampleEndpoints::test_security_scheme1,OD-Brit,Unmaintained,,latest commit 2019/12/19
https://github.com/rduldulao/tornado-swirl,b8df27efc3d7fd0dce0f0290767c94ac2e747311,tests/test_swirl.py::TestSampleEndpoints::test_security_scheme2,OD-Brit,Unmaintained,,latest commit 2019/12/19
https://github.com/richecr/PyGraph,e81c3a0f543f5bfcda1a603c6dcecde13d582c57,__tests__/test_simple_graph.py::TestSimpleGraph::test_add_vertex,OD,Accepted,https://github.com/richecr/PyGraph/pull/96,
https://github.com/richecr/PyGraph,e81c3a0f543f5bfcda1a603c6dcecde13d582c57,__tests__/test_simple_graph.py::TestSimpleGraph::test_delete_vertex,OD,Accepted,https://github.com/richecr/PyGraph/pull/96,
https://github.com/richecr/PyGraph,e81c3a0f543f5bfcda1a603c6dcecde13d582c57,__tests__/test_simple_graph.py::TestSimpleGraph::test_duplicated_edge,OD,Accepted,https://github.com/richecr/PyGraph/pull/96,
https://github.com/richecr/PyGraph,e81c3a0f543f5bfcda1a603c6dcecde13d582c57,__tests__/test_simple_graph.py::TestSimpleGraph::test_false_cycle_graph,OD,Accepted,https://github.com/richecr/PyGraph/pull/96,
https://github.com/richecr/PyGraph,e81c3a0f543f5bfcda1a603c6dcecde13d582c57,__tests__/test_simple_graph.py::TestSimpleGraph::test_false_regular_graph,OD,Accepted,https://github.com/richecr/PyGraph/pull/96,
https://github.com/richecr/PyGraph,e81c3a0f543f5bfcda1a603c6dcecde13d582c57,__tests__/test_simple_graph.py::TestSimpleGraph::test_get_all_vertex,OD,Accepted,https://github.com/richecr/PyGraph/pull/96,
https://github.com/richecr/PyGraph,e81c3a0f543f5bfcda1a603c6dcecde13d582c57,__tests__/test_simple_graph.py::TestSimpleGraph::test_is_terminal,OD,Accepted,https://github.com/richecr/PyGraph/pull/96,
https://github.com/richecr/PyGraph,e81c3a0f543f5bfcda1a603c6dcecde13d582c57,__tests__/test_simple_graph.py::TestSimpleGraph::test_num_edges,OD,Accepted,https://github.com/richecr/PyGraph/pull/96,
https://github.com/richecr/PyGraph,e81c3a0f543f5bfcda1a603c6dcecde13d582c57,__tests__/test_simple_graph.py::TestSimpleGraph::test_num_vertex,OD,Accepted,https://github.com/richecr/PyGraph/pull/96,
https://github.com/richecr/PyGraph,e81c3a0f543f5bfcda1a603c6dcecde13d582c57,__tests__/test_simple_graph.py::TestSimpleGraph::test_true_regular_graph,OD,Accepted,https://github.com/richecr/PyGraph/pull/96,
https://github.com/richecr/PyGraph,e81c3a0f543f5bfcda1a603c6dcecde13d582c57,__tests__/test_simple_graph.py::TestSimpleGraph::test_vertex_neighbors,OD,Accepted,https://github.com/richecr/PyGraph/pull/96,
https://github.com/Rickecr/PyGraph,e81c3a0f543f5bfcda1a603c6dcecde13d582c57,__tests__/test_simple_graph.py::TestSimpleGraph::test_delete_vertex,OD-Brit,Unmaintained,,latest commit 2022/09/06
https://github.com/Rickecr/PyGraph,e81c3a0f543f5bfcda1a603c6dcecde13d582c57,__tests__/test_simple_graph.py::TestSimpleGraph::test_duplicated_edge,OD-Brit,Unmaintained,,latest commit 2022/09/06
https://github.com/Rickecr/PyGraph,e81c3a0f543f5bfcda1a603c6dcecde13d582c57,__tests__/test_simple_graph.py::TestSimpleGraph::test_edge_exists,OD-Brit,Unmaintained,,latest commit 2022/09/06
https://github.com/Rickecr/PyGraph,e81c3a0f543f5bfcda1a603c6dcecde13d582c57,__tests__/test_simple_graph.py::TestSimpleGraph::test_false_cycle_graph,OD-Brit,Unmaintained,,latest commit 2022/09/06
https://github.com/Rickecr/PyGraph,e81c3a0f543f5bfcda1a603c6dcecde13d582c57,__tests__/test_simple_graph.py::TestSimpleGraph::test_false_regular_graph,OD-Brit,Unmaintained,,latest commit 2022/09/06
https://github.com/Rickecr/PyGraph,e81c3a0f543f5bfcda1a603c6dcecde13d582c57,__tests__/test_simple_graph.py::TestSimpleGraph::test_is_terminal,OD-Brit,Unmaintained,,latest commit 2022/09/06
https://github.com/Rickecr/PyGraph,e81c3a0f543f5bfcda1a603c6dcecde13d582c57,__tests__/test_simple_graph.py::TestSimpleGraph::test_list_graph_edges,OD-Brit,Unmaintained,,latest commit 2022/09/06
https://github.com/Rickecr/PyGraph,e81c3a0f543f5bfcda1a603c6dcecde13d582c57,__tests__/test_simple_graph.py::TestSimpleGraph::test_list_graph_vertices,OD-Brit,Unmaintained,,latest commit 2022/09/06
https://github.com/Rickecr/PyGraph,e81c3a0f543f5bfcda1a603c6dcecde13d582c57,__tests__/test_simple_graph.py::TestSimpleGraph::test_num_edges,OD-Brit,Unmaintained,,latest commit 2022/09/06
https://github.com/Rickecr/PyGraph,e81c3a0f543f5bfcda1a603c6dcecde13d582c57,__tests__/test_simple_graph.py::TestSimpleGraph::test_num_vertex,OD-Vic,Unmaintained,,latest commit 2022/09/06
https://github.com/Rickecr/PyGraph,e81c3a0f543f5bfcda1a603c6dcecde13d582c57,__tests__/test_simple_graph.py::TestSimpleGraph::test_show_edge,OD-Brit,Unmaintained,,latest commit 2022/09/06
https://github.com/Rickecr/PyGraph,e81c3a0f543f5bfcda1a603c6dcecde13d582c57,__tests__/test_simple_graph.py::TestSimpleGraph::test_true_cycle_graph,OD-Brit,Unmaintained,,latest commit 2022/09/06
https://github.com/Rickecr/PyGraph,e81c3a0f543f5bfcda1a603c6dcecde13d582c57,__tests__/test_simple_graph.py::TestSimpleGraph::test_vertex_degree,OD-Brit,Unmaintained,,latest commit 2022/09/06
https://github.com/Rickecr/PyGraph,e81c3a0f543f5bfcda1a603c6dcecde13d582c57,__tests__/test_simple_graph.py::TestSimpleGraph::test_vertex_exists,OD-Brit,Unmaintained,,latest commit 2022/09/06
https://github.com/Rickecr/PyGraph,e81c3a0f543f5bfcda1a603c6dcecde13d582c57,__tests__/test_simple_graph.py::TestSimpleGraph::test_vertices_adjacency,OD-Brit,Unmaintained,,latest commit 2022/09/06
https://github.com/rmarkello/abagen,2aeab5bd0f147fa76b488645e148a1c18095378d,mouse\test_gene.py::test_get_gene_info::test_get_gene_info,OD,,,https://github.com/rmarkello/abagen/issues/201
https://github.com/rochefort-lab/fissa,2077a8c8a029948dcf1d4c352f785700f42aff9f,fissa/tests/test_core.py::TestExperimentA::test_imagelistloaded_roizip,OD-Vic,,,
https://github.com/rorymurdock/basic_auth,622f2133c13988cec549f4ea55bed14e50f90876,tests/test_basic.py::test_verify_config,OD-Brit,Unmaintained,,12/4/2019
https://github.com/rorymurdock/basic_auth,622f2133c13988cec549f4ea55bed14e50f90876,tests/test_general.py::test_file_data_arguments,OD-Brit,Unmaintained,,12/4/2019
https://github.com/rorymurdock/basic_auth,622f2133c13988cec549f4ea55bed14e50f90876,tests/test_general.py::test_file_data_interactive,OD-Brit,Unmaintained,,12/4/2019
https://github.com/rorymurdock/basic_auth,622f2133c13988cec549f4ea55bed14e50f90876,tests/test_wso.py::test_file_data_arguments,OD-Brit,Unmaintained,,12/4/2019
https://github.com/rorymurdock/basic_auth,622f2133c13988cec549f4ea55bed14e50f90876,tests/test_wso.py::test_file_data_interactive,OD-Brit,Unmaintained,,12/4/2019
https://github.com/runwayml/model-sdk,3132b2ab424f1020e8d30e4897057103ab3e6623,tests/test_model.py::test_model_setup_and_command,OD-Vic,RepoArchived,,
https://github.com/saabeilin/kafkian,79eb88b874876632590fea48afcab09592c717dd,tests/unit/test_producer_avro.py::test_avro_producer_produce,OD-Vic,,,
https://github.com/saabeilin/kafkian,79eb88b874876632590fea48afcab09592c717dd,tests/unit/test_producer_avro_key.py::test_avro_producer_produce,OD-Vic,,,
https://github.com/saga-vcs/saga,7beaae8831696ce813aa85620387e416719198db,tests/test_excel.py::test_merge[tests/merges/xlsx/change_rows],OD-Vic,RepoArchived,,
https://github.com/saga-vcs/saga,7beaae8831696ce813aa85620387e416719198db,tests/test_excel.py::test_merge[tests/merges/xlsx/existing_file],OD-Vic,RepoArchived,,
https://github.com/saga-vcs/saga,7beaae8831696ce813aa85620387e416719198db,tests/test_excel.py::test_merge[tests/merges/xlsx/new_row_init_empty],OD-Vic,RepoArchived,,
https://github.com/saga-vcs/saga,7beaae8831696ce813aa85620387e416719198db,tests/test_excel.py::test_merge[tests/merges/xlsx/new_string],OD-Vic,RepoArchived,,
https://github.com/saga-vcs/saga,7beaae8831696ce813aa85620387e416719198db,tests/test_excel.py::test_merge[tests/merges/xlsx/shift],OD-Vic,RepoArchived,,
https://github.com/saga-vcs/saga,7beaae8831696ce813aa85620387e416719198db,tests/test_excel.py::test_merge[tests/merges/xlsx/single_element],OD-Vic,RepoArchived,,
https://github.com/saga-vcs/saga,7beaae8831696ce813aa85620387e416719198db,tests/test_excel.py::test_merge[tests/merges/xlsx/string_and_number],OD-Vic,RepoArchived,,
https://github.com/saga-vcs/saga,7beaae8831696ce813aa85620387e416719198db,tests/test_text.py::test_merge[tests/merges/txt/add_in_both],OD-Vic,RepoArchived,,
https://github.com/saga-vcs/saga,7beaae8831696ce813aa85620387e416719198db,tests/test_text.py::test_merge[tests/merges/txt/add_in_middle],OD-Vic,RepoArchived,,
https://github.com/saga-vcs/saga,7beaae8831696ce813aa85620387e416719198db,tests/test_text.py::test_merge[tests/merges/txt/add_line],OD-Vic,RepoArchived,,
https://github.com/saga-vcs/saga,7beaae8831696ce813aa85620387e416719198db,tests/test_text.py::test_merge[tests/merges/txt/remove_in_both],OD-Vic,RepoArchived,,
https://github.com/saga-vcs/saga,7beaae8831696ce813aa85620387e416719198db,tests/test_text.py::test_merge[tests/merges/txt/remove_line],OD-Vic,RepoArchived,,
https://github.com/samuelduchesne/pyTrnsysType,6cf552e4ccd66f7b728e84654e580befe2061114,tests/test_xml.py::TestTrnsysModel::test_get_attr_derivative,OD-Vic,Unmaintained,,latest commit 2021/07/19
https://github.com/sanjaz/lazypr,226895868769f613d9e905f265a4fd7c421d2fd4,tests/test_config.py::TestConfig::test_get_default_config_file_path,OD-Vic,Unmaintained,,latest commit 2019/09/09
https://github.com/santoshphilip/eppy,98e58583dce6c0fcec9c7b1ff1142bae0a67ddc7,eppy/tests/test_bunch_subclass.py::TestEpBunch::test_getreferingobjs,OD-Vic,,,
https://github.com/santoshphilip/eppy,98e58583dce6c0fcec9c7b1ff1142bae0a67ddc7,eppy/tests/test_bunch_subclass.py::TestEpBunch::test_get_referenced_object,OD-Vic,,,
https://github.com/santoshphilip/eppy,98e58583dce6c0fcec9c7b1ff1142bae0a67ddc7,eppy/tests/test_case_insensitive.py::test_contains[BUILDING],OD-Vic,,,
https://github.com/santoshphilip/eppy,98e58583dce6c0fcec9c7b1ff1142bae0a67ddc7,eppy/tests/test_case_insensitive.py::test_contains[BuIlDiNg],OD-Vic,,,
https://github.com/santoshphilip/eppy,98e58583dce6c0fcec9c7b1ff1142bae0a67ddc7,eppy/tests/test_case_insensitive.py::test_contains[Building],OD-Vic,,,
https://github.com/santoshphilip/eppy,98e58583dce6c0fcec9c7b1ff1142bae0a67ddc7,eppy/tests/test_case_insensitive.py::test_contains[building],OD-Vic,,,
https://github.com/santoshphilip/eppy,98e58583dce6c0fcec9c7b1ff1142bae0a67ddc7,eppy/tests/test_case_insensitive.py::test_del[BUILDING],OD-Vic,,,
https://github.com/santoshphilip/eppy,98e58583dce6c0fcec9c7b1ff1142bae0a67ddc7,eppy/tests/test_case_insensitive.py::test_del[BuIlDiNg],OD-Vic,,,
https://github.com/santoshphilip/eppy,98e58583dce6c0fcec9c7b1ff1142bae0a67ddc7,eppy/tests/test_case_insensitive.py::test_del[Building],OD-Vic,,,
https://github.com/santoshphilip/eppy,98e58583dce6c0fcec9c7b1ff1142bae0a67ddc7,eppy/tests/test_case_insensitive.py::test_del[building],OD-Vic,,,
https://github.com/santoshphilip/eppy,98e58583dce6c0fcec9c7b1ff1142bae0a67ddc7,eppy/tests/test_case_insensitive.py::test_get_and_set[BUILDING],OD-Vic,,,
https://github.com/santoshphilip/eppy,98e58583dce6c0fcec9c7b1ff1142bae0a67ddc7,eppy/tests/test_case_insensitive.py::test_get_and_set[BuIlDiNg],OD-Vic,,,
https://github.com/santoshphilip/eppy,98e58583dce6c0fcec9c7b1ff1142bae0a67ddc7,eppy/tests/test_case_insensitive.py::test_get_and_set[Building],OD-Vic,,,
https://github.com/santoshphilip/eppy,98e58583dce6c0fcec9c7b1ff1142bae0a67ddc7,eppy/tests/test_case_insensitive.py::test_get_and_set[building],OD-Vic,,,
https://github.com/santoshphilip/eppy,98e58583dce6c0fcec9c7b1ff1142bae0a67ddc7,eppy/tests/test_examples.py::test_pythonic,OD-Vic,,,
https://github.com/santoshphilip/eppy,98e58583dce6c0fcec9c7b1ff1142bae0a67ddc7,eppy/tests/test_fanpower.py::testfanpower_bhp,OD-Vic,,,
https://github.com/santoshphilip/eppy,98e58583dce6c0fcec9c7b1ff1142bae0a67ddc7,eppy/tests/test_fanpower.py::testfanpower_watts,OD-Vic,,,
https://github.com/santoshphilip/eppy,98e58583dce6c0fcec9c7b1ff1142bae0a67ddc7,eppy/tests/test_fanpower.py::test_fan_maxcfm,OD-Vic,,,
https://github.com/santoshphilip/eppy,98e58583dce6c0fcec9c7b1ff1142bae0a67ddc7,eppy/tests/test_hvacbuilder.py::test_componentsintobranch,OD-Vic,,,
https://github.com/santoshphilip/eppy,98e58583dce6c0fcec9c7b1ff1142bae0a67ddc7,eppy/tests/test_hvacbuilder.py::test_connectcomponents,OD-Vic,,,
https://github.com/santoshphilip/eppy,98e58583dce6c0fcec9c7b1ff1142bae0a67ddc7,eppy/tests/test_hvacbuilder.py::test_getbranchcomponents,OD-Vic,,,
https://github.com/santoshphilip/eppy,98e58583dce6c0fcec9c7b1ff1142bae0a67ddc7,eppy/tests/test_hvacbuilder.py::test_getfieldnamesendswith,OD-Vic,,,
https://github.com/santoshphilip/eppy,98e58583dce6c0fcec9c7b1ff1142bae0a67ddc7,eppy/tests/test_hvacbuilder.py::test_getnodefieldname,OD-Vic,,,
https://github.com/santoshphilip/eppy,98e58583dce6c0fcec9c7b1ff1142bae0a67ddc7,eppy/tests/test_hvacbuilder.py::test_initinletoutlet,OD-Vic,,,
https://github.com/santoshphilip/eppy,98e58583dce6c0fcec9c7b1ff1142bae0a67ddc7,eppy/tests/test_hvacbuilder.py::test_makecondenserloop,OD-Vic,,,
https://github.com/santoshphilip/eppy,98e58583dce6c0fcec9c7b1ff1142bae0a67ddc7,eppy/tests/test_hvacbuilder.py::test_makeductbranch,OD-Vic,,,
https://github.com/santoshphilip/eppy,98e58583dce6c0fcec9c7b1ff1142bae0a67ddc7,eppy/tests/test_hvacbuilder.py::test_makeductcomponent,OD-Vic,,,
https://github.com/santoshphilip/eppy,98e58583dce6c0fcec9c7b1ff1142bae0a67ddc7,eppy/tests/test_hvacbuilder.py::test_makepipebranch,OD-Vic,,,
https://github.com/santoshphilip/eppy,98e58583dce6c0fcec9c7b1ff1142bae0a67ddc7,eppy/tests/test_hvacbuilder.py::test_makepipecomponent,OD-Vic,,,
https://github.com/santoshphilip/eppy,98e58583dce6c0fcec9c7b1ff1142bae0a67ddc7,eppy/tests/test_hvacbuilder.py::test_makeplantloop,OD-Vic,,,
https://github.com/santoshphilip/eppy,98e58583dce6c0fcec9c7b1ff1142bae0a67ddc7,eppy/tests/test_hvacbuilder.py::test_renamenodes,OD-Vic,,,
https://github.com/santoshphilip/eppy,98e58583dce6c0fcec9c7b1ff1142bae0a67ddc7,eppy/tests/test_hvacbuilder.py::test_replacebranch,OD-Vic,,,
https://github.com/santoshphilip/eppy,98e58583dce6c0fcec9c7b1ff1142bae0a67ddc7,eppy/tests/test_IDF.py::TestIDF::test_popidfobject,OD-Vic,,,
https://github.com/santoshphilip/eppy,98e58583dce6c0fcec9c7b1ff1142bae0a67ddc7,eppy/tests/test_IDF.py::TestIDF::test_removeidfobject,OD-Vic,,,
https://github.com/santoshphilip/eppy,98e58583dce6c0fcec9c7b1ff1142bae0a67ddc7,eppy/tests/test_idf_helpers.py::test_copyidfintoidf,OD-Vic,,,
https://github.com/santoshphilip/eppy,98e58583dce6c0fcec9c7b1ff1142bae0a67ddc7,eppy/tests/test_idf_helpers.py::test_getanymentions,OD-Vic,,,
https://github.com/santoshphilip/eppy,98e58583dce6c0fcec9c7b1ff1142bae0a67ddc7,eppy/tests/test_idf_helpers.py::test_getidfkeyswithnodes,OD-Vic,,,
https://github.com/santoshphilip/eppy,98e58583dce6c0fcec9c7b1ff1142bae0a67ddc7,eppy/tests/test_idf_helpers.py::test_getidfobjectlist,OD-Vic,,,
https://github.com/santoshphilip/eppy,98e58583dce6c0fcec9c7b1ff1142bae0a67ddc7,eppy/tests/test_idf_helpers.py::test_getobjectswithnode,OD-Vic,,,
https://github.com/santoshphilip/eppy,98e58583dce6c0fcec9c7b1ff1142bae0a67ddc7,eppy/tests/test_idf_helpers.py::test_getobject_use_prevfield,OD-Vic,,,
https://github.com/santoshphilip/eppy,98e58583dce6c0fcec9c7b1ff1142bae0a67ddc7,eppy/tests/test_idf_helpers.py::test_idfobjectkeys,OD-Vic,,,
https://github.com/santoshphilip/eppy,98e58583dce6c0fcec9c7b1ff1142bae0a67ddc7,eppy/tests/test_idf_helpers.py::test_name2idfobject,OD-Vic,,,
https://github.com/santoshphilip/eppy,98e58583dce6c0fcec9c7b1ff1142bae0a67ddc7,eppy/tests/test_json_functions.py::test_updateidf,OD-Vic,,,
https://github.com/santoshphilip/eppy,98e58583dce6c0fcec9c7b1ff1142bae0a67ddc7,eppy/tests/test_modeleditor.py::test_getallobjlists,OD-Vic,,,
https://github.com/santoshphilip/eppy,98e58583dce6c0fcec9c7b1ff1142bae0a67ddc7,eppy/tests/test_modeleditor.py::test_getiddgroupdict,OD-Vic,,,
https://github.com/santoshphilip/eppy,98e58583dce6c0fcec9c7b1ff1142bae0a67ddc7,eppy/tests/test_modeleditor.py::test_getrefnames,OD-Vic,,,
https://github.com/santoshphilip/eppy,98e58583dce6c0fcec9c7b1ff1142bae0a67ddc7,eppy/tests/test_modeleditor.py::test_idd_index,OD-Brit,,,
https://github.com/santoshphilip/eppy,98e58583dce6c0fcec9c7b1ff1142bae0a67ddc7,eppy/tests/test_modeleditor.py::test_idfinmsequence,OD-Vic,,,
https://github.com/santoshphilip/eppy,98e58583dce6c0fcec9c7b1ff1142bae0a67ddc7,eppy/tests/test_modeleditor.py::test_idfstr,OD-Vic,,,
https://github.com/santoshphilip/eppy,98e58583dce6c0fcec9c7b1ff1142bae0a67ddc7,eppy/tests/test_modeleditor.py::test_initread,OD-Vic,,,
https://github.com/santoshphilip/eppy,98e58583dce6c0fcec9c7b1ff1142bae0a67ddc7,eppy/tests/test_modeleditor.py::test_initreadtxt,OD-Vic,,,
https://github.com/santoshphilip/eppy,98e58583dce6c0fcec9c7b1ff1142bae0a67ddc7,eppy/tests/test_modeleditor.py::test_new,OD-Vic,,,
https://github.com/santoshphilip/eppy,98e58583dce6c0fcec9c7b1ff1142bae0a67ddc7,eppy/tests/test_modeleditor.py::test_newidfobject,OD-Vic,,,
https://github.com/santoshphilip/eppy,98e58583dce6c0fcec9c7b1ff1142bae0a67ddc7,eppy/tests/test_modeleditor.py::test_newidfobject_warning,OD-Vic,,,
https://github.com/santoshphilip/eppy,98e58583dce6c0fcec9c7b1ff1142bae0a67ddc7,eppy/tests/test_modeleditor.py::test_refname2key,OD-Vic,,,
https://github.com/santoshphilip/eppy,98e58583dce6c0fcec9c7b1ff1142bae0a67ddc7,eppy/tests/test_modeleditor.py::test_rename,OD-Vic,,,
https://github.com/santoshphilip/eppy,98e58583dce6c0fcec9c7b1ff1142bae0a67ddc7,eppy/tests/test_modeleditor.py::test_save,OD-Vic,,,
https://github.com/santoshphilip/eppy,98e58583dce6c0fcec9c7b1ff1142bae0a67ddc7,eppy/tests/test_modeleditor.py::test_saveas,OD-Vic,,,
https://github.com/santoshphilip/eppy,98e58583dce6c0fcec9c7b1ff1142bae0a67ddc7,eppy/tests/test_modeleditor.py::test_savecopy,OD-Vic,,,
https://github.com/santoshphilip/eppy,98e58583dce6c0fcec9c7b1ff1142bae0a67ddc7,eppy/tests/test_modeleditor.py::test_save_with_lineendings_and_encodings,OD-Vic,,,
https://github.com/santoshphilip/eppy,98e58583dce6c0fcec9c7b1ff1142bae0a67ddc7,eppy/tests/test_modeleditor.py::test_zonearea_zonevolume,OD-Vic,,,
https://github.com/santoshphilip/eppy,98e58583dce6c0fcec9c7b1ff1142bae0a67ddc7,eppy/tests/test_simpleread.py::test_idfreadtest,OD-Vic,,,
https://github.com/santoshphilip/eppy,98e58583dce6c0fcec9c7b1ff1142bae0a67ddc7,eppy/tests/test_thermal_properties.py::Test_ThermalProperties::test_heatcapacity_1_layer_construction,OD-Vic,,,
https://github.com/santoshphilip/eppy,98e58583dce6c0fcec9c7b1ff1142bae0a67ddc7,eppy/tests/test_thermal_properties.py::Test_ThermalProperties::test_heatcapacity_2_layer_construction,OD-Vic,,,
https://github.com/santoshphilip/eppy,98e58583dce6c0fcec9c7b1ff1142bae0a67ddc7,eppy/tests/test_thermal_properties.py::Test_ThermalProperties::test_heatcapacity_airgap_construction,OD-Vic,,,
https://github.com/santoshphilip/eppy,98e58583dce6c0fcec9c7b1ff1142bae0a67ddc7,eppy/tests/test_thermal_properties.py::Test_ThermalProperties::test_heatcapacity_infraredtransparent_construction,OD-Vic,,,
https://github.com/santoshphilip/eppy,98e58583dce6c0fcec9c7b1ff1142bae0a67ddc7,eppy/tests/test_thermal_properties.py::Test_ThermalProperties::test_heatcapacity_material,OD-Vic,,,
https://github.com/santoshphilip/eppy,98e58583dce6c0fcec9c7b1ff1142bae0a67ddc7,eppy/tests/test_thermal_properties.py::Test_ThermalProperties::test_heatcapacity_nomass_construction,OD-Vic,,,
https://github.com/santoshphilip/eppy,98e58583dce6c0fcec9c7b1ff1142bae0a67ddc7,eppy/tests/test_thermal_properties.py::Test_ThermalProperties::test_heatcapacity_roofvegetation_construction,OD-Vic,,,
https://github.com/santoshphilip/eppy,98e58583dce6c0fcec9c7b1ff1142bae0a67ddc7,eppy/tests/test_thermal_properties.py::Test_ThermalProperties::test_rvalue_1_layer_construction,OD-Vic,,,
https://github.com/santoshphilip/eppy,98e58583dce6c0fcec9c7b1ff1142bae0a67ddc7,eppy/tests/test_thermal_properties.py::Test_ThermalProperties::test_rvalue_2_layer_construction,OD-Vic,,,
https://github.com/santoshphilip/eppy,98e58583dce6c0fcec9c7b1ff1142bae0a67ddc7,eppy/tests/test_thermal_properties.py::Test_ThermalProperties::test_rvalue_airgap_construction,OD-Vic,,,
https://github.com/santoshphilip/eppy,98e58583dce6c0fcec9c7b1ff1142bae0a67ddc7,eppy/tests/test_thermal_properties.py::Test_ThermalProperties::test_rvalue_fails,OD-Vic,,,
https://github.com/santoshphilip/eppy,98e58583dce6c0fcec9c7b1ff1142bae0a67ddc7,eppy/tests/test_thermal_properties.py::Test_ThermalProperties::test_rvalue_infraredtransparent_construction,OD-Vic,,,
https://github.com/santoshphilip/eppy,98e58583dce6c0fcec9c7b1ff1142bae0a67ddc7,eppy/tests/test_thermal_properties.py::Test_ThermalProperties::test_rvalue_material,OD-Vic,,,
https://github.com/santoshphilip/eppy,98e58583dce6c0fcec9c7b1ff1142bae0a67ddc7,eppy/tests/test_thermal_properties.py::Test_ThermalProperties::test_rvalue_nomass_construction,OD-Vic,,,
https://github.com/santoshphilip/eppy,98e58583dce6c0fcec9c7b1ff1142bae0a67ddc7,eppy/tests/test_thermal_properties.py::Test_ThermalProperties::test_rvalue_roofvegetation_construction,OD-Vic,,,
https://github.com/santoshphilip/eppy,98e58583dce6c0fcec9c7b1ff1142bae0a67ddc7,eppy/tests/test_thermal_properties.py::Test_ThermalProperties::test_ufactor_1_layer_construction,OD-Vic,,,
https://github.com/santoshphilip/eppy,98e58583dce6c0fcec9c7b1ff1142bae0a67ddc7,eppy/tests/test_thermal_properties.py::Test_ThermalProperties::test_ufactor_2_layer_construction,OD-Vic,,,
https://github.com/santoshphilip/eppy,98e58583dce6c0fcec9c7b1ff1142bae0a67ddc7,eppy/tests/test_thermal_properties.py::Test_ThermalProperties::test_ufactor_airgap_construction,OD-Vic,,,
https://github.com/santoshphilip/eppy,98e58583dce6c0fcec9c7b1ff1142bae0a67ddc7,eppy/tests/test_thermal_properties.py::Test_ThermalProperties::test_ufactor_infraredtransparent_construction,OD-Vic,,,
https://github.com/santoshphilip/eppy,98e58583dce6c0fcec9c7b1ff1142bae0a67ddc7,eppy/tests/test_thermal_properties.py::Test_ThermalProperties::test_ufactor_material,OD-Vic,,,
https://github.com/santoshphilip/eppy,98e58583dce6c0fcec9c7b1ff1142bae0a67ddc7,eppy/tests/test_thermal_properties.py::Test_ThermalProperties::test_ufactor_nomass_construction,OD-Vic,,,
https://github.com/santoshphilip/eppy,98e58583dce6c0fcec9c7b1ff1142bae0a67ddc7,eppy/tests/test_thermal_properties.py::Test_ThermalProperties::test_ufactor_roofvegetation_construction,OD-Vic,,,
https://github.com/sashgorokhov/python-telegram-handler,4ac0e5cbb6ac3c3f81a57be6b3cea49dfd8e8ec4,tests/test_handlers.py::test_handler_init_without_chat,OD-Brit,RepoArchived,,
https://github.com/scikit-hep/scikit-hep/,e78234da9e754e380a7d871afb56b20baa73b99b,tests/dataset/test_numpydataset.py::test_methods,OD-Vic,Deleted,,https://github.com/scikit-hep/scikit-hep/commit/6f3edf223ee925d4c0e0ce5447a3619d086de162
https://github.com/scrapinghub/shub, 7297d6b05b487749d99a4d94eea2f2de3e558f8a,test_utils.py::ReleaseUtilsTes::test_get_docker_client,OD,Opened,https://github.com/scrapinghub/shub/pull/411,
https://github.com/securenative/securenative-python,0eae99733b7565341487ad32f044be8dc51032cd,tests/configuration_manager_test.py::ConfigurationManagerTest::test_default_values_for_invalid_enum_config_props,OD-Vic,Unmaintained,,latest commit 2020/11/30
https://github.com/securenative/securenative-python,0eae99733b7565341487ad32f044be8dc51032cd,tests/configuration_manager_test.py::ConfigurationManagerTest::test_get_config_from_env_variables,OD-Brit,Unmaintained,,latest commit 2020/11/30
https://github.com/securenative/securenative-python,0eae99733b7565341487ad32f044be8dc51032cd,tests/configuration_manager_test.py::ConfigurationManagerTest::test_ignore_unknown_config_in_properties_file,OD-Vic,Unmaintained,,latest commit 2020/11/30
https://github.com/securenative/securenative-python,0eae99733b7565341487ad32f044be8dc51032cd,tests/configuration_manager_test.py::ConfigurationManagerTest::test_load_default_config,OD-Brit,Unmaintained,,latest commit 2020/11/30
https://github.com/securenative/securenative-python,0eae99733b7565341487ad32f044be8dc51032cd,tests/configuration_manager_test.py::ConfigurationManagerTest::test_parse_config_file_correctly,OD-Vic,Unmaintained,,latest commit 2020/11/30
https://github.com/securenative/securenative-python,0eae99733b7565341487ad32f044be8dc51032cd,tests/securenative_test.py::SecureNativeTest::test_get_sdk_instance_without_init_throws,OD-Vic,Unmaintained,,latest commit 2020/11/30
https://github.com/sgaynetdinov/py-vkontakte,b03246b8d4b6f5ee5ab7e5c67e09e1f14b85fd9c,tests/test_message.py::test_message,OD-Vic,Unmaintained,,latest commit 2022/04/27
https://github.com/sjoerdk/anonapi,5e70dfd9fcb7dcc4e2345a6a153d9530f4886e73,tests/test_cli_create.py::test_job_parameter_set,OD-Vic,Opened,https://github.com/sjoerdk/anonapi/pull/545,
https://github.com/solegalli/feature_engine,ba4d7050b3923d620c1773b66cd4c51ed24498dd,tests/test_missing_data_imputer.py::test_ArbitraryNumberImputer,OD-Vic,Deleted,,https://github.com/solegalli/feature_engine/commit/e40457ce8b4baa1e146976bf1af1bbdf6eae1305
https://github.com/solegalli/feature_engine,ba4d7050b3923d620c1773b66cd4c51ed24498dd,tests/test_missing_data_imputer.py::test_CategoricalVariableImputer,OD-Vic,Deleted,,https://github.com/solegalli/feature_engine/commit/e40457ce8b4baa1e146976bf1af1bbdf6eae1305
https://github.com/solegalli/feature_engine,ba4d7050b3923d620c1773b66cd4c51ed24498dd,tests/test_missing_data_imputer.py::test_EndTailImputer,OD-Vic,Deleted,,https://github.com/solegalli/feature_engine/commit/e40457ce8b4baa1e146976bf1af1bbdf6eae1305
https://github.com/solegalli/feature_engine,ba4d7050b3923d620c1773b66cd4c51ed24498dd,tests/test_missing_data_imputer.py::test_MeanMedianImputer,OD-Vic,Deleted,,https://github.com/solegalli/feature_engine/commit/e40457ce8b4baa1e146976bf1af1bbdf6eae1305
https://github.com/spulec/freezegun,b46da782a7a051081fd51577749cfc0074db0cc6,tests/test_class_import.py::test_can_ignore_email_module,OD-Vic,,,
https://github.com/spulec/freezegun,b46da782a7a051081fd51577749cfc0074db0cc6,tests/test_class_import.py::test_fake_uses_real_when_ignored,OD-Vic,,,
https://github.com/spulec/freezegun,b46da782a7a051081fd51577749cfc0074db0cc6,tests/test_class_import.py::test_import_after_start,OD-Vic,,,
https://github.com/spulec/freezegun,b46da782a7a051081fd51577749cfc0074db0cc6,tests/test_datetimes.py::test_context_manager,OD-Vic,,,
https://github.com/spulec/freezegun,b46da782a7a051081fd51577749cfc0074db0cc6,tests/test_datetimes.py::test_min_and_max,OD-Vic,,,
https://github.com/spulec/freezegun,b46da782a7a051081fd51577749cfc0074db0cc6,tests/test_datetimes.py::test_nested_context_manager,OD-Vic,,,
https://github.com/spulec/freezegun,b46da782a7a051081fd51577749cfc0074db0cc6,tests/test_datetimes.py::test_nested_context_manager_with_tz_offsets,OD-Vic,,,
https://github.com/spulec/freezegun,b46da782a7a051081fd51577749cfc0074db0cc6,tests/test_datetimes.py::test_simple_api,OD-Vic,,,
https://github.com/spulec/freezegun,b46da782a7a051081fd51577749cfc0074db0cc6,tests/test_datetimes.py::test_time_localtime,OD-Vic,,,
https://github.com/spulec/freezegun,b46da782a7a051081fd51577749cfc0074db0cc6,tests/test_datetimes.py::test_time_ns,OD-Vic,,,
https://github.com/spulec/freezegun,b46da782a7a051081fd51577749cfc0074db0cc6,tests/test_errors.py::test_ignore_errors_in_start[ImportError],OD-Vic,,,
https://github.com/spulec/freezegun,b46da782a7a051081fd51577749cfc0074db0cc6,tests/test_errors.py::test_ignore_errors_in_start[TypeError],OD-Vic,,,
https://github.com/spulec/freezegun,b46da782a7a051081fd51577749cfc0074db0cc6,tests/test_uuid.py::test_uuid1_future,OD-Vic,,,
https://github.com/spulec/freezegun,b46da782a7a051081fd51577749cfc0074db0cc6,tests/test_warnings.py::test_ignore_warnings_in_start,OD-Vic,,,
https://github.com/spulec/freezegun,b46da782a7a051081fd51577749cfc0074db0cc6,tests/test_warnings.py::test_ignore_warnings_in_stop,OD-Vic,,,
https://github.com/sputt/qer,c77e6777967ee660447beb9522c867a7233ef78d,tests/repos/test_pypi.py::test_no_candidates,OD-Vic,,,
https://github.com/sputt/qer,c77e6777967ee660447beb9522c867a7233ef78d,tests/repos/test_pypi.py::test_pypi_500,OD-Vic,,,
https://github.com/sputt/qer,c77e6777967ee660447beb9522c867a7233ef78d,tests/repos/test_pypi.py::test_python_requires_wheel_tags[https://pypi.org/numpy-1.16.3-cp37-cp37m-manylinux1_x86_64.whl#sha256=HASH],OD-Vic,,,
https://github.com/sputt/qer,c77e6777967ee660447beb9522c867a7233ef78d,tests/repos/test_pypi.py::test_python_requires_wheel_tags[https://pypi.org/numpy-1.16.3-cp37-cp37m-win_amd64.whl#sha256=HASH],OD-Vic,,,
https://github.com/sputt/qer,c77e6777967ee660447beb9522c867a7233ef78d,tests/repos/test_pypi.py::test_python_requires_wheel_tags[https://pypi.org/numpy-1.16.3.zip#sha256=HASH],OD-Vic,,,
https://github.com/sputt/qer,c77e6777967ee660447beb9522c867a7233ef78d,tests/repos/test_pypi.py::test_successful_numpy,OD-Vic,,,
https://github.com/sputt/qer,c77e6777967ee660447beb9522c867a7233ef78d,tests/test_extractor.py::test_extractor[mock_targz],OD-Vic,,,
https://github.com/sputt/qer,c77e6777967ee660447beb9522c867a7233ef78d,tests/test_extractor.py::test_extractor[mock_zip0],OD-Vic,,,
https://github.com/sputt/qer,c77e6777967ee660447beb9522c867a7233ef78d,tests/test_extractor.py::test_extractor[mock_zip1],OD-Vic,,,
https://github.com/sputt/req-compile,c77e6777967ee660447beb9522c867a7233ef78d,tests/repos/test_pypi.py::test_no_candidates,OD-Vic,,,
https://github.com/sputt/req-compile,c77e6777967ee660447beb9522c867a7233ef78d,tests/repos/test_pypi.py::test_pypi_500,OD-Vic,,,
https://github.com/sputt/req-compile,c77e6777967ee660447beb9522c867a7233ef78d,tests/repos/test_pypi.py::test_python_requires_wheel_tags[https://pypi.org/numpy-1.16.3-cp37-cp37m-manylinux1_x86_64.whl#sha256=HASH],OD-Vic,,,
https://github.com/sputt/req-compile,c77e6777967ee660447beb9522c867a7233ef78d,tests/repos/test_pypi.py::test_python_requires_wheel_tags[https://pypi.org/numpy-1.16.3-cp37-cp37m-win_amd64.whl#sha256=HASH],OD-Vic,,,
https://github.com/sputt/req-compile,c77e6777967ee660447beb9522c867a7233ef78d,tests/repos/test_pypi.py::test_python_requires_wheel_tags[https://pypi.org/numpy-1.16.3.zip#sha256=HASH],OD-Vic,,,
https://github.com/sputt/req-compile,c77e6777967ee660447beb9522c867a7233ef78d,tests/repos/test_pypi.py::test_successful_numpy,OD-Vic,,,
https://github.com/sputt/req-compile,c77e6777967ee660447beb9522c867a7233ef78d,tests/test_extractor.py::test_extractor[mock_targz],OD-Vic,,,
https://github.com/sputt/req-compile,c77e6777967ee660447beb9522c867a7233ef78d,tests/test_extractor.py::test_extractor[mock_zip0],OD-Vic,,,
https://github.com/sputt/req-compile,c77e6777967ee660447beb9522c867a7233ef78d,tests/test_extractor.py::test_extractor[mock_zip1],OD-Vic,,,
https://github.com/stackify/stackify-api-python,c2625f558c41dc6c79474226b1ca7766b192dd66,tests/test_handler.py::TestListener::test_not_identified,OD-Vic,Unmaintained,,latest commit 2022/10/20
https://github.com/stackify/stackify-api-python,c2625f558c41dc6c79474226b1ca7766b192dd66,tests/test_handler.py::TestListener::test_send_group_crash,OD-Vic,Unmaintained,,latest commit 2022/10/20
https://github.com/stackify/stackify-api-python,c2625f558c41dc6c79474226b1ca7766b192dd66,tests/test_handler.py::TestListener::test_send_group_if_needed,OD-Vic,Unmaintained,,latest commit 2022/10/20
https://github.com/stackify/stackify-api-python,c2625f558c41dc6c79474226b1ca7766b192dd66,tests/transport/test_init.py::TestTransport::test_default_send_url,OD-Vic,Unmaintained,,latest commit 2022/10/20
https://github.com/staffanm/layeredconfig,c0eae96da7848ea52b43ac947f284eb2324d9ce1,tests/test_layeredconfig.py::TestLayeredWithSingleSource::test_commandline,OD-Vic,Unmaintained,,latest commit 2019/11/11
https://github.com/stateya/m3u-dump,1ec3eeedb4c650af76c6c66859375ca2d2a6e1bc,tests/test_m3u_dump.py::test_copy_music_dryrun,OD-Vic,Unmaintained,,latest commit 2016/11/01
https://github.com/Stratoscale/skipper,dde3194bf6cf227b30c6e54b18c37317d2e0647e,tests/test_cli.py::TestCLI::test_make_without_build_container_tag,OD-Vic,,,
https://github.com/Stratoscale/skipper,dde3194bf6cf227b30c6e54b18c37317d2e0647e,tests/test_cli.py::TestCLI::test_run_without_build_container_tag,OD-Vic,,,
https://github.com/Stratoscale/skipper,dde3194bf6cf227b30c6e54b18c37317d2e0647e,tests/test_cli.py::TestCLI::test_run_without_build_container_tag_cached,OD-Vic,,,
https://github.com/strizhechenko/netutils-linux,dfcb0900ffffa3020656338bbab123f6da00a168,netutils_linux_tuning/test_rx_buffers.py::RxBuffersTuneTest::test_all,OD-Brit,,,
https://github.com/summa-tx/riemann,0fda32e783487572c869aaabc6af7adba01cbd00,riemann/tests/encoding/test_addresses.py::TestAddresses::test_make_p2sh_address_msig,OD-Vic,Unmaintained,,latest commit 2020/08/14
https://github.com/summa-tx/riemann,0fda32e783487572c869aaabc6af7adba01cbd00,riemann/tests/test_simple.py::TestSimple::test_unsigned_witness_tx,OD-Vic,Unmaintained,,latest commit 2020/08/14
https://github.com/summa-tx/riemann,0fda32e783487572c869aaabc6af7adba01cbd00,riemann/tests/tx/test_tx_builder.py::TestTxBuilder::test_make_pkh_output_script,OD-Vic,Unmaintained,,latest commit 2020/08/14
https://github.com/SuryaSankar/flask-sqlalchemy-booster,e43980e29a18e725d791b87ce1b677470bbaf22c,tests/test_view_boosters/test_todo_list_api/test_api_endpoints.py::test_task_get,OD-Brit,Unmaintained,,latest commit 2021/05/15
https://github.com/SuryaSankar/flask-sqlalchemy-booster,e43980e29a18e725d791b87ce1b677470bbaf22c,tests/test_view_boosters/test_todo_list_api/test_api_endpoints.py::test_task_updation,OD-Brit,Unmaintained,,latest commit 2021/05/15
https://github.com/sushobhit27/multiindex,b631e60bd47558eca9067a0dc87f0e713cddc6f2,multiindex/tests/test_multiindex.py::test_insert,OD-Vic,Unmaintained,,latest commit 2018/08/29
https://github.com/sushobhit27/multiindex,b631e60bd47558eca9067a0dc87f0e713cddc6f2,multiindex/tests/test_multiindex.py::test_insert_overwrite,OD-Vic,Unmaintained,,latest commit 2018/08/29
https://github.com/sushobhit27/multiindex,b631e60bd47558eca9067a0dc87f0e713cddc6f2,multiindex/tests/test_multiindex.py::test_remove,OD-Brit,Unmaintained,,latest commit 2018/08/29
https://github.com/sushobhit27/multiindex,b631e60bd47558eca9067a0dc87f0e713cddc6f2,multiindex/tests/test_multiindex_hashed_non_unique.py::test_insert,OD-Vic,Unmaintained,,latest commit 2018/08/29
https://github.com/syrusakbary/promise,4627315476f6b9fc82818327ae09b04f89f9bda7,tests/test_dataloader.py::test_wrong_loader_return_type_does_not_block_async_instance,OD-Brit,Unmaintained,,latest commit 2020/01/28
https://github.com/taxpon/pytidy,0a0a54b80b53dadd8ecc8ff2db42444741b75865,tests/test_dataclass.py::test_class_is_inserted_to_dataclass,OD-Vic,Unmaintained,,latest commit 2021/03/31
https://github.com/taxpon/pytidy,0a0a54b80b53dadd8ecc8ff2db42444741b75865,tests/test_function.py::test_object_insertion,OD-Vic,Unmaintained,,latest commit 2021/03/31
https://github.com/taxpon/pytidy,0a0a54b80b53dadd8ecc8ff2db42444741b75865,tests/test_function.py::test_return_type_none,OD-Vic,Unmaintained,,latest commit 2021/03/31
https://github.com/teamhide/pythondi,913e6a60fc5d02c3db385ad322f970ecec36969b,tests/test_configure.py::test_configure,OD-Vic,Unmaintained,,latest commit 2022/09/02
https://github.com/Teamworksapp/pydbvolve,e18bb8cf98997c52de0cf30a8e106c480ba0bb57,tests/unittests/test_00_initialization.py::test_09_get_migration_table_schema,OD-Vic,Unmaintained,,latest commit 2017/08/11
https://github.com/Teamworksapp/pydbvolve,e18bb8cf98997c52de0cf30a8e106c480ba0bb57,tests/unittests/test_00_initialization.py::test_13_pre_config,OD-Vic,Unmaintained,,latest commit 2017/08/11
https://github.com/Teamworksapp/pydbvolve,e18bb8cf98997c52de0cf30a8e106c480ba0bb57,tests/unittests/test_01_migration_table.py::test_02_check_migration_table_bad_structure,OD-Brit,Unmaintained,,latest commit 2017/08/11
https://github.com/Tedyst/HikLoad,b3eb7be65bd34040992e1b7b15f23ff4ce2e8dc4,tests/test_config.py::test_envvar,OD-Brit,Deleted,,Deleted in commit 9974a0090ec21279ed7332d8ef42b328f3d179a0
https://github.com/Tencent/QTAF,c9141e8fbdfd89f5f13dd59dfab17f9e8193dcf8,tests/test_testbase/test_assert.py::AssertionTest::test_assert_failure,OD-Vic,,,
https://github.com/thegetty/crom,98bb6be4e32b4c81eb7e0b5e841a915b015abaf0,tests/test_add_classification.py::TestAddClassification::test_add_classification,OD-Vic,Unmaintained,,latest commit 2022/06/01
https://github.com/thegetty/crom,98bb6be4e32b4c81eb7e0b5e841a915b015abaf0,tests/test_currency.py::TestCurrencyExtraction::test_extract_est,OD-Vic,Unmaintained,,latest commit 2022/06/01
https://github.com/thegetty/crom,98bb6be4e32b4c81eb7e0b5e841a915b015abaf0,tests/test_currency.py::TestCurrencyExtraction::test_extract_price_with_citation,OD-Vic,Unmaintained,,latest commit 2022/06/01
https://github.com/thegetty/crom,98bb6be4e32b4c81eb7e0b5e841a915b015abaf0,tests/test_currency.py::TestCurrencyExtraction::test_extract_start,OD-Vic,Unmaintained,,latest commit 2022/06/01
https://github.com/thegetty/crom,98bb6be4e32b4c81eb7e0b5e841a915b015abaf0,tests/test_model.py::TestAutoIdentifiers::test_no_ident,OD-Vic,Unmaintained,,latest commit 2022/06/01
https://github.com/thegetty/crom,98bb6be4e32b4c81eb7e0b5e841a915b015abaf0,tests/test_model.py::TestBaseResource::test_allows_multiple,OD-Vic,Unmaintained,,latest commit 2022/06/01
https://github.com/thegetty/crom,98bb6be4e32b4c81eb7e0b5e841a915b015abaf0,tests/test_model.py::TestBaseResource::test_check_prop,OD-Vic,Unmaintained,,latest commit 2022/06/01
https://github.com/thegetty/crom,98bb6be4e32b4c81eb7e0b5e841a915b015abaf0,tests/test_model.py::TestBaseResource::test_check_reference,OD-Vic,Unmaintained,,latest commit 2022/06/01
https://github.com/thegetty/crom,98bb6be4e32b4c81eb7e0b5e841a915b015abaf0,tests/test_model.py::TestBaseResource::test_init_params,OD-Vic,Unmaintained,,latest commit 2022/06/01
https://github.com/thegetty/crom,98bb6be4e32b4c81eb7e0b5e841a915b015abaf0,tests/test_model.py::TestBaseResource::test_list_my_props,OD-Vic,Unmaintained,,latest commit 2022/06/01
https://github.com/thegetty/crom,98bb6be4e32b4c81eb7e0b5e841a915b015abaf0,tests/test_model.py::TestBaseResource::test_multiplicity,OD-Vic,Unmaintained,,latest commit 2022/06/01
https://github.com/thegetty/crom,98bb6be4e32b4c81eb7e0b5e841a915b015abaf0,tests/test_model.py::TestFactorySerialization::test_breadth,OD-Vic,Unmaintained,,latest commit 2022/06/01
https://github.com/thegetty/crom,98bb6be4e32b4c81eb7e0b5e841a915b015abaf0,tests/test_model.py::TestFactorySerialization::test_collapse_json,OD-Vic,Unmaintained,,latest commit 2022/06/01
https://github.com/thegetty/crom,98bb6be4e32b4c81eb7e0b5e841a915b015abaf0,tests/test_model.py::TestFactorySerialization::test_ordering,OD-Vic,Unmaintained,,latest commit 2022/06/01
https://github.com/thegetty/crom,98bb6be4e32b4c81eb7e0b5e841a915b015abaf0,tests/test_model.py::TestFactorySerialization::test_pipe_scoped,OD-Vic,Unmaintained,,latest commit 2022/06/01
https://github.com/thegetty/crom,98bb6be4e32b4c81eb7e0b5e841a915b015abaf0,tests/test_model.py::TestFactorySerialization::test_production_mode,OD-Vic,Unmaintained,,latest commit 2022/06/01
https://github.com/thegetty/crom,98bb6be4e32b4c81eb7e0b5e841a915b015abaf0,tests/test_model.py::TestFactorySerialization::test_recursion,OD-Vic,Unmaintained,,latest commit 2022/06/01
https://github.com/thegetty/crom,98bb6be4e32b4c81eb7e0b5e841a915b015abaf0,tests/test_model.py::TestFactorySerialization::test_string_list,OD-Vic,Unmaintained,,latest commit 2022/06/01
https://github.com/thegetty/crom,98bb6be4e32b4c81eb7e0b5e841a915b015abaf0,tests/test_model.py::TestFactorySerialization::test_toFile,OD-Vic,Unmaintained,,latest commit 2022/06/01
https://github.com/thegetty/crom,98bb6be4e32b4c81eb7e0b5e841a915b015abaf0,tests/test_model.py::TestFactorySerialization::test_toJSON,OD-Vic,Unmaintained,,latest commit 2022/06/01
https://github.com/thegetty/crom,98bb6be4e32b4c81eb7e0b5e841a915b015abaf0,tests/test_model.py::TestFactorySerialization::test_toJSON_fast,OD-Vic,Unmaintained,,latest commit 2022/06/01
https://github.com/thegetty/crom,98bb6be4e32b4c81eb7e0b5e841a915b015abaf0,tests/test_model.py::TestFactorySerialization::test_toJSON_normal,OD-Vic,Unmaintained,,latest commit 2022/06/01
https://github.com/thegetty/crom,98bb6be4e32b4c81eb7e0b5e841a915b015abaf0,tests/test_model.py::TestFactorySerialization::test_toString,OD-Vic,Unmaintained,,latest commit 2022/06/01
https://github.com/thegetty/crom,98bb6be4e32b4c81eb7e0b5e841a915b015abaf0,tests/test_model.py::TestFactorySerialization::test_toString_fast,OD-Vic,Unmaintained,,latest commit 2022/06/01
https://github.com/thegetty/crom,98bb6be4e32b4c81eb7e0b5e841a915b015abaf0,tests/test_model.py::TestMagicMethods::test_not_multiple_instance,OD-Vic,Unmaintained,,latest commit 2022/06/01
https://github.com/thegetty/crom,98bb6be4e32b4c81eb7e0b5e841a915b015abaf0,tests/test_model.py::TestMagicMethods::test_validate_multiplicity,OD-Vic,Unmaintained,,latest commit 2022/06/01
https://github.com/thegetty/crom,98bb6be4e32b4c81eb7e0b5e841a915b015abaf0,tests/test_model.py::TestMagicMethods::test_validate_profile_off,OD-Vic,Unmaintained,,latest commit 2022/06/01
https://github.com/thegetty/crom,98bb6be4e32b4c81eb7e0b5e841a915b015abaf0,tests/test_model.py::TestMagicMethods::test_validation_wrong_type,OD-Vic,Unmaintained,,latest commit 2022/06/01
https://github.com/thegetty/crom,98bb6be4e32b4c81eb7e0b5e841a915b015abaf0,tests/test_model.py::TestPropertyCache::test_cache_hierarchy,OD-Vic,Unmaintained,,latest commit 2022/06/01
https://github.com/thegetty/crom,98bb6be4e32b4c81eb7e0b5e841a915b015abaf0,tests/test_reader.py::TestReader::test_read,OD-Vic,Unmaintained,,latest commit 2022/06/01
https://github.com/thegetty/crom,98bb6be4e32b4c81eb7e0b5e841a915b015abaf0,tests/test_reader.py::TestReader::test_vocab_collision,OD-Vic,Unmaintained,,latest commit 2022/06/01
https://github.com/thegetty/crom,98bb6be4e32b4c81eb7e0b5e841a915b015abaf0,tests/test_vocab.py::TestClassBuilder::test_aa_check,OD-Vic,Unmaintained,,latest commit 2022/06/01
https://github.com/thegetty/crom,98bb6be4e32b4c81eb7e0b5e841a915b015abaf0,tests/test_vocab.py::TestClassBuilder::test_boundary_setter,OD-Vic,Unmaintained,,latest commit 2022/06/01
https://github.com/thegetty/crom,98bb6be4e32b4c81eb7e0b5e841a915b015abaf0,tests/test_vocab.py::TestClassBuilder::test_conceptual_parts,OD-Vic,Unmaintained,,latest commit 2022/06/01
https://github.com/thegetty/crom,98bb6be4e32b4c81eb7e0b5e841a915b015abaf0,tests/test_vocab.py::TestClassBuilder::test_linguistic_object_boundary,OD-Vic,Unmaintained,,latest commit 2022/06/01
https://github.com/thegetty/crom,98bb6be4e32b4c81eb7e0b5e841a915b015abaf0,tests/test_vocab.py::TestClassBuilder::test_metatype,OD-Vic,Unmaintained,,latest commit 2022/06/01
https://github.com/thegetty/crom,98bb6be4e32b4c81eb7e0b5e841a915b015abaf0,tests/test_vocab.py::TestClassBuilder::test_multitype,OD-Vic,Unmaintained,,latest commit 2022/06/01
https://github.com/thegetty/crom,98bb6be4e32b4c81eb7e0b5e841a915b015abaf0,tests/test_vocab.py::TestClassBuilder::test_procurement_boundary,OD-Vic,Unmaintained,,latest commit 2022/06/01
https://github.com/thesimj/envyaml,79a220cabb69d71397310d941de205610cf5e4cb,tests/test_envyaml.py::test_it_should_not_fail_when_try_load_non_exist_default_file,OD-Brit,Unmaintained,,latest commit 2022/02/01
https://github.com/thimic/nodal,261eeefd50298765c5722c5f7da72e6f2927bd3e,tests/nodal/nodes/test_noop.py::TestNoOp::test_name,OD-Vic,Unmaintained,,latest commit 2020/01/15
https://github.com/thimic/nodal,261eeefd50298765c5722c5f7da72e6f2927bd3e,tests/nodal/test_graph.py::TestGraph::test__on_node_create,OD-Vic,Unmaintained,,latest commit 2020/01/15
https://github.com/thimic/nodal,261eeefd50298765c5722c5f7da72e6f2927bd3e,tests/nodal/test_graph.py::TestGraph::test__on_node_destroy,OD-Vic,Unmaintained,,latest commit 2020/01/15
https://github.com/thrau/pymq,101857bca2b705c328d3bda3b26797b51e8ffb70,tests/test_provider_ipc.py::IpcQueueTest::test_queue_collection_types,OD-Vic,Unmaintained,,latest commit 2022/07/17
https://github.com/thrau/pymq,101857bca2b705c328d3bda3b26797b51e8ffb70,tests/test_provider_ipc.py::IpcQueueTest::test_queue_complex_types,OD-Vic,Unmaintained,,latest commit 2022/07/17
https://github.com/thrau/pymq,101857bca2b705c328d3bda3b26797b51e8ffb70,tests/test_provider_ipc.py::IpcQueueTest::test_queue_get_blocking,OD-Vic,Unmaintained,,latest commit 2022/07/17
https://github.com/thrau/pymq,101857bca2b705c328d3bda3b26797b51e8ffb70,tests/test_provider_ipc.py::IpcQueueTest::test_queue_get_nowait_timeout,OD-Vic,Unmaintained,,latest commit 2022/07/17
https://github.com/thrau/pymq,101857bca2b705c328d3bda3b26797b51e8ffb70,tests/test_provider_ipc.py::IpcQueueTest::test_queue_primitive_types,OD-Vic,Unmaintained,,latest commit 2022/07/17
https://github.com/thrau/pymq,101857bca2b705c328d3bda3b26797b51e8ffb70,tests/test_provider_ipc.py::IpcQueueTest::test_queue_put_get,OD-Vic,Unmaintained,,latest commit 2022/07/17
https://github.com/thrau/pymq,101857bca2b705c328d3bda3b26797b51e8ffb70,tests/test_provider_ipc.py::IpcRpcTest::test_echo_command_response_function,OD-Vic,Unmaintained,,latest commit 2022/07/17
https://github.com/thrau/pymq,101857bca2b705c328d3bda3b26797b51e8ffb70,tests/test_provider_ipc.py::IpcRpcTest::test_error_function,OD-Vic,Unmaintained,,latest commit 2022/07/17
https://github.com/thrau/pymq,101857bca2b705c328d3bda3b26797b51e8ffb70,tests/test_provider_ipc.py::IpcRpcTest::test_remote_decorator,OD-Vic,Unmaintained,,latest commit 2022/07/17
https://github.com/thrau/pymq,101857bca2b705c328d3bda3b26797b51e8ffb70,tests/test_provider_ipc.py::IpcRpcTest::test_simple_function,OD-Vic,Unmaintained,,latest commit 2022/07/17
https://github.com/thrau/pymq,101857bca2b705c328d3bda3b26797b51e8ffb70,tests/test_provider_ipc.py::IpcRpcTest::test_simple_list_param_function,OD-Vic,Unmaintained,,latest commit 2022/07/17
https://github.com/thrau/pymq,101857bca2b705c328d3bda3b26797b51e8ffb70,tests/test_provider_ipc.py::IpcRpcTest::test_simple_multiple_param_default_function,OD-Vic,Unmaintained,,latest commit 2022/07/17
https://github.com/thrau/pymq,101857bca2b705c328d3bda3b26797b51e8ffb70,tests/test_provider_ipc.py::IpcRpcTest::test_simple_multiple_param_function,OD-Vic,Unmaintained,,latest commit 2022/07/17
https://github.com/thrau/pymq,101857bca2b705c328d3bda3b26797b51e8ffb70,tests/test_provider_ipc.py::IpcRpcTest::test_stateful_rpc,OD-Vic,Unmaintained,,latest commit 2022/07/17
https://github.com/thrau/pymq,101857bca2b705c328d3bda3b26797b51e8ffb70,tests/test_provider_ipc.py::IpcRpcTest::test_timeout,OD-Vic,Unmaintained,,latest commit 2022/07/17
https://github.com/thrau/pymq,101857bca2b705c328d3bda3b26797b51e8ffb70,tests/test_provider_ipc.py::IpcRpcTest::test_void_function_error,OD-Vic,Unmaintained,,latest commit 2022/07/17
https://github.com/tianocore/edk2-pytool-library,ab6bac82f297b4e8fe0a0d4dcde4711b3cb1bc88,edk2toollib/acpi/ivrs_parser_test.py::IvrsParserTest::test_ivrs_parser_ivrs_full,OD-Brit,,,
https://github.com/timkostka/ucal,df0ccbc5f8af54fc69df56191bd810481a17b0e3,tests/test_ucal.py::TestSyntax::test_function_ln,OD-Brit,Unmaintained,,latest commit 2021/03/29
https://github.com/timkostka/ucal,df0ccbc5f8af54fc69df56191bd810481a17b0e3,tests/test_ucal.py::TestSyntax::test_function_log,OD-Brit,Unmaintained,,latest commit 2021/03/29
https://github.com/tjdevries/easy_python_requirements,2bf905f34065637cbc781d17d8e5806892fb66d5,test/test_mock_functions.py::test_mock_class_update,OD-Brit,Unmaintained,,latest commit 2016/09/07
https://github.com/tjdevries/easy_python_requirements,2bf905f34065637cbc781d17d8e5806892fb66d5,test/test_mock_functions.py::test_mock_module_with_two_updates,OD,Unmaintained,,latest commit 2016/09/07
https://github.com/tjdevries/easy_python_requirements,2bf905f34065637cbc781d17d8e5806892fb66d5,test/test_mock_functions.py::test_mock_module_with_two_updates,OD-Vic,Unmaintained,,latest commit 2016/09/07
https://github.com/tmurph/todo-sync,32915e9a1509aa2c4083613e256cb0d502c441aa,tests/test_org_to_asana.py::test_o2a_behind_make_fn[a_node0-expected_node0],OD-Brit,Unmaintained,,latest commit 2018/09/24
https://github.com/tmurph/todo-sync,32915e9a1509aa2c4083613e256cb0d502c441aa,tests/test_org_to_asana.py::test_o2a_behind_make_fn[a_node1-expected_node1],OD-Brit,Unmaintained,,latest commit 2018/09/24
https://github.com/tmurph/todo-sync,32915e9a1509aa2c4083613e256cb0d502c441aa,tests/test_org_to_asana.py::test_o2a_behind_make_fn[a_node10-expected_node10],OD-Brit,Unmaintained,,latest commit 2018/09/24
https://github.com/tmurph/todo-sync,32915e9a1509aa2c4083613e256cb0d502c441aa,tests/test_org_to_asana.py::test_o2a_behind_make_fn[a_node2-expected_node2],OD-Brit,Unmaintained,,latest commit 2018/09/24
https://github.com/tmurph/todo-sync,32915e9a1509aa2c4083613e256cb0d502c441aa,tests/test_org_to_asana.py::test_o2a_behind_make_fn[a_node3-expected_node3],OD-Brit,Unmaintained,,latest commit 2018/09/24
https://github.com/tmurph/todo-sync,32915e9a1509aa2c4083613e256cb0d502c441aa,tests/test_org_to_asana.py::test_o2a_behind_make_fn[a_node4-expected_node4],OD-Brit,Unmaintained,,latest commit 2018/09/24
https://github.com/tmurph/todo-sync,32915e9a1509aa2c4083613e256cb0d502c441aa,tests/test_org_to_asana.py::test_o2a_behind_make_fn[a_node5-expected_node5],OD-Brit,Unmaintained,,latest commit 2018/09/24
https://github.com/tmurph/todo-sync,32915e9a1509aa2c4083613e256cb0d502c441aa,tests/test_org_to_asana.py::test_o2a_behind_make_fn[a_node6-expected_node6],OD-Brit,Unmaintained,,latest commit 2018/09/24
https://github.com/tmurph/todo-sync,32915e9a1509aa2c4083613e256cb0d502c441aa,tests/test_org_to_asana.py::test_o2a_behind_make_fn[a_node7-expected_node7],OD-Brit,Unmaintained,,latest commit 2018/09/24
https://github.com/tmurph/todo-sync,32915e9a1509aa2c4083613e256cb0d502c441aa,tests/test_org_to_asana.py::test_o2a_behind_make_fn[a_node8-expected_node8],OD-Brit,Unmaintained,,latest commit 2018/09/24
https://github.com/tmurph/todo-sync,32915e9a1509aa2c4083613e256cb0d502c441aa,tests/test_org_to_asana.py::test_o2a_behind_make_fn[a_node9-expected_node9],OD-Brit,Unmaintained,,latest commit 2018/09/24
https://github.com/tomerten/findatabroker,204c433d51e2d2de5c132a4607cd504809fd4a71,FinDataBroker/tests/test_mongo.py::test__load___ok,OD-Brit,Unmaintained,,latest commit 2020/11/24
https://github.com/tukiains/cloudnetpy,26f2607b890630146469cfa410fce99438ceee3f,tests/unit/test_classify.py::TestFindRain::test_1,OD-Vic,RepoArchived,,
https://github.com/tukiains/cloudnetpy,26f2607b890630146469cfa410fce99438ceee3f,tests/unit/test_classify.py::TestFindRain::test_3,OD-Brit,RepoArchived,,
https://github.com/tukiains/cloudnetpy,26f2607b890630146469cfa410fce99438ceee3f,tests/unit/test_drizzle.py::test_append_data[beta_corr],OD-Vic,RepoArchived,,
https://github.com/tukiains/cloudnetpy,26f2607b890630146469cfa410fce99438ceee3f,tests/unit/test_drizzle.py::test_append_data[Do],OD-Vic,RepoArchived,,
https://github.com/tukiains/cloudnetpy,26f2607b890630146469cfa410fce99438ceee3f,tests/unit/test_drizzle.py::test_append_data[Do_bias],OD-Vic,RepoArchived,,
https://github.com/tukiains/cloudnetpy,26f2607b890630146469cfa410fce99438ceee3f,tests/unit/test_drizzle.py::test_append_data[Do_error],OD-Vic,RepoArchived,,
https://github.com/tukiains/cloudnetpy,26f2607b890630146469cfa410fce99438ceee3f,tests/unit/test_drizzle.py::test_append_data[drizzle_lwc],OD-Vic,RepoArchived,,
https://github.com/tukiains/cloudnetpy,26f2607b890630146469cfa410fce99438ceee3f,tests/unit/test_drizzle.py::test_append_data[drizzle_lwc_bias],OD-Vic,RepoArchived,,
https://github.com/tukiains/cloudnetpy,26f2607b890630146469cfa410fce99438ceee3f,tests/unit/test_drizzle.py::test_append_data[drizzle_lwc_error],OD-Vic,RepoArchived,,
https://github.com/tukiains/cloudnetpy,26f2607b890630146469cfa410fce99438ceee3f,tests/unit/test_drizzle.py::test_append_data[drizzle_lwf],OD-Vic,RepoArchived,,
https://github.com/tukiains/cloudnetpy,26f2607b890630146469cfa410fce99438ceee3f,tests/unit/test_drizzle.py::test_append_data[drizzle_lwf_bias],OD-Vic,RepoArchived,,
https://github.com/tukiains/cloudnetpy,26f2607b890630146469cfa410fce99438ceee3f,tests/unit/test_drizzle.py::test_append_data[drizzle_lwf_error],OD-Vic,RepoArchived,,
https://github.com/tukiains/cloudnetpy,26f2607b890630146469cfa410fce99438ceee3f,tests/unit/test_drizzle.py::test_append_data[drizzle_N],OD-Vic,RepoArchived,,
https://github.com/tukiains/cloudnetpy,26f2607b890630146469cfa410fce99438ceee3f,tests/unit/test_drizzle.py::test_append_data[drizzle_N_bias],OD-Vic,RepoArchived,,
https://github.com/tukiains/cloudnetpy,26f2607b890630146469cfa410fce99438ceee3f,tests/unit/test_drizzle.py::test_append_data[drizzle_N_error],OD-Vic,RepoArchived,,
https://github.com/tukiains/cloudnetpy,26f2607b890630146469cfa410fce99438ceee3f,tests/unit/test_drizzle.py::test_append_data[mu],OD-Vic,RepoArchived,,
https://github.com/tukiains/cloudnetpy,26f2607b890630146469cfa410fce99438ceee3f,tests/unit/test_drizzle.py::test_append_data[mu_error],OD-Vic,RepoArchived,,
https://github.com/tukiains/cloudnetpy,26f2607b890630146469cfa410fce99438ceee3f,tests/unit/test_drizzle.py::test_append_data[S],OD-Vic,RepoArchived,,
https://github.com/tukiains/cloudnetpy,26f2607b890630146469cfa410fce99438ceee3f,tests/unit/test_drizzle.py::test_append_data[S_error],OD-Vic,RepoArchived,,
https://github.com/tukiains/cloudnetpy,26f2607b890630146469cfa410fce99438ceee3f,tests/unit/test_drizzle.py::test_append_data[v_air],OD-Vic,RepoArchived,,
https://github.com/tukiains/cloudnetpy,26f2607b890630146469cfa410fce99438ceee3f,tests/unit/test_drizzle.py::test_append_data[v_drizzle],OD-Vic,RepoArchived,,
https://github.com/tukiains/cloudnetpy,26f2607b890630146469cfa410fce99438ceee3f,tests/unit/test_drizzle.py::test_append_data[v_drizzle_bias],OD-Vic,RepoArchived,,
https://github.com/tukiains/cloudnetpy,26f2607b890630146469cfa410fce99438ceee3f,tests/unit/test_drizzle.py::test_append_data[v_drizzle_error],OD-Vic,RepoArchived,,
https://github.com/tukiains/cloudnetpy,26f2607b890630146469cfa410fce99438ceee3f,tests/unit/test_drizzle.py::test_calc_beta_z_ratio,OD-Vic,RepoArchived,,
https://github.com/tukiains/cloudnetpy,26f2607b890630146469cfa410fce99438ceee3f,tests/unit/test_drizzle.py::test_calc_density,OD-Vic,RepoArchived,,
https://github.com/tukiains/cloudnetpy,26f2607b890630146469cfa410fce99438ceee3f,tests/unit/test_drizzle.py::test_calc_derived_products[drizzle_lwc],OD-Vic,RepoArchived,,
https://github.com/tukiains/cloudnetpy,26f2607b890630146469cfa410fce99438ceee3f,tests/unit/test_drizzle.py::test_calc_derived_products[drizzle_lwf],OD-Vic,RepoArchived,,
https://github.com/tukiains/cloudnetpy,26f2607b890630146469cfa410fce99438ceee3f,tests/unit/test_drizzle.py::test_calc_derived_products[drizzle_N],OD-Vic,RepoArchived,,
https://github.com/tukiains/cloudnetpy,26f2607b890630146469cfa410fce99438ceee3f,tests/unit/test_drizzle.py::test_calc_derived_products[v_air],OD-Vic,RepoArchived,,
https://github.com/tukiains/cloudnetpy,26f2607b890630146469cfa410fce99438ceee3f,tests/unit/test_drizzle.py::test_calc_derived_products[v_drizzle],OD-Vic,RepoArchived,,
https://github.com/tukiains/cloudnetpy,26f2607b890630146469cfa410fce99438ceee3f,tests/unit/test_drizzle.py::test_calc_dia,OD-Vic,RepoArchived,,
https://github.com/tukiains/cloudnetpy,26f2607b890630146469cfa410fce99438ceee3f,tests/unit/test_drizzle.py::test_calc_fall_velocity,OD-Brit,RepoArchived,,
https://github.com/tukiains/cloudnetpy,26f2607b890630146469cfa410fce99438ceee3f,tests/unit/test_drizzle.py::test_calc_lwc,OD-Vic,RepoArchived,,
https://github.com/tukiains/cloudnetpy,26f2607b890630146469cfa410fce99438ceee3f,tests/unit/test_drizzle.py::test_calc_lwf,OD-Brit,RepoArchived,,
https://github.com/tukiains/cloudnetpy,26f2607b890630146469cfa410fce99438ceee3f,tests/unit/test_drizzle.py::test_calc_v_air,OD-Vic,RepoArchived,,
https://github.com/tukiains/cloudnetpy,26f2607b890630146469cfa410fce99438ceee3f,tests/unit/test_drizzle.py::test_find_indices,OD-Vic,RepoArchived,,
https://github.com/tukiains/cloudnetpy,26f2607b890630146469cfa410fce99438ceee3f,tests/unit/test_drizzle.py::test_find_lut_indices,OD-Vic,RepoArchived,,
https://github.com/tukiains/cloudnetpy,26f2607b890630146469cfa410fce99438ceee3f,tests/unit/test_drizzle.py::test_init_variables[beta_corr],OD-Vic,RepoArchived,,
https://github.com/tukiains/cloudnetpy,26f2607b890630146469cfa410fce99438ceee3f,tests/unit/test_drizzle.py::test_init_variables[Do],OD-Vic,RepoArchived,,
https://github.com/tukiains/cloudnetpy,26f2607b890630146469cfa410fce99438ceee3f,tests/unit/test_drizzle.py::test_init_variables[mu],OD-Vic,RepoArchived,,
https://github.com/tukiains/cloudnetpy,26f2607b890630146469cfa410fce99438ceee3f,tests/unit/test_drizzle.py::test_init_variables[S],OD-Vic,RepoArchived,,
https://github.com/tukiains/cloudnetpy,26f2607b890630146469cfa410fce99438ceee3f,tests/unit/test_drizzle.py::test_is_converged,OD-Vic,RepoArchived,,
https://github.com/tukiains/cloudnetpy,26f2607b890630146469cfa410fce99438ceee3f,tests/unit/test_drizzle.py::test_screen_rain,OD-Vic,RepoArchived,,
https://github.com/tukiains/cloudnetpy,26f2607b890630146469cfa410fce99438ceee3f,tests/unit/test_drizzle.py::test_update_result_tables[Do-10],OD-Vic,RepoArchived,,
https://github.com/tukiains/cloudnetpy,26f2607b890630146469cfa410fce99438ceee3f,tests/unit/test_drizzle.py::test_update_result_tables[mu--1],OD-Vic,RepoArchived,,
https://github.com/tukiains/cloudnetpy,26f2607b890630146469cfa410fce99438ceee3f,tests/unit/test_drizzle.py::test_update_result_tables[S-93.7247943],OD-Vic,RepoArchived,,
https://github.com/tukiains/cloudnetpy,26f2607b890630146469cfa410fce99438ceee3f,tests/unit/test_lwc.py::test_init_status[0],OD-Vic,RepoArchived,,
https://github.com/tukiains/cloudnetpy,26f2607b890630146469cfa410fce99438ceee3f,tests/unit/test_lwc.py::test_remove_good_profiles,OD-Vic,RepoArchived,,
https://github.com/tukiains/cloudnetpy,26f2607b890630146469cfa410fce99438ceee3f,tests/unit/test_lwc.py::test_update_status[0],OD-Vic,RepoArchived,,
https://github.com/tukiains/cloudnetpy,26f2607b890630146469cfa410fce99438ceee3f,tests/unit/test_lwc.py::test_update_status[1],OD-Vic,RepoArchived,,
https://github.com/tukiains/cloudnetpy,26f2607b890630146469cfa410fce99438ceee3f,tests/unit/test_rpg.py::TestReduceHeader::test_1,OD-Vic,RepoArchived,,
https://github.com/unfoldingWord-dev/python-resource-container,64d87f900af969f47b20b798cf00c2861435b0d8,tests/container_test.py::TestResourceContainer::test_should_fail_to_load_missing_rc,OD-Brit,Unmaintained,,latest commit 2018/02/05
https://github.com/unfoldingWord-dev/python-resource-container,64d87f900af969f47b20b798cf00c2861435b0d8,tests/container_test.py::TestResourceContainer::test_should_load_a_missing_rc_when_not_in_strict_mode,OD-Brit,Unmaintained,,latest commit 2018/02/05
https://github.com/Varkal/chuda,bd4d30c0f809d5349752ab2f322f30b01ab6b4a4,tests/test_app.py::test_output[argv0],OD-Vic,Unmaintained,,latest commit 2019/08/06
https://github.com/verdan/pyatlasclient,6c3ef3926eef059f00730b6bcc1a1787f6bbcd9c,tests/test_models.py::TestDiscoveryREST::test_search_attribute_get,OD-Vic,Unmaintained,,latest commit 2021/12/02
https://github.com/vilkasgroup/Verifone,5509c08767a9b482cfe5a9572854cf4c73ad6c02,tests/test_verifone.py::TestVerifone::test_001_create_object_with_defaults,OD-Vic,,,
https://github.com/vitalk/flask-apify,f486d2616575be0e460ccf354d22badb7d68b387,tests/test_apify.py::test_apify_init,OD-Vic,Unmaintained,,latest commit 2016/08/14
https://github.com/vitalk/flask-apify,f486d2616575be0e460ccf354d22badb7d68b387,tests/test_serializers.py::TestJSONPSerializer::test_support_custom_callback_name,OD-Brit,Unmaintained,,latest commit 2016/08/14
https://github.com/vitalk/flask-apify,f486d2616575be0e460ccf354d22badb7d68b387,tests/test_serializers.py::TestJSONPSerializer::test_use_callback_function_from_request_arguments_to_wrap_output,OD-Brit,Unmaintained,,latest commit 2016/08/14
https://github.com/Vnet-as/myr-base,56e347b4f4d70f53a6afe55e96c1f9e35f5454eb,tests/test_base.py::TestApp::test_announcing_no_tasks,OD-Vic,RepoArchived,,
https://github.com/voytekresearch/fooof,7a520c4f8ac3a44f4f18dc025b5e5d40049c9f2b,fooof/tests/core/test_io.py::test_load_file_contents,OD-Brit,Rejected,https://github.com/fooof-tools/fooof/pull/243,
https://github.com/voytekresearch/fooof,7a520c4f8ac3a44f4f18dc025b5e5d40049c9f2b,fooof/tests/core/test_io.py::test_load_jsonlines,OD-Brit,Rejected,https://github.com/fooof-tools/fooof/pull/243,
https://github.com/voytekresearch/fooof,7a520c4f8ac3a44f4f18dc025b5e5d40049c9f2b,fooof/tests/core/test_io.py::test_load_json_fobj,OD-Brit,Rejected,https://github.com/fooof-tools/fooof/pull/243,
https://github.com/voytekresearch/fooof,7a520c4f8ac3a44f4f18dc025b5e5d40049c9f2b,fooof/tests/core/test_io.py::test_load_json_str,OD-Brit,Rejected,https://github.com/fooof-tools/fooof/pull/243,
https://github.com/voytekresearch/fooof,7a520c4f8ac3a44f4f18dc025b5e5d40049c9f2b,fooof/tests/objs/test_fit.py::test_fooof_fit_knee,OD-Vic,,,
https://github.com/voytekresearch/fooof,7a520c4f8ac3a44f4f18dc025b5e5d40049c9f2b,fooof/tests/objs/test_fit.py::test_fooof_fit_nk,OD-Vic,,,
https://github.com/voytekresearch/fooof,7a520c4f8ac3a44f4f18dc025b5e5d40049c9f2b,fooof/tests/objs/test_fit.py::test_fooof_load,OD-Brit,,,
https://github.com/voytekresearch/fooof,7a520c4f8ac3a44f4f18dc025b5e5d40049c9f2b,fooof/tests/objs/test_group.py::test_fg_load,OD-Brit,,,
https://github.com/voytekresearch/fooof,7a520c4f8ac3a44f4f18dc025b5e5d40049c9f2b,fooof/tests/utils/test_download.py::test_check_data_file,OD-Brit,,,
https://github.com/voytekresearch/fooof,7a520c4f8ac3a44f4f18dc025b5e5d40049c9f2b,fooof/tests/utils/test_io.py::test_load_fooof,OD-Brit,,,
https://github.com/voytekresearch/fooof,7a520c4f8ac3a44f4f18dc025b5e5d40049c9f2b,fooof/tests/utils/test_io.py::test_load_fooofgroup,OD-Brit,,,
https://github.com/waqasbhatti/authnzerver,bc735a1c9e1c084c40854a539a000d69a50ed486,authnzerver/tests/test_auth_creation.py::test_create_user,OD-Vic,Unmaintained,,latest commit 2022/01/29
https://github.com/waqasbhatti/authnzerver,bc735a1c9e1c084c40854a539a000d69a50ed486,authnzerver/tests/test_auth_permissions.py::test_role_permissions,OD-Vic,Unmaintained,,latest commit 2022/01/29
https://github.com/WCraaS/wcraas_common,af209ab412c18473edfaaf2871eef9c0357b91e9,tests/test_wcraas_common.py::test_default_env_load,OD-Vic,Unmaintained,,latest commit 2020/01/09
https://github.com/weka-io/easypy,9501c3ee03dcb1630e58cbb73b1647056907bcea,tests/test_caching.py::test_resilient_between_timecaches,OD-Vic,RepoArchived,,
https://github.com/weka-io/easypy,9501c3ee03dcb1630e58cbb73b1647056907bcea,tests/test_concurrency.py::test_concurrent_done_status[False],OD-Vic,RepoArchived,,
https://github.com/weka-io/easypy,9501c3ee03dcb1630e58cbb73b1647056907bcea,tests/test_concurrency.py::test_concurrent_done_status[True],OD-Vic,RepoArchived,,
https://github.com/weka-io/easypy,9501c3ee03dcb1630e58cbb73b1647056907bcea,tests/test_concurrency.py::test_multiexception_api[concurrent],OD-Vic,RepoArchived,,
https://github.com/weka-io/easypy,9501c3ee03dcb1630e58cbb73b1647056907bcea,tests/test_concurrency.py::test_multiexception_api[nonconcurrent],OD-Vic,RepoArchived,,
https://github.com/weka-io/easypy,9501c3ee03dcb1630e58cbb73b1647056907bcea,tests/test_concurrency.py::test_multiexception_pickling,OD-Vic,RepoArchived,,
https://github.com/weka-io/easypy,9501c3ee03dcb1630e58cbb73b1647056907bcea,tests/test_concurrency.py::test_multiexception_types,OD-Vic,RepoArchived,,
https://github.com/weka-io/easypy,9501c3ee03dcb1630e58cbb73b1647056907bcea,tests/test_concurrency.py::test_multiobject_1,OD-Vic,RepoArchived,,
https://github.com/weka-io/easypy,9501c3ee03dcb1630e58cbb73b1647056907bcea,tests/test_concurrency.py::test_multiobject_exceptions,OD-Vic,RepoArchived,,
https://github.com/weka-io/easypy,9501c3ee03dcb1630e58cbb73b1647056907bcea,tests/test_concurrency.py::test_multiobject_logging,OD-Vic,RepoArchived,,
https://github.com/weka-io/easypy,9501c3ee03dcb1630e58cbb73b1647056907bcea,tests/test_concurrency.py::test_thread_contexts_counters,OD-Vic,RepoArchived,,
https://github.com/weka-io/easypy,9501c3ee03dcb1630e58cbb73b1647056907bcea,tests/test_concurrency.py::test_thread_context_stacks,OD-Vic,RepoArchived,,
https://github.com/weka-io/easypy,9501c3ee03dcb1630e58cbb73b1647056907bcea,tests/test_concurrency.py::test_thread_stacks,OD-Vic,RepoArchived,,
https://github.com/weka-io/easypy,9501c3ee03dcb1630e58cbb73b1647056907bcea,tests/test_exceptions.py::test_pickle_texception,OD-Vic,RepoArchived,,
https://github.com/weka-io/easypy,9501c3ee03dcb1630e58cbb73b1647056907bcea,tests/test_logging.py::test_indent_around_ctx,OD-Vic,RepoArchived,,
https://github.com/weka-io/easypy,9501c3ee03dcb1630e58cbb73b1647056907bcea,tests/test_logging.py::test_indent_around_function,OD-Vic,RepoArchived,,
https://github.com/weka-io/easypy,9501c3ee03dcb1630e58cbb73b1647056907bcea,tests/test_logging.py::test_indent_around_generator,OD-Vic,RepoArchived,,
https://github.com/weka-io/easypy,9501c3ee03dcb1630e58cbb73b1647056907bcea,tests/test_rwlock.py::test_rwlock,OD-Vic,RepoArchived,,
https://github.com/weka-io/easypy,9501c3ee03dcb1630e58cbb73b1647056907bcea,tests/test_signals.py::test_async,OD-Vic,RepoArchived,,
https://github.com/weka-io/easypy,9501c3ee03dcb1630e58cbb73b1647056907bcea,tests/test_signals.py::test_ctx,OD-Vic,RepoArchived,,
https://github.com/weka-io/easypy,9501c3ee03dcb1630e58cbb73b1647056907bcea,tests/test_signals.py::test_ctx_with_identifier,OD-Vic,RepoArchived,,
https://github.com/weka-io/easypy,9501c3ee03dcb1630e58cbb73b1647056907bcea,tests/test_signals.py::test_priorities,OD-Vic,RepoArchived,,
https://github.com/weka-io/easypy,9501c3ee03dcb1630e58cbb73b1647056907bcea,tests/test_signals.py::test_priorities_async,OD-Vic,RepoArchived,,
https://github.com/weka-io/easypy,9501c3ee03dcb1630e58cbb73b1647056907bcea,tests/test_signals.py::test_registration_context,OD-Vic,RepoArchived,,
https://github.com/weka-io/easypy,9501c3ee03dcb1630e58cbb73b1647056907bcea,tests/test_signals.py::test_signal_weakref,OD-Vic,RepoArchived,,
https://github.com/weka-io/easypy,9501c3ee03dcb1630e58cbb73b1647056907bcea,tests/test_signals.py::test_signal_weakref_complex_descriptors,OD-Vic,RepoArchived,,
https://github.com/weka-io/easypy,9501c3ee03dcb1630e58cbb73b1647056907bcea,tests/test_signals.py::test_signal_weakref_context_manager_delete_after,OD-Vic,RepoArchived,,
https://github.com/weka-io/easypy,9501c3ee03dcb1630e58cbb73b1647056907bcea,tests/test_signals.py::test_signal_weakref_context_manager_delete_after_with_identifier,OD-Vic,RepoArchived,,
https://github.com/weka-io/easypy,9501c3ee03dcb1630e58cbb73b1647056907bcea,tests/test_signals.py::test_signal_weakref_context_manager_delete_during,OD-Vic,RepoArchived,,
https://github.com/weka-io/easypy,9501c3ee03dcb1630e58cbb73b1647056907bcea,tests/test_signals.py::test_signal_weakref_context_manager_delete_during_with_identifier,OD-Vic,RepoArchived,,
https://github.com/weka-io/easypy,9501c3ee03dcb1630e58cbb73b1647056907bcea,tests/test_signals.py::test_signal_weakref_with_identifier,OD-Vic,RepoArchived,,
https://github.com/weka-io/easypy,9501c3ee03dcb1630e58cbb73b1647056907bcea,tests/test_signals.py::test_simple_signal_object_identifier,OD-Vic,RepoArchived,,
https://github.com/weka-io/easypy,9501c3ee03dcb1630e58cbb73b1647056907bcea,tests/test_signals.py::test_simple_signal_object_identifier_attribute,OD-Vic,RepoArchived,,
https://github.com/weka-io/easypy,9501c3ee03dcb1630e58cbb73b1647056907bcea,tests/test_signals.py::test_simple_signal_object_registration,OD-Vic,RepoArchived,,
https://github.com/weka-io/easypy,9501c3ee03dcb1630e58cbb73b1647056907bcea,tests/test_signals.py::test_simple_signal_object_wo_identifier,OD-Vic,RepoArchived,,
https://github.com/weka-io/easypy,9501c3ee03dcb1630e58cbb73b1647056907bcea,tests/test_signals.py::test_simple_signal_registration,OD-Vic,RepoArchived,,
https://github.com/weka-io/easypy,9501c3ee03dcb1630e58cbb73b1647056907bcea,tests/test_sync.py::test_logged_condition,OD-Vic,RepoArchived,,
https://github.com/weka-io/easypy,9501c3ee03dcb1630e58cbb73b1647056907bcea,tests/test_sync.py::test_logged_condition_exception,OD-Vic,RepoArchived,,
https://github.com/weka-io/easypy,9501c3ee03dcb1630e58cbb73b1647056907bcea,tests/test_sync.py::test_logged_condition_waited_for,OD-Vic,RepoArchived,,
https://github.com/weka-io/easypy,9501c3ee03dcb1630e58cbb73b1647056907bcea,tests/test_sync.py::test_logged_lock,OD-Vic,RepoArchived,,
https://github.com/weka-io/easypy,9501c3ee03dcb1630e58cbb73b1647056907bcea,tests/test_sync.py::test_synchronization_coordinator_failing_context_manager,OD-Vic,RepoArchived,,
https://github.com/weka-io/easypy,9501c3ee03dcb1630e58cbb73b1647056907bcea,tests/test_sync.py::test_synchronization_coordinator_timeout,OD-Vic,RepoArchived,,
https://github.com/weka-io/easypy,9501c3ee03dcb1630e58cbb73b1647056907bcea,tests/test_sync.py::test_synchronization_coordinator_with_multiobject_exception,OD-Vic,RepoArchived,,
https://github.com/weka-io/easypy,9501c3ee03dcb1630e58cbb73b1647056907bcea,tests/test_sync.py::test_wait_log_predicate,OD-Vic,RepoArchived,,
https://github.com/whisller/pyeventdispatcher,5382e5e8578dea89a76481e15d410d516999055a,test/test_pyeventdispatcher.py::TestRegister::test_it_allows_to_register[<lambda>],OD-Vic,RepoArchived,,
https://github.com/whisller/pyeventdispatcher,5382e5e8578dea89a76481e15d410d516999055a,test/test_pyeventdispatcher.py::TestRegister::test_it_allows_to_register[call_on_event],OD-Vic,RepoArchived,,
https://github.com/whisller/pyeventdispatcher,433accc6e5682280189d8a584b87d4c3f815e200,test/test_pyeventdispatcher.py::TestRegister::test_listeners_executed_in_order test/test_pyeventdispatcher.py::TestRegister::test_it_allows_to_register,OD,RepoArchived,,pytest --randomly-seed=123 or pytest --randomly-seed=1234
https://github.com/whisller/pyeventdispatcher,5382e5e8578dea89a76481e15d410d516999055a,test/test_pyeventdispatcher.py::TestRegister::test_listeners_executed_in_order[to_register0-First\nSecond\n],OD-Vic,RepoArchived,,
https://github.com/whisller/pyeventdispatcher,5382e5e8578dea89a76481e15d410d516999055a,test/test_pyeventdispatcher.py::TestRegister::test_listeners_executed_in_order[to_register1-Second\nFirst\n],OD-Vic,RepoArchived,,
https://github.com/wilfredinni/coo,da9e75d46ed65599cd2223b029ac30c08496a80b,tests/test_coo.py::test_tweet_none_media_TwitterError,OD-Vic,RepoArchived,,
https://github.com/willforde/urlquick,db765372b73800cfa056047a3f3331820abd4ae8,tests/test_urlquick.py::TestCacheHandler::test_cache_check_no_cache,OD-Vic,,,
https://github.com/willvousden/ptemcee,a411be2e29e39585212c92acea1893f955aa9be8,ptemcee/tests.py::Tests::test_inf_logprob,OD-Vic,RepoArchived,,
https://github.com/Windsooon/cherry,bc6ae1f0284d837fb95279098538530312313534,tests/test_classify.py::ClassifyTest::test_init,OD-Vic,Unmaintained,,latest commit 2022/01/19
https://github.com/Windsooon/cherry,bc6ae1f0284d837fb95279098538530312313534,tests/test_classify.py::ClassifyTest::test_load_cache,OD-Brit,Unmaintained,,latest commit 2022/01/19
https://github.com/workenvoy/firestore,4933f1a9f307539a8cef4ea80869c8821a92bc8d,tests/containers/collection_test.py::DocumentTest::test_collection_name,OD-Vic,Unmaintained,,latest commit 2019/10/02
https://github.com/workenvoy/firestore,4933f1a9f307539a8cef4ea80869c8821a92bc8d,tests/containers/collection_test.py::DocumentTest::test_dbpath,OD-Vic,Unmaintained,,latest commit 2019/10/02
https://github.com/wsilva32/poly_decomp.py,cb1a47f218e076772b9df137c1928023882df5e5,tests/test_poly_decomp.py::TestPoly_Decomp::test_not_polygonCanSee,OD-Vic,Unmaintained,,latest commit 2016/10/25
https://github.com/wsilva32/poly_decomp.py,cb1a47f218e076772b9df137c1928023882df5e5,tests/test_poly_decomp.py::TestPoly_Decomp::test_not_polygonIsReflex,OD-Vic,Unmaintained,,latest commit 2016/10/25
https://github.com/wsilva32/poly_decomp.py,cb1a47f218e076772b9df137c1928023882df5e5,tests/test_poly_decomp.py::TestPoly_Decomp::test_polygonAt,OD-Vic,Unmaintained,,latest commit 2016/10/25
https://github.com/wsilva32/poly_decomp.py,cb1a47f218e076772b9df137c1928023882df5e5,tests/test_poly_decomp.py::TestPoly_Decomp::test_polygonAt_negative_index,OD-Vic,Unmaintained,,latest commit 2016/10/25
https://github.com/wsilva32/poly_decomp.py,cb1a47f218e076772b9df137c1928023882df5e5,tests/test_poly_decomp.py::TestPoly_Decomp::test_polygonIsReflex,OD-Vic,Unmaintained,,latest commit 2016/10/25
https://github.com/ylaizet/alphanum_code,fb5cd313dc41f046aac01ff01d6e1561d17894a6,tests/test_alphanum_code.py::test_init_code,OD-Vic,Unmaintained,,latest commit 2018/10/19
https://github.com/ylaizet/alphanum_code,fb5cd313dc41f046aac01ff01d6e1561d17894a6,tests/test_alphanum_code.py::test_next_code,OD-Brit,Unmaintained,,latest commit 2018/10/19
https://github.com/yukinotenshi/pydeploy,e3ddf907b293c9da28503b3d72414a303c5dfbed,pydeploy/tests/test_command_chain.py::TestCommandChain::test_all,OD-Vic,Unmaintained,,latest commit 2018/12/07
https://github.com/yukinotenshi/pydeploy,e3ddf907b293c9da28503b3d72414a303c5dfbed,pydeploy/tests/test_command_chain.py::TestCommandChain::test_notifier_loaded,OD-Vic,Unmaintained,,latest commit 2018/12/07
https://github.com/yukinotenshi/pydeploy,e3ddf907b293c9da28503b3d72414a303c5dfbed,pydeploy/tests/test_command_chain.py::TestCommandChain::test_postscript_only,OD-Vic,Unmaintained,,latest commit 2018/12/07
https://github.com/yukinotenshi/pydeploy,e3ddf907b293c9da28503b3d72414a303c5dfbed,pydeploy/tests/test_command_chain.py::TestCommandChain::test_prescript_only,OD-Vic,Unmaintained,,latest commit 2018/12/07
https://github.com/Zabamund/wellpathpy,f29b14a9a1c46e77ea98b141e3cdc43674654ea2,wellpathpy/test/test_location.py::test_wellhead,OD-Vic,,,
https://github.com/zerotosingularity/pdl,fd39c391101b3fe315631565a0f4eb7c99890789,tests/test_pdl.py::test_no_archive_url,OD-Brit,,,
https://github.com/zzzzlzzzz/jackfruit,350a41aa28e2bdc9367f9dd5e686b21125828589,tests/test_jackfruit.py::test_single_view,OD-Vic,Unmaintained,,latest commit 2019/10/13
