Project URL,SHA Detected,Pytest Test Name (PathToFile::TestClass::TestMethod or PathToFile::TestMethod),Category,Status,PR Link,Notes
https://github.com/actris-cloudnet/cloudnetpy,4caaec217c8e100fa2a11f76654917e0bd9560a7,tests/unit/test_meta_for_old_files.py::test_fix_old_data_2,NIO,Open,https://github.com/actris-cloudnet/cloudnetpy/pull/34,
https://github.com/AdventielFr/ecs-crd-cli,7b296c64086a204d3540da272e3d8dd74721c6c4,tests/test_prepareDeploymentServiceDefinitionStep.py::test_process_application_autoscaling_scalable_target_max_capacity_invalid,OD-Brit,Unmaintained,,latest commit 2022/07/08
https://github.com/agile4you/bottle-neck,ebc670a4b178255473d68e9b4122ba04e38f4810,test/test_routing.py::test_router_mount_pass,OD-Vic,Opened,https://github.com/agile4you/bottle-neck/pull/4,
https://github.com/agile4you/bottle-neck,ebc670a4b178255473d68e9b4122ba04e38f4810,test/test_routing.py::test_router_mount_pass,OD-Brit,Unmaintained,,latest commit 2017/05/08
https://github.com/agile4you/bottle-neck,ebc670a4b178255473d68e9b4122ba04e38f4810,test/test_routing.py::test_router_register_handler_cbv_pass,OD-Brit,Unmaintained,,latest commit 2017/05/08
https://github.com/agile4you/bottle-neck,ebc670a4b178255473d68e9b4122ba04e38f4810,test/test_routing.py::test_router_register_handler_fn_pass,NIO,Opened,https://github.com/agile4you/bottle-neck/pull/3,
https://github.com/agile4you/bottle-neck,ebc670a4b178255473d68e9b4122ba04e38f4810,test/test_routing.py::test_router_register_handler_fn_pass,OD-Vic,Unmaintained,,latest commit 2017/05/08
https://github.com/AGTGreg/runium,ba89015859976d3426d25a53af5fa4d8827c7483,tests/test_runium.py::TestTaskSkipping::test_processing,NOD,Unmaintained,,latest commit 2019/07/26
https://github.com/Alexei-Kornienko/schematics_to_swagger,d9c1c9e43a25c5a4ff60701b3bf22fc039c815c2,tests/test_model.py::test_compound_type,OD-Vic,Unmaintained,,latest commit 2020/03/02
https://github.com/Alexei-Kornienko/schematics_to_swagger,d9c1c9e43a25c5a4ff60701b3bf22fc039c815c2,tests/test_model.py::test_read_models_from_module,OD-Vic,Unmaintained,,latest commit 2020/03/02
https://github.com/alexrudy/supertunnel,4c64e2fedda3382b809a2c3d01c711ec4961f933,supertunnel/ssh/continuous_test.py::test_backoff,OD-Brit,Unmaintained,,latest commit 2019/11/21
https://github.com/alexrudy/supertunnel,4c64e2fedda3382b809a2c3d01c711ec4961f933,supertunnel/ssh/continuous_test.py::test_continuous_repr,OD-Brit,Unmaintained,,latest commit 2019/11/21
https://github.com/alexrudy/supertunnel,4c64e2fedda3382b809a2c3d01c711ec4961f933,supertunnel/ssh/continuous_test.py::test_run,OD-Brit,Unmaintained,,latest commit 2019/11/21
https://github.com/alexrudy/supertunnel,4c64e2fedda3382b809a2c3d01c711ec4961f933,supertunnel/ssh/continuous_test.py::test_run_continuous,OD-Brit,Unmaintained,,latest commit 2019/11/21
https://github.com/alexrudy/supertunnel,4c64e2fedda3382b809a2c3d01c711ec4961f933,supertunnel/ssh/continuous_test.py::test_run_continuous_hang,OD-Brit,Unmaintained,,latest commit 2019/11/21
https://github.com/alexrudy/supertunnel,4c64e2fedda3382b809a2c3d01c711ec4961f933,supertunnel/ssh/continuous_test.py::test_run_continuous_raise,OD-Brit,Unmaintained,,latest commit 2019/11/21
https://github.com/alexrudy/supertunnel,4c64e2fedda3382b809a2c3d01c711ec4961f933,supertunnel/ssh/continuous_test.py::test_ssh_log_line[debug1: Reading configuration-Action.CONTINUE],OD-Brit,Unmaintained,,latest commit 2019/11/21
https://github.com/alexrudy/supertunnel,4c64e2fedda3382b809a2c3d01c711ec4961f933,supertunnel/ssh/continuous_test.py::test_ssh_log_line[Entering interactive session-Action.CONNECTED],OD-Brit,Unmaintained,,latest commit 2019/11/21
https://github.com/alexrudy/supertunnel,4c64e2fedda3382b809a2c3d01c711ec4961f933,supertunnel/ssh/continuous_test.py::test_ssh_log_line[Host example.com not responding-Action.DISCONNECTED],OD-Brit,Unmaintained,,latest commit 2019/11/21
https://github.com/aluttik/kitsune,43824cccf46f433a71b30a7febc0e3500b831067,tests/test_kitsune.py::test_kitsune_printer_plain,NIO,Unmaintained,,latest commit 2018/11/19
https://github.com/attzonko/mmpy_bot,4faa19a9e04c75af94c45c24dbd0c9d9ecb867d4,tests/unit_tests/test_scheduler.py::test_add_onetime_job_without_trigger_time,OD-Vic,Deleted,,Deleted in commit 8bba73afdd0dc3ce01c8b0599e59aa5688faf281
https://github.com/attzonko/mmpy_bot,4faa19a9e04c75af94c45c24dbd0c9d9ecb867d4,tests/unit_tests/test_scheduler.py::test_add_onetime_job_with_trigger_time,OD-Vic,Deleted,,Deleted in commit 8bba73afdd0dc3ce01c8b0599e59aa5688faf281
https://github.com/AuraiProject/freesia,16834c17725edac74eb50fc5ce2ff1db6f3f4840,tests/test_route.py::RouteTestCase::test_url_match,OD-Brit,Unmaintained,,latest commit 2019/04/30
https://github.com/avature/confight,be2d162c99cc3c709289913de137f8d8bfbd35d5,test_confight.py::TestLoad::test_it_should_load_and_merge_lists_of_paths,OD-Vic,,,
https://github.com/bazaar-projects/docopt-ng,bbed40a2335686d2e14ac0e6c3188374dc4784da,tests/test_docopt_ng.py::test_docopt_ng_more_magic_global_arguments_and_dot_access,NIO,Opened,https://github.com/jazzband/docopt-ng/pull/20,
https://github.com/benjaminp/six,c0be8815d13df45b6ae471c4c436cce8c192245d,test_six.py::test_lazy,NIO,,,
https://github.com/benjaminp/six,c0be8815d13df45b6ae471c4c436cce8c192245d,test_six.py::test_lazy,OD-Vic,,,
https://github.com/bennymeg/Butter.MAS.PythonAPI,f86ebe75df3826f62a268645cdbe4400b43fab07,butter/mas/tests/clients/client_http_test.py::TestHttpClientApiMethods::testGetMotorRegister,NOD,,,
https://github.com/bmweiner/skillful,8646f54faf62cb63f165f7699b8ace5b4a08233c,skillful/tests/test_controller.py::TestSkill::test_process_end,OD-Vic,Unmaintained,,latest commit 2017/05/15
https://github.com/bwohlberg/sporco,efd9237ec0d254e2ff630ad0ac17eb8dc566c586,tests/test_plot.py::TestSet01::test_09,OD-Vic,,,
https://github.com/cahoy/NestedDictionary,881f0ea8af36a60fcd1b9d7a84b1aec4cd7072b2,easy_dict/tests/test_01_default.py::test_del,,Unmaintained,,pytest --flake-finder --flake-runs=2 or pytest --randomly-seed=1234;latest commit 2016/06/24
https://github.com/cahoy/NestedDictionary,881f0ea8af36a60fcd1b9d7a84b1aec4cd7072b2,easy_dict/tests/test_01_default.py::test_del,OD-Brit,Unmaintained,,latest commit 2016/06/24
https://github.com/cbornet/python-httpproblem,0b08139277e9cba02339eeb0996c0910d047274a,tests/test_problem.py::test_exception_to_http_response,OD-Vic,Unmaintained,,latest commit 2020/12/17
https://github.com/cbornet/python-httpproblem,0b08139277e9cba02339eeb0996c0910d047274a,tests/test_problem.py::test_exception_to_http_response_with_global_traceback,OD-Vic,Unmaintained,,latest commit 2020/12/17
https://github.com/cbornet/python-httpproblem,0b08139277e9cba02339eeb0996c0910d047274a,tests/test_problem.py::test_exception_to_http_response_with_traceback_param,OD-Vic,Unmaintained,,latest commit 2020/12/17
https://github.com/cbornet/python-httpproblem,0b08139277e9cba02339eeb0996c0910d047274a,tests/test_problem.py::test_problem_http_response[1000-test_title-test_detail-test_type-test_instance-headers0-kwargs0-expected_body0-expected_headers0],OD-Vic,Unmaintained,,latest commit 2020/12/17
https://github.com/cbornet/python-httpproblem,0b08139277e9cba02339eeb0996c0910d047274a,tests/test_problem.py::test_problem_http_response[None-None-None-None-None-headers2-kwargs2-expected_body2-expected_headers2],OD-Vic,Unmaintained,,latest commit 2020/12/17
https://github.com/cbornet/python-httpproblem,0b08139277e9cba02339eeb0996c0910d047274a,tests/test_problem.py::test_problem_http_response[None-None-None-None-None-headers3-kwargs3-expected_body3-expected_headers3],OD-Vic,Unmaintained,,latest commit 2020/12/17
https://github.com/cbornet/python-httpproblem,0b08139277e9cba02339eeb0996c0910d047274a,tests/test_problem.py::test_problem_http_response[None-None-None-None-None-None-kwargs1-expected_body1-expected_headers1],OD-Vic,Unmaintained,,latest commit 2020/12/17
https://github.com/cesar-rodriguez/terrascan,fd4ca9d23e694185fd5cb9ddf357b52b15adc6ca,tests/test_terrascan.py::test_success,OD-Vic,,,
https://github.com/chaosmail/python-fs,2567922ced9387e327e65f3244caff3b7af35684,fs/tests/test_addpath.py::test_addpath,NIO,Unmaintained,,latest commit 2022/02/27
https://github.com/chaosmail/python-fs,2567922ced9387e327e65f3244caff3b7af35684,fs/tests/test_mkdir.py::test_mkdir,NIO,Accepted,https://github.com/chaosmail/python-fs/pull/9,
https://github.com/chaosmail/python-fs,2567922ced9387e327e65f3244caff3b7af35684,fs/tests/test_mkdir.py::test_mkdir,OD-Vic,Unmaintained,,latest commit 2022/02/27
https://github.com/chaosmail/python-fs,2567922ced9387e327e65f3244caff3b7af35684,fs/tests/test_mkdir.py::test_mkdir_recursive,NIO,Accepted,https://github.com/chaosmail/python-fs/pull/9,
https://github.com/chaosmail/python-fs,2567922ced9387e327e65f3244caff3b7af35684,fs/tests/test_rename.py::test_rename_directory,NIO,Accepted,https://github.com/chaosmail/python-fs/pull/9,
https://github.com/chaosmail/python-fs,2567922ced9387e327e65f3244caff3b7af35684,fs/tests/test_rename.py::test_rename_file,NIO,Accepted,https://github.com/chaosmail/python-fs/pull/9,
https://github.com/chaosmail/python-fs,2567922ced9387e327e65f3244caff3b7af35684,fs/tests/test_touch.py::test_touch_on_new_file,NIO,Accepted,https://github.com/chaosmail/python-fs/pull/9,
https://github.com/chinapandaman/PyPDFForm,fcc1b297005a39900c1f928f602cbc5f38a1d60e,tests/unit/test_font.py::test_register_font_and_is_registered,NIO,Accepted,https://github.com/chinapandaman/PyPDFForm/pull/254,
https://github.com/chinapnr/fishbase,1615ccff9106bf42fc6ae862cd13353c12c1b76d,test/test_logger.py::TestFishLogging::test_format3,OD-Brit,MovedOrRenamed,,Test renamed to test_format_03
https://github.com/chinapnr/fishbase,ddd1cced20caff3518f13073381d31461caa39a5,test/test_logger.py::TestFishLogging::test_format_03,OD-Brit,Unmaintained,,latest commit 2022/09/13
https://github.com/Cognexa/plcx,2756c0ba78c4c9e572d95ba002708957bc55d4fa,plcx/tests/comm/test_client.py::test_clientx[123],OD-Vic,Unmaintained,,latest commit 2021/05/31
https://github.com/Cognexa/plcx,2756c0ba78c4c9e572d95ba002708957bc55d4fa,plcx/tests/comm/test_client.py::test_clientx[1],OD-Vic,Unmaintained,,latest commit 2021/05/31
https://github.com/Cognexa/plcx,2756c0ba78c4c9e572d95ba002708957bc55d4fa,plcx/tests/comm/test_client.py::test_clientx[hola],OD-Vic,Unmaintained,,latest commit 2021/05/31
https://github.com/Cognexa/plcx,2756c0ba78c4c9e572d95ba002708957bc55d4fa,plcx/tests/comm/test_client.py::test_clientx_context[111],OD-Vic,Unmaintained,,latest commit 2021/05/31
https://github.com/Cognexa/plcx,2756c0ba78c4c9e572d95ba002708957bc55d4fa,plcx/tests/comm/test_client.py::test_clientx_context[321],OD-Vic,Unmaintained,,latest commit 2021/05/31
https://github.com/Cognexa/plcx,2756c0ba78c4c9e572d95ba002708957bc55d4fa,plcx/tests/comm/test_client.py::test_clientx_context[hi],OD-Vic,Unmaintained,,latest commit 2021/05/31
https://github.com/coinbase/coinbase-commerce-python,d306fc562309edb909c8ace501c63327a7635975,tests/test_api_client.py::TestApiClient::test_authentication_error,OD-Vic,Unmaintained,,latest commit 2021/06/11
https://github.com/coinbase/coinbase-commerce-python,d306fc562309edb909c8ace501c63327a7635975,tests/test_api_client.py::TestApiClient::test_invalid_request_error,OD-Vic,Unmaintained,,latest commit 2021/06/11
https://github.com/coinbase/coinbase-commerce-python,d306fc562309edb909c8ace501c63327a7635975,tests/test_api_client.py::TestApiClient::test_resource_not_found_error,OD-Vic,Unmaintained,,latest commit 2021/06/11
https://github.com/ConSou/devtracker,ea892d6d48aa5d4627b429469b59ae3f0ce7f10f,devtracker/test_devtracker.py::test_add_start,OD-Vic,Unmaintained,,latest commit 2019/03/27
https://github.com/ConSou/devtracker,ea892d6d48aa5d4627b429469b59ae3f0ce7f10f,devtracker/test_devtracker.py::test_current_status,OD-Brit,Unmaintained,,latest commit 2019/03/27
https://github.com/ConSou/devtracker,ea892d6d48aa5d4627b429469b59ae3f0ce7f10f,devtracker/test_devtracker.py::test_make_project_csv,OD-Vic,Unmaintained,,latest commit 2019/03/27
https://github.com/ConSou/devtracker,ea892d6d48aa5d4627b429469b59ae3f0ce7f10f,devtracker/test_devtracker.py::test_start_time,NOD,Unmaintained,,latest commit 2019/03/27
https://github.com/ConSou/devtracker,ea892d6d48aa5d4627b429469b59ae3f0ce7f10f,devtracker/test_devtracker.py::test_today_report_err_one,OD-Vic,Unmaintained,,latest commit 2019/03/27
https://github.com/crumpstrr33/Utter-More,418cf5f5ef337700bf0897e746eff8bb275e6da6,test/test_utter_more.py::test_ibu_aut,NIO,Opened,https://github.com/crumpstrr33/Utter-More/pull/1,
https://github.com/crumpstrr33/Utter-More,418cf5f5ef337700bf0897e746eff8bb275e6da6,test/test_utter_more.py::test_saving_utterances[alexa_test-csv-None],OD-Brit,Opened,https://github.com/crumpstrr33/Utter-More/pull/2,
https://github.com/crumpstrr33/Utter-More,418cf5f5ef337700bf0897e746eff8bb275e6da6,test/test_utter_more.py::test_saving_utterances[csv_test-csv-None],OD-Brit,Opened,https://github.com/crumpstrr33/Utter-More/pull/2,
https://github.com/crumpstrr33/Utter-More,418cf5f5ef337700bf0897e746eff8bb275e6da6,test/test_utter_more.py::test_saving_utterances[file_override_test-txt-csv],OD-Brit,Opened,https://github.com/crumpstrr33/Utter-More/pull/2,
https://github.com/crumpstrr33/Utter-More,418cf5f5ef337700bf0897e746eff8bb275e6da6,test/test_utter_more.py::test_saving_utterances[txt_test-txt-None],OD-Brit,Opened,https://github.com/crumpstrr33/Utter-More/pull/2,
https://github.com/daknuett/ljson,1d3dc13001d9d2f61bcfbf9d5c5b16d44fb8076e,test/test_ljson_mem.py::test_contains,OD-Vic,Unmaintained,,latest commit 2021/08/24
https://github.com/daknuett/ljson,1d3dc13001d9d2f61bcfbf9d5c5b16d44fb8076e,test/test_ljson_mem.py::test_edit,OD-Vic,Unmaintained,,latest commit 2021/08/24
https://github.com/daknuett/ljson,1d3dc13001d9d2f61bcfbf9d5c5b16d44fb8076e,test/test_ljson_mem.py::test_unique_check,NIO,Accepted,https://github.com/daknuett/ljson/pull/4,
https://github.com/daliclass/rxpy-backpressure,b1a7bddfb370884135d6f2e7d9a3dd332a90d7cc,tests/test_sized_buffer_backpressure_strategy.py::TestDropBackPressureStrategy::test_on_next_drop_new_message_when_buffer_full,OD-Vic,Unmaintained,,latest commit 2019/09/12
https://github.com/DanielSank/observed,d99fb99ff2a470a86efb2763685e8e2c021e799f,observed_test.py::TestBasics::test_callbacks,OD-Vic,Unmaintained,,latest commit 2021/10/09
https://github.com/DanielSank/observed,d99fb99ff2a470a86efb2763685e8e2c021e799f,observed_test.py::TestBasics::test_discard,NIO,Accepted,https://github.com/DanielSank/observed/pull/24,
https://github.com/datacommonsorg/api-python,6d09ca1557da0af893f008f7302801f12afc2d46,datacommons/test/set_api_key_test.py::TestApiKey::test_query_no_api_key,OD-Brit,,,
https://github.com/datacommonsorg/api-python,6d09ca1557da0af893f008f7302801f12afc2d46,datacommons/test/set_api_key_test.py::TestApiKey::test_send_request_no_api_key,OD-Brit,,,
https://github.com/davidhalter/parso,6ae0efa415c9790000dba70f87e6ece20d6a4101,test/test_cache.py::test_permission_error,NIO,Accepted,https://github.com/davidhalter/parso/pull/195,
https://github.com/den4uk/jsonextra,b548d607e8f196e1e1c456666e4f15f579762ecf,tests/test_jsonextra.py::test_disable_rex,NIO,InspiredAFix,https://github.com/den4uk/jsonextra/pull/10,
https://github.com/DevKeh/redisqueue,feac4dfc30837e0ab1a55a8479443ea74b2793f2,tests/test_redisqueue.py::test_mock_queue_get_put_same_task,OD-Brit,Opened,https://github.com/jkehler/redisqueue/pull/4,
https://github.com/DevKeh/redisqueue,feac4dfc30837e0ab1a55a8479443ea74b2793f2,tests/test_redisqueue.py::test_mock_queue_put_get,OD-Brit,Opened,https://github.com/jkehler/redisqueue/pull/4,
https://github.com/DevKeh/redisqueue,feac4dfc30837e0ab1a55a8479443ea74b2793f2,tests/test_redisqueue.py::test_mock_queue_unique,OD-Brit,Opened,https://github.com/jkehler/redisqueue/pull/4,
https://github.com/django-beam/django-beam,43b2111f5c65937aa1e2cc9704b59796e982a805,tests/test_contrib_reversion.py::test_revision_is_visible_in_list,NOD,,,
https://github.com/djrobstep/logx,c53fabbc160fb8d70fa878684ea36f0c22fd5caa,tests/test_logx.py::test_formatted_output,OD-Vic,Unmaintained,,latest commit 2020/01/17
https://github.com/djrobstep/logx,c53fabbc160fb8d70fa878684ea36f0c22fd5caa,tests/test_logx.py::test_plain_output,OD-Vic,Unmaintained,,latest commit 2020/01/17
https://github.com/djrobstep/logx,c53fabbc160fb8d70fa878684ea36f0c22fd5caa,tests/test_logx.py::test_set_format,OD-Vic,Unmaintained,,latest commit 2020/01/17
https://github.com/dmarkey/aiopylimit,b4075a8ac30dbbef59a2243f618a35a2f54b590c,aiopylimit/tests/test_aiopylimit.py::TestPyLimit::test_exception,OD-Vic,Unmaintained,,latest commit 2022/07/25
https://github.com/dowjones/factiva-news-python,763b178fe7fd3716e5542cf098600ef56c6fbd62,__init__.py,OD-Vic,Opened,https://github.com/dowjones/factiva-news-python/pull/8,
https://github.com/drtexx/volux,c41339aceeab4295967ea88b2edd05d0d456b2ce,tests/test_operator.py::Test_operator::test_add_module,NIO,Opened,https://github.com/DrTexx/Volux/pull/37,
https://github.com/drtexx/volux,c41339aceeab4295967ea88b2edd05d0d456b2ce,tests/test_operator.py::Test_operator::test_remove_missing_module,NIO,Accepted,https://github.com/DrTexx/Volux/pull/36,
https://github.com/earthreader/libearth,71d2f3246eb0b6a3668a64e2242616d20b1d7dcd,tests/stage_test.py::test_get_dir_route,OD-Vic,Unmaintained,,latest commit 2016/04/17
https://github.com/earthreader/libearth,71d2f3246eb0b6a3668a64e2242616d20b1d7dcd,tests/stage_test.py::test_set_dir_route,NIO,Unmaintained,,latest commit 2016/04/17
https://github.com/econ-ark/HARK,f18dc69520db9e15d1d355e604ff712d38ce3d2b,HARK/ConsumptionSaving/tests/test_ConsAggShockModel.py::KrusellSmithAgentTestCase::test_agent,OD-Vic,,,
https://github.com/econ-ark/HARK,c9138af45fd0a0d97c718c8558f3ea8d9f2ae820,HARK/ConsumptionSaving/tests/test_ConsAggShockModel.py::testAggShockMarkovConsumerType::test_agent,OD-Vic,,,
https://github.com/econ-ark/HARK,c9138af45fd0a0d97c718c8558f3ea8d9f2ae820,HARK/ConsumptionSaving/tests/test_ConsAggShockModel.py::testKrusellSmith::test_agent,OD-Vic,MovedOrRenamed,,Test renamed to KrusellSmithAgentTestCase::test_agent
https://github.com/Erik-White/ColonyScanalyser,38034b7d62a7c4f72a9f6981d0218c23f22cc7c8,tests/unit/test_base.py::TestUnique::test_init,OD-Vic,Unmaintained,,latest commit 2021/01/25
https://github.com/Erik-White/ColonyScanalyser,38034b7d62a7c4f72a9f6981d0218c23f22cc7c8,tests/unit/test_base.py::TestUnique::test_unique,OD-Vic,Unmaintained,,latest commit 2021/01/25
https://github.com/eukaryote/uberdict,852b9d8b80ab032ce7eb5c439ea8084336b69d04,tests/test_uberdict.py::test_pickle_dumpsloads_dotted,OD-Vic,Unmaintained,,latest commit 2017/07/23
https://github.com/eukaryote/uberdict,852b9d8b80ab032ce7eb5c439ea8084336b69d04,tests/test_uberdict.py::test_pickle_dumpsloads_nested,OD-Vic,Unmaintained,,latest commit 2017/07/23
https://github.com/eukaryote/uberdict,852b9d8b80ab032ce7eb5c439ea8084336b69d04,tests/test_uberdict.py::test_pickle_dumpsloads_nested_dotted,OD-Vic,Unmaintained,,latest commit 2017/07/23
https://github.com/eukaryote/uberdict,852b9d8b80ab032ce7eb5c439ea8084336b69d04,tests/test_uberdict.py::test_pickle_dumpsloads_simple,OD-Vic,Unmaintained,,latest commit 2017/07/23
https://github.com/femueller/python-n26,22cb609efbf5125e36879441ea20d5a1c2a51e98,tests/test_cards.py::CardsTests::test_block_card_cli_all,OD-Brit,RepoArchived,,
https://github.com/femueller/python-n26,22cb609efbf5125e36879441ea20d5a1c2a51e98,tests/test_cards.py::CardsTests::test_block_card_cli_single,OD-Brit,RepoArchived,,
https://github.com/femueller/python-n26,22cb609efbf5125e36879441ea20d5a1c2a51e98,tests/test_cards.py::CardsTests::test_unblock_card_cli_single,OD-Brit,RepoArchived,,
https://github.com/ferdinandvwyk/pyfilm,20688f59536c713650516f09e1873fcb5b506a17,tests/test_pyfilm.py::TestClass::test_calculate_cbar_ticks,NOD,Unmaintained,,latest commit 2021/03/14
https://github.com/fifman/tangle,a36cff74d7f09bf8f24a91929b844ea1be7b1bcd,tests/test_context.py::test_aspect,NIO,Unmaintained,,latest commit 2017/10/13
https://github.com/filestack/filestack-python,1bd6749735e5c78dde767e0685ddfdf0cd7423e2,tests/intelligent_ingestion_test.py::test_upload_part_success,OD-Vic,,,
https://github.com/filestack/filestack-python,1bd6749735e5c78dde767e0685ddfdf0cd7423e2,tests/intelligent_ingestion_test.py::test_upload_part_with_resize,NIO,,,
https://github.com/filestack/filestack-python,1bd6749735e5c78dde767e0685ddfdf0cd7423e2,tests/intelligent_ingestion_test.py::test_upload_part_with_resize,OD-Vic,,,
https://github.com/FoteinosMerg/pymerkle,5318009e04b2ae44e194b8435ef181aa67ab8b9a,tests/tree/test_structure.py::test_1_leaves,NIO,,,
https://github.com/ganehag/pyMeterBus,bc853aa38ac6b10301bdf97f13ac25b36985316f,tests/test_globals.py::TestSequenceFunctions::test_debug_default_value,OD-Vic,Opened,https://github.com/ganehag/pyMeterBus/pull/25,
https://github.com/giganticode/dataprep,bb1d3731a39d221f2a037aaadc747a29a5e76c8d,tests/infrastructure/test_bperegistry.py::test_none,NIO,Unmaintained,,latest commit 2021/04/21
https://github.com/gjvnq/LabIFSC,cb56b75f51eb54680d0b81f4c87aa0234538a2a8,tests/medida_test.py::test_medida_si_2,OD-Brit,Unmaintained,,latest commit 2019/04/12
https://github.com/gjvnq/LabIFSC,cb56b75f51eb54680d0b81f4c87aa0234538a2a8,tests/medida_test.py::test_medida_si_3,OD-Brit,Unmaintained,,latest commit 2019/04/12
https://github.com/goodmami/penman,e83cf6d006724d72a3e19a955aad94412da912b7,tests/test_layout.py::test_rearrange,NIO,,,
https://github.com/goodmami/penman,e83cf6d006724d72a3e19a955aad94412da912b7,tests/test_layout.py::test_rearrange,NOD,,,
https://github.com/gradam/lol_api,33ea96f5eeac581737949b733d8af1c4436e94b9,tests/test_daemon.py::TestDaemon::test_different_api_key,NIO,RepoArchived,,
https://github.com/gradam/lol_api,33ea96f5eeac581737949b733d8af1c4436e94b9,tests/test_daemon.py::TestDaemon::test_short,NIO,RepoArchived,,
https://github.com/guillaumewatteeux/centreon-sdk-python,9f207d5458afc3304e24f16988069467b19eab81,tests/test_command.py::TestCommands::test_command_add,OD-Brit,Unmaintained,,latest commit 2019/02/15
https://github.com/guillaumewatteeux/centreon-sdk-python,9f207d5458afc3304e24f16988069467b19eab81,tests/test_command.py::TestCommands::test_command_delete,OD-Brit,Unmaintained,,latest commit 2019/02/15
https://github.com/guillaumewatteeux/centreon-sdk-python,9f207d5458afc3304e24f16988069467b19eab81,tests/test_command.py::TestCommands::test_command_list,OD-Brit,Unmaintained,,latest commit 2019/02/15
https://github.com/guillaumewatteeux/centreon-sdk-python,9f207d5458afc3304e24f16988069467b19eab81,tests/test_command.py::TestCommands::test_command_not_exist,OD-Brit,Unmaintained,,latest commit 2019/02/15
https://github.com/guillaumewatteeux/centreon-sdk-python,9f207d5458afc3304e24f16988069467b19eab81,tests/test_command.py::TestCommands::test_command_setparam,OD-Brit,Unmaintained,,latest commit 2019/02/15
https://github.com/guillaumewatteeux/centreon-sdk-python,9f207d5458afc3304e24f16988069467b19eab81,tests/test_hosts.py::TestHost::test_host_addcontact,OD-Brit,Unmaintained,,latest commit 2019/02/15
https://github.com/guillaumewatteeux/centreon-sdk-python,9f207d5458afc3304e24f16988069467b19eab81,tests/test_hosts.py::TestHost::test_host_addcontactgroupt,OD-Brit,Unmaintained,,latest commit 2019/02/15
https://github.com/guillaumewatteeux/centreon-sdk-python,9f207d5458afc3304e24f16988069467b19eab81,tests/test_hosts.py::TestHost::test_host_addparent,OD-Brit,Unmaintained,,latest commit 2019/02/15
https://github.com/guillaumewatteeux/centreon-sdk-python,9f207d5458afc3304e24f16988069467b19eab81,tests/test_hosts.py::TestHost::test_host_addtemplate,OD-Brit,Unmaintained,,latest commit 2019/02/15
https://github.com/guillaumewatteeux/centreon-sdk-python,9f207d5458afc3304e24f16988069467b19eab81,tests/test_hosts.py::TestHost::test_host_applytemplate,OD-Brit,Unmaintained,,latest commit 2019/02/15
https://github.com/guillaumewatteeux/centreon-sdk-python,9f207d5458afc3304e24f16988069467b19eab81,tests/test_hosts.py::TestHost::test_host_deletecontact,OD-Brit,Unmaintained,,latest commit 2019/02/15
https://github.com/guillaumewatteeux/centreon-sdk-python,9f207d5458afc3304e24f16988069467b19eab81,tests/test_hosts.py::TestHost::test_host_deletecontactgroup,OD-Brit,Unmaintained,,latest commit 2019/02/15
https://github.com/guillaumewatteeux/centreon-sdk-python,9f207d5458afc3304e24f16988069467b19eab81,tests/test_hosts.py::TestHost::test_host_deletehostgroup,OD-Brit,Unmaintained,,latest commit 2019/02/15
https://github.com/guillaumewatteeux/centreon-sdk-python,9f207d5458afc3304e24f16988069467b19eab81,tests/test_hosts.py::TestHost::test_host_delmacro,OD-Brit,Unmaintained,,latest commit 2019/02/15
https://github.com/guillaumewatteeux/centreon-sdk-python,9f207d5458afc3304e24f16988069467b19eab81,tests/test_hosts.py::TestHost::test_host_deteletemplate,OD-Brit,Unmaintained,,latest commit 2019/02/15
https://github.com/guillaumewatteeux/centreon-sdk-python,9f207d5458afc3304e24f16988069467b19eab81,tests/test_hosts.py::TestHost::test_host_disable,OD-Brit,Unmaintained,,latest commit 2019/02/15
https://github.com/guillaumewatteeux/centreon-sdk-python,9f207d5458afc3304e24f16988069467b19eab81,tests/test_hosts.py::TestHost::test_host_enable,OD-Brit,Unmaintained,,latest commit 2019/02/15
https://github.com/guillaumewatteeux/centreon-sdk-python,9f207d5458afc3304e24f16988069467b19eab81,tests/test_hosts.py::TestHost::test_host_getcontact,OD-Brit,Unmaintained,,latest commit 2019/02/15
https://github.com/guillaumewatteeux/centreon-sdk-python,9f207d5458afc3304e24f16988069467b19eab81,tests/test_hosts.py::TestHost::test_host_getcontactgroup,OD-Brit,Unmaintained,,latest commit 2019/02/15
https://github.com/guillaumewatteeux/centreon-sdk-python,9f207d5458afc3304e24f16988069467b19eab81,tests/test_hosts.py::TestHost::test_host_gethostgroup,OD-Brit,Unmaintained,,latest commit 2019/02/15
https://github.com/guillaumewatteeux/centreon-sdk-python,9f207d5458afc3304e24f16988069467b19eab81,tests/test_hosts.py::TestHost::test_host_getmacro,OD-Brit,Unmaintained,,latest commit 2019/02/15
https://github.com/guillaumewatteeux/centreon-sdk-python,9f207d5458afc3304e24f16988069467b19eab81,tests/test_hosts.py::TestHost::test_host_getparents,OD-Brit,Unmaintained,,latest commit 2019/02/15
https://github.com/guillaumewatteeux/centreon-sdk-python,9f207d5458afc3304e24f16988069467b19eab81,tests/test_hosts.py::TestHost::test_host_gettemplate,OD-Brit,Unmaintained,,latest commit 2019/02/15
https://github.com/guillaumewatteeux/centreon-sdk-python,9f207d5458afc3304e24f16988069467b19eab81,tests/test_hosts.py::TestHost::test_host_setcontact,OD-Brit,Unmaintained,,latest commit 2019/02/15
https://github.com/guillaumewatteeux/centreon-sdk-python,9f207d5458afc3304e24f16988069467b19eab81,tests/test_hosts.py::TestHost::test_host_setcontactgroup,OD-Brit,Unmaintained,,latest commit 2019/02/15
https://github.com/guillaumewatteeux/centreon-sdk-python,9f207d5458afc3304e24f16988069467b19eab81,tests/test_hosts.py::TestHost::test_host_setinstance,OD-Brit,Unmaintained,,latest commit 2019/02/15
https://github.com/guillaumewatteeux/centreon-sdk-python,9f207d5458afc3304e24f16988069467b19eab81,tests/test_hosts.py::TestHost::test_host_setmacro,OD-Brit,Unmaintained,,latest commit 2019/02/15
https://github.com/guillaumewatteeux/centreon-sdk-python,9f207d5458afc3304e24f16988069467b19eab81,tests/test_hosts.py::TestHost::test_host_setparam,OD-Brit,Unmaintained,,latest commit 2019/02/15
https://github.com/guillaumewatteeux/centreon-sdk-python,9f207d5458afc3304e24f16988069467b19eab81,tests/test_hosts.py::TestHost::test_host_setparent,OD-Brit,Unmaintained,,latest commit 2019/02/15
https://github.com/guillaumewatteeux/centreon-sdk-python,9f207d5458afc3304e24f16988069467b19eab81,tests/test_hosts.py::TestHost::test_host_settemplate,OD-Brit,Unmaintained,,latest commit 2019/02/15
https://github.com/guillaumewatteeux/centreon-sdk-python,9f207d5458afc3304e24f16988069467b19eab81,tests/test_hosts.py::TestHosts::test_hosts_add,OD-Brit,Unmaintained,,latest commit 2019/02/15
https://github.com/guillaumewatteeux/centreon-sdk-python,9f207d5458afc3304e24f16988069467b19eab81,tests/test_hosts.py::TestHosts::test_hosts_delete,OD-Brit,Unmaintained,,latest commit 2019/02/15
https://github.com/guillaumewatteeux/centreon-sdk-python,9f207d5458afc3304e24f16988069467b19eab81,tests/test_hosts.py::TestHosts::test_hosts_delete_with_obj,OD-Brit,Unmaintained,,latest commit 2019/02/15
https://github.com/guillaumewatteeux/centreon-sdk-python,9f207d5458afc3304e24f16988069467b19eab81,tests/test_hosts.py::TestHosts::test_hosts_list,OD-Brit,Unmaintained,,latest commit 2019/02/15
https://github.com/guillaumewatteeux/centreon-sdk-python,9f207d5458afc3304e24f16988069467b19eab81,tests/test_hosts.py::TestHosts::test_hosts_not_exist,OD-Brit,Unmaintained,,latest commit 2019/02/15
https://github.com/guillaumewatteeux/centreon-sdk-python,9f207d5458afc3304e24f16988069467b19eab81,tests/test_resourcecfg.py::TestResourceCFG::test_resourcecfg_add,OD-Brit,Unmaintained,,latest commit 2019/02/15
https://github.com/guillaumewatteeux/centreon-sdk-python,9f207d5458afc3304e24f16988069467b19eab81,tests/test_resourcecfg.py::TestResourceCFG::test_resourcecfg_building_line,OD-Brit,Unmaintained,,latest commit 2019/02/15
https://github.com/guillaumewatteeux/centreon-sdk-python,9f207d5458afc3304e24f16988069467b19eab81,tests/test_resourcecfg.py::TestResourceCFG::test_resourcecfg_delete,OD-Brit,Unmaintained,,latest commit 2019/02/15
https://github.com/guillaumewatteeux/centreon-sdk-python,9f207d5458afc3304e24f16988069467b19eab81,tests/test_resourcecfg.py::TestResourceCFG::test_resourcecfg_get_one,OD-Brit,Unmaintained,,latest commit 2019/02/15
https://github.com/guillaumewatteeux/centreon-sdk-python,9f207d5458afc3304e24f16988069467b19eab81,tests/test_resourcecfg.py::TestResourceCFG::test_resourcecfg_not_exist,OD-Brit,Unmaintained,,latest commit 2019/02/15
https://github.com/guillaumewatteeux/centreon-sdk-python,9f207d5458afc3304e24f16988069467b19eab81,tests/test_resourcecfg.py::TestResourceCFG::test_resourcecfg_setparam,OD-Brit,Unmaintained,,latest commit 2019/02/15
https://github.com/gwpy/gwosc,06b56ce506fda3af4857c8a1aae7bb60fb1925e9,gwosc/tests/test_datasets.py::test_dataset_type_local,NIO,,,
https://github.com/h2non/pook,2071da27701c82ce02b015e01e2aa6fd203e7bb5,tests/unit/api_test.py::test_activate,OD-Brit,Opened,https://github.com/h2non/pook/pull/169,
https://github.com/h2non/pook,2071da27701c82ce02b015e01e2aa6fd203e7bb5,tests/unit/api_test.py::test_on,OD-Brit,Opened,https://github.com/h2non/pook/pull/169,
https://github.com/h2non/pook,2071da27701c82ce02b015e01e2aa6fd203e7bb5,tests/unit/api_test.py::test_use,OD-Brit,Opened,https://github.com/h2non/pook/pull/169,
https://github.com/haney/python-ansel,afb2b28d8595beeb1f87e355b611f01e13b8e664,tests/test_incremental.py::test_decode_invalid_raising_error_handler[+],OD-Brit,Unmaintained,,latest commit 2022/09/01
https://github.com/heavenshell/py-autodoc,001d5ff03d41a5d714075eb08e666c413d50f0ac,tests/test_autodoc.py::TestAutodoc::test_parse_response,OD-Vic,Unmaintained,,latest commit 2021/09/11
https://github.com/heavenshell/py-autodoc,001d5ff03d41a5d714075eb08e666c413d50f0ac,tests/test_autodoc.py::TestAutodoc::test_parse_responses,OD-Vic,Unmaintained,,latest commit 2021/09/11
https://github.com/heavenshell/py-autodoc,001d5ff03d41a5d714075eb08e666c413d50f0ac,tests/test_autodoc.py::TestAutodoc::test_should_change_separators,OD-Vic,Unmaintained,,latest commit 2021/09/11
https://github.com/hefnawi/json-storage-manager,c7521fc4a576cf23a8c2454106bed6fb8c951b8d,tests/test_main.py::test_get_item,OD-Brit,Opened,https://github.com/hefnawi/json-storage-manager/pull/1,
https://github.com/hefnawi/json-storage-manager,c7521fc4a576cf23a8c2454106bed6fb8c951b8d,tests/test_main.py::test_get_no_item,OD-Vic,Opened,https://github.com/hefnawi/json-storage-manager/pull/1,
https://github.com/hefnawi/json-storage-manager,c7521fc4a576cf23a8c2454106bed6fb8c951b8d,tests/test_main.py::test_read_json,OD-Vic,Opened,https://github.com/hefnawi/json-storage-manager/pull/1,
https://github.com/hefnawi/json-storage-manager,c7521fc4a576cf23a8c2454106bed6fb8c951b8d,tests/test_main.py::test_set_item,NIO,Opened,https://github.com/hefnawi/json-storage-manager/pull/2,
https://github.com/hefnawi/json-storage-manager,c7521fc4a576cf23a8c2454106bed6fb8c951b8d,tests/test_main.py::test_set_item,OD-Vic,Opened,https://github.com/hefnawi/json-storage-manager/pull/2,
https://github.com/hefnawi/json-storage-manager,c7521fc4a576cf23a8c2454106bed6fb8c951b8d,tests/test_main.py::test_set_item_fail,OD-Brit,Opened,https://github.com/hefnawi/json-storage-manager/pull/1,
https://github.com/hefnawi/json-storage-manager,c7521fc4a576cf23a8c2454106bed6fb8c951b8d,tests/test_main.py::test_update_item,OD-Brit,Opened,https://github.com/hefnawi/json-storage-manager/pull/1,
https://github.com/hefnawi/json-storage-manager,c7521fc4a576cf23a8c2454106bed6fb8c951b8d,tests/test_main.py::test_write_json,OD-Vic,Opened,https://github.com/hefnawi/json-storage-manager/pull/1,
https://github.com/identixone/identixone-python,232e5dfcf98ebe91a3ed433a265be161ee965a5e,tests/api/test_api_client.py::TestAPIClient::test_no_token_raises_exception,OD-Vic,Unmaintained,,latest commit 2019/10/23
https://github.com/identixone/identixone-python,232e5dfcf98ebe91a3ed433a265be161ee965a5e,tests/api/test_api_client.py::TestAPIClient::test_unsupported_version_raises_exception,OD-Vic,Unmaintained,,latest commit 2019/10/23
https://github.com/identixone/identixone-python,232e5dfcf98ebe91a3ed433a265be161ee965a5e,tests/utils/test_environment.py::TestEnvironmentVar::test_dict_environ_invalid_without_prefix,OD-Vic,Unmaintained,,latest commit 2019/10/23
https://github.com/identixone/identixone-python,232e5dfcf98ebe91a3ed433a265be161ee965a5e,tests/utils/test_environment.py::TestEnvironmentVar::test_os_environ_invalid_without_prefix,OD-Vic,Unmaintained,,latest commit 2019/10/23
https://github.com/irmen/Tale,a2a26443465ab6978b32d9253e833471500e7b68,tests/test_commands.py::TestCommandDecorators::test_cmd_decorator,NIO,RepoArchived,,
https://github.com/irmen/Tale,a2a26443465ab6978b32d9253e833471500e7b68,tests/test_commands.py::TestCommandDecorators::test_no_duplicates,NIO,RepoArchived,,
https://github.com/irmen/Tale,a2a26443465ab6978b32d9253e833471500e7b68,tests/test_pubsub.py::TestPubsub::test_unsubscribe_all,OD-Vic,RepoArchived,,
https://github.com/isac322/linux_aio,007d033b42703e9bb4d7cd99ca50e54108215d46,test/test_non_vector_rw.py::TestRW::test_02_read,OD-Brit,Unmaintained,,latest commit 2019/01/29
https://github.com/isac322/linux_aio,007d033b42703e9bb4d7cd99ca50e54108215d46,test/test_non_vector_rw.py::TestRW::test_02_read_2_str,OD-Brit,Unmaintained,,latest commit 2019/01/29
https://github.com/isac322/linux_aio,007d033b42703e9bb4d7cd99ca50e54108215d46,test/test_non_vector_rw.py::TestRW::test_02_read_replace_file,OD-Brit,Unmaintained,,latest commit 2019/01/29
https://github.com/isac322/linux_aio,007d033b42703e9bb4d7cd99ca50e54108215d46,test/test_non_vector_rw.py::TestRW::test_02_read_w_io_priority,OD-Brit,Unmaintained,,latest commit 2019/01/29
https://github.com/isac322/linux_aio,007d033b42703e9bb4d7cd99ca50e54108215d46,test/test_non_vector_rw.py::TestRW::test_02_read_w_non_zero_offset,OD-Brit,Unmaintained,,latest commit 2019/01/29
https://github.com/isac322/linux_aio,007d033b42703e9bb4d7cd99ca50e54108215d46,test/test_non_vector_rw.py::TestRW::test_02_read_w_rw_flags,OD-Brit,Unmaintained,,latest commit 2019/01/29
https://github.com/isnok/data-pypes,dcfe6feac2b617f9f8624cff81c44f72c0313ee6,pypes/logsetup.py::pypes.logsetup.get_logconfig,OD-Vic,Unmaintained,,latest commit 2016/04/24
https://github.com/ivanprjcts/sdklib,5384b1c7f05abd6350151c08ad6a4a8b5855f8f0,tests/test_http_context.py::TestHttpContext::test_http_context_singleton_clear,OD-Vic,Unmaintained,,latest commit 2022/01/14
https://github.com/JakubTesarek/colltools,e50f98ccda33ab409fcdba277a39f071824e24c7,tests/test_name_registry.py::test_name_registry_has_no_instances,OD-Vic,Unmaintained,,latest commit 2020/02/24
https://github.com/jamesevickery/l293d,c026a9b58769f23d3e999234ba9df30fb021f949,tests/test_l293d.py::L293DTestCase::test_create_motor_with_force_selection,OD-Vic,Unmaintained,,latest commit 2021/06/19
https://github.com/jamesevickery/l293d,c026a9b58769f23d3e999234ba9df30fb021f949,tests/test_l293d.py::L293DTestCase::test_motor_can_be_removed,OD-Vic,Unmaintained,,latest commit 2021/06/19
https://github.com/jamesevickery/l293d,c026a9b58769f23d3e999234ba9df30fb021f949,tests/test_l293d.py::L293DTestCase::test_pin_numbering_lock,OD-Vic,Unmaintained,,latest commit 2021/06/19
https://github.com/JBielan/py_ev,0a2d48235b8ff2268254c151a179a2ece40cbd37,tests/test_py_ev.py::test_reset,OD-Vic,Unmaintained,,latest commit 2019/05/29
https://github.com/JGoutin/compilertools,7b898cb6970f5f25c5356b15a2efd0cb2e54d566,tests/test_build.py::tests_patch___new__,OD-Brit,,,
https://github.com/JGoutin/compilertools,7b898cb6970f5f25c5356b15a2efd0cb2e54d566,tests/test___init__.py::tests_init,OD-Vic,,,
https://github.com/jnoortheen/dynamic-conf,42257f06a66765ac4f5de1c6a4637f4db779c5ab,tests/test_conf.py::test_cofig_writing[.env-ARG1=VAL1\nARG2=VAL2],OD-Vic,Unmaintained,,latest commit 2020/12/03
https://github.com/jnoortheen/dynamic-conf,42257f06a66765ac4f5de1c6a4637f4db779c5ab,tests/test_conf.py::test_cofig_writing[env.py-ARG1 = 'VAL1'\nARG2 = 'VAL2'],OD-Vic,Unmaintained,,latest commit 2020/12/03
https://github.com/jnoortheen/dynamic-conf,42257f06a66765ac4f5de1c6a4637f4db779c5ab,tests/test_conf.py::test_cofig_writing_with_dump[.env-ARG1=VAL1\nARG3=3\nARG2=VAL2],OD-Vic,Unmaintained,,latest commit 2020/12/03
https://github.com/jnoortheen/dynamic-conf,42257f06a66765ac4f5de1c6a4637f4db779c5ab,tests/test_conf.py::test_cofig_writing_with_dump[env.py-ARG1 = 'VAL1'\nARG3 = 3\nARG2 = 'VAL2'],OD-Vic,Unmaintained,,latest commit 2020/12/03
https://github.com/jnoortheen/dynamic-conf,42257f06a66765ac4f5de1c6a4637f4db779c5ab,tests/test_conf.py::test_cofig_writing_with_filter_prefix[.env-ARG1=VAL1\nARG2=VAL2],OD-Vic,Unmaintained,,latest commit 2020/12/03
https://github.com/jnoortheen/dynamic-conf,42257f06a66765ac4f5de1c6a4637f4db779c5ab,tests/test_conf.py::test_cofig_writing_with_filter_prefix[env.py-ARG1 = 'VAL1'\nARG2 = 'VAL2'],OD-Vic,Unmaintained,,latest commit 2020/12/03
https://github.com/jnoortheen/dynamic-conf,42257f06a66765ac4f5de1c6a4637f4db779c5ab,tests/test_conf.py::test_config_reading[.env],OD-Vic,Unmaintained,,latest commit 2020/12/03
https://github.com/jnoortheen/dynamic-conf,42257f06a66765ac4f5de1c6a4637f4db779c5ab,tests/test_conf.py::test_config_reading[env.py],OD-Vic,Unmaintained,,latest commit 2020/12/03
https://github.com/jnoortheen/dynamic-conf,42257f06a66765ac4f5de1c6a4637f4db779c5ab,tests/test_conf.py::test_singleton,NIO,Unmaintained,,latest commit 2020/12/03
https://github.com/joblib/joblib,440b1b899d357a9db6526ca87051a77963b33631,joblib/test/test_memory.py::test_argument_change,NIO,Opened,https://github.com/joblib/joblib/pull/1631,
https://github.com/joblib/joblib,440b1b899d357a9db6526ca87051a77963b33631,joblib/test/test_memory.py::test_memory_file_modification,NIO,Opened,https://github.com/joblib/joblib/pull/1631,
https://github.com/joegasewicz/Flask-JWT-Router,0fb1e256c81409be6f08d8be12f07e5f58b4f914,tests/test_routing.py::TestRouting::test_jwt_route[jwt_router_client0-None-200],OD-Vic,Unmaintained,,latest commit 2022/06/22
https://github.com/JonathanVusich/litedb,2694bc39676d8398f669c0aed96aef89623dbc9a,tests/test_database/test_memory_database_hypothesis.py::TestMemoryDatabase::test_database_retrieve,OD-Brit,Unmaintained,,latest commit 2020/10/24
https://github.com/josiest/geom,d12b381706ee620cba1c6a6cb45ab7815e5a1dc9,test_geom.py::test_epsilon,NIO,Rejected,https://github.com/josiest/geom/pull/1,
https://github.com/josiest/geom,d12b381706ee620cba1c6a6cb45ab7815e5a1dc9,test_geom.py::test_epsilon,OD-Vic,Unmaintained,,latest commit 2021/08/16
https://github.com/josiest/geom,d12b381706ee620cba1c6a6cb45ab7815e5a1dc9,test_geom.py::test_veceq,OD-Brit,Unmaintained,,latest commit 2021/08/16
https://github.com/june3474/skelpy,0e64eccdc5211dbec664e7d3f9d07c6020651b63,tests/test_helpers.py::test_remove_comment_line_in_file,NIO,Opened,https://github.com/june3474/skelpy/pull/4,
https://github.com/june3474/skelpy,0e64eccdc5211dbec664e7d3f9d07c6020651b63,tests/test_package.py::test_create_package_dir,NIO,Accepted,https://github.com/june3474/skelpy/pull/2,
https://github.com/june3474/skelpy,0e64eccdc5211dbec664e7d3f9d07c6020651b63,tests/test_package.py::test_write_init,NIO,Accepted,https://github.com/june3474/skelpy/pull/3,
https://github.com/june3474/skelpy,0e64eccdc5211dbec664e7d3f9d07c6020651b63,tests/test_test.py::test_create_config_files,NIO,Unmaintained,,latest commit 2021/09/04
https://github.com/juntossomosmais/regex4ocr,9f96e9c6fe6ffc3e1452b23103fdfa6a0f1dcede,tests/integration/test_type_casting.py::test_validate_types_no_removal,NIO,Accepted,https://github.com/juntossomosmais/regex4ocr/pull/1,RepoArchived
https://github.com/juntossomosmais/regex4ocr,9f96e9c6fe6ffc3e1452b23103fdfa6a0f1dcede,tests/integration/test_type_casting.py::test_validate_types_removal,OD-Brit,RepoArchived,,
https://github.com/jyn514/configparse,d7a4ee5b121de2be1858104723bdb7ac47df64ce,test/test_all.py::test_positional,OD-Vic,RepoArchived,,
https://github.com/kade-robertson/config-better,c14638da3fe95a669a04db2602e1f6ea15591c36,tests/test___init__.py::TestLinuxNoXDG::test_noxdg_cache,OD-Vic,Unmaintained,,latest commit 2020/01/10
https://github.com/kade-robertson/config-better,c14638da3fe95a669a04db2602e1f6ea15591c36,tests/test___init__.py::TestLinuxNoXDG::test_noxdg_config,OD-Vic,Unmaintained,,latest commit 2020/01/10
https://github.com/kade-robertson/config-better,c14638da3fe95a669a04db2602e1f6ea15591c36,tests/test___init__.py::TestLinuxNoXDG::test_noxdg_data,OD-Vic,Unmaintained,,latest commit 2020/01/10
https://github.com/kade-robertson/config-better,c14638da3fe95a669a04db2602e1f6ea15591c36,tests/test___init__.py::TestMacForceUnix::test_noxdg_cache,OD-Vic,Unmaintained,,latest commit 2020/01/10
https://github.com/kade-robertson/config-better,c14638da3fe95a669a04db2602e1f6ea15591c36,tests/test___init__.py::TestMacForceUnix::test_noxdg_config,OD-Vic,Unmaintained,,latest commit 2020/01/10
https://github.com/kade-robertson/config-better,c14638da3fe95a669a04db2602e1f6ea15591c36,tests/test___init__.py::TestMacForceUnix::test_noxdg_data,OD-Vic,Unmaintained,,latest commit 2020/01/10
https://github.com/kade-robertson/config-better,c14638da3fe95a669a04db2602e1f6ea15591c36,tests/test___init__.py::TestMacNoXDG::test_noxdg_cache,OD-Vic,Unmaintained,,latest commit 2020/01/10
https://github.com/kade-robertson/config-better,c14638da3fe95a669a04db2602e1f6ea15591c36,tests/test___init__.py::TestMacNoXDG::test_noxdg_config,OD-Vic,Unmaintained,,latest commit 2020/01/10
https://github.com/kade-robertson/config-better,c14638da3fe95a669a04db2602e1f6ea15591c36,tests/test___init__.py::TestMacNoXDG::test_noxdg_data,OD-Vic,Unmaintained,,latest commit 2020/01/10
https://github.com/kade-robertson/config-better,c14638da3fe95a669a04db2602e1f6ea15591c36,tests/test___init__.py::TestWindowsNoXDG::test_noxdg_cache,OD-Vic,Unmaintained,,latest commit 2020/01/10
https://github.com/kade-robertson/config-better,c14638da3fe95a669a04db2602e1f6ea15591c36,tests/test___init__.py::TestWindowsNoXDG::test_noxdg_config,OD-Vic,Unmaintained,,latest commit 2020/01/10
https://github.com/kade-robertson/config-better,c14638da3fe95a669a04db2602e1f6ea15591c36,tests/test___init__.py::TestWindowsNoXDG::test_noxdg_data,OD-Vic,Unmaintained,,latest commit 2020/01/10
https://github.com/kenkundert/engfmt,b908ef69aa7941e561019e24f969703f3234753b,test_quantity.py::test_number_recognition,NIO,Accepted,https://github.com/KenKundert/engfmt/pull/2,
https://github.com/kenkundert/engfmt,b908ef69aa7941e561019e24f969703f3234753b,test_text_processing.py::test_text_processing,NIO,Accepted,https://github.com/KenKundert/engfmt/pull/3,
https://github.com/kevinarpe/kevinarpe-rambutan3,5d7469912b559338dc15f5c7fb2abc91103ea0c5,tests/check_args/base/test_RNotNoneTypeMatcher.py::test_eq_ne_hash,NOD,Unmaintained,,latest commit 2015/11/29
https://github.com/kivio/pysllo,8bc4d17f9a668e9aff3c77f688f0c06ed2e7686b,tests/test_propagation_logger.py::test_forcing_level_by_dict,OD-Vic,Unmaintained,,latest commit 2016/06/23
https://github.com/kivio/pysllo,8bc4d17f9a668e9aff3c77f688f0c06ed2e7686b,tests/test_propagation_logger.py::test_forcing_level_with_kwargs_by_level,OD-Vic,Unmaintained,,latest commit 2016/06/23
https://github.com/klieret/RandomFileTree,aaaa975ae61afa6f0f5b481ebafcfa0f0216e471,randomfiletree/test/test_core.py::TestTreeCreation::test_create_random_dirs,NOD,,,
https://github.com/laike9m/pdir2,ef5e2200074d68e2ca3df4ee441a1b9ea6ca5abc,tests/test_user_config.py::test_invalid_config_1,OD-Brit,,,
https://github.com/laike9m/pdir2,ef5e2200074d68e2ca3df4ee441a1b9ea6ca5abc,tests/test_user_config.py::test_invalid_config_2,OD-Brit,,,
https://github.com/laike9m/pdir2,ef5e2200074d68e2ca3df4ee441a1b9ea6ca5abc,tests/test_user_config.py::test_read_config,OD-Brit,,,
https://github.com/laike9m/pdir2,ef5e2200074d68e2ca3df4ee441a1b9ea6ca5abc,tests/test_user_config.py::test_read_config_from_custom_location,OD-Brit,,,
https://github.com/laike9m/pdir2,ef5e2200074d68e2ca3df4ee441a1b9ea6ca5abc,tests/test_user_config.py::test_set_env_without_config,OD-Brit,,,
https://github.com/laike9m/pdir2,ef5e2200074d68e2ca3df4ee441a1b9ea6ca5abc,tests/test_user_config.py::test_uniform_color,OD-Brit,,,
https://github.com/LeBarbouze/tunacell,837d57e1e6caeddf2e6bcdd2db2986fb456dd605,tunacell/tests/test_filters.py::test_cell_any,OD-Vic,Unmaintained,,latest commit 2019/08/10
https://github.com/LeBarbouze/tunacell,837d57e1e6caeddf2e6bcdd2db2986fb456dd605,tunacell/tests/test_filters.py::test_unroll,NIO,Unmaintained,,latest commit 2019/08/10
https://github.com/LeBarbouze/tunacell,837d57e1e6caeddf2e6bcdd2db2986fb456dd605,tunacell/tests/test_observable.py::test_observable_str,OD-Brit,Unmaintained,,latest commit 2019/08/10
https://github.com/maboualidev/PyJsonFriendly,8b1ee498bc7a27024851b5101bf09913031e2477,tests/test_pyJsonFriendly.py::TestPyJsonFriendly::test_01,OD-Vic,Unmaintained,,latest commit 2019/11/02
https://github.com/mahmoud/lithoxyl,9961553a065a1ad8bb7a2407fe74f2cfd6c79a20,lithoxyl/tests/test_stats.py::test_acc_random,OD-Brit,Unmaintained,,latest commit 2021/10/25
https://github.com/mahmoud/lithoxyl,9961553a065a1ad8bb7a2407fe74f2cfd6c79a20,lithoxyl/tests/test_stats.py::test_momentacc_norm,NIO,Unmaintained,,latest commit 2021/10/25
https://github.com/mahmoud/lithoxyl,9961553a065a1ad8bb7a2407fe74f2cfd6c79a20,lithoxyl/tests/test_stats.py::test_momentacc_norm,NOD,Unmaintained,,latest commit 2021/10/25
https://github.com/malongge/exceltojson,6724c7de5153a7b125011e879419273589206d0d,tests/test_excel_2_json.py::TestProcessExcel::test_excel_process_not_patch_sheet_names,OD-Brit,,,
https://github.com/malongge/exceltojson,6724c7de5153a7b125011e879419273589206d0d,tests/test_excel_2_json.py::TestProcessExcel::test_excel_process_with_sheet_names,OD-Brit,,,
https://github.com/Martlark/flask-ipban,1a56cbfee501da36a3c86c7f38882381a14f45bb,blob/master/flask_ipban/test_persistence.py,OD-Vic,,,pytest --randomly-seed=1234
https://github.com/mattdavis90/base10,93577e85215e4cd7f02a504ff6a23501d56a1748,base10/test/test_helpers.py::TestMetricHelper::test_metric_helper_fields_exception,OD-Vic,Unmaintained,,latest commit 2018/06/28
https://github.com/mattdavis90/base10,93577e85215e4cd7f02a504ff6a23501d56a1748,base10/test/test_helpers.py::TestMetricHelper::test_metric_helper_handles_time_field,OD-Vic,Unmaintained,,latest commit 2018/06/28
https://github.com/mattdavis90/base10,93577e85215e4cd7f02a504ff6a23501d56a1748,base10/test/test_helpers.py::TestMetricHelper::test_metric_helper_metadata_exception,OD-Vic,Unmaintained,,latest commit 2018/06/28
https://github.com/mattdavis90/base10,93577e85215e4cd7f02a504ff6a23501d56a1748,base10/test/test_helpers.py::TestMetricHelper::test_metric_helper_name_exception,OD-Vic,Unmaintained,,latest commit 2018/06/28
https://github.com/metachris/logzero,b5d49fc2b118c370994c4ae5360d7c246d43ddc8,tests/test_logzero.py::test_default_logger_stderr_output,OD-Brit,RepoArchived,,
https://github.com/metachris/logzero,b5d49fc2b118c370994c4ae5360d7c246d43ddc8,tests/test_logzero.py::test_write_to_logfile_and_stderr,NIO,RepoArchived,,
https://github.com/metachris/logzero,b5d49fc2b118c370994c4ae5360d7c246d43ddc8,tests/test_logzero.py::test_write_to_logfile_and_stderr,OD-Vic,RepoArchived,,
https://github.com/mfreeborn/fastapi-sqlalchemy,8ddf0edab22873365441757107ce21234bc09f8f,tests/test_session.py::test_inside_route_without_middleware_fails,OD-Vic,,,
https://github.com/mfreeborn/fastapi-sqlalchemy,8ddf0edab22873365441757107ce21234bc09f8f,tests/test_session.py::test_outside_of_route_without_middleware_fails,OD-Vic,,,
https://github.com/MiCHiLU/fanstatic-tools,c075a2195c8138d103b72ef8445ef08f2a865984,fanstatic/test_core.py::test_convenience_clear_not_initialized,OD-Vic,Unmaintained,,latest commit 2013/01/15
https://github.com/MiCHiLU/fanstatic-tools,c075a2195c8138d103b72ef8445ef08f2a865984,fanstatic/test_core.py::test_convenience_need_not_initialized,OD-Vic,Unmaintained,,latest commit 2013/01/15
https://github.com/MiCHiLU/fanstatic-tools,c075a2195c8138d103b72ef8445ef08f2a865984,fanstatic/test_core.py::test_inclusion_renderers,OD-Vic,Unmaintained,,latest commit 2013/01/15
https://github.com/MiCHiLU/fanstatic-tools,c075a2195c8138d103b72ef8445ef08f2a865984,fanstatic/test_core.py::test_register_inclusion_renderer,NIO,Opened,https://github.com/michilu/fanstatic-tools/pull/1,
https://github.com/MirkoRossini/zanna,4c28b5ea3940fba69bee3fdf965a039c9b8f45c5,tests/test_decorators.py::TestDecorators::test_class_decorated,OD-Vic,,,
https://github.com/mortele/OccamTools,26c47709f6b870c89403f03ade0950de9f301639,test/test_occam_data.py::test_occam_data_progress_bars,OD-Vic,Unmaintained,,latest commit 2020/11/12
https://github.com/mrmechko/neon,42ad78e3d79583a93abce6d06b81dafc29017514,tests/basic_tests.py::test_dont_memoize,,Unmaintained,,pytest --randomly-seed=123;latest commit 2019/04/05
https://github.com/mrmechko/neon,42ad78e3d79583a93abce6d06b81dafc29017514,tests/basic_tests.py::test_dont_memoize,OD-Brit,Unmaintained,,latest commit 2019/04/05
https://github.com/mrob95/Breathe,4600818e24f4156cd7bb8cc0f43886b27323968e,tests/test_command_context.py::test_manual_context_noccr,OD-Brit,Unmaintained,,latest commit 2021/10/06
https://github.com/mrob95/Breathe,4600818e24f4156cd7bb8cc0f43886b27323968e,tests/test_loading.py::test_loading,OD-Brit,Unmaintained,,latest commit 2021/10/06
https://github.com/mrob95/Breathe,4600818e24f4156cd7bb8cc0f43886b27323968e,tests/test_loading.py::test_reloading,OD-Brit,Unmaintained,,latest commit 2021/10/06
https://github.com/mrob95/Breathe,4600818e24f4156cd7bb8cc0f43886b27323968e,tests/test_merger.py::test_context_commands,OD-Brit,Unmaintained,,latest commit 2021/10/06
https://github.com/mrob95/Breathe,4600818e24f4156cd7bb8cc0f43886b27323968e,tests/test_merger.py::test_core_commands,OD-Vic,Unmaintained,,latest commit 2021/10/06
https://github.com/mrob95/Breathe,4600818e24f4156cd7bb8cc0f43886b27323968e,tests/test_merger.py::test_grammar_numbers,OD-Brit,Unmaintained,,latest commit 2021/10/06
https://github.com/mrob95/Breathe,4600818e24f4156cd7bb8cc0f43886b27323968e,tests/test_merger.py::test_invalid,OD-Brit,Unmaintained,,latest commit 2021/10/06
https://github.com/mrob95/Breathe,4600818e24f4156cd7bb8cc0f43886b27323968e,tests/test_merger.py::test_noccr_commands,OD-Brit,Unmaintained,,latest commit 2021/10/06
https://github.com/mrob95/Breathe,4600818e24f4156cd7bb8cc0f43886b27323968e,tests/test_top_level.py::test_recognition,OD-Brit,Unmaintained,,latest commit 2021/10/06
https://github.com/mrob95/Breathe,4600818e24f4156cd7bb8cc0f43886b27323968e,tests/test_top_level.py::test_top_level_command_failure,OD-Brit,Unmaintained,,latest commit 2021/10/06
https://github.com/mtik00/yamicache,1109d08b18be94bdee55e113309f7be29f25d840,tests/test_class.py::test_cached,OD-Vic,,,
https://github.com/mtik00/yamicache,1109d08b18be94bdee55e113309f7be29f25d840,tests/test_class.py::test_keyed_cached,OD-Vic,,,
https://github.com/mtik00/yamicache,1109d08b18be94bdee55e113309f7be29f25d840,tests/test_class.py::test_utility,OD-Vic,,,
https://github.com/mtik00/yamicache,1109d08b18be94bdee55e113309f7be29f25d840,tests/test_collide.py::test_avoid_collision,NIO,,,
https://github.com/mtik00/yamicache,1109d08b18be94bdee55e113309f7be29f25d840,tests/test_noclass.py::test_main,NIO,Accepted,https://github.com/mtik00/yamicache/pull/10,
https://github.com/mtik00/yamicache,1109d08b18be94bdee55e113309f7be29f25d840,tests/test_noclass.py::test_main,OD-Vic,,,
https://github.com/mtik00/yamicache,1109d08b18be94bdee55e113309f7be29f25d840,tests/test_serialization.py::test_serialization,NIO,Accepted,https://github.com/mtik00/yamicache/pull/14,
https://github.com/ndbroadbent/icloud_photos_downloader,e5f304941e2a74b1fbda06c4270ec2fc100e6a49,tests/test_cli.py::CliTestCase::test_tqdm,OD-Brit,,,
https://github.com/Netflix-Skunkworks/policyuniverse,b633e572ecdba45d70398ac034fb44e0e4e7dbf8,policyuniverse/tests/test_expander_minimizer.py::TestMethods::test_expand_1,OD-Vic,,,
https://github.com/neulab/compare-mt,92502b30b1f228773179a01dd86fe1b8dfd400e5,tests/test_cache.py::TestSentBucketCache::test_sentbucket_cache,OD-Brit,Unmaintained,,latest commit 2022/03/22
https://github.com/neulab/compare-mt,92502b30b1f228773179a01dd86fe1b8dfd400e5,tests/test_cache.py::TestSrcWordAccCache::test_src_wordacc_cache,OD-Brit,Unmaintained,,latest commit 2022/03/22
https://github.com/neulab/compare-mt,92502b30b1f228773179a01dd86fe1b8dfd400e5,tests/test_cache.py::TestWordAccCache::test_wordacc_cache,OD-Brit,Unmaintained,,latest commit 2022/03/22
https://github.com/Neuraxio/Neuraxle,20c6e5713198345b43bf6899355f1b5cf65eb02c,testing/hyperparams/test_distributions.py::test_gaussian_distribution_mixture_log,OD-Vic,Unmaintained,,latest commit 2022/08/16
https://github.com/neurodsp-tools/neurodsp,19aa50c71deaa19e4ed85efa192afa8ab63d0bf1,neurodsp/tests/utils/test_download.py::test_check_data_file,OD-Brit,Rejected,https://github.com/neurodsp-tools/neurodsp/pull/308,
https://github.com/nficano/pytube,b610f399722e001e99ee88d3673c148d903c5948,tests/test_streams.py::test_on_progress_hook,NIO,,,
https://github.com/nicolaszein/autodiscover,3009f81c51b7a4cb077427e429d740db98eb173b,tests/test_autodiscover.py::TestAutoDiscover::test_autodiscover_with_pattern,OD-Brit,Unmaintained,,latest commit 2021/02/02
https://github.com/nir0s/clu,77da967a4577ca4cf100cfe34e87b39ad88bf21c,tests/test_ghost.py::TestCLI::test_init_already_initialized,OD-Brit,Unmaintained,,latest commit 2018/01/21
https://github.com/nir0s/clu,77da967a4577ca4cf100cfe34e87b39ad88bf21c,tests/test_ghost.py::TestCLI::test_init_permission_denied_on_passphrase,OD-Brit,Unmaintained,,latest commit 2018/01/21
https://github.com/nir0s/clu,77da967a4577ca4cf100cfe34e87b39ad88bf21c,tests/test_ghost.py::TestStash::test_broken_is_initialized,OD-Brit,Unmaintained,,latest commit 2018/01/21
https://github.com/nMustaki/debinterface,abd30a55dcbadc30fd66143adc196034b663054f,test/test_hostapd.py::TestHostapd::test_read,OD-Vic,Unmaintained,,latest commit 2021/07/05
https://github.com/nordwind80/BT-Tracker,558c15b399871c1ca11d0c4ae1eb598e3060931e,Tracker/tests/test_event.py::TestEvent::test_object,OD-Brit,Unmaintained,,latest commit 2019/04/29
https://github.com/omersaraf/IOCynergy,1821423680f741d8ca06bcc6a02c8b21156f9ba0,cynergy/tests/test_life_cycle.py::test_multi,NIO,Opened,https://github.com/omersaraf/IOCynergy/pull/3,
https://github.com/omersaraf/IOCynergy,1821423680f741d8ca06bcc6a02c8b21156f9ba0,cynergy/tests/test_register_multiple.py::test_register_multiple,OD-Vic,Unmaintained,,latest commit 2019/12/17
https://github.com/OpenDataServices/lib-cove,74ba874ec6882969894797ee0dbc5c70a16019e5,tests/lib/test_converters.py::test_convert_activity_xml_1,OD-Vic,,,
https://github.com/OpenDataServices/lib-cove,74ba874ec6882969894797ee0dbc5c70a16019e5,tests/lib/test_converters.py::test_convert_json_1,OD-Vic,,,
https://github.com/OpenDataServices/lib-cove,74ba874ec6882969894797ee0dbc5c70a16019e5,tests/lib/test_converters.py::test_convert_org_xml_1,OD-Vic,,,
https://github.com/openworm/YAROM,cd4fb6cb8fac72a198858225ce89ad8b9c9175fd,tests/test_mapper.py::MapperTest::test_children_are_added,OD-Brit,Unmaintained,,latest commit 2020/01/25
https://github.com/openworm/YAROM,cd4fb6cb8fac72a198858225ce89ad8b9c9175fd,tests/test_mapper.py::MapperTest::test_children_are_deregistered,OD-Brit,Unmaintained,,latest commit 2020/01/25
https://github.com/openworm/YAROM,cd4fb6cb8fac72a198858225ce89ad8b9c9175fd,tests/test_mapper.py::MapperTest::test_object_from_id_class,OD-Brit,Unmaintained,,latest commit 2020/01/25
https://github.com/opper/pyserverpilot,b6b896fea1155fa95febde84f74e0d2230523ab0,tests/test_app.py::TestApp::test_add_ssl,OD-Brit,Unmaintained,,latest commit 2021/03/30
https://github.com/opper/pyserverpilot,b6b896fea1155fa95febde84f74e0d2230523ab0,tests/test_app.py::TestApp::test_enable_force_ssl,OD-Brit,Unmaintained,,latest commit 2021/03/30
https://github.com/opper/pyserverpilot,b6b896fea1155fa95febde84f74e0d2230523ab0,tests/test_app.py::TestApp::test_get_app,OD-Brit,Unmaintained,,latest commit 2021/03/30
https://github.com/opper/pyserverpilot,b6b896fea1155fa95febde84f74e0d2230523ab0,tests/test_app.py::TestApp::test_update_app_validation,OD-Brit,Unmaintained,,latest commit 2021/03/30
https://github.com/opper/pyserverpilot,b6b896fea1155fa95febde84f74e0d2230523ab0,tests/test_db.py::TestDb::test_get_db,OD-Brit,Unmaintained,,latest commit 2021/03/30
https://github.com/opper/pyserverpilot,b6b896fea1155fa95febde84f74e0d2230523ab0,tests/test_db.py::TestDb::test_update_db,OD-Brit,Unmaintained,,latest commit 2021/03/30
https://github.com/oskar456/dzonegit,8f952086aa41aee4ebb7432926ed8c6a9211ac9f,test_dzonegit.py::test_get_altered_files,OD-Brit,Unmaintained,,latest commit 2021/12/21
https://github.com/oskar456/dzonegit,8f952086aa41aee4ebb7432926ed8c6a9211ac9f,test_dzonegit.py::test_get_file_contents,OD-Brit,Unmaintained,,latest commit 2021/12/21
https://github.com/oskar456/dzonegit,8f952086aa41aee4ebb7432926ed8c6a9211ac9f,test_dzonegit.py::test_get_head,NIO,Accepted,https://github.com/oskar456/dzonegit/pull/19,
https://github.com/oskar456/dzonegit,8f952086aa41aee4ebb7432926ed8c6a9211ac9f,test_dzonegit.py::test_get_head,OD-Vic,Unmaintained,,latest commit 2021/12/21
https://github.com/oskar456/dzonegit,8f952086aa41aee4ebb7432926ed8c6a9211ac9f,test_dzonegit.py::test_post_receive,OD-Brit,Unmaintained,,latest commit 2021/12/21
https://github.com/oskar456/dzonegit,8f952086aa41aee4ebb7432926ed8c6a9211ac9f,test_dzonegit.py::test_pre_receive,OD-Vic,Unmaintained,,latest commit 2021/12/21
https://github.com/oskar456/dzonegit,8f952086aa41aee4ebb7432926ed8c6a9211ac9f,test_dzonegit.py::test_template_config,OD-Brit,Unmaintained,,latest commit 2021/12/21
https://github.com/oskar456/dzonegit,8f952086aa41aee4ebb7432926ed8c6a9211ac9f,test_dzonegit.py::test_update,OD-Vic,Unmaintained,,latest commit 2021/12/21
https://github.com/ozzywalsh/metcli,4658176034cea68955849bf488494c8ce3ffcbcd,metcli/test_metcli.py::test_met_request_should_handle_connection_problem,OD-Vic,Unmaintained,,latest commit 2021/03/23
https://github.com/ozzywalsh/metcli,4658176034cea68955849bf488494c8ce3ffcbcd,metcli/test_metcli.py::test_met_request_should_return_dict,OD-Vic,Unmaintained,,latest commit 2021/03/23
https://github.com/Parsely/serpextract,aec8f2bd79c66953938569a24b05c693ab70b4ce,tests/test_serps.py::TestSERPs::test_custom_parser_implicit,OD-Brit,Unmaintained,,latest commit 2021/08/16
https://github.com/Parsely/serpextract/,aec8f2bd79c66953938569a24b05c693ab70b4ce,tests/test_serps.py::TestSERPs::test_custom_parser_implicit,OD-Brit,,,
https://github.com/pierrepo/autoclasswrapper,af43dd833e5586386098d1793a59332e968069da,tests/test_output.py::TestOutputClass::test_write_dendrogram,OD-Brit,Unmaintained,,latest commit 2019/07/25
https://github.com/pierrepo/autoclasswrapper,af43dd833e5586386098d1793a59332e968069da,tests/test_output.py::TestOutputClass::test_write_dendrogram_no_stats,OD-Vic,Unmaintained,,latest commit 2019/07/25
https://github.com/politeauthority/docker-pretty-ps,2fcc9db4e391df2b96ccc2e967b41b6263fdcc2d,tests/test_dockerprettyps.py::TestDockerPrettyPs::test_container_display_name,OD-Vic,Unmaintained,,latest commit 2021/04/23
https://github.com/politeauthority/docker-pretty-ps,2fcc9db4e391df2b96ccc2e967b41b6263fdcc2d,tests/test_dockerprettyps.py::TestDockerPrettyPs::test_get_container_colors,OD-Vic,Unmaintained,,latest commit 2021/04/23
https://github.com/politeauthority/docker-pretty-ps,2fcc9db4e391df2b96ccc2e967b41b6263fdcc2d,tests/test_dockerprettyps.py::TestDockerPrettyPs::test_give_json,NIO,Opened,https://github.com/politeauthority/docker-pretty-ps/pull/35,
https://github.com/politeauthority/docker-pretty-ps,2fcc9db4e391df2b96ccc2e967b41b6263fdcc2d,tests/test_dockerprettyps.py::TestDockerPrettyPs::test_print_format,OD-Vic,Unmaintained,,latest commit 2021/04/23
https://github.com/Poogles/limitediterables,3ce3bc28d5c4092db3d5499ad60339c007f4c0e0,tests/test_iterables.py::test_actual_rate_slower_than_rate_limit,OD-Vic,Unmaintained,,latest commit 2018/02/01
https://github.com/Poogles/limitediterables,3ce3bc28d5c4092db3d5499ad60339c007f4c0e0,tests/test_iterables.py::test_rate_limit,OD-Vic,Unmaintained,,latest commit 2018/02/01
https://github.com/Poogles/limitediterables,3ce3bc28d5c4092db3d5499ad60339c007f4c0e0,tests/test_iterables.py::test_rate_limit_negative,OD-Vic,Unmaintained,,latest commit 2018/02/01
https://github.com/Prodesire/pydu,4a1c2f15f7274d5079fb08b02ab1dbe08c0cefef,tests/test_request.py::test_check_connect,NIO,Opened,https://github.com/Prodesire/pydu/pull/19,
https://github.com/Prodesire/pydu,4a1c2f15f7274d5079fb08b02ab1dbe08c0cefef,tests/test_system.py::TestWhich::test_cmd_path,NIO,Opened,https://github.com/Prodesire/pydu/pull/22,
https://github.com/pustotnik/zenmake,6cff05114cea34fc204d9e95422f11dc25cd1228,tests/test_waf_assist.py::testUsedWafTaskKeys,NIO,Accepted,https://github.com/pustotnik/zenmake/pull/29,
https://github.com/pycqa/mccabe,e92e9e79799c5796f76f3da821dbb5aa56e41028,test_mccabe.py::RegressionTests::test_max_complexity_is_always_an_int,OD-Brit,,,
https://github.com/PyFunceble/domain2idna,39a1c4e1ebb877ed511e53b618fbe437a685c970,tests/test_cli.py::TestCLI::test_domain,OD-Vic,Opened,https://github.com/PyFunceble/domain2idna/pull/4,
https://github.com/PyFunceble/domain2idna,39a1c4e1ebb877ed511e53b618fbe437a685c970,tests/test_cli.py::TestCLI::test_file,OD-Vic,,,
https://github.com/qiyangduan/schemaindex,83bfb96c78d194370b068e11f89a9e4d6af48a46,test/test_plugin_mysql_hdfs.py::test_plugin_loading,NIO,Opened,https://github.com/qiyangduan/schemaindex/pull/2,
https://github.com/qiyangduan/schemaindex,83bfb96c78d194370b068e11f89a9e4d6af48a46,test/test_plugin_mysql_hdfs.py::test_plugin_mysql_add,NIO,Opened,https://github.com/qiyangduan/schemaindex/pull/1,
https://github.com/Qordobacode/fitbert,4b0f2f3f47e5a3fea0ee59d65f71c44b830a93d9,fitbert/tests.py::test_delemmatizes_lemmas,NIO,Opened,https://github.com/Qordobacode/fitbert/pull/23,RepoArchived
https://github.com/Qordobacode/fitbert,4b0f2f3f47e5a3fea0ee59d65f71c44b830a93d9,fitbert/tests.py::test_delemmatizes_non_lemmas,NIO,Opened,https://github.com/Qordobacode/fitbert/pull/23,RepoArchived
https://github.com/raphaelvallat/pingouin,08560bb978949e97653b203f7374e90b022b88fb,pingouin/tests/test_regression.py::TestRegression::test_logistic_regression,OD-Vic,Accepted,https://github.com/raphaelvallat/pingouin/pull/303,
https://github.com/rduldulao/tornado-swirl,b8df27efc3d7fd0dce0f0290767c94ac2e747311,tests/test_swirl.py::TestSampleEndpoints::test_security_scheme1,OD-Brit,Unmaintained,,latest commit 2019/12/19
https://github.com/rduldulao/tornado-swirl,b8df27efc3d7fd0dce0f0290767c94ac2e747311,tests/test_swirl.py::TestSampleEndpoints::test_security_scheme2,OD-Brit,Unmaintained,,latest commit 2019/12/19
https://github.com/richecr/PyGraph,e81c3a0f543f5bfcda1a603c6dcecde13d582c57,__tests__/test_simple_graph.py::TestSimpleGraph::test_add_vertex,OD-Vic,Accepted,https://github.com/richecr/PyGraph/pull/96,
https://github.com/richecr/PyGraph,e81c3a0f543f5bfcda1a603c6dcecde13d582c57,__tests__/test_simple_graph.py::TestSimpleGraph::test_delete_vertex,OD-Vic,Accepted,https://github.com/richecr/PyGraph/pull/96,
https://github.com/richecr/PyGraph,e81c3a0f543f5bfcda1a603c6dcecde13d582c57,__tests__/test_simple_graph.py::TestSimpleGraph::test_duplicated_edge,OD-Vic,Accepted,https://github.com/richecr/PyGraph/pull/96,
https://github.com/richecr/PyGraph,e81c3a0f543f5bfcda1a603c6dcecde13d582c57,__tests__/test_simple_graph.py::TestSimpleGraph::test_false_cycle_graph,OD-Vic,Accepted,https://github.com/richecr/PyGraph/pull/96,
https://github.com/richecr/PyGraph,e81c3a0f543f5bfcda1a603c6dcecde13d582c57,__tests__/test_simple_graph.py::TestSimpleGraph::test_false_regular_graph,OD-Vic,Accepted,https://github.com/richecr/PyGraph/pull/96,
https://github.com/richecr/PyGraph,e81c3a0f543f5bfcda1a603c6dcecde13d582c57,__tests__/test_simple_graph.py::TestSimpleGraph::test_get_all_vertex,OD-Vic,Accepted,https://github.com/richecr/PyGraph/pull/96,
https://github.com/richecr/PyGraph,e81c3a0f543f5bfcda1a603c6dcecde13d582c57,__tests__/test_simple_graph.py::TestSimpleGraph::test_is_terminal,OD-Vic,Accepted,https://github.com/richecr/PyGraph/pull/96,
https://github.com/richecr/PyGraph,e81c3a0f543f5bfcda1a603c6dcecde13d582c57,__tests__/test_simple_graph.py::TestSimpleGraph::test_num_edges,OD-Vic,Accepted,https://github.com/richecr/PyGraph/pull/96,
https://github.com/richecr/PyGraph,e81c3a0f543f5bfcda1a603c6dcecde13d582c57,__tests__/test_simple_graph.py::TestSimpleGraph::test_num_vertex,OD-Vic,Accepted,https://github.com/richecr/PyGraph/pull/96,
https://github.com/richecr/PyGraph,e81c3a0f543f5bfcda1a603c6dcecde13d582c57,__tests__/test_simple_graph.py::TestSimpleGraph::test_true_regular_graph,OD-Vic,Accepted,https://github.com/richecr/PyGraph/pull/96,
https://github.com/richecr/PyGraph,e81c3a0f543f5bfcda1a603c6dcecde13d582c57,__tests__/test_simple_graph.py::TestSimpleGraph::test_vertex_neighbors,OD-Vic,Accepted,https://github.com/richecr/PyGraph/pull/96,
https://github.com/Rickecr/PyGraph,e81c3a0f543f5bfcda1a603c6dcecde13d582c57,__tests__/test_simple_graph.py::TestSimpleGraph::test_add_vertex,NIO,Opened,https://github.com/richecr/PyGraph/pull/94,
https://github.com/Rickecr/PyGraph,e81c3a0f543f5bfcda1a603c6dcecde13d582c57,__tests__/test_simple_graph.py::TestSimpleGraph::test_delete_vertex,OD-Brit,Unmaintained,,latest commit 2022/09/06
https://github.com/Rickecr/PyGraph,e81c3a0f543f5bfcda1a603c6dcecde13d582c57,__tests__/test_simple_graph.py::TestSimpleGraph::test_duplicated_edge,OD-Brit,Unmaintained,,latest commit 2022/09/06
https://github.com/Rickecr/PyGraph,e81c3a0f543f5bfcda1a603c6dcecde13d582c57,__tests__/test_simple_graph.py::TestSimpleGraph::test_edge_exists,OD-Brit,Unmaintained,,latest commit 2022/09/06
https://github.com/Rickecr/PyGraph,e81c3a0f543f5bfcda1a603c6dcecde13d582c57,__tests__/test_simple_graph.py::TestSimpleGraph::test_false_cycle_graph,OD-Brit,Unmaintained,,latest commit 2022/09/06
https://github.com/Rickecr/PyGraph,e81c3a0f543f5bfcda1a603c6dcecde13d582c57,__tests__/test_simple_graph.py::TestSimpleGraph::test_false_regular_graph,OD-Brit,Unmaintained,,latest commit 2022/09/06
https://github.com/Rickecr/PyGraph,e81c3a0f543f5bfcda1a603c6dcecde13d582c57,__tests__/test_simple_graph.py::TestSimpleGraph::test_is_terminal,OD-Brit,Unmaintained,,latest commit 2022/09/06
https://github.com/Rickecr/PyGraph,e81c3a0f543f5bfcda1a603c6dcecde13d582c57,__tests__/test_simple_graph.py::TestSimpleGraph::test_list_graph_edges,OD-Brit,Unmaintained,,latest commit 2022/09/06
https://github.com/Rickecr/PyGraph,e81c3a0f543f5bfcda1a603c6dcecde13d582c57,__tests__/test_simple_graph.py::TestSimpleGraph::test_list_graph_vertices,OD-Brit,Unmaintained,,latest commit 2022/09/06
https://github.com/Rickecr/PyGraph,e81c3a0f543f5bfcda1a603c6dcecde13d582c57,__tests__/test_simple_graph.py::TestSimpleGraph::test_num_edges,OD-Brit,Unmaintained,,latest commit 2022/09/06
https://github.com/Rickecr/PyGraph,e81c3a0f543f5bfcda1a603c6dcecde13d582c57,__tests__/test_simple_graph.py::TestSimpleGraph::test_num_vertex,NIO,Opened,https://github.com/richecr/PyGraph/pull/94,
https://github.com/Rickecr/PyGraph,e81c3a0f543f5bfcda1a603c6dcecde13d582c57,__tests__/test_simple_graph.py::TestSimpleGraph::test_num_vertex,OD-Vic,Unmaintained,,latest commit 2022/09/06
https://github.com/Rickecr/PyGraph,e81c3a0f543f5bfcda1a603c6dcecde13d582c57,__tests__/test_simple_graph.py::TestSimpleGraph::test_show_edge,OD-Brit,Unmaintained,,latest commit 2022/09/06
https://github.com/Rickecr/PyGraph,e81c3a0f543f5bfcda1a603c6dcecde13d582c57,__tests__/test_simple_graph.py::TestSimpleGraph::test_true_cycle_graph,OD-Brit,Unmaintained,,latest commit 2022/09/06
https://github.com/Rickecr/PyGraph,e81c3a0f543f5bfcda1a603c6dcecde13d582c57,__tests__/test_simple_graph.py::TestSimpleGraph::test_vertex_degree,OD-Brit,Unmaintained,,latest commit 2022/09/06
https://github.com/Rickecr/PyGraph,e81c3a0f543f5bfcda1a603c6dcecde13d582c57,__tests__/test_simple_graph.py::TestSimpleGraph::test_vertex_exists,OD-Brit,Unmaintained,,latest commit 2022/09/06
https://github.com/Rickecr/PyGraph,e81c3a0f543f5bfcda1a603c6dcecde13d582c57,__tests__/test_simple_graph.py::TestSimpleGraph::test_vertex_neighbors,NIO,Unmaintained,,latest commit 2022/09/06
https://github.com/Rickecr/PyGraph,e81c3a0f543f5bfcda1a603c6dcecde13d582c57,__tests__/test_simple_graph.py::TestSimpleGraph::test_vertices_adjacency,OD-Brit,Unmaintained,,latest commit 2022/09/06
https://github.com/rochefort-lab/fissa,2077a8c8a029948dcf1d4c352f785700f42aff9f,fissa/tests/test_core.py::TestExperimentA::test_imagelistloaded_roizip,OD-Vic,,,
https://github.com/rorymurdock/basic_auth,622f2133c13988cec549f4ea55bed14e50f90876,tests/test_basic.py::test_verify_config,OD-Brit,Unmaintained,,12/4/2019
https://github.com/rorymurdock/basic_auth,622f2133c13988cec549f4ea55bed14e50f90876,tests/test_general.py::test_file_data_arguments,OD-Brit,Unmaintained,,12/4/2019
https://github.com/rorymurdock/basic_auth,622f2133c13988cec549f4ea55bed14e50f90876,tests/test_general.py::test_file_data_interactive,OD-Brit,Unmaintained,,12/4/2019
https://github.com/rorymurdock/basic_auth,622f2133c13988cec549f4ea55bed14e50f90876,tests/test_wso.py::test_file_data_arguments,OD-Brit,Unmaintained,,12/4/2019
https://github.com/rorymurdock/basic_auth,622f2133c13988cec549f4ea55bed14e50f90876,tests/test_wso.py::test_file_data_interactive,OD-Brit,Unmaintained,,12/4/2019
https://github.com/saabeilin/kafkian,79eb88b874876632590fea48afcab09592c717dd,tests/unit/test_consumer_errors.py::test_consumer_generator_raises_and_closed_on_error,NIO,,,
https://github.com/samuelduchesne/pyTrnsysType,6cf552e4ccd66f7b728e84654e580befe2061114,tests/test_xml.py::TestTrnsysModel::test_get_attr_derivative,OD-Vic,Unmaintained,,latest commit 2021/07/19
https://github.com/santoshphilip/eppy,98e58583dce6c0fcec9c7b1ff1142bae0a67ddc7,eppy/tests/EPlusInterfaceFunctions_tests/test_iddgroups.py::test_group2commlst,NIO,Opened,https://github.com/santoshphilip/eppy/pull/358,
https://github.com/santoshphilip/eppy,98e58583dce6c0fcec9c7b1ff1142bae0a67ddc7,eppy/tests/test_examples.py::test_addobject,NIO,Opened,https://github.com/santoshphilip/eppy/pull/355,
https://github.com/santoshphilip/eppy,98e58583dce6c0fcec9c7b1ff1142bae0a67ddc7,eppy/tests/test_examples.py::test_pythonic,NIO,Opened,https://github.com/santoshphilip/eppy/pull/356,
https://github.com/santoshphilip/eppy,98e58583dce6c0fcec9c7b1ff1142bae0a67ddc7,eppy/tests/test_examples.py::test_pythonic,OD-Vic,,,
https://github.com/santoshphilip/eppy,98e58583dce6c0fcec9c7b1ff1142bae0a67ddc7,eppy/tests/test_idfreader.py::test_convertallfields,NIO,,,
https://github.com/santoshphilip/eppy,98e58583dce6c0fcec9c7b1ff1142bae0a67ddc7,eppy/tests/test_modeleditor.py::test_idd_index,OD-Brit,,,
https://github.com/sashgorokhov/python-telegram-handler,4ac0e5cbb6ac3c3f81a57be6b3cea49dfd8e8ec4,tests/test_handlers.py::test_handler_init_without_chat,OD-Brit,RepoArchived,,
https://github.com/securenative/securenative-python,0eae99733b7565341487ad32f044be8dc51032cd,tests/configuration_manager_test.py::ConfigurationManagerTest::test_default_values_for_invalid_enum_config_props,OD-Vic,Unmaintained,,latest commit 2020/11/30
https://github.com/securenative/securenative-python,0eae99733b7565341487ad32f044be8dc51032cd,tests/configuration_manager_test.py::ConfigurationManagerTest::test_get_config_from_env_variables,OD-Brit,Unmaintained,,latest commit 2020/11/30
https://github.com/securenative/securenative-python,0eae99733b7565341487ad32f044be8dc51032cd,tests/configuration_manager_test.py::ConfigurationManagerTest::test_ignore_unknown_config_in_properties_file,OD-Vic,Unmaintained,,latest commit 2020/11/30
https://github.com/securenative/securenative-python,0eae99733b7565341487ad32f044be8dc51032cd,tests/configuration_manager_test.py::ConfigurationManagerTest::test_load_default_config,OD-Brit,Unmaintained,,latest commit 2020/11/30
https://github.com/securenative/securenative-python,0eae99733b7565341487ad32f044be8dc51032cd,tests/configuration_manager_test.py::ConfigurationManagerTest::test_parse_config_file_correctly,OD-Vic,Unmaintained,,latest commit 2020/11/30
https://github.com/securenative/securenative-python,0eae99733b7565341487ad32f044be8dc51032cd,tests/securenative_test.py::SecureNativeTest::test_get_sdk_instance_without_init_throws,OD-Vic,Unmaintained,,latest commit 2020/11/30
https://github.com/sjoerdk/anonapi,5e70dfd9fcb7dcc4e2345a6a153d9530f4886e73,tests/test_cli_create.py::test_job_parameter_set,NIO,Opened,https://github.com/sjoerdk/anonapi/pull/545,
https://github.com/sjoerdk/anonapi,5e70dfd9fcb7dcc4e2345a6a153d9530f4886e73,tests/test_cli_create.py::test_job_parameter_set,OD-Vic,Opened,https://github.com/sjoerdk/anonapi/pull/545,
https://github.com/solegalli/feature_engine,ba4d7050b3923d620c1773b66cd4c51ed24498dd,tests/test_missing_data_imputer.py::test_ArbitraryNumberImputer,OD-Vic,Deleted,,https://github.com/solegalli/feature_engine/commit/e40457ce8b4baa1e146976bf1af1bbdf6eae1305
https://github.com/solegalli/feature_engine,ba4d7050b3923d620c1773b66cd4c51ed24498dd,tests/test_missing_data_imputer.py::test_CategoricalVariableImputer,NIO,DeveloperFixed,,
https://github.com/solegalli/feature_engine,ba4d7050b3923d620c1773b66cd4c51ed24498dd,tests/test_missing_data_imputer.py::test_CategoricalVariableImputer,OD-Vic,Deleted,,https://github.com/solegalli/feature_engine/commit/e40457ce8b4baa1e146976bf1af1bbdf6eae1305
https://github.com/solegalli/feature_engine,ba4d7050b3923d620c1773b66cd4c51ed24498dd,tests/test_missing_data_imputer.py::test_EndTailImputer,OD-Vic,Deleted,,https://github.com/solegalli/feature_engine/commit/e40457ce8b4baa1e146976bf1af1bbdf6eae1305
https://github.com/solegalli/feature_engine,ba4d7050b3923d620c1773b66cd4c51ed24498dd,tests/test_missing_data_imputer.py::test_MeanMedianImputer,OD-Vic,Deleted,,https://github.com/solegalli/feature_engine/commit/e40457ce8b4baa1e146976bf1af1bbdf6eae1305
https://github.com/solegalli/feature_engine,ba4d7050b3923d620c1773b66cd4c51ed24498dd,tests/test_missing_data_imputer.py::test_RandomSampleImputer,NIO,DeveloperFixed,,
https://github.com/spulec/freezegun,b46da782a7a051081fd51577749cfc0074db0cc6,tests/test_class_import.py::test_import_after_start,NIO,Accepted,https://github.com/spulec/freezegun/pull/407,
https://github.com/spulec/freezegun,b46da782a7a051081fd51577749cfc0074db0cc6,tests/test_class_import.py::test_import_after_start,OD-Vic,,,
https://github.com/stateya/m3u-dump,1ec3eeedb4c650af76c6c66859375ca2d2a6e1bc,tests/test_m3u_dump.py::test_command_line_already_playlist,NIO,Opened,https://github.com/stateya/m3u-dump/pull/2,
https://github.com/stateya/m3u-dump,1ec3eeedb4c650af76c6c66859375ca2d2a6e1bc,tests/test_m3u_dump.py::test_copy_music_dryrun,OD-Vic,Unmaintained,,latest commit 2016/11/01
https://github.com/stfc/fparser,4be91d2e1078fa5588e84a3299131f297afba675,src/fparser/one/tests/test_parsefortran.py::test_log_cache,NIO,Accepted,https://github.com/stfc/fparser/pull/299,
https://github.com/stfc/fparser,4be91d2e1078fa5588e84a3299131f297afba675,src/fparser/one/tests/test_parsefortran.py::test_log_empty,NIO,Accepted,https://github.com/stfc/fparser/pull/300,
https://github.com/stfc/fparser,4be91d2e1078fa5588e84a3299131f297afba675,src/fparser/one/tests/test_parsefortran.py::test_log_failure,NIO,Accepted,https://github.com/stfc/fparser/pull/300,
https://github.com/strizhechenko/netutils-linux,dfcb0900ffffa3020656338bbab123f6da00a168,netutils_linux_tuning/test_rx_buffers.py::RxBuffersTuneTest::test_all,OD-Brit,,,
https://github.com/SuryaSankar/flask-sqlalchemy-booster,e43980e29a18e725d791b87ce1b677470bbaf22c,tests/test_view_boosters/test_todo_list_api/test_api_endpoints.py::test_task_get,OD-Brit,Unmaintained,,latest commit 2021/05/15
https://github.com/SuryaSankar/flask-sqlalchemy-booster,e43980e29a18e725d791b87ce1b677470bbaf22c,tests/test_view_boosters/test_todo_list_api/test_api_endpoints.py::test_task_updation,OD-Brit,Unmaintained,,latest commit 2021/05/15
https://github.com/sushobhit27/multiindex,b631e60bd47558eca9067a0dc87f0e713cddc6f2,multiindex/tests/test_multiindex.py::test_insert,OD-Vic,Unmaintained,,latest commit 2018/08/29
https://github.com/sushobhit27/multiindex,b631e60bd47558eca9067a0dc87f0e713cddc6f2,multiindex/tests/test_multiindex.py::test_insert_overwrite,NIO,Opened,https://github.com/sushobhit27/multiindex/pull/1,
https://github.com/sushobhit27/multiindex,b631e60bd47558eca9067a0dc87f0e713cddc6f2,multiindex/tests/test_multiindex.py::test_insert_overwrite,OD-Vic,Unmaintained,,latest commit 2018/08/29
https://github.com/sushobhit27/multiindex,b631e60bd47558eca9067a0dc87f0e713cddc6f2,multiindex/tests/test_multiindex.py::test_modify,NIO,Opened,https://github.com/sushobhit27/multiindex/pull/2,
https://github.com/sushobhit27/multiindex,b631e60bd47558eca9067a0dc87f0e713cddc6f2,multiindex/tests/test_multiindex.py::test_remove,OD-Brit,Unmaintained,,latest commit 2018/08/29
https://github.com/sushobhit27/multiindex,b631e60bd47558eca9067a0dc87f0e713cddc6f2,multiindex/tests/test_multiindex_hashed_non_unique.py::test_insert,OD-Vic,Unmaintained,,latest commit 2018/08/29
https://github.com/sushobhit27/multiindex,b631e60bd47558eca9067a0dc87f0e713cddc6f2,multiindex/tests/test_multiindex_hashed_non_unique.py::test_modify,NIO,Opened,https://github.com/sushobhit27/multiindex/pull/3,
https://github.com/sushobhit27/multiindex,b631e60bd47558eca9067a0dc87f0e713cddc6f2,multiindex/tests/test_multiindex_hashed_non_unique.py::test_remove,NIO,Opened,https://github.com/sushobhit27/multiindex/pull/3,
https://github.com/sylhare/gitlab_stats,157de3b703031ef0de39e187314133624f1ac1bb,tests/test_utils.py::UtilsTest::test_056_enhance_project_info,NIO,Unmaintained,,latest commit 2021/04/23
https://github.com/syrusakbary/promise,4627315476f6b9fc82818327ae09b04f89f9bda7,tests/test_dataloader.py::test_wrong_loader_return_type_does_not_block_async_instance,OD-Brit,Unmaintained,,latest commit 2020/01/28
https://github.com/teamhide/pythondi,913e6a60fc5d02c3db385ad322f970ecec36969b,tests/test_configure.py::test_configure,NIO,Accepted,https://github.com/teamhide/pythondi/pull/23,
https://github.com/teamhide/pythondi,913e6a60fc5d02c3db385ad322f970ecec36969b,tests/test_configure.py::test_configure,OD-Vic,Unmaintained,,latest commit 2022/09/02
https://github.com/Teamworksapp/pydbvolve,e18bb8cf98997c52de0cf30a8e106c480ba0bb57,tests/unittests/test_00_initialization.py::test_09_get_migration_table_schema,OD-Vic,Unmaintained,,latest commit 2017/08/11
https://github.com/Teamworksapp/pydbvolve,e18bb8cf98997c52de0cf30a8e106c480ba0bb57,tests/unittests/test_00_initialization.py::test_11_log_file,NIO,Opened,https://github.com/Teamworksapp/pydbvolve/pull/14,
https://github.com/Teamworksapp/pydbvolve,e18bb8cf98997c52de0cf30a8e106c480ba0bb57,tests/unittests/test_00_initialization.py::test_13_pre_config,OD-Vic,Unmaintained,,latest commit 2017/08/11
https://github.com/Teamworksapp/pydbvolve,e18bb8cf98997c52de0cf30a8e106c480ba0bb57,tests/unittests/test_01_migration_table.py::test_02_check_migration_table_bad_structure,OD-Brit,Unmaintained,,latest commit 2017/08/11
https://github.com/Tedyst/HikLoad,b3eb7be65bd34040992e1b7b15f23ff4ce2e8dc4,tests/test_config.py::test_envvar,OD-Brit,Deleted,,Deleted in commit 9974a0090ec21279ed7332d8ef42b328f3d179a0
https://github.com/thegetty/crom,98bb6be4e32b4c81eb7e0b5e841a915b015abaf0,tests/test_model.py::TestAutoIdentifiers::test_no_ident,OD-Vic,Unmaintained,,latest commit 2022/06/01
https://github.com/thegetty/crom,98bb6be4e32b4c81eb7e0b5e841a915b015abaf0,tests/test_model.py::TestBaseResource::test_allows_multiple,OD-Vic,Unmaintained,,latest commit 2022/06/01
https://github.com/thegetty/crom,98bb6be4e32b4c81eb7e0b5e841a915b015abaf0,tests/test_model.py::TestBaseResource::test_check_prop,OD-Vic,Unmaintained,,latest commit 2022/06/01
https://github.com/thegetty/crom,98bb6be4e32b4c81eb7e0b5e841a915b015abaf0,tests/test_model.py::TestBaseResource::test_check_reference,OD-Vic,Unmaintained,,latest commit 2022/06/01
https://github.com/thegetty/crom,98bb6be4e32b4c81eb7e0b5e841a915b015abaf0,tests/test_model.py::TestBaseResource::test_init_params,OD-Vic,Unmaintained,,latest commit 2022/06/01
https://github.com/thegetty/crom,98bb6be4e32b4c81eb7e0b5e841a915b015abaf0,tests/test_model.py::TestBaseResource::test_list_my_props,OD-Vic,Unmaintained,,latest commit 2022/06/01
https://github.com/thegetty/crom,98bb6be4e32b4c81eb7e0b5e841a915b015abaf0,tests/test_model.py::TestBaseResource::test_multiplicity,OD-Vic,Unmaintained,,latest commit 2022/06/01
https://github.com/thegetty/crom,98bb6be4e32b4c81eb7e0b5e841a915b015abaf0,tests/test_model.py::TestFactorySerialization::test_breadth,OD-Vic,Unmaintained,,latest commit 2022/06/01
https://github.com/thegetty/crom,98bb6be4e32b4c81eb7e0b5e841a915b015abaf0,tests/test_model.py::TestFactorySerialization::test_collapse_json,OD-Vic,Unmaintained,,latest commit 2022/06/01
https://github.com/thegetty/crom,98bb6be4e32b4c81eb7e0b5e841a915b015abaf0,tests/test_model.py::TestFactorySerialization::test_ordering,OD-Vic,Unmaintained,,latest commit 2022/06/01
https://github.com/thegetty/crom,98bb6be4e32b4c81eb7e0b5e841a915b015abaf0,tests/test_model.py::TestFactorySerialization::test_pipe_scoped,OD-Vic,Unmaintained,,latest commit 2022/06/01
https://github.com/thegetty/crom,98bb6be4e32b4c81eb7e0b5e841a915b015abaf0,tests/test_model.py::TestFactorySerialization::test_production_mode,OD-Vic,Unmaintained,,latest commit 2022/06/01
https://github.com/thegetty/crom,98bb6be4e32b4c81eb7e0b5e841a915b015abaf0,tests/test_model.py::TestFactorySerialization::test_recursion,OD-Vic,Unmaintained,,latest commit 2022/06/01
https://github.com/thegetty/crom,98bb6be4e32b4c81eb7e0b5e841a915b015abaf0,tests/test_model.py::TestFactorySerialization::test_string_list,OD-Vic,Unmaintained,,latest commit 2022/06/01
https://github.com/thegetty/crom,98bb6be4e32b4c81eb7e0b5e841a915b015abaf0,tests/test_model.py::TestFactorySerialization::test_toFile,OD-Vic,Unmaintained,,latest commit 2022/06/01
https://github.com/thegetty/crom,98bb6be4e32b4c81eb7e0b5e841a915b015abaf0,tests/test_model.py::TestMagicMethods::test_not_multiple_instance,OD-Vic,Unmaintained,,latest commit 2022/06/01
https://github.com/thegetty/crom,98bb6be4e32b4c81eb7e0b5e841a915b015abaf0,tests/test_model.py::TestMagicMethods::test_validate_multiplicity,OD-Vic,Unmaintained,,latest commit 2022/06/01
https://github.com/thegetty/crom,98bb6be4e32b4c81eb7e0b5e841a915b015abaf0,tests/test_model.py::TestMagicMethods::test_validate_profile_off,OD-Vic,Unmaintained,,latest commit 2022/06/01
https://github.com/thegetty/crom,98bb6be4e32b4c81eb7e0b5e841a915b015abaf0,tests/test_model.py::TestMagicMethods::test_validation_wrong_type,OD-Vic,Unmaintained,,latest commit 2022/06/01
https://github.com/thegetty/crom,98bb6be4e32b4c81eb7e0b5e841a915b015abaf0,tests/test_model.py::TestPropertyCache::test_cache_hierarchy,OD-Vic,Unmaintained,,latest commit 2022/06/01
https://github.com/thesimj/envyaml,79a220cabb69d71397310d941de205610cf5e4cb,tests/test_envyaml.py::test_it_should_not_fail_when_try_load_non_exist_default_file,OD-Brit,Unmaintained,,latest commit 2022/02/01
https://github.com/tianocore/edk2-pytool-library,ab6bac82f297b4e8fe0a0d4dcde4711b3cb1bc88,edk2toollib/acpi/ivrs_parser_test.py::IvrsParserTest::test_ivrs_parser_ivrs_full,OD-Brit,,,
https://github.com/tim-fi/pyecs,5cc3645e3ee0bc0af02aea438092f00910976ec6,test/test_core.py::test_automatic_cleanup,NIO,Deleted,,
https://github.com/tim-fi/pyecs,5cc3645e3ee0bc0af02aea438092f00910976ec6,test/test_core.py::test_controller,NIO,Deleted,,
https://github.com/tjdevries/easy_python_requirements,2bf905f34065637cbc781d17d8e5806892fb66d5,test/test_mock_functions.py::test_mock_class_update,OD-Brit,Unmaintained,,latest commit 2016/09/07
https://github.com/tukiains/cloudnetpy,26f2607b890630146469cfa410fce99438ceee3f,tests/unit/test_classify.py::TestFindRain::test_1,OD-Vic,RepoArchived,,
https://github.com/tukiains/cloudnetpy,26f2607b890630146469cfa410fce99438ceee3f,tests/unit/test_classify.py::TestFindRain::test_3,OD-Brit,RepoArchived,,
https://github.com/tukiains/cloudnetpy,26f2607b890630146469cfa410fce99438ceee3f,tests/unit/test_drizzle.py::test_append_data[beta_corr],OD-Vic,RepoArchived,,
https://github.com/tukiains/cloudnetpy,26f2607b890630146469cfa410fce99438ceee3f,tests/unit/test_drizzle.py::test_append_data[Do],OD-Vic,RepoArchived,,
https://github.com/tukiains/cloudnetpy,26f2607b890630146469cfa410fce99438ceee3f,tests/unit/test_drizzle.py::test_append_data[Do_bias],OD-Vic,RepoArchived,,
https://github.com/tukiains/cloudnetpy,26f2607b890630146469cfa410fce99438ceee3f,tests/unit/test_drizzle.py::test_append_data[Do_error],OD-Vic,RepoArchived,,
https://github.com/tukiains/cloudnetpy,26f2607b890630146469cfa410fce99438ceee3f,tests/unit/test_drizzle.py::test_append_data[drizzle_lwc],OD-Vic,RepoArchived,,
https://github.com/tukiains/cloudnetpy,26f2607b890630146469cfa410fce99438ceee3f,tests/unit/test_drizzle.py::test_append_data[drizzle_lwc_bias],OD-Vic,RepoArchived,,
https://github.com/tukiains/cloudnetpy,26f2607b890630146469cfa410fce99438ceee3f,tests/unit/test_drizzle.py::test_append_data[drizzle_lwc_error],OD-Vic,RepoArchived,,
https://github.com/tukiains/cloudnetpy,26f2607b890630146469cfa410fce99438ceee3f,tests/unit/test_drizzle.py::test_append_data[drizzle_lwf],OD-Vic,RepoArchived,,
https://github.com/tukiains/cloudnetpy,26f2607b890630146469cfa410fce99438ceee3f,tests/unit/test_drizzle.py::test_append_data[drizzle_lwf_bias],OD-Vic,RepoArchived,,
https://github.com/tukiains/cloudnetpy,26f2607b890630146469cfa410fce99438ceee3f,tests/unit/test_drizzle.py::test_append_data[drizzle_lwf_error],OD-Vic,RepoArchived,,
https://github.com/tukiains/cloudnetpy,26f2607b890630146469cfa410fce99438ceee3f,tests/unit/test_drizzle.py::test_append_data[drizzle_N],OD-Vic,RepoArchived,,
https://github.com/tukiains/cloudnetpy,26f2607b890630146469cfa410fce99438ceee3f,tests/unit/test_drizzle.py::test_append_data[drizzle_N_bias],OD-Vic,RepoArchived,,
https://github.com/tukiains/cloudnetpy,26f2607b890630146469cfa410fce99438ceee3f,tests/unit/test_drizzle.py::test_append_data[drizzle_N_error],OD-Vic,RepoArchived,,
https://github.com/tukiains/cloudnetpy,26f2607b890630146469cfa410fce99438ceee3f,tests/unit/test_drizzle.py::test_append_data[mu],OD-Vic,RepoArchived,,
https://github.com/tukiains/cloudnetpy,26f2607b890630146469cfa410fce99438ceee3f,tests/unit/test_drizzle.py::test_append_data[mu_error],OD-Vic,RepoArchived,,
https://github.com/tukiains/cloudnetpy,26f2607b890630146469cfa410fce99438ceee3f,tests/unit/test_drizzle.py::test_append_data[S],OD-Vic,RepoArchived,,
https://github.com/tukiains/cloudnetpy,26f2607b890630146469cfa410fce99438ceee3f,tests/unit/test_drizzle.py::test_append_data[S_error],OD-Vic,RepoArchived,,
https://github.com/tukiains/cloudnetpy,26f2607b890630146469cfa410fce99438ceee3f,tests/unit/test_drizzle.py::test_append_data[v_air],OD-Vic,RepoArchived,,
https://github.com/tukiains/cloudnetpy,26f2607b890630146469cfa410fce99438ceee3f,tests/unit/test_drizzle.py::test_append_data[v_drizzle],OD-Vic,RepoArchived,,
https://github.com/tukiains/cloudnetpy,26f2607b890630146469cfa410fce99438ceee3f,tests/unit/test_drizzle.py::test_append_data[v_drizzle_bias],OD-Vic,RepoArchived,,
https://github.com/tukiains/cloudnetpy,26f2607b890630146469cfa410fce99438ceee3f,tests/unit/test_drizzle.py::test_append_data[v_drizzle_error],OD-Vic,RepoArchived,,
https://github.com/tukiains/cloudnetpy,26f2607b890630146469cfa410fce99438ceee3f,tests/unit/test_drizzle.py::test_calc_beta_z_ratio,OD-Vic,RepoArchived,,
https://github.com/tukiains/cloudnetpy,26f2607b890630146469cfa410fce99438ceee3f,tests/unit/test_drizzle.py::test_calc_density,OD-Vic,RepoArchived,,
https://github.com/tukiains/cloudnetpy,26f2607b890630146469cfa410fce99438ceee3f,tests/unit/test_drizzle.py::test_calc_derived_products[drizzle_lwc],OD-Vic,RepoArchived,,
https://github.com/tukiains/cloudnetpy,26f2607b890630146469cfa410fce99438ceee3f,tests/unit/test_drizzle.py::test_calc_derived_products[drizzle_lwf],OD-Vic,RepoArchived,,
https://github.com/tukiains/cloudnetpy,26f2607b890630146469cfa410fce99438ceee3f,tests/unit/test_drizzle.py::test_calc_derived_products[drizzle_N],OD-Vic,RepoArchived,,
https://github.com/tukiains/cloudnetpy,26f2607b890630146469cfa410fce99438ceee3f,tests/unit/test_drizzle.py::test_calc_derived_products[v_air],OD-Vic,RepoArchived,,
https://github.com/tukiains/cloudnetpy,26f2607b890630146469cfa410fce99438ceee3f,tests/unit/test_drizzle.py::test_calc_derived_products[v_drizzle],OD-Vic,RepoArchived,,
https://github.com/tukiains/cloudnetpy,26f2607b890630146469cfa410fce99438ceee3f,tests/unit/test_drizzle.py::test_calc_dia,OD-Vic,RepoArchived,,
https://github.com/tukiains/cloudnetpy,26f2607b890630146469cfa410fce99438ceee3f,tests/unit/test_drizzle.py::test_calc_fall_velocity,OD-Brit,RepoArchived,,
https://github.com/tukiains/cloudnetpy,26f2607b890630146469cfa410fce99438ceee3f,tests/unit/test_drizzle.py::test_calc_lwc,OD-Vic,RepoArchived,,
https://github.com/tukiains/cloudnetpy,26f2607b890630146469cfa410fce99438ceee3f,tests/unit/test_drizzle.py::test_calc_lwf,OD-Brit,RepoArchived,,
https://github.com/tukiains/cloudnetpy,26f2607b890630146469cfa410fce99438ceee3f,tests/unit/test_drizzle.py::test_calc_v_air,OD-Vic,RepoArchived,,
https://github.com/tukiains/cloudnetpy,26f2607b890630146469cfa410fce99438ceee3f,tests/unit/test_drizzle.py::test_find_indices,OD-Vic,RepoArchived,,
https://github.com/tukiains/cloudnetpy,26f2607b890630146469cfa410fce99438ceee3f,tests/unit/test_drizzle.py::test_find_lut_indices,OD-Vic,RepoArchived,,
https://github.com/tukiains/cloudnetpy,26f2607b890630146469cfa410fce99438ceee3f,tests/unit/test_drizzle.py::test_init_variables[beta_corr],OD-Vic,RepoArchived,,
https://github.com/tukiains/cloudnetpy,26f2607b890630146469cfa410fce99438ceee3f,tests/unit/test_drizzle.py::test_init_variables[Do],OD-Vic,RepoArchived,,
https://github.com/tukiains/cloudnetpy,26f2607b890630146469cfa410fce99438ceee3f,tests/unit/test_drizzle.py::test_init_variables[mu],OD-Vic,RepoArchived,,
https://github.com/tukiains/cloudnetpy,26f2607b890630146469cfa410fce99438ceee3f,tests/unit/test_drizzle.py::test_init_variables[S],OD-Vic,RepoArchived,,
https://github.com/tukiains/cloudnetpy,26f2607b890630146469cfa410fce99438ceee3f,tests/unit/test_drizzle.py::test_is_converged,OD-Vic,RepoArchived,,
https://github.com/tukiains/cloudnetpy,26f2607b890630146469cfa410fce99438ceee3f,tests/unit/test_drizzle.py::test_screen_rain,OD-Vic,RepoArchived,,
https://github.com/tukiains/cloudnetpy,26f2607b890630146469cfa410fce99438ceee3f,tests/unit/test_drizzle.py::test_update_result_tables[Do-10],OD-Vic,RepoArchived,,
https://github.com/tukiains/cloudnetpy,26f2607b890630146469cfa410fce99438ceee3f,tests/unit/test_drizzle.py::test_update_result_tables[mu--1],OD-Vic,RepoArchived,,
https://github.com/tukiains/cloudnetpy,26f2607b890630146469cfa410fce99438ceee3f,tests/unit/test_drizzle.py::test_update_result_tables[S-93.7247943],OD-Vic,RepoArchived,,
https://github.com/tukiains/cloudnetpy,26f2607b890630146469cfa410fce99438ceee3f,tests/unit/test_lwc.py::test_init_status[0],OD-Vic,RepoArchived,,
https://github.com/tukiains/cloudnetpy,26f2607b890630146469cfa410fce99438ceee3f,tests/unit/test_lwc.py::test_remove_good_profiles,OD-Vic,RepoArchived,,
https://github.com/tukiains/cloudnetpy,26f2607b890630146469cfa410fce99438ceee3f,tests/unit/test_lwc.py::test_update_status[0],OD-Vic,RepoArchived,,
https://github.com/tukiains/cloudnetpy,26f2607b890630146469cfa410fce99438ceee3f,tests/unit/test_lwc.py::test_update_status[1],OD-Vic,RepoArchived,,
https://github.com/tukiains/cloudnetpy,26f2607b890630146469cfa410fce99438ceee3f,tests/unit/test_meta_for_old_files.py::test_fix_old_data_2,NIO,Opened,https://github.com/tukiains/cloudnetpy-legacy/pull/29,RepoArchived
https://github.com/tukiains/cloudnetpy,26f2607b890630146469cfa410fce99438ceee3f,tests/unit/test_rpg.py::TestReduceHeader::test_1,OD-Vic,RepoArchived,,
https://github.com/unfoldingWord-dev/python-resource-container,64d87f900af969f47b20b798cf00c2861435b0d8,tests/container_test.py::TestResourceContainer::test_should_fail_to_load_missing_rc,OD-Brit,Unmaintained,,latest commit 2018/02/05
https://github.com/unfoldingWord-dev/python-resource-container,64d87f900af969f47b20b798cf00c2861435b0d8,tests/container_test.py::TestResourceContainer::test_should_load_a_missing_rc_when_not_in_strict_mode,OD-Brit,Unmaintained,,latest commit 2018/02/05
https://github.com/Varkal/chuda,bd4d30c0f809d5349752ab2f322f30b01ab6b4a4,tests/test_app.py::test_output[argv0],OD-Vic,Unmaintained,,latest commit 2019/08/06
https://github.com/vilkasgroup/Verifone,5509c08767a9b482cfe5a9572854cf4c73ad6c02,tests/test_verifone.py::TestVerifone::test_001_create_object_with_defaults,OD-Vic,,,
https://github.com/vitalk/flask-apify,f486d2616575be0e460ccf354d22badb7d68b387,tests/test_serializers.py::TestJSONPSerializer::test_support_custom_callback_name,OD-Brit,Unmaintained,,latest commit 2016/08/14
https://github.com/vitalk/flask-apify,f486d2616575be0e460ccf354d22badb7d68b387,tests/test_serializers.py::TestJSONPSerializer::test_use_callback_function_from_request_arguments_to_wrap_output,OD-Brit,Unmaintained,,latest commit 2016/08/14
https://github.com/voytekresearch/fooof,7a520c4f8ac3a44f4f18dc025b5e5d40049c9f2b,fooof/tests/core/test_io.py::test_load_file_contents,OD-Brit,Rejected,https://github.com/fooof-tools/fooof/pull/243,
https://github.com/voytekresearch/fooof,7a520c4f8ac3a44f4f18dc025b5e5d40049c9f2b,fooof/tests/core/test_io.py::test_load_jsonlines,OD-Brit,Rejected,https://github.com/fooof-tools/fooof/pull/243,
https://github.com/voytekresearch/fooof,7a520c4f8ac3a44f4f18dc025b5e5d40049c9f2b,fooof/tests/core/test_io.py::test_load_json_fobj,OD-Brit,Rejected,https://github.com/fooof-tools/fooof/pull/243,
https://github.com/voytekresearch/fooof,7a520c4f8ac3a44f4f18dc025b5e5d40049c9f2b,fooof/tests/core/test_io.py::test_load_json_str,OD-Brit,Rejected,https://github.com/fooof-tools/fooof/pull/243,
https://github.com/voytekresearch/fooof,7a520c4f8ac3a44f4f18dc025b5e5d40049c9f2b,fooof/tests/objs/test_fit.py::test_fooof_load,OD-Brit,,,
https://github.com/voytekresearch/fooof,7a520c4f8ac3a44f4f18dc025b5e5d40049c9f2b,fooof/tests/objs/test_group.py::test_fg_load,OD-Brit,,,
https://github.com/voytekresearch/fooof,7a520c4f8ac3a44f4f18dc025b5e5d40049c9f2b,fooof/tests/utils/test_download.py::test_check_data_file,OD-Brit,,,
https://github.com/voytekresearch/fooof,7a520c4f8ac3a44f4f18dc025b5e5d40049c9f2b,fooof/tests/utils/test_io.py::test_load_fooof,OD-Brit,,,
https://github.com/voytekresearch/fooof,7a520c4f8ac3a44f4f18dc025b5e5d40049c9f2b,fooof/tests/utils/test_io.py::test_load_fooofgroup,OD-Brit,,,
https://github.com/waqasbhatti/authnzerver,bc735a1c9e1c084c40854a539a000d69a50ed486,authnzerver/tests/test_auth_creation.py::test_create_user,OD-Vic,Unmaintained,,latest commit 2022/01/29
https://github.com/waqasbhatti/authnzerver,bc735a1c9e1c084c40854a539a000d69a50ed486,authnzerver/tests/test_auth_permissions.py::test_role_permissions,OD-Vic,Unmaintained,,latest commit 2022/01/29
https://github.com/weka-io/easypy,9501c3ee03dcb1630e58cbb73b1647056907bcea,tests/test_concurrency.py::test_multiobject_logging,OD-Vic,RepoArchived,,
https://github.com/weka-io/easypy,9501c3ee03dcb1630e58cbb73b1647056907bcea,tests/test_sync.py::test_wait_log_predicate,OD-Vic,RepoArchived,,
https://github.com/whisller/pyeventdispatcher,5382e5e8578dea89a76481e15d410d516999055a,test/test_pyeventdispatcher.py::TestRegister::test_it_allows_to_register[<lambda>],OD-Vic,RepoArchived,,
https://github.com/whisller/pyeventdispatcher,5382e5e8578dea89a76481e15d410d516999055a,test/test_pyeventdispatcher.py::TestRegister::test_it_allows_to_register[call_on_event],OD-Vic,RepoArchived,,
https://github.com/whisller/pyeventdispatcher,433accc6e5682280189d8a584b87d4c3f815e200,test/test_pyeventdispatcher.py::TestRegister::test_listeners_executed_in_order test/test_pyeventdispatcher.py::TestRegister::test_it_allows_to_register,OD-Vic,RepoArchived,,pytest --randomly-seed=123 or pytest --randomly-seed=1234
https://github.com/whisller/pyeventdispatcher,5382e5e8578dea89a76481e15d410d516999055a,test/test_pyeventdispatcher.py::TestRegister::test_listeners_executed_in_order[to_register0-First\nSecond\n],OD-Vic,RepoArchived,,
https://github.com/whisller/pyeventdispatcher,5382e5e8578dea89a76481e15d410d516999055a,test/test_pyeventdispatcher.py::TestRegister::test_listeners_executed_in_order[to_register1-Second\nFirst\n],OD-Vic,RepoArchived,,
https://github.com/wilfredinni/coo,da9e75d46ed65599cd2223b029ac30c08496a80b,tests/test_coo.py::test_schedule_time_zone_media,NIO,Accepted,https://github.com/wilfredinni/coo/pull/1,RepoArchived
https://github.com/wilfredinni/coo,da9e75d46ed65599cd2223b029ac30c08496a80b,tests/test_coo.py::test_tweet_none_media_TwitterError,OD-Vic,RepoArchived,,
https://github.com/willforde/urlquick,db765372b73800cfa056047a3f3331820abd4ae8,tests/test_urlquick.py::TestCacheHandler::test_cache_check_no_cache,OD-Vic,,,
https://github.com/willvousden/ptemcee,a411be2e29e39585212c92acea1893f955aa9be8,ptemcee/tests.py::Tests::test_inf_logprob,OD-Vic,RepoArchived,,
https://github.com/workenvoy/firestore,4933f1a9f307539a8cef4ea80869c8821a92bc8d,tests/containers/collection_test.py::DocumentTest::test_collection_name,OD-Vic,Unmaintained,,latest commit 2019/10/02
https://github.com/workenvoy/firestore,4933f1a9f307539a8cef4ea80869c8821a92bc8d,tests/containers/collection_test.py::DocumentTest::test_dbpath,OD-Vic,Unmaintained,,latest commit 2019/10/02
https://github.com/wsilva32/poly_decomp.py,cb1a47f218e076772b9df137c1928023882df5e5,tests/test_poly_decomp.py::TestPoly_Decomp::test_not_polygonCanSee,OD-Vic,Unmaintained,,latest commit 2016/10/25
https://github.com/wsilva32/poly_decomp.py,cb1a47f218e076772b9df137c1928023882df5e5,tests/test_poly_decomp.py::TestPoly_Decomp::test_not_polygonIsReflex,OD-Vic,Unmaintained,,latest commit 2016/10/25
https://github.com/wsilva32/poly_decomp.py,cb1a47f218e076772b9df137c1928023882df5e5,tests/test_poly_decomp.py::TestPoly_Decomp::test_polygonAt,OD-Vic,Unmaintained,,latest commit 2016/10/25
https://github.com/wsilva32/poly_decomp.py,cb1a47f218e076772b9df137c1928023882df5e5,tests/test_poly_decomp.py::TestPoly_Decomp::test_polygonAt_negative_index,OD-Vic,Unmaintained,,latest commit 2016/10/25
https://github.com/wsilva32/poly_decomp.py,cb1a47f218e076772b9df137c1928023882df5e5,tests/test_poly_decomp.py::TestPoly_Decomp::test_polygonIsReflex,OD-Vic,Unmaintained,,latest commit 2016/10/25
https://github.com/ylaizet/alphanum_code,fb5cd313dc41f046aac01ff01d6e1561d17894a6,tests/test_alphanum_code.py::test_init_code,NIO,Unmaintained,,latest commit 2018/10/19
https://github.com/ylaizet/alphanum_code,fb5cd313dc41f046aac01ff01d6e1561d17894a6,tests/test_alphanum_code.py::test_init_code,OD-Vic,Unmaintained,,latest commit 2018/10/19
https://github.com/ylaizet/alphanum_code,fb5cd313dc41f046aac01ff01d6e1561d17894a6,tests/test_alphanum_code.py::test_next_code,OD-Brit,Unmaintained,,latest commit 2018/10/19
https://github.com/zerotosingularity/pdl,fd39c391101b3fe315631565a0f4eb7c99890789,tests/test_pdl.py::test_no_archive_url,OD-Brit,,,
