Dataset,Project,Project URL,Commit SHA,Test Files,Category,Manifestation,Root Cause,Fix Category,How Fixed,Test Runner,PR URL,Title,Source URL
UI-FLAKY,mui-org/material-ui,https://github.com/mui-org/material-ui,341d0f3d2aa837cbfe890a6695293180f2164f41,test/regressions/index.js,Network Resource Loading,Unspecified,Image load may fail,Blacklist Test,Added images to blacklist,CircleCi,https://github.com/mui-org/material-ui/pull/19226,[core] Ignore a few flaky visual tests (#19226),https://github.com/mui-org/material-ui/commit/341d0f3d2aa837cbfe890a6695293180f2164f41
UI-FLAKY,mui-org/material-ui,https://github.com/mui-org/material-ui,0b299e12a27156a7176a801b472a5bf773915bec,test/regressions/index.js,Network Resource Loading,Unspecified,Image load issue,Blacklist Test,Added images to blacklist,,https://github.com/mui-org/material-ui/pull/16951/commits/642969f69ecd38cca8e9aa279f65393f0e00138b,[docs] Batch small changes (#16951)\n\n* [docs] Remove Localize backer\r\n\r\nWe should have removed it last month but forgotten\r\n\r\n* [docs] Document safer path import\r\n\r\n* [docs] Remove double space\r\n\r\n* [docs] Remove redundant prop\r\n\r\n* [docs] Focus on v4.x releases now\r\n\r\n* [docs] Sort demos by popularity\r\n\r\n* [test] Disable flaky tests\r\n\r\n* [docs] Increase the likeness to get backlinks\r\n\r\nThe copyright approach is more valuable for our users than the made with love.\r\n\r\n* [blog] Add v1 link so we can change the canonical url on Medium\r\n\r\n* green build,https://github.com/mui-org/material-ui/commit/0b299e12a27156a7176a801b472a5bf773915bec
UI-FLAKY,mui-org/material-ui,https://github.com/mui-org/material-ui,42a2bf354140987dbc7f4a4817a4b6b044e87320,test/regressions/index.js,Network Resource Loading,Unspecified,Image load issue,Remove Test,Disabled falsy test,,https://github.com/mui-org/material-ui/pull/16883,"Batch small changes (#16883)\n\n* [test] Disable flaky CustomizedTreeView.png\r\n\r\n* [docs] The outline is no always blue\r\n\r\n* [docs] Remove dead icon\r\n\r\n* [docs] Use the same favicon everywhere\r\n\r\n* [docs] Real life use case\r\n\r\n* [docs] Copy JSFiddle wordings\r\n\r\n* [docs] Migrate TypeScript demos\r\n\r\n* [docs] Rename themes -> theming\r\n\r\nAvoid keyword conflict, reproduce Bootstrap wording\r\n\r\n* [docs] Improve datepicker demos\r\n\r\n* Kristoffer review\r\n\r\n* Matt review\r\n\r\n* minimize diff\r\n\r\n* Matt reivew",https://github.com/mui-org/material-ui/commit/42a2bf354140987dbc7f4a4817a4b6b044e87320
UI-FLAKY,mui-org/material-ui,https://github.com/mui-org/material-ui,004bb030ae626dd85bec84d19d367cb02c75fd2c,packages/material-ui-lab/src/SpeedDial/SpeedDial.test.js,Resource Rendering,Rerun Multiple Times,Improper waiting for elements,Add/Increase Delay,Increase timeout,,https://github.com/mui-org/material-ui/pull/15445,"[test] Fix a flaky test (#15445)\n\n* [test] Fix a flaky test\r\n\r\n* Onepixel is closing remove it\r\n\r\n* remove styles warning in test env\r\n\r\n* migration guide JSS v10 vs v9\r\n\r\n* Fix a few accessibility errors reported by Wave\r\n\r\n* font-awesome flakyness, reject when inactive, investigate",https://github.com/mui-org/material-ui/commit/004bb030ae626dd85bec84d19d367cb02c75fd2c
UI-FLAKY,mui-org/material-ui,https://github.com/mui-org/material-ui,734023dc423b7b1792efbc6a4d3f1e77007c3c84,test/regressions/index.js,Network Resource Loading,Unspecified,Wait for Font Awesome to be loaded.,Fix Await Mechanism,Added Font Awesome to be waiting for load,,https://github.com/mui-org/material-ui/pull/12142,[test] Fix Argos-CI flakyness (#12142),https://github.com/mui-org/material-ui/commit/734023dc423b7b1792efbc6a4d3f1e77007c3c84
UI-FLAKY,mui-org/material-ui,https://github.com/mui-org/material-ui,9d1c2f0ab014c76ddc042dea58a6a9384fc108f4,src/Tooltip/Tooltip.spec.js;src/Tooltip/Tooltip.js,Incorrect Test Runner Interaction,Unspecified,popper.js issue(get NaN for some computed styles),Fix Incorrect/Change API Access,Changed div element and change `getChildren()` => `getPopperChildren()`,,https://github.com/mui-org/material-ui/pull/9168,[test] Fix flaky popper.js test (#9168),https://github.com/mui-org/material-ui/commit/9d1c2f0ab014c76ddc042dea58a6a9384fc108f4
UI-FLAKY,storybookjs/storybook,https://github.com/storybookjs/storybook,fd7193abe02c4b6f8cf1a2527f322bd5ab687df6,lib/ui/src/components/layout/layout.stories.js;lib/ui/src/components/layout/persist.js,Layout Difference,Forcibly Clear Data,Layout issue when run in Chromatic,Refactor Logic Implementation,REMOVE the relevant localstorage on every story render in chromatic and set default layout,"CircleCi, Chromatic",https://github.com/storybookjs/storybook/pull/8459,Build: Fix flaky story (#8459)\n\nBuild: Fix flaky story\r\n\r\nCo-authored-by: Michael Shilman <shilman@users.noreply.github.com>,https://github.com/storybookjs/storybook/commit/fd7193abe02c4b6f8cf1a2527f322bd5ab687df6
UI-FLAKY,storybookjs/storybook,https://github.com/storybookjs/storybook,8d135069690f5552ad62aa33c21c1662706f1cc7,lib/ui/src/components/layout/layout.stories.js,Layout Difference,Forcibly Clear Data,"1 story has been flaky, this makes it deterministic",Refactor Logic Implementation,Changed default layout sizing and remove relevant localstorage,CircleCi,https://github.com/storybookjs/storybook/pull/8459,FIX flaky story,https://github.com/storybookjs/storybook/commit/8d135069690f5552ad62aa33c21c1662706f1cc7
UI-FLAKY,zeit/next.js,https://github.com/zeit/next.js,42736c061ad0e5610522de2517c928b2b8af0ed4,test/integration/basic/test/error-recovery.js,Resource Rendering,Unspecified,"Time Delays not long enough, Components not rendered in time",Add/Increase Delay,Changed wait time from 3 seconds to 10 seconds,"Webdriver,Jest",https://github.com/zeit/next.js/pull/5249,Introduce dynamic(() => import()) (#5249)\n\n* Add failing tests\r\n\r\n* Upgrade wd module\r\n\r\n* Pass dynamic import webpack ids to the client side\r\n\r\n* Pass through webpack ids to initalializer and only use those\r\n\r\n* Compile dynamic(import()) to dynamic(() => import())\r\n\r\n* Default dynamicIds\r\n\r\n* Use forked hard-source-plugin\r\n\r\n* Possibly fix test\r\n\r\n* Make tests fail less intermittently\r\n\r\n* Temporarily disable hard-source in production\r\n\r\n* Make sure dynamic import chunks are unique\r\n\r\n* Disable hard-source\r\n\r\n* Log html if error is thrown\r\n\r\n* Fix test,https://github.com/zeit/next.js/commit/42736c061ad0e5610522de2517c928b2b8af0ed4
UI-FLAKY,gatsbyjs/gatsby,https://github.com/gatsbyjs/gatsby,05e90da29ff965ec00ea9b8c226e081408903e9c,e2e-tests/production-runtime/cypress/integration/accessibility.js,Resource Rendering,Unspecified,Time delay not long enough,Add/Increase Delay,Changed wait time from 5s to 10s,Cypress,https://github.com/gatsbyjs/gatsby/pull/16942,"chore: update minor updates in packages except react, babel and eslint (#16942)\n\n* chore: update minor updates in packages except react, babel and eslint\n\n* Update snapshots\n\n* Bump up timeout for a flaky test",https://github.com/gatsbyjs/gatsby/commit/05e90da29ff965ec00ea9b8c226e081408903e9c
UI-FLAKY,preactjs/preact,https://github.com/preactjs/preact,6fcf76b1da6bb28705a9d1513be550063ce09d50,debug/test/browser/devtools/renderer.test.js,Resource Rendering,Run on Specific Platform,Flaky rendering in CI,Mark Test as Flaky,Added flaky tags to tests,"Travis, Karma",https://github.com/preactjs/preact/pull/2220,Fix failing tests on IE11 and add flag for flakey tests (#2220)\n\n* fix renderer tests by using sinon global\r\n\r\n* temp test IE11 (remove this when verified)\r\n\r\n* add polyfills\r\n\r\n* conditionally skip some tests in IE11\r\n\r\n* refactor to skipped tests instead\r\n\r\n* correct typo\r\n\r\n* use DISABLE_FLAKEY\r\n\r\n* disable saucelabs again\r\n\r\n* rearrange browsers to see if this affects coverage or if cov takes lowest amount\r\n\r\n* assert correctly\r\n\r\n* use xit instead of it.skip\r\n\r\n* arrange correctly\r\n\r\n* try getting FLAKY from process.env\r\n\r\n* add flakey logging\r\n\r\n* revert some changes\r\n\r\n* add flakey to travis script\r\n\r\n* add one more flakey test\r\n\r\n* try some logging to see if we can derive the browser we're in\r\n\r\n* revert sauceLabs = true\r\n\r\nCo-authored-by: Marvin Hagemeister <marvin@marvinhagemeister.de>,https://github.com/preactjs/preact/commit/6fcf76b1da6bb28705a9d1513be550063ce09d50
UI-FLAKY,preactjs/preact,https://github.com/preactjs/preact,f71089747102e50b2dc3bbdeefcabee1432ce9a9,test/browser/render.js,Unordered Collections,Unspecified,Ordering differences in attributes in different browsers,Refactor Logic Implementation,Added sorting to attribute list before testing list,"Travis, Karma",,fix flakey test in firefox,https://github.com/preactjs/preact/commit/f71089747102e50b2dc3bbdeefcabee1432ce9a9
UI-FLAKY,preactjs/preact,https://github.com/preactjs/preact,ba48cd3741bb1266dab6418db19783aa151c182b,test/browser/components.js,Unordered Collections,Run on Specific Platform,Ordering differences in attributes in different browsers,Refactor Logic Implementation,Added sorting to attribute list before testing list,"Travis, Karma",,Fix flakey test relying on attribute ordering in `innerHTML` serialization (Firefox 45 I'm looking at you),https://github.com/preactjs/preact/commit/ba48cd3741bb1266dab6418db19783aa151c182b
UI-FLAKY,preactjs/preact,https://github.com/preactjs/preact,0efa8e8bffd8d72b38618d6e00c3058cf129cce0,test/browser/components.js,Unordered Collections,Unspecified,Ordering differences in attributes in different browsers,Refactor Logic Implementation,Added sorting to attribute list before testing list,"Travis, Karma",,Fix two flakey tests,https://github.com/preactjs/preact/commit/0efa8e8bffd8d72b38618d6e00c3058cf129cce0
UI-FLAKY,preactjs/preact,https://github.com/preactjs/preact,945afe30c537abce36482821ed12e2df5fd98560,test/browser/lifecycle.js,Resource Rendering,Unspecified,Flaky lifecycle methods in CI,Mark Test as Flaky,Added flaky tags to tests,"Travis, Karma",,Fix flakey test logic,https://github.com/preactjs/preact/commit/945afe30c537abce36482821ed12e2df5fd98560
UI-FLAKY,preactjs/preact,https://github.com/preactjs/preact,76b7c9a1d84682a9975dfac11bebb510e307f7d3,test/browser/lifecycle.js,Resource Rendering,Run in CI,Flaky lifecycle methods in CI,Mark Test as Flaky,"Added FLAKEY flag to travis, flaky tags to tests","Travis, Karma",,Add flakey test bypass for travis,https://github.com/preactjs/preact/commit/76b7c9a1d84682a9975dfac11bebb510e307f7d3
UI-FLAKY,nylas/nylas-mail,https://github.com/nylas/nylas-mail,b0b0c14d037c38ac0d74079b8a544d9c9d0e9b6c,spec/theme-manager-spec.coffee,Resource Rendering,Unspecified,timing of the theme activation,Fix Await Mechanism,added then to the active function,,,fix(specs): Fix intermittent async error and max event listener leak\n\nAn absolute ContactStore spec was causing the listener leak by\nre-initializing the store and not cleaning it up.\n\nIntermittent theme manager failing spec might be caused due to timing of\nthe theme activation,https://github.com/nylas/nylas-mail/commit/b0b0c14d037c38ac0d74079b8a544d9c9d0e9b6c
UI-FLAKY,nylas/nylas-mail,https://github.com/nylas/nylas-mail,6c407f2f1c2f72d1b4ccd5c1697485fb320ff82a,spec/config-spec.coffee,Test Order Dependency,Provide Steps,the main process reads config before it's finished writing.,Fix Await Mechanism,Added lock,,,"fix(config): Apply config change from Atom, process locking\n\nSummary:\nhttps://github.com/atom/atom/commit/d1c44dcb54994eb733eff0bfde69c8454aeff22c\n\nAlso lock config across processes to prevent the user from being logged out when the main process reads config before it's finished writing. This is what is causing the login window to appear.\n\nTest Plan: Rapidly tap between the two display modes. Note that it no longer reverts to the wrong one intermittently.\n\nReviewers: evan\n\nReviewed By: evan\n\nDifferential Revision: https://phab.nylas.com/D1931",https://github.com/nylas/nylas-mail/commit/6c407f2f1c2f72d1b4ccd5c1697485fb320ff82a
UI-FLAKY,mobxjs/mobx,https://github.com/mobxjs/mobx,8d63071ad2a7bba7f74aefccc57513ba7ed6f079,test/base/reaction.js,Resource Rendering,Unspecified,Waiting time varies,Add/Increase Delay,Changed the timeout/ delay duration,CircleCi,,Making a flaky test less flaky,https://github.com/mobxjs/mobx/commit/8d63071ad2a7bba7f74aefccc57513ba7ed6f079
UI-FLAKY,mobxjs/mobx,https://github.com/mobxjs/mobx,03a087452ad7d6c1b5e2b13239bba5d95a0d7768,test/extras.js,Test Order Dependency,Unspecified,reset issue,Refactor Logic Implementation,Added resetGlobalState,CircleCi,,Fixed flaky strict mode test,https://github.com/mobxjs/mobx/commit/03a087452ad7d6c1b5e2b13239bba5d95a0d7768
UI-FLAKY,enzymejs/enzyme,https://github.com/enzymejs/enzyme,b8289d02355882c57bf334ce001307807a674661,packages/enzyme-test-suite/test/shared/hooks/useEffect.jsx,Resource Rendering,Unspecified,Perhaps unmount of useEffect is async,Remove Test,Comment out,Sinon,,[Tests] comment out flaky `useEffect` test,https://github.com/enzymejs/enzyme/commit/b8289d02355882c57bf334ce001307807a674661
UI-FLAKY,influxdata/influxdb,https://github.com/influxdata/influxdb,e0165303ed2d62d751222940dcde431b41895ca9,ui/cypress/e2e/explorer.test.ts,Incorrect Test Runner Interaction,Unspecified,Should be visible,Refactor Logic Implementation,Added be.visable requirement,Cypress,https://github.com/influxdata/influxdb/pull/16676,Zs flakeyexplorertest16587 (#16676)\n\n* fix(test): flaky explorerer test round 1\r\n\r\n* fix(test): flaky explorerer test round 1\r\n\r\n* fix(test): flaky explorerer test round 1\r\n\r\n* fix(test): flaky explorerer test round 1,https://github.com/influxdata/influxdb/commit/e0165303ed2d62d751222940dcde431b41895ca9
UI-FLAKY,influxdata/influxdb,https://github.com/influxdata/influxdb,5d4248e06517791510a515bf805570cb5e49785b,ui/cypress/e2e/onboarding.test.ts,Resource Rendering,Rerun Multiple Times,Maybe waiting time not enough,Fix Await Mechanism,Added wait,Cypress,https://github.com/influxdata/influxdb/pull/16589,Merge pull request #16589 from influxdata/zs-flakeyonboardinge2e16446\n\nfix(test): Fixing flakey e2e onboarding test in cypress,https://github.com/influxdata/influxdb/commit/5d4248e06517791510a515bf805570cb5e49785b
UI-FLAKY,influxdata/influxdb,https://github.com/influxdata/influxdb,138caab0a2a9175763be47e6b37d8ddc53eb4ae4,ui/cypress/e2e/explorer.test.ts,Incorrect Test Runner Interaction,Unspecified,DOM element targeting,Refactor Logic Implementation,targeting .CodeMirror and not force typing,Cypress,https://github.com/influxdata/influxdb/pull/16392,test: fix flaky explorer tests by targeting .CodeMirror and not force typing,https://github.com/influxdata/influxdb/commit/138caab0a2a9175763be47e6b37d8ddc53eb4ae4
UI-FLAKY,influxdata/influxdb,https://github.com/influxdata/influxdb,63b81291887f87e821ba6e8c250f1efaf920d57b,ui/cypress/e2e/explorer.test.ts,Test Order Dependency,Selectively Run Test,flush & signin would flake if called multiple times in the same test suite,Refactor Logic Implementation,consolidated the logic that needed to be retrieved from signing in into the first beforeEach call and removed the multiple usages of cy.flush and cy.signin since the test suite was logging in successfully and was flaking when we would flush the credentials and sign in again due to idiosyncrasies in the way the tests were running,Cypress,https://github.com/influxdata/influxdb/pull/16268,fix(ui): fixed flakey tests (#16268)\n\nfix(ui): fixed flakey tests,https://github.com/influxdata/influxdb/commit/63b81291887f87e821ba6e8c250f1efaf920d57b
UI-FLAKY,influxdata/influxdb,https://github.com/influxdata/influxdb,bba04e20b44dd0f8fd049d80f270424eb266533f,ui/cypress/e2e/explorer.test.ts,Test Order Dependency,Selectively Run Test,Test logic depended on signin logic in other test,Remove Test,skip it,cypress,https://github.com/influxdata/influxdb/pull/16237,"fix(ui): front end sorting for numeric values now being handled correctly (#16237)\n\nfix(ui): front end table sort now works for numbers, skipping test until flake is resolved",https://github.com/influxdata/influxdb/commit/bba04e20b44dd0f8fd049d80f270424eb266533f
UI-FLAKY,influxdata/influxdb,https://github.com/influxdata/influxdb,4f5ff962d69a84f7a6970b02f9e79b09dbad21fe,ui/cypress/e2e/queryBuilder.test.ts,Network Resource Loading,Rerun Multiple Times,A race condition exists between saving the cell's updated name and re-opening the cell. Will replace this with a cy.wait(@updateCell) when Cypress supports waiting on window.fetch responses,Fix Await Mechanism,Added then,,https://github.com/influxdata/influxdb/pull/16173,fix(e2e): fix race conditions (#16173)\n\n* fix(e2e): flakey query builder test\r\n\r\n* test(e2e): run test 50 times\r\n\r\n* test(e2e): run update label test 50 times\r\n\r\n* fix(e2e): visit page after creation\r\n\r\n* chore(e2e): run test once\r\n\r\n* fix(e2e): run update label test once,https://github.com/influxdata/influxdb/commit/4f5ff962d69a84f7a6970b02f9e79b09dbad21fe
UI-FLAKY,influxdata/influxdb,https://github.com/influxdata/influxdb,5ba9142f2f3dfef7731e95a12b6cc93dac9c34b7,ui/src/buckets/selectors/index.test.ts,Unordered Collections,Run on Specific Platform,inconsistent behavior in the test,Refactor Logic Implementation,refactored getSortedBucketNames for more consistency and predictability. Finished DWP API functionality; Connected the datatypes.ComparisonNotEqual to the influxdb.NotEqual case in predicate/tag_rule,CircleCi,https://github.com/influxdata/influxdb/pull/15802,fix(flakey-test): refactored getSortedBucketNames for more consistency and predictability. Finished DWP API functionality (#15802)\n\n* fix(flakey-test): refactored getSortedBucketNames for more consistency and predictability. Finished DWP API functionality\r\n\r\n* fix(FilterRow): removed unnecessary FeatureFlag from component\r\n\r\n* chore: updated yml and tests to reflect API changes,https://github.com/influxdata/influxdb/commit/5ba9142f2f3dfef7731e95a12b6cc93dac9c34b7
UI-FLAKY,influxdata/influxdb,https://github.com/influxdata/influxdb,f37ea3bfb8684ebdfa066ddf4d1cc1663a1e64cc,ui/cypress/e2e/buckets.test.ts,Randomness,Provide Steps,Randomness of forever means this can not work with two forever buckets. So we delete the cookie bucket to remove this problem,Use Workaround,Remove one forever bucket,Cypress,https://github.com/influxdata/influxdb/issues/14923,fix(ui): Fixing the sort by seconds\n\nFixing flakey test,https://github.com/influxdata/influxdb/commit/f37ea3bfb8684ebdfa066ddf4d1cc1663a1e64cc
UI-FLAKY,influxdata/influxdb,https://github.com/influxdata/influxdb,bd98a198925c4824c952787f86e924c879e286d5,ui/cypress/e2e/tasks.test.ts,Test Order Dependency,Selectively Run Test,Leftover state from previous tests,Fix Await Mechanism,Added then,Cypress,https://github.com/influxdata/influxdb/pull/15709,test(ui): make tasks e2e test a little less flaky,https://github.com/influxdata/influxdb/commit/bd98a198925c4824c952787f86e924c879e286d5
UI-FLAKY,influxdata/influxdb,https://github.com/influxdata/influxdb,dc8904928fb0c7e126e50804507e77fcd5e5e0f0,ui/cypress/e2e/collectors.test.ts,Incorrect Resource Load Order,Unspecified,No async,Fix Await Mechanism,Added then,Cypress,https://github.com/influxdata/influxdb/pull/15709,test(ui): rejigger the collector tests to be less flaky,https://github.com/influxdata/influxdb/commit/dc8904928fb0c7e126e50804507e77fcd5e5e0f0
UI-FLAKY,influxdata/influxdb,https://github.com/influxdata/influxdb,3b5d0a443e8c7302cfd5c31f1cefd1f16e950e6e,ui/cypress/e2e/dashboardsIndex.test.ts,Incorrect Resource Load Order,Unspecified,No async,Fix Await Mechanism,Added then,Cypress,https://github.com/influxdata/influxdb/pull/15693,test(ui): Fix flaky tasks and dashboard tests,https://github.com/influxdata/influxdb/commit/3b5d0a443e8c7302cfd5c31f1cefd1f16e950e6e
UI-FLAKY,nfl/react-helmet,https://github.com/nfl/react-helmet,a2323add50c15bf6a1047b5d99753cce6db07fd6,test/HelmetDeclarativeTest.js,Resource Rendering,Run on Specific Platform,React Dom Render,Remove Test,Skip it,Travis Ci,https://github.com/nfl/react-helmet/pull/307,fix: Replace requestIdleCallback with requestAnimationFrame for a more consistent DOM write cycle. (#307)\n\n* fix: Replace requestIdleCallback with requestAnimationFrame for a more consistent DOM write cycle.\r\n\r\n* fix: Update export\r\n\r\n* chore: skip flaky test,https://github.com/nfl/react-helmet/commit/a2323add50c15bf6a1047b5d99753cce6db07fd6
UI-FLAKY,jhipster/generator-jhipster,https://github.com/jhipster/generator-jhipster,5068452382f00ef2444858bc827630d1a1a7dc23,https://github.com/jhipster/generator-jhipster/blob/5068452382f00ef2444858bc827630d1a1a7dc23/generators/client/templates/react/src/test/javascript/e2e/modules/administration/administration.spec.ts,Incorrect Resource Load Order,Run on Specific Platform,Proper waiting missing in click,Fix Await Mechanism,Added async statements,Azure Pipelines,https://github.com/jhipster/generator-jhipster/issues/7694,fix flaky tests\n\nfix settings test\n\nminor changes\n\nmake sure the created user is the first row of the list\n\nfix oauth2 tests\n\nminor changes\n\nfix oauth2 tests\n\nminor changes\n\nupdate utils import in entity spec\n\ntry to move to Jasmine because of timeouts with mocha+chai\n\nfix no i18n message\n\ncome back to mocha+chai\n\nminor change\n\ntry splitting actions more\n\nremove describe for user management\n\ntry to fix the failing test\n\nremove arg from navbarpage constructor\n\ntry to split more\n\ntry to fix timeout by splitting more\n\ntest react e2e in travis multiple times\n\nchange travis config\n\nsome changes\n\nfix user management loading\n\nrestore travis config\n\nmodify e2e tests according to new user registration process\n\nwait for modified date sort button to be clickable\n\nadd some async/await\n\nwait for deactivated button to be clickable\n\nremove unused functions with oauth2,https://github.com/jhipster/generator-jhipster/commit/5068452382f00ef2444858bc827630d1a1a7dc23
UI-FLAKY,uber/baseweb,https://github.com/uber/baseweb,086a8fdea491502e78d3cd822e256b6470204513,vrt/config.js,Layout Difference,Run on Specific Platform,time wait; viewport resize; dropdown snapshots,Refactor Logic Implementation,manully set view port; added padding,jest-image-snapshot,https://github.com/uber/baseweb/pull/2728,test(vrt): reduce flakiness (#2728)\n\n* test(vrt): add jest retry\r\n\r\n* test(vrt): remove retry\r\n\r\n* test(vrt): remove waitFor\r\n\r\n* test(vrt): add targeted wait to dropdown\r\n\r\n* test(vrt): same same\r\n\r\n* test: add 1s timeout so interactions dont spill\r\n\r\n* test: try visible\r\n\r\n* fix: remove timeout\r\n\r\n* fix: add visible for datepicker too\r\n\r\n* fix: add more visibles :+1:\r\n\r\n* feat: try something crazy\r\n\r\n* refactor: clean up\r\n\r\n* refactor: try to snap timeouts and errors for debugging\r\n\r\n* test: add padding and only test phone-input\r\n\r\n* test: add datepicker too\r\n\r\n* test: restore full suite\r\n\r\n* test(vrt): update visual snapshots for af2d246 [skip ci] (#2777)\r\n\r\nCo-authored-by: UberOpenSourceBot <33560951+UberOpenSourceBot@users.noreply.github.com>,https://github.com/uber/baseweb/commit/086a8fdea491502e78d3cd822e256b6470204513
UI-FLAKY,pinterest/gestalt,https://github.com/pinterest/gestalt,f6c683b66b2d8b0ec87db283418459e87160a21f,packages/gestalt/src/__integration__/nullItems.integration.js,Resource Rendering,Unspecified,time wait,Add/Increase Delay,added timeout,Masonry,https://github.com/pinterest/gestalt/pull/307,Masonry: MasonryInfinite for infinite fetching (#307)\n\n* Masonry: MasonryInfinite for infinite fetching\r\n\r\n- Pulled fetching out from Masonry\r\n- MasornyInfinite is exported as the old Masonry\r\n and should function the same\r\n- export MasonryBeta as it can be used with custom\r\n fetching logic\r\n- This provides a graceful migration path.\r\n- Final migration will involve renaming\r\n MasonryBeta/MasonryInfinite/Masrony\r\n- Existing Masonry integration will be testing MasonryInfinite to ensure\r\n compatibility\r\n\r\n* Addressed comments\r\n\r\n* Refactored layout calculations into states\r\n\r\n* Immutable items check for isfetching\r\n\r\n* Update onmount code and tests\r\n\r\n- removed unused code\r\n- scrollFetchOnload test is updated to match\r\n existing values on master (TEST_FETCH_COUNTS === 1 when\r\n manualFetch = 1)\r\n- added timeout to fix flaky tets\r\n- added missing await\r\n\r\n* Addressed comments\r\n\r\n- renamed to onVirtualizationWindowUpdate\r\n- moved to helper function: layoutClass and statesForRendering\r\n\r\n* Changed to use onAutoMeasuring callback\r\n\r\n* Used ref callback,https://github.com/pinterest/gestalt/commit/f6c683b66b2d8b0ec87db283418459e87160a21f
UI-FLAKY,JetBrains/ring-ui,https://github.com/JetBrains/ring-ui,f7bc28af06433ff22e898aacd2b3e8f0534defda,components/tag/tag.examples.js,Network Resource Loading,Unspecified,image load slow,Use Workaround,change decoder to base64,Karma,,chore: use Base64 URI decoded avatar to avoid flaky UI tests if image loads slow,https://github.com/JetBrains/ring-ui/commit/f7bc28af06433ff22e898aacd2b3e8f0534defda
UI-FLAKY,coralproject/talk,https://github.com/coralproject/talk,54296fa48417d838beb4971fc4aaee161488113c,src/core/client/admin/test/configure/general.spec.tsx,Incorrect Resource Load Order,Unspecified,text input propery check not waiting properly,Fix Await Mechanism,Added await statements,CircleCI,https://github.com/coralproject/talk/pull/2713,"[CORL-645] Add Slack support for v5 (#2713)\n\n* Create preliminary schema for setting Slack channels\r\n\r\nCORL-645\r\n\r\n* Implement preliminary slack notification using tenant slack channels\r\n\r\nCORL-645\r\n\r\n* Very preliminarily get data loading with FieldArray's for slack channels\r\n\r\nCORL-645\r\n\r\n* Update settings input on schema to allow saving Slack settings to tenant\r\n\r\nCORL-645\r\n\r\n* Filter off UNMODERATED queue events from slack channels\r\n\r\nWe don't send these to slack through our filters, we only care\r\nabout pending, reported, and featured\r\n\r\nCORL-645\r\n\r\n* Include a moderation link in comments pushed to Slack\r\n\r\nCORL-645\r\n\r\n* Hook up proper callback functions for adding/removing slack channels\r\n\r\nCORL-645\r\n\r\n* Add missing translation for Slack navigation item\r\n\r\nCORL-645\r\n\r\n* Update snapshots for preliminary Slack configuration changes\r\n\r\nCORL-645\r\n\r\n* Add some FormField wrappers around slack config elements\r\n\r\nMakes the UI appear a little nicer\r\n\r\nCORL-645\r\n\r\n* Set up slack config to only provide one slack channel\r\n\r\nWe need to do this until we can get ArrayField's working\r\nin final-form.\r\n\r\nCORL-645\r\n\r\n* Disable the other trigger checkboxes when ""All Comments"""" is checked\r\n\r\nCORL-645\r\n\r\n* Clean up the formatting of Slack messages\r\n\r\nCORL-645\r\n\r\n* Add error handling around sending comments to Slack\r\n\r\nCORL-645\r\n\r\n* Add links to external Slack setup documentation\r\n\r\nCORL-645\r\n\r\n* Replace form state with wrapped field element\r\n\r\nCORL-645\r\n\r\n* Clean up fetch request sending Slack notifications\r\n\r\nCORL-645\r\n\r\n* Prefer global string replacement over RegEx\r\n\r\nCORL-645\r\n\r\n* Use URL class to construct comment URL's\r\n\r\nCORL-645\r\n\r\n* Require slack configuration in schema\r\n\r\nCORL-645\r\n\r\n* Initialize Slack in fixtures\r\n\r\nAlso fix up a flaky test that wasn't waiting\r\non form submission and on-change events.\r\n\r\nCORL-645\r\n\r\n* Preliminarily fix up styles to match other config pages\r\n\r\nCORL-645\r\n\r\n* Create placeholder add/remove buttons\r\n\r\n* Convert SlackConfigContainer to FunctionalComponent\r\n\r\nCORL-645\r\n\r\n* Add name field to slack channels\r\n\r\nCORL-645\r\n\r\n* Disable inner fields on Slack channel when not enabled\r\n\r\nCORL-645\r\n\r\n* Improve the delete channel button\r\n\r\nCORL-645\r\n\r\n* Use pureMerge to extract slack channel settings\r\n\r\nCORL-645\r\n\r\n* Do a bit of cleanup on the add channel button\r\n\r\nCORL-645""",https://github.com/coralproject/talk/commit/54296fa48417d838beb4971fc4aaee161488113c
UI-FLAKY,angular/angular,https://github.com/angular/angular,deca6a60ddddb45caae97942977591204a7e56f9,aio/tests/e2e/app.e2e-spec.ts,DOM Selector Issue,Unspecified,WebDriver click flaky when trying to click hidden elements,Refactor Logic Implementation,Changed WebElement#click() to JavaScript click event,"WebDriver, CircleCI",https://github.com/angular/angular/pull/29641,test(docs-infra):'avoid'click-related'CI'flake'in'e2e'test'(#29641)\n\nOne'of'the'tests'introduced'in'#29601'is'susceptible'to'a'kind'of\nWebDriver'flake'related'to'trying'to'click'elements'hidden'behind'fixed\npositioned'elements.\nThis'commit'works'around'the'issue'by'clicking'the'elements'directly\nusing'JavaScript'(instead'of'`WebElement#click()`).\n\nPR'Close'#29641,https://github.com/angular/angular/commit/deca6a60ddddb45caae97942977591204a7e56f9
UI-FLAKY,angular/angular,https://github.com/angular/angular,31c462ae3f5b80002b6ef364706ddd73c0ed6f82,aio/content/examples/animations/e2e/src/app.e2e-spec.ts,Animation Timing Issue,Run on Specific Platform,Used sleep to wait for animations to be complete,Fix Await Mechanism,Changed sleep to asynchronous wait for element height to match expected height,"CircleCI, Jasmine",https://github.com/angular/angular/pull/26377,test(animations):'make'e2e'tests'for'animations'docs'examples'less'flaky'(#26377)\n\nPR'Close'#26377,https://github.com/angular/angular/commit/31c462ae3f5b80002b6ef364706ddd73c0ed6f82
UI-FLAKY,angular/components,https://github.com/angular/components,6ae74a0eb21268d4b107a052a8cf8ae63078bf99,src/material-experimental/mdc-menu/menu.spec.ts,Animation Timing Issue,Unspecified,Missing tick call to flush animation before checking element,Fix Await Mechanism,Added tick statement to delay check,"CircleCI, Jasmine",https://github.com/angular/components/pull/17935,"test:'menu'tests'flaky'due'to'missing'animation'flush'(#17935)\n\nFollow-up'to:'1255139a38e5d8425bb6236c63c3d231301b21da\r\n\r\nTwo'recently'added'tests'for'the'menu/mdc-menu'and'the'MDC-one'from'the\r\ninitial'commit'seem'to'miss'a'`tick`'to'flush'the'open'animation.'Without\r\nthe'flush,'the'`FakeAsyncTestZone`'will'report'a'pending'timer'on'test'completion.",https://github.com/angular/components/commit/6ae74a0eb21268d4b107a052a8cf8ae63078bf99
UI-FLAKY,angular/components,https://github.com/angular/components,86da318c280ec6dc10260c411352086fc87515de,src/material/slide-toggle/slide-toggle.spec.ts,Incorrect Test Runner Interaction,Unspecified,Unecessary extra wait through fakeAsync function causing instability in slide-toggle test,Refactor Logic Implementation,Removed fakeAsync function around test,"CircleCI, Jasmine",https://github.com/angular/components/pull/16102,test:'fix'flaky'slide-toggle'test'with'pending'timer'task\n\nOne'of'the'slide-toggle'tests'has'become'quite'flaky'the\nlast'days'and'after'debugging'ZoneJS'it'turns'out'that\nthis'is'related'to'the'`(focus)`'event'from'the'`FocusMonitor`\nand'we'can'safely'improve'the'stability'of'the'test'by'removing\nthe'`fakeAsync`'which'isn't'needed'anyway.\n\nFor'reference:'Other'tests'asserting'the'`click`'event'on\nthe'slide-toggle'native'element'also'have'a'`tick()`\nspecified'but'we'don't'need'to'wait'for'pending'timers\nanyway..'so'we'can'just'remove'`fakeAsync'.,https://github.com/angular/components/commit/86da318c280ec6dc10260c411352086fc87515de
UI-FLAKY,angular/components,https://github.com/angular/components,253bff61613f39a463a83b24475af66c1de667d2,src/cdk/overlay/keyboard/overlay-keyboard-dispatcher.spec.ts,Layout Difference,Force Environment Conditions,Container overlays that aren't cleaned when test is run with browser minimized,Refactor Logic Implementation,Call destroy method on overlay components after each test,"CircleCI, Jasmine",https://github.com/angular/components/pull/8909,"build:'fix'IE'and'Edge'test'flakes'(#8909)\n\n*'Fixes'the'`OverlayKeyboardDispatcher`'tests'leaking'`.cdk-overlay-container`'instances'which'can'throw'off'any'subsequent'tests.'This'seems'to'be'what'is'causing'the'current'test'flakes'in'master'that'happen'if'the'tests'are'run'in'a'minimized'browser'window.\r\n*'Gets'rid'of'the'explicit'cleanup'of'overlay'containers'in'the'overlay'container'tests.'This'can'cause'tests'to'be'even'flakier'if'there'are'any'leaks,'in'addition'to'being'unnecessary'because'there'shouldn't'be'any'containers'to'begin'with.",https://github.com/angular/components/commit/253bff61613f39a463a83b24475af66c1de667d2
UI-FLAKY,angular/components,https://github.com/angular/components,3982cc8b60facd3c1d6baf493c8de955ccd0682d,src/lib/select/select.spec.ts,Platform Issue,Run on Specific Platform,Positioning test failed on Chrome on Windows due to subpixel dfferences,Refactor Logic Implementation,Add rounding to dimension comparisons in tests,"CircleCI, Jasmine",https://github.com/angular/components/pull/7281,chore(select):'avoid'test'flakes'due'to'sub-pixel'deviations'(#7281)\n\nFixes'some'tests'that'were'failing'when'they're'run'against'Chrome'on'Windows'due'to'sub-pixel'measurement'differences.,https://github.com/angular/components/commit/3982cc8b60facd3c1d6baf493c8de955ccd0682d
UI-FLAKY,angular/components,https://github.com/angular/components,194714ac83cca420878b80ba30b72643c59e4531,e2e/screenshot.ts,Layout Difference,Unspecified,Browser window size caused screenshot test to fail,Refactor Logic Implementation,Set default window size for e2e tests,"CircleCI, Jasmine",https://github.com/angular/components/pull/3234,test(e2e):'Fix'e2e'flakes'by'setting'default'window'size'(#3234)\n\n*'.\r\n\r\n*'Try'to'make'screenshot'image'size'same'as'before\r\n\r\n*'change'back'to'1024'x'768,https://github.com/angular/components/commit/194714ac83cca420878b80ba30b72643c59e4531
UI-FLAKY,NativeScript/nativescript-angular,https://github.com/NativeScript/nativescript-angular,1cc842049014cd2763e4bd413dff465b06166c58,e2e/nested-router-tab-view/e2e/tab-view.e2e-spec.ts,Test Order Dependency,Unspecified,navigate and back,Refactor Logic Implementation,Added retry,"travis-ci, appium",https://github.com/NativeScript/nativescript-angular/pull/1886,Release'8.0.2'(#1890)\n\n*'chore:'bump'version\r\n\r\n*'Update'zone.js'peer'dependency\r\n\r\n*'update'zone.js'in'all'apps\r\n\r\n*'Make'repo'apps'compatible'with'`--bundle`'(#1857)\r\n\r\n*'chore:'upgrade'app'to'latest'versions'and'webpack\r\n\r\n*'chore:'fix'incorrect'temlateUrl'in'component\r\nchore:'update'karma'config'for'latest'CLI'beta'6.0.0\r\n\r\n*'chore:'make'`router-tab-view`'example'webpack'compatible\r\n\r\n*'chore:'make'`nested-router-tab-view`'example'webpack'compatible\r\n\r\n*'chore:'fix'lazy'loaded'component'not'loading\r\n\r\n*'chore:'make'`modal-navigation-ng`'example'webpack'compatible\r\n\r\n*'chore:'add'webpack'config'due'to'issue'in'CLI'that'disregards'the'`nsconfig.json`\r\n\r\n*'chore:'update'test'app'with'latest'deps'and'remove'not'used'd.ts\r\n\r\n*'chore:'update'karma'config\r\n\r\n*'chore:'resolve'issue'caused'by'overrding'`global.__extends'`\r\n\r\n*'chore:'update'Angular'deps\r\n\r\n*'chore:'update'`nativescript-dev-webpack`'to'next\r\n\r\n*'refactor:'unit-test'configs\r\n\r\n*'test:'update'webpack'config\r\n\r\n*'refactor:'remove'deprecated'API'usage'(#1874)\r\n\r\n*'tests:'mocha'reporter'and'include'ts'files'(#1875)\r\n\r\n*'Migrate'from'ReflectiveInjector'(deprecated)'to'StaticInjector'(#1868)\r\n\r\n*'chore:'migrate'to'StaticInjector\r\n\r\n*'chore:'replace'parentInjector'in'detached-loader\r\n\r\n*'feat(tabs):'register'tabs'elements'(#1883)\r\n\r\n*'feat(tabs):'register'tabs'elements\r\n\r\n*'feat(tests-app-ng):'add'tabs'component\r\n\r\n*'chore:'fix'android28'animation'tests'(#1885)\r\n\r\n*'chore:'retry'a'flaky'test'on'failure'(#1886)\r\n\r\n*'release:'cut'the'8.0.2'release,https://github.com/NativeScript/nativescript-angular/commit/1cc842049014cd2763e4bd413dff465b06166c58
UI-FLAKY,stream-labs/streamlabs-obs,https://github.com/stream-labs/streamlabs-obs,c993316b945258cce272704d925bbdeace48f62a,test/widgets/goals.ts,Resource Rendering,Unspecified,fill action before waiting func,Refactor Logic Implementation,put fill action as callback func,Azure pipeline,https://github.com/stream-labs/streamlabs-obs/pull/1640,Tests'fixes'(#1640)\n\n*'increace'tests'timeout\r\n\r\n*'icreace'timeout\r\n\r\n*'show'crash'message\r\n\r\n*'test'fixes\r\n\r\n*'stop'app\r\n\r\n*'fix'onboarding'and'goal'tests\r\n\r\n*'fix'streamboss'and'output'settings\r\n\r\n*'clean\r\n\r\n*'disable'goal'tests\r\n\r\n*'disable'more'tests\r\n\r\n*'run'only'flaky\r\n\r\n*'disable'stream'boss'test\r\n\r\n*'add'more'logs\r\n\r\n*'disable'pause\r\n\r\n*'add'additional'logging\r\n\r\n*'add'logs\r\n\r\n*'wait'for'loader\r\n\r\n*'get'rid'of'clickWhenReady\r\n\r\n*'udpate'widget'events'listener\r\n\r\n*'return'click'to'setup'later\r\n\r\n*'change'order'of'events\r\n\r\n*'fix'listener\r\n\r\n*'optimize'form'fill\r\n\r\n*'run'all'tests\r\n\r\n*'clean'TODO\r\n\r\n*'restore'streamboss'test\r\n\r\n*'disable'websockets\r\n\r\n*'get'rid'of'logs'in'widgets,https://github.com/stream-labs/streamlabs-obs/commit/c993316b945258cce272704d925bbdeace48f62a
UI-FLAKY,plotly/plotly.js,https://github.com/plotly/plotly.js,7da973b6c5e219fe6def91bf587c63fc1bba56ad,test/jasmine/tests/select_test.js,Resource Rendering,Provide Example,mock plot function,Mark Test as Flaky,added flaky tag,"circle.ci, jasmine",https://github.com/plotly/plotly.js/issues/1852,Add'@flaky'flag'to'click-to-select'tests'[1852]\n\n-'Reason:'some'tests'ran'into'async'timeout'issues'on'CI.,https://github.com/plotly/plotly.js/commit/7da973b6c5e219fe6def91bf587c63fc1bba56ad
UI-FLAKY,material-components/material-components-web,https://github.com/material-components/material-components-web,47949b08e0a2ec82178c638d8074c34c745409b4,https://github.com/material-components/material-components-web/blob/05a35e675d6644a64605264f2191b22be477f18b/test/screenshot/diffing.js,Platform Issue,Unspecified,invalid textarea; delay not enough,Remove Test,skip,"travis, jasmine, Sauce Labs, CrossBrowserTesting, karma, webdriver",https://github.com/material-components/material-components-web/pull/5352,feat(button):'Add'overflow'ellipsis'mixin'(#5352)\n\n*'feat(button):'Add'overflow'ellipsis'mixin\r\n\r\n*'WIP'try'to'fix'flaky'tests\r\n\r\n*'WIP'json'is'dumb,https://github.com/material-components/material-components-web/commit/47949b08e0a2ec82178c638d8074c34c745409b4
UI-FLAKY,material-components/material-components-web,https://github.com/material-components/material-components-web,f54d42e566744bd415a6515845eb08359c7fc285,https://github.com/material-components/material-components-web/blob/f54d42e566744bd415a6515845eb08359c7fc285/test/screenshot/diffing.js,Platform Issue,Run on Specific Platform,render waiting time may not enough; edge broswer issue,Mark Test as Flaky,set config for flaky tests,"travis, jasmine, Sauce Labs, CrossBrowserTesting, karma, webdriver",https://github.com/material-components/material-components-web/pull/3333,"chore(infrastructure):'Increase'IE/Edge'flake'tolerance'(#3333)\n\n###'What'it'does\r\n\r\n-'Adds'config'options'in'`diffing.json`'to'fine-tune'flaky'screenshot'test'behavior:\r\n\r\n''''-'Knobs:\r\n''''''''-'Number'of'retry'attempts\r\n''''''''-'Delay'before'retrying\r\n''''''''-'Font'loading'timeout\r\n''''-'Global'settings'for'all'browsers'and'URLs:\r\n''''''''-'`2`'retries\r\n''''''''-'`50ms`'font'load'delay:'Gives'the'browser'time'to're-render'page'content'w/'new'fonts\r\n''''''''-'`500ms`'page'load'delay'when'retrying:'Allows'janky'rendering'to'settle\r\n''''-'IE/Edge-specific'settings'for'all'URLs:\r\n''''''''-'`4`'retries:'Microsoft'browsers'flake'more'often'than'Chrome/Firefox/Safari\r\n''''''''-'`300ms`'font'load'delay:'Gives'IE/Edge'extra'time'to're-render'page'content'w/'new'fonts\r\n''''-'IE/Edge-specific'settings'for'`mdc-textfield`'and'`mdc-typography`'URLs:\r\n''''''''-'`6`'retries:'I've'seen'them'fail'up'to'5'times'before'finally'passing\r\n''''''''-'`500ms`'font'load'delay:'Gives'`MDCTextField`'jank'time'to'settle\r\n<br>\r\n\r\n-'Adds'a'`FlakeConfig`'field'to'every'`Screenshot`'so'that'specific'browsers/URLs'can'have'different'timeouts'and'tolerances\r\n\r\n-'Adds'optional'URL'query'params'to'all'test'pages:\r\n''''-'E.g.:'`focused.html?font_face_observer_timeout_ms=3000&fonts_loaded_reflow_delay_ms=100`\r\n''''-'Values'come'from'`Screenshot.flake_config`.'If'no'values'are'passed,'sensible'defaults'for'local'development'are'used.\r\n''''-'Adds'npm'dependency:'[`url-search-params-polyfill`](https://www.npmjs.com/package/url-search-params-polyfill)'(polyfill'for'[`URLSearchParams`](https://developer.mozilla.org/en-US/docs/Web/API/URLSearchParams))\r\n<br>\r\n\r\n-'Stops'uploading'empty'(0px)'diff'images'to'GCS\r\n\r\n-'Improves'Selenium'session'termination:\r\n''''-'During'session'startup,'if'one'VM'fails'by'throwing'an'error,'we'now'wait'for'all'other'browsers'to'finish'starting'up'so'that'they'can'be'terminated''normally''by'calling'`driver.quit()`.'Previously,'any'VMs'that'hadn't'finished'starting'when'another'VM'threw'an'error'would'become'zombie'sessions.'There'were'only'two'ways'to'clean'them'up:'A)'manually'kill'them'in'the'CBT'UI;'or'B)'wait'2'minutes'and'rerun'the'tests'(sessions'with'no'activity'for'at'least'2'minutes'are'automatically'killed'on'startup).\r\n''''-'`SIGINT`'(<kbd>Ctrl</kbd>+<kbd>C</kbd>)'and'`SIGTERM`'(`kill`)'handlers'wait'for'all'sessions'to'finish'starting'before'killing'them,'for'the'same'reasons'described'in'the'previous'bullet.'This'makes'the'session'termination'much'more'robust.\r\n''''-'Changes'`process.exit(code)`'to'`process.exitCode'='code`'in'`run.js`.'The'former'causes'Node'to'exit'immediately'without'waiting'for'CBT'Selenium'cancellation'requests'to'complete,'whereas'the'latter'causes'Node'to'wait'for'all'timers'and'unresolved'Promises'before'exiting.\r\n<br>\r\n\r\n-'Changes'`Metadata`'table'headings:\r\n''''-'`Author'Name`'\u2192'`Host'User`\r\n''''-'`Author'OS`'\u2192'`Host'OS`\r\n\r\n###'Example'output\r\n\r\n####'Flaky'MS'Edge'`text-field`'page'passes'after'`attempt'5'of'6`:\r\n\r\n![screenshot](https://user-images.githubusercontent.com/409245/43988127-b3aea150-9ce3-11e8-8094-d43e6619b4b7.png)",https://github.com/material-components/material-components-web/commit/f54d42e566744bd415a6515845eb08359c7fc285
UI-FLAKY,material-components/material-components-web,https://github.com/material-components/material-components-web,ce8e724b0476d2a8a27cc3f5264da30eb02991d1,karma.conf.js,Platform Issue,Run on Specific Platform,Concurrency limit; Traffic congestion,Add/Increase Delay,Changes the timeout for individual test cases on Sauce Labs from 2 seconds to 10 seconds; Disables unnecessary browsers,"travis, jasmine, Sauce Labs, CrossBrowserTesting, karma, webdriver",https://github.com/material-components/material-components-web/pull/3333,"chore(infrastructure):'Increase'SL'timeout'and'disable'N-1/N+1'browsers'(#3182)\n\n###'What'it'does\r\n\r\n*'Changes'the'timeout'for'individual'test'cases'on'Sauce'Labs'from'2'seconds'to'10'seconds\r\n*'Disables'unnecessary'browsers:'Chrome'N+1'(dev),'Chrome'N-1,'and'Firefox'N-1\r\n''''-'Our'SL'account'only'allows'`5`'concurrent'tests\r\n''''-'Unit'tests'now'run'in'`4`'browsers'instead'of'`7`:\r\n''''''''*'Chrome'latest'(desktop)\r\n''''''''*'Firefox'latest\r\n''''''''*'IE'11\r\n''''''''*'Safari'(mobile)\r\n-'Enables'[extended'debugging](https://wiki.saucelabs.com/pages/viewpage.action?pageId=70072943)'(capturing'browser'console'logs)'in'Chrome'and'Firefox\r\n\r\nAFAIK'the'only'way'to'verify'this'PR'is'to'run'it'repeatedly'on'Travis'and'look'for'the'errors'listed'below.\r\n\r\nRefs'#3191\r\n\r\n###'Why\r\n\r\nThis'PR'attempts'to'work'around'two'specific'types'of'flakes'I've'seen'repeatedly'on'Sauce'Labs:\r\n\r\n####'Timeouts'on'individual'test'cases'that'use'`requestAnimationFrame()`'or'`setTimeout()`\r\n\r\n```\r\nIE'11.0.0'(Windows'8.1.0.0)'MDCSliderFoundation'-'pointer'events'on'touchstart'takes'RTL'into'account'when'computing'the'slider's'value'using'the'X'coordinate'of'the'event'FAILED\r\n''Timeout'of'2000ms'exceeded.'For'async'tests'and'hooks,'ensure''done()''is'called;'if'returning'a'Promise,'ensure'it'resolves.\r\nIE'11.0.0'(Windows'8.1.0.0)'MDCSliderFoundation'-'pointer'events'on'touchstart'adds'the'mdc-slider--active'class'to'the'root'element'FAILED\r\n''Timeout'of'2000ms'exceeded.'For'async'tests'and'hooks,'ensure''done()''is'called;'if'returning'a'Promise,'ensure'it'resolves.\r\n........\r\nIE'11.0.0'(Windows'8.1.0.0)'MDCSliderFoundation'-'pointer'events'on'body'touchmove'updates'the'slider's'value'based'on'the'X'coordinate'of'the'event'FAILED\r\n''Timeout'of'2000ms'exceeded.'For'async'tests'and'hooks,'ensure''done()''is'called;'if'returning'a'Promise,'ensure'it'resolves.\r\n.\r\nIE'11.0.0'(Windows'8.1.0.0)'MDCSliderFoundation'-'pointer'events'on'body'touchmove'notifies'discrete'slider'pin'value'marker'to'change'value'FAILED\r\n''Timeout'of'2000ms'exceeded.'For'async'tests'and'hooks,'ensure''done()''is'called;'if'returning'a'Promise,'ensure'it'resolves.\r\nIE'11.0.0'(Windows'8.1.0.0)'MDCSliderFoundation'-'pointer'events'on'body'touchend'removes'the'mdc-slider--active'class'from'the'component'FAILED\r\n''Timeout'of'2000ms'exceeded.'For'async'tests'and'hooks,'ensure''done()''is'called;'if'returning'a'Promise,'ensure'it'resolves.\r\n```\r\n\r\n####'Concurrency'limits\r\n\r\nOur'SL'account'is'limited'to'5'concurrent'tests.'We'constantly'blow'past'that'limit'because'`karma.conf.js`'tests'_7_'browsers'on'every'single'commit.\r\n\r\nThis,'in'turn,'causes'subsequent'SL'requests'to'enqueue,'which'can'lead'to'test'suite'timeouts:\r\n\r\n```\r\nWARN'[launcher]:'Safari'on'SauceLabs'have'not'captured'in'240000'ms,'killing.\r\nINFO'[launcher]:'Trying'to'start'Safari'on'SauceLabs'again'(1/2).\r\n...\r\nWARN'[launcher]:'Safari'on'SauceLabs'have'not'captured'in'240000'ms,'killing.\r\nINFO'[launcher]:'Trying'to'start'Safari'on'SauceLabs'again'(2/2).\r\n```\r\n\r\n[SL'logs](https://saucelabs.com/beta/tests/696708e0fd284bc6b2a03ce6a8decb4f):\r\n\r\n![image](https://user-images.githubusercontent.com/409245/43157525-29256050-8f32-11e8-8e65-fb6e83fe6930.png)\r\n\r\n###'Possible'root'causes'of'flaky'unit'tests'on'SL\r\n\r\nMost'likely:\r\n\r\n*'**Concurrency'limit**:'We'have'a'free'OSS'account'on'SL,'which'gives'us'5'concurrent'tests.'We'currently'run'unit'tests'in'7'browsers,'including'Chrome'N+1,'Chrome'N-1,'and'Firefox'N-1.\r\n*'**Traffic'congestion**:'SL'might'get'overloaded'during'peak'hours'and'queue'our'tests'for'a'long'time\r\n\r\nLess'likely,'but'possible:\r\n\r\n*'Buggy'implementation'and/or'usage'of'mock'`requestAnimationFrame()`'in'[`test/unit/helpers/raf.js`](https://github.com/material-components/material-components-web/blob/bc500f247c9c0dcaaa81f9c3a9f93de22ca83480/test/unit/helpers/raf.js#L32)\r\n*'Buggy'implementation'and/or'usage'of'`lolex`'(mock'`setTimeout()`)\r\n\r\n###'Other'Sauce'Labs'errors\r\n\r\nThis'one'connected'OK,'but'kept'sending'the'`GET'title`'command'repeatedly'and'then'gave'up.\r\n\r\n[SL'logs](https://saucelabs.com/beta/tests/cd8e1a1b7c414217b140126c52f068d1):\r\n\r\n![image](https://user-images.githubusercontent.com/409245/43158106-ae96c89a-8f33-11e8-93b8-954edb71c4ea.png)",https://github.com/material-components/material-components-web/commit/ce8e724b0476d2a8a27cc3f5264da30eb02991d1
UI-FLAKY,MrAlex94/Waterfox,https://github.com/MrAlex94/Waterfox,175703fbe576e33435aa32585c4353476bbdc769,toolkit/mozapps/update/tests/browser/browser_doorhanger_bc_downloadOptIn_bgWin.js,Resource Rendering,Provide Steps,Badge test taking longer for the UI condition to be met,Fix Await Mechanism,added waiting time and instead of throwing error added a check to fail the test,,,Bug'1547890'-'Extend'the'number'of'retries'for'waitForCondition'calls'so'the'tests'pass'on'TV'runs.'r=bytesized\n\nWhen'running'these'tests'with'--verify'(e.g.'TV)'the'tests'intermittently'fail'due'to'it'taking'longer'for'the'UI'condition'to'be'met.\n\nDifferential'Revision:'https://phabricator.services.mozilla.com/D29450\n\n--HG--\nextra':'moz-landing-system':'lando,https://github.com/MrAlex94/Waterfox/commit/175703fbe576e33435aa32585c4353476bbdc769
UI-FLAKY,MrAlex94/Waterfox,https://github.com/MrAlex94/Waterfox,57bb4f7bf4220376e8931f354a3ee556b7b5fd4f,browser/base/content/test/keyboard/browser_toolbarButtonKeyPress.js,Resource Rendering,Unspecified,Bookmark button test not waiting correctly,Fix Await Mechanism,Add async waiting for button status,web-platform-tests,,"Bug'1519226:'browser_toolbarButtonKeyPress.js:'Wait'for'the'bookmarked'status'to'finish'updating'before'pressing'the'Bookmark'this'page'button.'r=Gijs\n\nThe'status'regarding'whether'a'page'is'bookmarked'or'not'is'updated'async.\nWhile'the'update'is'pending,'the'Bookmark'this'page'button'ignores'activation.\nThus,'the'test'must'wait'for'the'update'to'be'finished'before'trying'to'press'the'button.\nThis'fixes'intermittent'timeouts'in'this'test.\n\nDifferential'Revision:'https://phabricator.services.mozilla.com/D20978\n\n--HG--\nextra':'moz-landing-system':'lando",https://github.com/MrAlex94/Waterfox/commit/57bb4f7bf4220376e8931f354a3ee556b7b5fd4f
UI-FLAKY,MrAlex94/Waterfox,https://github.com/MrAlex94/Waterfox,149483e887541ab4cbd7ead56fb1bf768ae82aa4,browser/base/content/test/tabs/browser_multiselect_tabs_move_to_new_window_contextmenu.js,Incorrect Test Runner Interaction,Unspecified,Tab moves to new window flaky due to EndSwapDocShells not being dispatched for lazy tabs,Fix Await Mechanism,Add proper waiting method,web-platform-tests,,Bug'1528044'-'Fix'flaky'test'browser_multiselect_tabs_move_to_new_window_contextmenu.js.'r=jaws\n\nDifferential'Revision:'https://phabricator.services.mozilla.com/D20018\n\n--HG--\nextra':'moz-landing-system':'lando,https://github.com/MrAlex94/Waterfox/commit/149483e887541ab4cbd7ead56fb1bf768ae82aa4
UI-FLAKY,MrAlex94/Waterfox,https://github.com/MrAlex94/Waterfox,3a0fff40b3397e0064ce123c08cb44b3f7b4e2e1,browser/base/content/test/tabs/browser_multiselect_tabs_move_to_new_window_contextmenu.js,Incorrect Test Runner Interaction,Unspecified,Tab moves to new window flaky due to EndSwapDocShells not being dispatched for lazy tabs,Refactor Logic Implementation,Add TabClose listener to handle lazy tabs,web-platform-tests,,Bug'1524223'-'Fix'flaky'test'browser_multiselect_tabs_move_to_new_window_contextmenu.js.'r=jaws\n\nDifferential'Revision:'https://phabricator.services.mozilla.com/D18820\n\n--HG--\nextra':'moz-landing-system':'lando,https://github.com/MrAlex94/Waterfox/commit/3a0fff40b3397e0064ce123c08cb44b3f7b4e2e1
UI-FLAKY,MrAlex94/Waterfox,https://github.com/MrAlex94/Waterfox,7fdf08e2ab80f20fedf48e812ef9efd84f045d80,https://github.com/MrAlex94/Waterfox/blob/7fdf08e2ab80f20fedf48e812ef9efd84f045d80/layout/tools/reftest/reftest.js,Platform Issue,Run on Specific Platform,Flaky focus between test window and about:blank window causes reftest to fail on Windows,Refactor Logic Implementation,Add code to explicitly focus on reftest window if not focused,web-platform-tests,,"Bug'1453895'-'Avoid'reftest'startup'hang'waiting'for'focus;'r=jmaher\n\nIntermittently,'at'least'on'Windows,'reftest.jsm'finds'that'the'reftest.xul\nwindow'is'not'focused'on'startup;'focus'seems'to'be'on'the'dummy'about:blank\nwindow.'This'patch'tries'to'detect'that'condition'and'correct'it'by'bringing\nreftest.xul'(g.containingWindow)'into'focus'before'specifically'focusing\nthe'browser'element'(g.browser).",https://github.com/MrAlex94/Waterfox/commit/7fdf08e2ab80f20fedf48e812ef9efd84f045d80
UI-FLAKY,MrAlex94/Waterfox,https://github.com/MrAlex94/Waterfox,5090ab59885b0b290d29ea4e5848337826ff3a02,browser/components/extensions/test/browser/browser_ext_user_events.js,Incorrect Test Runner Interaction,Run on Specific Platform,Timing issue with mouse click event,Use Workaround,Change click into polling mechanism for clicks,web-platform-tests,,"Bug'1368603'-'Fix'intermittent'scrollbar'drag'test'failure'on'Linux.'r=botond\n\nOn'Linux,'when'synthesizing'mousemove'events'interleaved'with'button\npress/release'events,'the'caller'is'responsible'for'waiting'for'the\nmousemove'events'be'dispatched'before'attempting'to'synthesize'the\npress/release'buttons,'otherwise'the'events'can'be'delivered'by'the'OS\nout'of'order.'This'updates'a'few'tests'to'ensure'this'is'done'correctly.\n\nMozReview-Commit-ID:'42HkqTCWToP\n\n--HG--\nextra':'rebase_source':'57fbc84bcfbed345d8f6d90aaadb3399e691894e",https://github.com/MrAlex94/Waterfox/commit/5090ab59885b0b290d29ea4e5848337826ff3a02
UI-FLAKY,MrAlex94/Waterfox,https://github.com/MrAlex94/Waterfox,7f1cc2b10b9e5f637895274eacb19b31dd5645a1,browser/components/sessionstore/test/browser_354894_perwindowpb.js,Incorrect Resource Load Order,Unspecified,loading test tabs without waiting,Fix Await Mechanism,Added await and promise,,,"Bug'1379072'-'Intermittent'failure'of'browser/components/sessionstore/test/browser_354894_perwindowpb.js,'r=michal\n\nWait'for'the'tabs'to'finish'when'loading'test'tabs.",https://github.com/MrAlex94/Waterfox/commit/7f1cc2b10b9e5f637895274eacb19b31dd5645a1
UI-FLAKY,MrAlex94/Waterfox,https://github.com/MrAlex94/Waterfox,361d95ecbf5c0f00f59ca1614088db1947abc565,devtools/client/inspector/animation/test/browser_animation_summary-graph_computed-timing-path_different-timescale.js,Animation Timing Issue,Unspecified,the animation can intermittently already be finished during selectNodeAndWaitForAnimations,Use Workaround,Changed tested animation,,,Bug'1447259:'Change'the'tested'animation'in'browser_animation_summary-graph_computed-timing-path_different-timescale.js'test'since'the'animation'can'intermittently'already'be'finished'during'selectNodeAndWaitForAnimations.'r=gl,https://github.com/MrAlex94/Waterfox/commit/361d95ecbf5c0f00f59ca1614088db1947abc565
UI-FLAKY,oppia/oppia,https://github.com/oppia/oppia,83ac09d7c391bf3446b62d9a09b0c74443bd6adb,core/tests/protractor_utils/CreatorDashboardPage.js,DOM Selector Issue,Unspecified,Card test flaky due to not waiting for visibility correctly,Fix Await Mechanism,Added code to wait for visibility instead of DOM attachment,TravisCI,https://github.com/oppia/oppia/pull/8659,"Fixes'part'of'#6240:'Fix'Flaky'Exploration'Card'Finding'(#8659)\n\n*'Protractor:'Fix'Flaky'Exploration'Card'Finding\r\n\r\nFinding'exploration'cards'on'the'creator'dashboard'page'was'flaky\r\nbecause'sometimes'the'protractor'test'would'search'for'the'cards'before\r\nthe'cards'had'loaded.'Further,'the'logic'used'to'identify'matching'cards\r\nfailed'when'the'card'contained'text'besides'the'exploration'title.'This\r\ncommit'resolves'these'issues'by:\r\n\r\n*'Waiting'for'an'exploration'card'to'appear'before'searching'for'them\r\n*'When'filtering'cards'by'title,'consider'cards'to'match'if'their'text\r\n''equals'the'target'title'or'begins'with'the'target'title'concatenated\r\n''with'a'newline.'This'works'because'when'other'text'is'included'in'the\r\n''card,'a'newline'separates'that'text'from'the'title.\r\n\r\n*'Style'fixes\r\n\r\n*'Replace'presenceOf'with'visibilityOf\r\n\r\nWe'were'waiting'for'a'card'to'exist'in'the'DOM'(whether'or'not'it'was\r\nvisible),'but'we'really'do'want'it'to'be'visible'before'clicking'it.\r\nFurther,'by'relying'on'`visibilityOf`,'we'can'use'existing'code.'This\r\ncommit'makes'this'switch.",https://github.com/oppia/oppia/commit/83ac09d7c391bf3446b62d9a09b0c74443bd6adb
UI-FLAKY,palantir/blueprint,https://github.com/palantir/blueprint,a133dff3190e84db84651da84bc643d841658f50,packages/core/test/overlay/overlayTests.tsx,DOM Selector Issue,Unspecified,Flaky overlay tests due to setTimeout issue executing before next frame,Fix Await Mechanism,Add nested setTimeout to delay execution of callback,"CircleCI, Karma",https://github.com/palantir/blueprint/pull/1943,Fix flaky overlay tests w/ nested setTimeouts (#1943),https://github.com/palantir/blueprint/commit/a133dff3190e84db84651da84bc643d841658f50
UI-FLAKY,palantir/blueprint,https://github.com/palantir/blueprint,c2aada111f8e82e074a5765143ece5d07da6c4cf,packages/core/test/overlay/overlayTests.tsx,DOM Selector Issue,Unspecified,Overlay and toaster focus flaky due to DOM focusing,Remove Test,Tests skipped,"CircleCI, Karma",https://github.com/palantir/blueprint/pull/1681,"skip flaky tests, add comments mentioning FLUP issue (#1681)",https://github.com/palantir/blueprint/commit/c2aada111f8e82e074a5765143ece5d07da6c4cf
UI-FLAKY,palantir/blueprint,https://github.com/palantir/blueprint,dd90bfa0943dd6ac2ea1d233162cc3c21aa4e701,packages/core/test/overlay/overlayTests.tsx,DOM Selector Issue,Unspecified,Overlay focus flaky,Remove Test,Skipped,"CircleCI, Karma",https://github.com/palantir/blueprint/pull/1514,Skip flaky test (#1514),https://github.com/palantir/blueprint/commit/dd90bfa0943dd6ac2ea1d233162cc3c21aa4e701
UI-FLAKY,jhipster/generator-jhipster,https://github.com/jhipster/generator-jhipster,2865e441e4b09335f88f3839ee9147f8b8b9c05e,https://github.com/jhipster/generator-jhipster/blob/2865e441e4b09335f88f3839ee9147f8b8b9c05e/generators/client/templates/react/src/test/javascript/e2e/modules/account/account.spec.ts,Resource Rendering,Run on Specific Platform,React account e2e button tests wait for elements to be displayable instead of clickable,Fix Await Mechanism,Added function to wait until clickable,Azure,https://github.com/jhipster/generator-jhipster/pull/9818,Merge pull request #9818 from vishal423/improve-e2e-account-react\n\nreact: Fix intermittent e2e failures,https://github.com/jhipster/generator-jhipster/commit/2865e441e4b09335f88f3839ee9147f8b8b9c05e
UI-FLAKY,jhipster/generator-jhipster,https://github.com/jhipster/generator-jhipster,44c54f6a5ae843123e2b8b74b5be5fe0f3a199cc,https://github.com/jhipster/generator-jhipster/blob/44c54f6a5ae843123e2b8b74b5be5fe0f3a199cc/generators/client/templates/react/src/test/javascript/e2e/modules/account/account.spec.ts,Incorrect Resource Load Order,Unspecified,e2e account test not waiting properly for browser,Fix Await Mechanism,Added browser wait until displayed,Azure,https://github.com/jhipster/generator-jhipster/pull/7469,react: try to fix e2e flakiness,https://github.com/jhipster/generator-jhipster/commit/44c54f6a5ae843123e2b8b74b5be5fe0f3a199cc
UI-FLAKY,rjsf-team/react-jsonschema-form,https://github.com/rjsf-team/react-jsonschema-form,2318786b38ead5eddc7c0e3146825f19013e0beb,test/StringField_test.js,Time,Unspecified,Button returning now value needs to have looser check on condition for slow system,Refactor Logic Implementation,Added approximate check of +- 5 ms,TravisCI,https://github.com/rjsf-team/react-jsonschema-form/pull/167,Merge pull request #167 from mozilla-services/162-fix-intermittent-datewidget-test\n\nFix intermittent DateWidget test,https://github.com/rjsf-team/react-jsonschema-form/commit/2318786b38ead5eddc7c0e3146825f19013e0beb
UI-FLAKY,OnsenUI/OnsenUI,https://github.com/OnsenUI/OnsenUI,e5f3e1a0e11a2f9aa97b0fca65d1a5544b6276dc,bindings/angular1/test/e2e/dialog/scenarios.js,DOM Selector Issue,Unspecified,Flaky behavior with DOM selectors,Remove Test,Commented out,CircleCI,,test(angular1): Temporarily comment out flaky test,https://github.com/OnsenUI/OnsenUI/commit/e5f3e1a0e11a2f9aa97b0fca65d1a5544b6276dc
UI-FLAKY,OfficeDev/office-ui-fabric-react,https://github.com/OfficeDev/office-ui-fabric-react,00b6694e2bd2f1de1713f9303fdff5dd63fcda9e,packages/office-ui-fabric-react/src/components/List/List.test.tsx,DOM Selector Issue,Unspecified,Cell calls flaky due to DOM selectors,Remove Test,Disabled test,Azure,https://github.com/microsoft/fluentui/pull/11920,Test: Disable problematic List test (#11920)\n\n* Disable List test causing intermittent test failures.\r\n\r\n* Change files\r\n\r\n* Change change type.,https://github.com/OfficeDev/office-ui-fabric-react/commit/00b6694e2bd2f1de1713f9303fdff5dd63fcda9e
UI-FLAKY,plotly/plotly.js,https://github.com/plotly/plotly.js,66156054cb08b90bc50219ff9a2baeebb674c580,test/image/compare_pixels_test.js,Network Resource Loading,Provide Example,Flaky image loading,Blacklist Test,Added to blacklist,CircleCI,https://github.com/plotly/plotly.js/pull/4470,add'treemap_coffee'to'list'of'flaky'image'tests,https://github.com/plotly/plotly.js/commit/66156054cb08b90bc50219ff9a2baeebb674c580
UI-FLAKY,plotly/plotly.js,https://github.com/plotly/plotly.js,ef28e781b326ca785bc59a1deda9734b718116a6,test/image/compare_pixels_test.js,Network Resource Loading,Provide Example,Flaky image loading,Blacklist Test,Added to blacklist,CircleCI,https://github.com/plotly/plotly.js/pull/4419,add'two'mocks'to'list'of'flaky'test'image'mocks,https://github.com/plotly/plotly.js/commit/ef28e781b326ca785bc59a1deda9734b718116a6
UI-FLAKY,plotly/plotly.js,https://github.com/plotly/plotly.js,aae0c60c6c720ef7de33333dfb7884087dae2edc,test/jasmine/tests/transition_test.js,Animation Timing Issue,Provide Example,Transition timing flaky,Mark Test as Flaky,Added @flaky tag to test,CircleCI,https://github.com/plotly/plotly.js/pull/4262,add'a'few'flaky'tags'in'transition_test.js,https://github.com/plotly/plotly.js/commit/aae0c60c6c720ef7de33333dfb7884087dae2edc
UI-FLAKY,plotly/plotly.js,https://github.com/plotly/plotly.js,cb5be64e4ab290ce92272783676e152722c95f56,test/jasmine/tests/colorbar_test.js,DOM Selector Issue,Unspecified,Editable option affecting element selection,Mark Test as Flaky,Added @flaky tag to tests,CircleCI,https://github.com/plotly/plotly.js/pull/4322,add'@flaky'to'editable:true'colorbar'tests,https://github.com/plotly/plotly.js/commit/cb5be64e4ab290ce92272783676e152722c95f56
UI-FLAKY,plotly/plotly.js,https://github.com/plotly/plotly.js,742b83da9f851860d3f217c7fb56b763912b541b,test/image/compare_pixels_test.js,Network Resource Loading,Unspecified,Flaky font loading on different machines and runs,Mark Test as Flaky,Filter out font-wishlist and mapbox tests,CircleCI,https://github.com/plotly/plotly.js/pull/4321,Merge'pull'request'#4321'from'plotly/test-image-flaky-mocks\n\nFlaky'image'tests,https://github.com/plotly/plotly.js/commit/742b83da9f851860d3f217c7fb56b763912b541b
UI-FLAKY,plotly/plotly.js,https://github.com/plotly/plotly.js,11bc6259b47eb41e9c869d25f5d36defce02bddb,test/jasmine/tests/titles_test.js,DOM Selector Issue,Unspecified,Editable option affecting element selection,Mark Test as Flaky,Added @flaky tag to tests,CircleCI,https://github.com/plotly/plotly.js/pull/4321,add'`@flaky`'to''hover'effects'for'titles'that'used'to'be'blank''test,https://github.com/plotly/plotly.js/commit/11bc6259b47eb41e9c869d25f5d36defce02bddb
UI-FLAKY,plotly/plotly.js,https://github.com/plotly/plotly.js,70bfd5074516ae1279968e060a36d4c08b75d931,test/jasmine/tests/transition_test.js,Animation Timing Issue,Provide Example,Transition timing flaky causing timeout,Mark Test as Flaky,Added @flaky tag to tests,CircleCI,https://github.com/plotly/plotly.js/pull/4273,add'one'more'flaky'tag'in'transition_test.js,https://github.com/plotly/plotly.js/commit/70bfd5074516ae1279968e060a36d4c08b75d931
UI-FLAKY,plotly/plotly.js,https://github.com/plotly/plotly.js,5160948d6813b5de162fb6a68af44bd7be1bec9b,test/jasmine/tests/histogram2d_test.js,Resource Rendering,Provide Example,Sorting z-axis in plot intermittently fails based on test data,Mark Test as Flaky,Added @flaky tag to test,CircleCI,https://github.com/plotly/plotly.js/pull/3827,"test:'tag'@flaky'test,':hocho:'useless'lines",https://github.com/plotly/plotly.js/commit/5160948d6813b5de162fb6a68af44bd7be1bec9b
UI-FLAKY,plotly/plotly.js,https://github.com/plotly/plotly.js,b2975c90d9e9e388d49c37fbc5e7c255b9cfd6d8,test/jasmine/tests/gl3d_plot_interact_test.js,Resource Rendering,Provide Example,Hover label test failed when text size was 0,Refactor Logic Implementation,Split into separate test and add code for fallback fixed length,CircleCI,https://github.com/plotly/plotly.js/pull/3734,split'`namelength`'test'to'reduce'flakiness,https://github.com/plotly/plotly.js/commit/b2975c90d9e9e388d49c37fbc5e7c255b9cfd6d8
UI-FLAKY,plotly/plotly.js,https://github.com/plotly/plotly.js,17b506815dc44ba90b1daf2d0891b822bebb2ab0,test/jasmine/tests/gl2d_plot_interact_test.js,Network Resource Loading,Rerun Multiple Times,Tests timeout in CI,Add/Increase Delay,Increase timeout and flaky retry count,CircleCI,https://github.com/plotly/plotly.js/pull/3667,should'reset'one'sankey'test'-'no'need'to'flaky'flag'as'it'fails'locally'and'on'the'CI\nset'timeout'for'the'rest'of'the'tests'in'one'suite\nadded'one'noCI'flag'to'the'sankey'test'which'is'failing'on'the'CI'and'even'locally'with'flaky'flag\nset'flaky'retry'to'5'now'that'it'runs'fast,https://github.com/plotly/plotly.js/commit/17b506815dc44ba90b1daf2d0891b822bebb2ab0
UI-FLAKY,plotly/plotly.js,https://github.com/plotly/plotly.js,8241bc8b22164683f2d265aa49d732c615498542,test/jasmine/tests/sankey_test.js,Resource Rendering,Rerun Multiple Times,Test timeout in CI,Mark Test as Flaky,Add @flaky tag,CircleCI,https://github.com/plotly/plotly.js/pull/3667,reduced'retries'to'2'and'3'-'marked'one'test'as'flaky,https://github.com/plotly/plotly.js/commit/8241bc8b22164683f2d265aa49d732c615498542
UI-FLAKY,plotly/plotly.js,https://github.com/plotly/plotly.js,4eb5dafc041e51aa251e99da9abae41884e31f05,test/jasmine/tests/shapes_test.js,Resource Rendering,Provide Example,Tests times out,Mark Test as Flaky,Add @flaky tag,CircleCI,https://github.com/plotly/plotly.js/pull/3531,add'a'flaky'flag'for'one'test,https://github.com/plotly/plotly.js/commit/4eb5dafc041e51aa251e99da9abae41884e31f05
UI-FLAKY,plotly/plotly.js,https://github.com/plotly/plotly.js,8f627dcacc40a031a7da1516c4e438dc5f795618,test/jasmine/tests/config_test.js,Resource Rendering,Provide Example,Test timeout in CI,Mark Test as Flaky,Add @flaky tag,CircleCI,https://github.com/plotly/plotly.js/issues/3197,add'flaky'to''responsive'after'update''test,https://github.com/plotly/plotly.js/commit/8f627dcacc40a031a7da1516c4e438dc5f795618
UI-FLAKY,plotly/plotly.js,https://github.com/plotly/plotly.js,d9d626ae53109144dd2a9eeea9c7daf5f1e45a37,test/jasmine/tests/select_test.js,Resource Rendering,Provide Example,Test timeout in CI,Mark Test as Flaky,Add @flaky tag,CircleCI,https://github.com/plotly/plotly.js/pull/3021,tag'new'select'test'as'@flaky,https://github.com/plotly/plotly.js/commit/d9d626ae53109144dd2a9eeea9c7daf5f1e45a37
UI-FLAKY,plotly/plotly.js,https://github.com/plotly/plotly.js,13204a9be522b20ec030b25f1a35d0e763281776,test/jasmine/tests/polar_test.js,DOM Selector Issue,Provide Example,events number triggered flaky,Mark Test as Flaky,Added @flaky tag to test,CircleCI,https://github.com/plotly/plotly.js/issues/2510,mark'polar'drag'test'flaky,https://github.com/plotly/plotly.js/commit/13204a9be522b20ec030b25f1a35d0e763281776
UI-FLAKY,plotly/plotly.js,https://github.com/plotly/plotly.js,37e054864cfec82316bdadab1b197b53164ae007,test/jasmine/tests/gl2d_click_test.js,DOM Selector Issue,Unspecified,hover and click interactions flaky,Mark Test as Flaky,Added @flaky tag to test,CircleCI,https://github.com/plotly/plotly.js/pull/2499,"Add'baselines,'mark'flaky'test",https://github.com/plotly/plotly.js/commit/37e054864cfec82316bdadab1b197b53164ae007
UI-FLAKY,plotly/plotly.js,https://github.com/plotly/plotly.js,4e6935aede26f25466c1817ef6addb3c259ab35c,test/jasmine/tests/gl2d_plot_interact_test.js,Resource Rendering,Unspecified,Flaky grid rendering,Mark Test as Flaky,Added @flaky tag to test,CircleCI,https://github.com/plotly/plotly.js/commit/4e6935aede26f25466c1817ef6addb3c259ab35c,Mark'flaky'tests,https://github.com/plotly/plotly.js/commit/4e6935aede26f25466c1817ef6addb3c259ab35c
UI-FLAKY,plotly/plotly.js,https://github.com/plotly/plotly.js,fff668ace691575ecbd509f942ccd88d2b30bd1d,test/jasmine/tests/parcoords_test.js,Resource Rendering,Unspecified,SVG slowing down rendering,Mark Test as Flaky,Added @flaky tag to test,CircleCI,https://github.com/plotly/plotly.js/pull/2415,@flaky'on'ordinal'constraint'snap'test,https://github.com/plotly/plotly.js/commit/fff668ace691575ecbd509f942ccd88d2b30bd1d
UI-FLAKY,plotly/plotly.js,https://github.com/plotly/plotly.js,011443eb73ea89aef14e798570c4ad200ae25b5b,test/jasmine/tests/gl2d_plot_interact_test.js,Resource Rendering,Unspecified,visible toggle flaky,Mark Test as Flaky,Added @flaky tag to test,CircleCI,https://github.com/plotly/plotly.js/pull/2429,add'`flaky`'tag'to'scattergl'visible'toggle'test,https://github.com/plotly/plotly.js/commit/011443eb73ea89aef14e798570c4ad200ae25b5b
UI-FLAKY,plotly/plotly.js,https://github.com/plotly/plotly.js,446f9f95d7539c5dc603b362e900688634eb8b0a,test/jasmine/tests/parcoords_test.js,Platform Issue,Unspecified,seems to be batch issue,Mark Test as Flaky,Added @flaky tag to test,CircleCI,https://github.com/plotly/plotly.js/pull/2399,try'marking'the'test'that's'failing'on'CI'only'as'flaky\nstill'don't'know'why'it's'failing...'but'it'seems'to'work'when'run'in'a'smaller'batch,https://github.com/plotly/plotly.js/commit/446f9f95d7539c5dc603b362e900688634eb8b0a
UI-FLAKY,plotly/plotly.js,https://github.com/plotly/plotly.js,a2fc07a187c4d26bf2f1bcb3e2aa806b75ad24fc,test/jasmine/tests/select_test.js,Animation Timing Issue,Provide Example,Flaky transitions in grid,Mark Test as Flaky,Added @flaky tag to test,CircleCI,https://github.com/plotly/plotly.js/issues/2336,one'more'flaky'test'suite,https://github.com/plotly/plotly.js/commit/a2fc07a187c4d26bf2f1bcb3e2aa806b75ad24fc
UI-FLAKY,plotly/plotly.js,https://github.com/plotly/plotly.js,44b0ae6f9e4c1c4ea79ffb67d303647ca630c78c,https://github.com/plotly/plotly.js,Animation Timing Issue,Unspecified,Flaky transitions in grid,Refactor Logic Implementation,used asserts/drag && added then callback,CircleCI,https://github.com/plotly/plotly.js/pull/2258,make'gl2d'drag'test'use'assets/drag\n\n...'which'should'make'things'more'robust'and'lead'to'less\n''''intermittent'ci'failures,https://github.com/plotly/plotly.js/commit/44b0ae6f9e4c1c4ea79ffb67d303647ca630c78c
UI-FLAKY,plotly/plotly.js,https://github.com/plotly/plotly.js,667913c0796c08d03593469403a210588ba627a1,test/image/export_test.js,Platform Issue,Unspecified,CI cannot hold this many tests,Refactor Logic Implementation,Batched,CircleCI,https://github.com/plotly/plotly.js/pull/1490,throttle'image'export'tests\n\n-'in'an'effort'to'make'`npm'run'test-export`'not'fail'intermittently\n''on'the'(weaker-hardware)'CI'machines.,https://github.com/plotly/plotly.js/commit/667913c0796c08d03593469403a210588ba627a1
UI-FLAKY,wix/wix-style-react,https://github.com/wix/wix-style-react,f47e483581a8dac163dd96cb2467c1b4612c62c1,src/ImageViewer/ImageViewer.visual.js,Resource Rendering,Unspecified,Visual flakiness in rendering,Mark Test as Flaky,Add wrapper to handle flaky resource loading,Jest,https://github.com/wix/wix-style-react/pull/4536,"`<SocialPreview/> - resolve visual flakiness (#4536)\n\n* <SocialPreview/> - add async await for image onload\r\n\r\n* <SocialPreview/> - remove redundant code\r\n\r\n* <ImageViewer/>, <SocialPreview/> - lower the onDone timeout\r\n\r\n* <ImageViewer/>, <SocialPreview/> - make onDone be called when image is loaded",https://github.com/wix/wix-style-react/commit/f47e483581a8dac163dd96cb2467c1b4612c62c1
UI-FLAKY,wix/wix-style-react,https://github.com/wix/wix-style-react,7e371bc787f220ecd9f7e3a0d43b32495ef81a71,src/Popover/Popover.e2e.js,Resource Rendering,Unspecified,Flaky popover rendering,Remove Test,Disabled flaky tests,Jest,,skip flaky tests,https://github.com/wix/wix-style-react/commit/7e371bc787f220ecd9f7e3a0d43b32495ef81a71
UI-FLAKY,wix/wix-style-react,https://github.com/wix/wix-style-react,ddebb9fc31f3aaea7b80dea034c3baa256ec2b74,src/Accordion/test/Accordion.visual.js,Animation Timing Issue,Unspecified,Animation flaky rendering,Remove Test,Disabled flaky tests,Jest,https://github.com/wix/wix-style-react/pull/3306,"<Accordion/> - skip flaky visual eyes test (#3306)\n\nAccordion has an animation when it mounts, which causes the snapshot to be flaky",https://github.com/wix/wix-style-react/commit/ddebb9fc31f3aaea7b80dea034c3baa256ec2b74
UI-FLAKY,wix/wix-style-react,https://github.com/wix/wix-style-react,58ab99f4251754b2cd13b5e0af62490778651d53,src/DatePicker/DatePicker.e2e.js,Incorrect Test Runner Interaction,Unspecified,Incorrect waiting for browser interaction calls,Fix Await Mechanism,Added await statements,Jest,https://github.com/wix/wix-style-react/pull/2231,Remove dead code `src/Backoffice./ButtonLayout` (#2231)\n\n* Remove old Backoffice/ButtonLayout\r\n\r\n* Fix DatePicker flaky e2e test\r\n\r\n* Fix Flaky Text e2e test\r\n\r\n* Text e2e - remove example when not needed\r\n\r\n* Text e2e - fix before->beforeAll,https://github.com/wix/wix-style-react/commit/58ab99f4251754b2cd13b5e0af62490778651d53
UI-FLAKY,wix/wix-style-react,https://github.com/wix/wix-style-react,65c4774ef6d777ef3f57e64287b6e2e5aa3a5c70,src/RadioGroup/RadioGroup.e2e.js,Incorrect Test Runner Interaction,Unspecified,Incorrect usage of framework API,Refactor Logic Implementation,Refactored to properly return value,Jest,https://github.com/wix/wix-style-react/pull/1969,Fix radio button flaky test (#1969),https://github.com/wix/wix-style-react/commit/65c4774ef6d777ef3f57e64287b6e2e5aa3a5c70
UI-FLAKY,wix/wix-style-react,https://github.com/wix/wix-style-react,3938190371f844b2540f8466dcdd4be7e3eff880,src/Loader/Loader.e2e.js,Animation Timing Issue,Unspecified,Flaky animations,Disable Animations,Disable CSS animations,Jest,https://github.com/wix/wix-style-react/pull/1936,fix flaky loader tests (#1936),https://github.com/wix/wix-style-react/commit/3938190371f844b2540f8466dcdd4be7e3eff880
UI-FLAKY,wix/wix-style-react,https://github.com/wix/wix-style-react,97b16c6a7dafba4afe9c6c866a36f78c27944523,src/Loader/Loader.e2e.js,Animation Timing Issue,Unspecified,Flaky animations,Remove Test,Disabled tests,Jest,,skip flaky eyes loader test,https://github.com/wix/wix-style-react/commit/97b16c6a7dafba4afe9c6c866a36f78c27944523
UI-FLAKY,wix/wix-style-react,https://github.com/wix/wix-style-react,33f4920a5eb0aa0aba79f19eb19ce25a3d84629c,src/EditableSelector/EditableSelector.e2e.js,Incorrect Resource Load Order,Unspecified,Missing proper waiting,Fix Await Mechanism,Added await statements,Jest,,Fix flaky EditableSelector e2e test: add more  async/await,https://github.com/wix/wix-style-react/commit/33f4920a5eb0aa0aba79f19eb19ce25a3d84629c
UI-FLAKY,wix/wix-style-react,https://github.com/wix/wix-style-react,e9ea12d6a0b2bbdee463f0b1951b4289f03c2867,src/DatePicker/DatePicker.js,Platform Issue,Unspecified,Flakiness due to default timezone difference depending on platform,Refactor Logic Implementation,Added explicit timezone,Jest,,"Fix/datepicker onchange (#1631)\n\n* test(DatePicker): remove `beforeEach`\r\n\r\nand be explicit about onChange spy\r\n\r\n* test(DatePicker): move some test cases under describes\r\n\r\njust to organize tests better\r\n\r\n* test(DatePicker): refactor `placeholder` tests\r\n\r\n* test(DatePicker): refactor readonly & locale tests\r\n\r\n* fix(DatePicker): mingle only with date and not time\r\n\r\nby default react-daypicker resets the time of given value\r\nthis is undesirable and unexpected. this commit fixes so that only year,\r\nmonth and day could be adjusted by datepicker leaving time part alone\r\n\r\n* test(DatePicker): use explicit timezone in test\r\n\r\notherwise different environment will interpret it differently and thus\r\ntest becomes flaky",https://github.com/wix/wix-style-react/commit/e9ea12d6a0b2bbdee463f0b1951b4289f03c2867
UI-FLAKY,wix/wix-style-react,https://github.com/wix/wix-style-react,500433b98d34a6c25fc52f26f3a3632f8770c3d2,src/SideMenu/DrillView/DrillView.e2e.js,Resource Rendering,Unspecified,Test timeout in e2e tests,Fix Await Mechanism,Added await statements,Jest,https://github.com/wix/wix-style-react/pull/1645,Fix flaky DrillView e2e test (#1645),https://github.com/wix/wix-style-react/commit/500433b98d34a6c25fc52f26f3a3632f8770c3d2
UI-FLAKY,oppia/oppia,https://github.com/oppia/oppia,36949e2f4e3d5690ff9f4ded0163410af7cb018d,core/tests/protractor_utils/workflow.js,DOM Selector Issue,Unspecified,Dashboard button clicking flaky,Fix Await Mechanism,Add wait code to click handlers,TravisCI,https://github.com/oppia/oppia/pull/5139,"Fix'part'of'#3954:'Exploration'Editor'Page'Object'(#5139)\n\n*'exporting'runFromSettingsTab'and'providing'access'to'page's'components\r\n\r\n*'Refactor'for'runFromSettingsTab'and'remove'unused'references\r\n\r\n*'Adding'getSettingsTab'method'to'create'component\r\n\r\n*'Refactoring'runFromSettingsTab\r\n\r\n*'editorAndPlayer:'ExplorationEditorPage'should'provide'component'access'instead'of'direct'access\r\n\r\n*'Fix'linting'error\r\n\r\n*'Refactoring'for'runFromSettingsTab'removal\r\n\r\n*'Deleting'runFromSettingsTab\r\n\r\n*'Removing'runFromsettingsTab'dependency\r\n\r\n*'Renamed'ResponseEditor'and'properly'referencing'runFromSettingsTab\r\n\r\n*'Fix'lint'error\r\n\r\n*'Refactoring'for'removing'runFromSettingsTab\r\n\r\n*'Adding'new'objects\r\n\r\n*'Removing'runFromSettingsTab\r\n\r\n*'Renaming'delete'to'deleteResponse\r\n\r\n*'Rename'ResponseEditor'to'getResponseEditor\r\n\r\n*'Adding'FeedbackTab'page'object\r\n\r\n*'Adding'HistoryTab'page'object\r\n\r\n*'Removing'setDefaultOutcome\r\n\r\n*'Removing'setDefaultOutcome,'reduce'waitForSystem'call,''Promisify''some'clicking'action\r\n\r\n*'Fix'lint'error\r\n\r\n*'Removing'setDefaultOutcome'to'replace'with'new'getResponseEditor\r\n\r\n*''Promisify''some'clicking'to'reduce'waitForsystem'calls'and'removing'setDefaultOutcome\r\n\r\n*''Promisify''clicking'action'to'reduce'flakiness\r\n\r\n*'Adding'setLanguage'to'SettingsTab\r\n\r\n*'Properly'refactor'to'remove'callback'mechanism'for'FeedbackTab'workflow\r\n\r\n*'Adding'FeedbackTab'and'HistoryTab'to'EditorPage'object\r\n\r\n*'Refactor'editorFeatures'for'new'HistoryTab,'SettingsTab'and'FeedbackTab'objects\r\n\r\n*'Remove'fdescribe'from'editorFeatures\r\n\r\n*'Re-enable'checkForConsoleError\r\n\r\n*'Different'exploration'title'for'different'tests\r\n\r\n*'Adding'waitForAngular'statement'to'reduce'flakiness\r\n\r\n*'More'waitForangular'for'suggestion'test\r\n\r\n*'Fix'lint'error\r\n\r\n*'Addding'wait'calls'to'reduce'flakiness\r\n\r\n*'Addding'wait'calls'for'addResponse'to'reduce'flakiness\r\n\r\n*'Fix'lint'error\r\n\r\n*'Adding'more'wait'calls'to'reduce'flakiness\r\n\r\n*'Convert'some'waitForSystem'to'waitForAngular\r\n\r\n*'Refactor'editorFeatures'for'new'HistoryTab,'FeedbackTab'and'removing'callback'mechanism\r\n\r\n*'Adding'new'HistoryTab'and'FeedbackTab'objects\r\n\r\n*'Introducing'new'HistoryTab'page'object\r\n\r\n*'Introducing'new'FeedbackTab'page'object\r\n\r\n*'Adding'setLanguage'to'SettingsTab\r\n\r\n*'Refactor'workflow.js'for'new'ExplorationEditor'object\r\n\r\n*'ExplorationPlayerPage:''Promisify''some'clicking'and'add'waitForAngular'to'reduce'flakiness\r\n\r\n*'Adding'findExploration'to'libraryPage\r\n\r\n*'Removing'commented'setDefaultOutcome'in'editorFeatures\r\n\r\n*'Removing'unused''require''and'deprecated''setDefaultOutcome''statement\r\n\r\n*'ExplorationEditorPage:'Renaming'exitTutorialIfNecessary'to'exitTutorial\r\n\r\n*'Adding'a'blank'line'before''exports''statement\r\n\r\n*'LibraryPage:'Adding'getCollection'function\r\n\r\n*'CreatorDashboardPage:'Adding'editExploration'function\r\n\r\n*'FeedbackTab,HistoryTab,PlayerPage:'Refactored'isDisplayed'usage'and'reduce'wait'calls\r\n\r\n*'ExplorationEditor:'Refactoring'isDisplayed'usage'and'using'ExpectedConditions'for'stateContentEditor'element\r\n\r\n*'editorAndPlayer:'Refactoring'for'new'getCollection'and'editCollection,'some'attempts'to'improve'test'flow\r\n\r\n*'editorFeatures:'Adding'full-stop'after'each'comment':D\r\n\r\n*'Reducing'protractor'element\r\n\r\n*'Integrating'ExpectedConditions'for'better'test'flow\r\n\r\n*'Creating'new'ExplorationEditorMainTab\r\n\r\n*'workflow:'Refactoring'for'new'MainTab'object\r\n\r\n*'ExplorationEditor:'Remove'checking'for'state'and'toast'message'and'migrate'methods'to'new'ExplorationTab\r\n\r\n*'editorAndPlayer,editorFeatures':'Refactor'for'new'MainTab'object\r\n\r\n*'editorFeature:'Changing'fdescribe'to'describe\r\n\r\n*'MainTab:'Adding'tutorial'methods\r\n\r\n*'stateEditor:'Refactoring'tutorial'test'for'new'MainTab'object\r\n\r\n*'Fixing'unintentional'merged'travis'file\r\n\r\n*'TextInput/protractor:'Adding'test'for'placeholder'and'box'height\r\n\r\n*'stateEditor:'Refactor'for'new'ExplorationEditor'objects'and'running'new'tests'for'response'editor\r\n\r\n*'EditorMainTab:'Using'regex'to'parse'rule'description'and'click'element'directly'instead'of'looping'through'array'of'element\r\n\r\n*'EditorMainTab:'Adjust'for'when'ruleDescription'doesn't'have'selectors\r\n\r\n*'TextInputProtractor:Clearing'textarea'before'sending'input\r\n\r\n*'ExplorationPlayerPage:'Integrating'ExpectedConditions'to'replace'wait'calls\r\n\r\n*'SettingsTab:'Adding'parameter'functions\r\n\r\n*'Adding'protractor'classes'to'elements\r\n\r\n*'StatsTab:'Creating'new'StatsTab'object\r\n\r\n*'EditorPage:'Refactoring'for'new'StatsTab'object\r\n\r\n*'MainTab:'Hint/Solution'and'Parameter'functions\r\n\r\n*'stateEditor:'Restructure'test'for'rule'parameters,'refactor'for'new'objects\r\n\r\n*'EditorAndPlayer:'Find'exploration'before'rating'or'playing'it\r\n\r\n*'PlayerPage:'Using'ExpectedConditions'only'on'the'specific'star'to'be'clicked\r\n\r\n*'MainTab:'Making'interaction'functions'private\r\n\r\n*'MainTab:'Separating'deleteInteraction'logic'from'setInteraction\r\n\r\n*'editorPlayer,stateEditor:'Refactor'for'newly'separated'deleteInteraction\r\n\r\n*'StateEditor:'Putting'back'PieChart'error'for'Travis\r\n\r\n*'EditorPage:'Increasing'timeout'to'10s'for'toast'message\r\n\r\n*'MainTab:'Rewording'comments'and'changing'input'for'replaceAngularSelector'to'string[]'only\r\n\r\n*'stateEditor:'Deleting'interaction'before'creating'new'one\r\n\r\n*'EndExplorationProtractor:'Adding'protractor'for'EndExploration'and'write'new'test'suite'for'it'in'editorAndPlayer\r\n\r\n*'MainTab:'Replacing'Angular'Selector'with'multiple''...''instead'of'just'1\r\n\r\n*'editorAndPlayer:'Rating'test'plays'the'exploration'directly'from'/library\r\n\r\n*'stateEditor:'Adding'expectation'for'rule'parameters\r\n\r\n*'LibraryPage:'Adding'ExpectedConditions'for'viewing'rating\r\n\r\n*'MainTab:'Adding'response'body'to'element'for'better'locator\r\n\r\n*'editorAndPlayer:'Different'username'for'different'tests\r\n\r\n*'editorAndPlayer:'Username'type\r\n\r\n*'stateEditor:'Changing'expectation'input'for'feedbackInstructions\r\n\r\n*'editorAndPlayer:'Adding'wait'calls'and'find'exploration'before'playing\r\n\r\n*'MainTab:'Adding'ExpectedCondition'for'closing'tutorial\r\n\r\n*'editorAndPlayer:'Finding'exploration'before'checking'it\r\n\r\n*'HistoryTab:'Adding'ExpectedConditions'for'closing'hisotry'state\r\n\r\n*'Embedding:'Refactoring'for'new'EditorPage'objects\r\n\r\n*'Embedding:'Refactoring'for'new'EditorPage'objects\r\n\r\n*'Adding'blank'line'before'exports'statement\r\n\r\n*'Embedding:'Refactoring'for'new'EditorPage'objects\r\n\r\n*'embedding:'Creating'null'declaration'before'assigning'values\r\n\r\n*'MainTab:'Properly're-worded'comments'and'adjusting'regex'rule'for'{{abc|NonNegativeInt}}\r\n\r\n*'extensions:'Refactoring'for'new'ExplorationEditorPage'objects\r\n\r\n*'extensions:'setContent'belongs'to'MainTab'not'EditorPage\r\n\r\n*'learnerDashboard:'Re-enable'and'refactor'for'new'ExplorationEditorPage'object\r\n\r\n*'AdminPage:'Reload'exploration'without'/admin\r\n\r\n*'general:'Adding'ExpectedConditions'to'acceptAlert\r\n\r\n*'LearnerDashboard:'Adding'ExpectedConditions'to'all'workflows\r\n\r\n*'SubscriptionDashboard:'Adding'ExpectedConditions\r\n\r\n*'CreatorDashboard:'Adding'ExpectedConditions'to'workflow\r\n\r\n*'CollecitonEditor:'Adding'ExpectedConditions'to'saveModal\r\n\r\n*'publicationAndLibrary:'Refactor'for'new'ExplorationEditorPage'objects\r\n\r\n*'libraryPage:'Refactoring'playCollection/Exploration'methods'and'clear'search'before'input\r\n\r\n*'learnerDash'and'learner_dashboard.html:'Refactor'and'disable'leaving'exploration/collection'mid-play\r\n\r\n*'Creator,'LearnerDashboard:'No'ExpectedCondition'for'non-interactive'element\r\n\r\n*'learnerDashboard:'Rewording'comments'and'fix'erros\r\n\r\n*'learnerDashboard:'Remove'fit\r\n\r\n*'LibraryPage:'Getting'all'of'exploration/collections'and'clicking'first'one\r\n\r\n*'MainTab:'Adding'ExpectedConditions'for'setStatename\r\n\r\n*'LearnerDashboard:'Removing'ExpectedConditions'for'non-button\r\n\r\n*'learnerDashboard:'Directly'creating'explorations'instead'of'loading'from'admin'page\r\n\r\n*'learnerDashboard:'Remove'fit\r\n\r\n*'learnerDashboard:'Fix'exploration'name'typo'and'removing'deprecated'explorationExist\r\n\r\n*'workflow:'Refactoring'editor'out'for'new'ExplorationEditorPage'object\r\n\r\n*'userJourney:'Removing'editor.js'references'and'refactoring'for'new'ExplorationEditorPage'objects\r\n\r\n*'library:'saveChanges'is'a'ExplorationEditorPage'object\r\n\r\n*'AdminPage:'Removing'reloadingExp'and'reloadingCollection'#4887\r\n\r\n*'stateEditor:'Comments'should'end'with'periods.\r\n\r\n*'general:'Replacing'editor'references'with'new'ExplorationEditorPage'objects\r\n\r\n*'HistoryTab:'Add'openStateHistory'and'rename'node'variables\r\n\r\n*'editorFeatures:'Refactor'for'new'openStateHistory\r\n\r\n*'MainTab:'Get'state'node'from'exploration'graph'and'add'check'function'for'setStateName\r\n\r\n*'collection_editor_save_modal:'Adding'protractor'tag\r\n\r\n*'creator_dashboard:'Adding'protractor'tag\r\n\r\n*'post_publish_modal:'Adding'protractor'tags\r\n\r\n*'editorAndPlayer:'Reducing'number'of'wait'calls\r\n\r\n*'SettingsTab:'Adding'deleteInteraction'method\r\n\r\n*'ContinueProtractor:'Adding'ExpectedConditions'for'clicking'continue\r\n\r\n*'workflow:'Creating'exploration/collection'from'/creator_dashboard'and'adding'creation'methods'as'Admin\r\n\r\n*'general:'IMPORTANT'Adding'waitForLoadingMessage'methods'for'loading'new'page\r\n\r\n*'users:'Adding'waitForLoadingMessage'and'conditions'for'_completeSignup\r\n\r\n*'SubscriptionDashboard:'Adding'waitForLoadingMessage'to'get'methods\r\n\r\n*'PreferencesPage:'Adding'waitForLoadingMessage'to'get'methods\r\n\r\n*'Library:'Adding'waitForLoadingMessage'to'get,'find'and'play'methods\r\n\r\n*'LearnerDashboard:'Adding'waitForLoadingMessage'to'get'methods'and'expected'conditions'for'clicking\r\n\r\n*'ExplorationPlayer:Adding'closing'conditions'to'feedback'and'suggestion'methods\r\n\r\n*'ExplorationEditor:Adding'conditions'for'clicking\r\n\r\n*'MainTab:'Removing'clicking'on'neutral'element'and'adding'expected'condition'for'closing'modal\r\n\r\n*'FeedbackTab:'Adding'condition'for'accepting'suggestion\r\n\r\n*'CreatorDashboard:'Adding'waitForLoadingMessage'for'each'page'navigation\r\n\r\n*'CollectionEditor:'Adding'conditions'for'finding'exploration,save'and'publish\r\n\r\n*'editorFeatures:'Reduce'waitForSystem\r\n\r\n*'learnerDashboard:'Expand'tests'for'incomplete'plays'of'collection'and'exploration\r\n\r\n*'SettingsTab:'Including'ExpectedConditions\r\n\r\n*'MainTab:Remove'check'for'settting'state'name\r\n\r\n*'ExplorationEditor:'discardChanges'now'waits'for'loading'message\r\n\r\n*'MainTab:Add'ExpectedConditions'to'param'methods'and'setStateName\r\n\r\n*'CollectionEditor:'Hit'Tab'to'fill'in'found'result'anyway\r\n\r\n*'collections:'Replacing'waitForAngular'with'waitForMessage'and'reduce'waitForSystem'calls\r\n\r\n*'CollectionEditor:'Properly'define'matched\r\n\r\n*'editor:'Deleting'editor.js':D\r\n\r\n*'CollectionEditor:'Adding'ExpectedConditions'for'saveChanges\r\n\r\n*'FeedbackTab:'Adding'ECs'for'readFeedbackMsg'and'getSuggestionThreads\r\n\r\n*'AdminPage:Adding'ECs'to'updateRole','delete'unused'variable'and'add'waitForLoadingMessage'to'.get'method\r\n\r\n*'MainTab:'Adding'ECs'to'tutorial'methods'and'moveToState,'rename'variable'to'reflect'plurality\r\n\r\n*'SettingsTab:'Adding'ECs'to'PreviewSummaryTile'method\r\n\r\n*'HistoryTab:'Rename'variable'stateNode'to'reflect'plurality\r\n\r\n*'EditorPage:'Adding'waitForLoadingMessage'to'navigationToTab'that'has'loadingMessage\r\n\r\n*'EditorPage:'HistoryTab'does'have'LoadingMessage\r\n\r\n*'PlayerPage:'Adding'waitForLoadingMessage'to'Redirection'methods\r\n\r\n*'ThanksPage:'Adding'waitForLoadingMessage'to'.get'method\r\n\r\n*'general:'Adding'waitForLoadingMessage'to'openEditor'and'openPlayer'methods\r\n\r\n*'users:'Separate'.get'logic'and'add'waitForLoadingMessage'to'_completeSignup\r\n\r\n*'PreferencesPage:'Migrate'some'methods'from'userJourney'into'PreferencesPage'object\r\n\r\n*'userJourneys:'Refactor'for'existing'PreferencesPage'object,'add'waitForLoadingMessage'after'each'browser.get()'method\r\n\r\n*'Removing'waitForSystem'and'waitForAngular'calls':D\r\n\r\n*'users:'Adding'some'waiting'time'in'between'signing'in\r\n\r\n*'PreferencesPage:'Removing'unused'variable\r\n\r\n*'LibraryPage:'Adding'waitForLoadingMessage'when'create'activity'from'LibraryPage\r\n\r\n*'SettingsTab:'Adding'ECs'to'deleting'exploration\r\n\r\n*'MainTab:'Waiting'up'to'10s'for'setStateName\r\n\r\n*'AdminPage:'Adding'ECs'to'clicking'Role'tab\r\n\r\n*'learnerDashboard:'Adding'Dummy'Exploration'back\r\n\r\n*'Added'help'table'for'Number'with'Units'Interaction'(#5124)\r\n\r\n*'Add'help'table'modal\r\n\r\n*'Add'i18n'for'translation\r\n\r\n*'Change'help-table'heading.\r\n\r\n*'Add'unit'table'also.\r\n\r\n*'Add'requested'changes.\r\n\r\n*'Made'requested'changes.\r\n\r\n*'Alligned'the'columns'as'requested.\r\n\r\n*'fixed'preview'erro'in'ImageRegions'interaction'(#5149)\r\n\r\n*'Fix'#5063:'Hint'button'should'not'appear'for'terminal'or'linear'interactions'(#5125)\r\n\r\n*'Fixes'#5063:'Added'check'for'terminal'interaction\r\n\r\n*'Fixes'#5063:'Added'check'for'linear'interaction'(eg.'continue)\r\n\r\n*'Drag'and'drop'interaction:'Milestone'2.1'(#5118)\r\n\r\n*'Add'config'file'and'object.\r\n\r\n*'Add'requested'changes.\r\n\r\n*'Add'warning'and'checks'to'ensure'continuity.\r\n\r\n*'Add'continuity'check'and'helpful'message.\r\n\r\n*'Add'requested'changes.\r\n\r\n*'Made'review'changes.\r\n\r\n*'Initialize'maxPrevIndex'var.\r\n\r\n*'Remove'if'block.\r\n\r\n*'Create'Topic'Editor'(Part'5):'Added'subtopic'page'editor'(#5142)\r\n\r\n*'Merged'with'topic'editor\r\n\r\n*'Added'subtopic'title'editor\r\n\r\n*'Added'subtopic'page'editor'and'tests\r\n\r\n*'fixed'errors\r\n\r\n*'Made'review'changes\r\n\r\n*'added'local'create'and'delete'subtopic'page\r\n\r\n*'made'review'changes\r\n\r\n*'fixed'errors\r\n\r\n*'made'review'change\r\n\r\n*'Added'unit'test'for'exploration'reverts'effect'on'exploration'issues'model'(#5147)\r\n\r\n*'added'test'to'check'reverts\r\n\r\n*'fix'backend'test\r\n\r\n*'Addressed'all'review'comments\r\n\r\n*'Addressed'comment\r\n\r\n*'Playthrough'Visualisation:'Milestone'2.2'(Part'1)'(#5133)\r\n\r\n*'controller'changes'and'modified'tests\r\n\r\n*'split'into'helper'methods\r\n\r\n*'make'member'variables\r\n\r\n*'changes'addresesd\r\n\r\n*'addressed'set'of'changes\r\n\r\n*'Addressed'review'comments\r\n\r\n*'Remove'playthrough_id'field'and'modify'all'occurences\r\n\r\n*'Addressed'review'comments'and'fixed'backend'test'failures\r\n\r\n*'Final'round'of'nits'addressed,'fixed'one'backend'failure\r\n\r\n*'Minor'fix'in'getNeedsUpdateTooltipMessag.'(#5136)\r\n\r\n*'Fixed'error'isEditable\r\n\r\n*'Added'more'changes\r\n\r\n*'Playthrough'Visualisation:'Milestone'2.2'(Part'2)'(#5058)\r\n\r\n*'store'controller'now'updates'playthroughs\r\n\r\n*'completed'recording\r\n\r\n*'fixed'lint'and'injector'errors\r\n\r\n*'added'unit'tests\r\n\r\n*'addressed'review'comments\r\n\r\n*'addressed'review'comments\r\n\r\n*'addressed'review'comments\r\n\r\n*'addressed'another'set'of'review'comments\r\n\r\n*'fix'e2e'test'failures\r\n\r\n*'fix'frontemd'tests\r\n\r\n*'fixes\r\n\r\n*'manual'testing'fixes\r\n\r\n*'add'prioritizing'issues'functionality\r\n\r\n*'reorder'imports\r\n\r\n*'fixed'e2e'test\r\n\r\n*'remove'backend'changes'here\r\n\r\n*'Addressed'final'round'of'nits\r\n\r\n*'Create'Story'Editor'(Part'2):'Add'create'and'delete'story'functionalities'(#5148)\r\n\r\n*'Added'stories'list'to'topic'editor\r\n\r\n*'fixed'errors\r\n\r\n*'made'review'and'UI'changes\r\n\r\n*'Added'story'creation'and'deletion\r\n\r\n*'Made'review'changes\r\n\r\n*'modified'story'creation\r\n\r\n*'fixed'errors\r\n\r\n*'Added'prompt'before'story'creation\r\n\r\n*'added'story'delete\r\n\r\n*'made'initial'review'changes\r\n\r\n*'minor'changes\r\n\r\n*'Added'discard'draft\r\n\r\n*'changed'alt'text\r\n\r\n*'Create'Story'Editor'(Part''3):'Create'Story'Editor'UI'(#5152)\r\n\r\n*'Merged'with'story-editor-2\r\n\r\n*'created'story'editor'ui\r\n\r\n*'Added'tests\r\n\r\n*'added'story'notes'editor\r\n\r\n*'mae'review'changes\r\n\r\n*'modified'urlservice\r\n\r\n*'modified'urlservice\r\n\r\n*'Drag'and'Drop'Interaction:'Milestone'2.2'(#5137)\r\n\r\n*'Add'relevant'js'files'and'templates.\r\n\r\n*'Remove'lint'errors.\r\n\r\n*'Add'requested'changes.\r\n\r\n*'change'subitem'name\r\n\r\n*'Made'review'changes.\r\n\r\n*'Add'constant'to'enable'drag'and'drop'UI.\r\n\r\n*'Remove'constant.\r\n\r\n*'Made'review'changes.\r\n\r\n*'Milestone'2.1'&'2.2:'Lesson'translation'dashboard.'(#5122)\r\n\r\n*'Added'translation'icon'on'navbar\r\n\r\n*'2nd'commit\r\n\r\n*'Added'TranslationLangaugeService\r\n\r\n*'Added'Files\r\n\r\n*'Milestone'2.2\r\n\r\n*'Disable'translation'tab'button\r\n\r\n*'Added'review'changes\r\n\r\n*'Added'contsnt'for'enabling'translation'tab.\r\n\r\n*'Create'Story'Editor'(Part'4):'Create'story'node'editor'(#5159)\r\n\r\n*'Merged'with'story'editor'ui\r\n\r\n*'Added'story'node'outline'editor\r\n\r\n*'fixed'errors\r\n\r\n*'Added'destination'node'id'editor\r\n\r\n*'fixed'errors\r\n\r\n*'added'node'outline'finalized\r\n\r\n*'made'review'changes\r\n\r\n*'fixed'errors\r\n\r\n*'Playthrough'Visualisation:'Milestone'2.2'(Part'3)'(#5156)\r\n\r\n*'Introduce'a'probabilistic'chance'of'storing'playthroughs\r\n\r\n*'Added'docstring\r\n\r\n*'Use'math.random()'explicitly\r\n\r\n*'Remove'extra'variable'definition\r\n\r\n*'Rename'variables\r\n\r\n*'Fix'frontend'tests\r\n\r\n*'Modified'private'functions\r\n\r\n*'Generalized'Review'System'-'Milestone'1.2':'Suggestion'controllers'and'wiring'up'to'frontend'(#5093)\r\n\r\n*'added'controllers\r\n\r\n*'Added'controllers'and'linked'to'frontend\r\n\r\n*'linting'fixes\r\n\r\n*'more'linting'fixes\r\n\r\n*'review'changes(1)'--'fix'backend'tests'and'use'separate'URLs,'removed'conditionals'from'tests\r\n\r\n*'linting'fix\r\n\r\n*'minor'fix\r\n\r\n*'changed'access'control'logic,'added'tests,'and'fix'travis\r\n\r\n*'linting'fixes\r\n\r\n*'made'more'review'changes\r\n\r\n*'propagated'changes'to'frontend'and'added'text'field'for'review'changes\r\n\r\n*'linting'fix\r\n\r\n*'fix'travis'test\r\n\r\n*'fixed'frontend'tests\r\n\r\n*'made'some'review'changes\r\n\r\n*'linting'fix\r\n\r\n*'made'changes'to'decorators,'URLs'as'discussed\r\n\r\n*'linting'fixes'and'more'checks\r\n\r\n*'made'review'changes\r\n\r\n*'review'changes\r\n\r\n*'linting'fixes\r\n\r\n*'fix'typo\r\n\r\n*'Rename'flag'for'enabling'playthroughs'(#5165)\r\n\r\n*'Rename'flag\r\n\r\n*'Ordered'imports\r\n\r\n*'Swap'services'in'import'order\r\n\r\n*'Final'fixes\r\n\r\n*'Added'validation'one-off'job'for'CKEditor'-'Milestone'2'(#5161)\r\n\r\n*'Added'validating'list'for'CKEditor\r\n\r\n*'Added'Validation'job'for'CKEditor\r\n\r\n*'addressed'review'comments\r\n\r\n*'Added'MigrationValidation'one-off'job'for'CKEditor'-'Milestone'2'(#5169)\r\n\r\n*'Added'MigrationValidation'job'for'CKEditor\r\n\r\n*'Added'test'for'ckeditor'conversion'functions'in'html_cleaner.py\r\n\r\n*'updated'conversion'for'ol'and'ul'tags\r\n\r\n*'fix'naming'of'rte'formats'and'comments\r\n\r\n*'Added'lots'of'comments,'updated'conversion'for'list'and'block'components\r\n\r\n*'removed'spaces'from'rte'names,'made'comments'informative,'removed'code'repetition\r\n\r\n*'capitalized'constant'names,'made'regex'better\r\n\r\n*'Milestone'2.3:'Lesson'translation'dashboard.'(#5163)\r\n\r\n*'Added'translation'icon'on'navbar\r\n\r\n*'2nd'commit\r\n\r\n*'Added'TranslationLangaugeService\r\n\r\n*'Added'Files\r\n\r\n*'Milestone'2.2\r\n\r\n*'Disable'translation'tab'button\r\n\r\n*'Added'review'changes\r\n\r\n*'Added'Translation'graph'directive\r\n\r\n*'Added'graph'in'translation'tab\r\n\r\n*'Made'changes'in'e2e'for'exploration'graph\r\n\r\n*'Added'review'changes\r\n\r\n*'Modify'html'indent'function'(#5171)\r\n\r\n*'Modify'check\r\n\r\n*'Fix'indent'and'placing'errors\r\n\r\n*'Remove'trailing'spaces\r\n\r\n*'Modify'echo'statements'in'install_third_party.sh\r\n\r\n*'Adjust'tags'and'text\r\n\r\n*'Correct'text'indent\r\n\r\n*'Adjust'text\r\n\r\n*'Add'arg'name'to'arg'with'default'values.'(#5180)\r\n\r\n*'Rename'AudioLanguage's''text''attribute'to''description''and'update'e2e'documentation'for'running'individual'suite'(#5126)\r\n\r\n*'Renaming'text'to'description\r\n\r\n*'Reduce'the'number'of'files'that'are'uploaded'to'production.'(#5181)\r\n\r\n*'Reduce'daysUntilStale'to'7'(#5187)\r\n\r\n*'Updated'Migration'process'on'the'basis'of'cases'obtained'from'test'server'(#5185)\r\n\r\n*'Update'CODEOWNERS'to'include'all'storage'models'&'add'Sean'as'an'owner'(#5186)\r\n\r\n*'Update'CODEOWNERS'to'include'all'storage'models'&'add'Sean'as'an'owner\r\n\r\n*'Update'Sean's'username.\r\n\r\n*'Generalised'Review'System'Milestone'2:'Add'user'contribution'scoring'models'(#5128)\r\n\r\n*'added'gae'model'for'user'contribution'scoring\r\n\r\n*'added'services,'domain'object'and'tests\r\n\r\n*'linting'fixes\r\n\r\n*'review'changes'1\r\n\r\n*'removed'extra'newline\r\n\r\n*'review'changes\r\n\r\n*'linting'fix\r\n\r\n*'review'changes\r\n\r\n*'linting'fixes\r\n\r\n*'fix'backend'tests\r\n\r\n*'Generalised'review'system:'Validation'job'for'the'suggestion'migration'(#5174)\r\n\r\n*'Add'job'to'validate'the'suggestion'migration'job\r\n\r\n*'Extract'relevant'commits'from'change'list'in'ExplorationStateIdMapping'(#5189)\r\n\r\nMR'job\r\n\r\n*'Create'Topic'Editor'(Part'6):'Added'skill'id'management'for'subtopics'(#5166)\r\n\r\n*'Added'skill'id'management'to'subtopic'editor\r\n\r\n*'Added'create'and'delete'subtopic\r\n\r\n*'minor'change\r\n\r\n*'Changed'skill'card'to'show'description\r\n\r\n*'Added'link'to'skill'editor\r\n\r\n*'added'delete'subtopic'management\r\n\r\n*'changed'the'management'mechanism\r\n\r\n*'disabled'new'structures\r\n\r\n*'changed'delete'subtopic'algorithm'and'other'review'changes\r\n\r\n*'addressed'review'comments\r\n\r\n*'added'comments\r\n\r\n*'made'initial'review'changes\r\n\r\n*'made'review'changes\r\n\r\n*'Added'send'email'when'deleted'skills'encountered\r\n\r\n*'Added'logging\r\n\r\n*'Fixing'merge'conflict'due'to'deleting'editor.js\r\n\r\n*'Missing'files'from'rebasing\r\n\r\n*'general:'Adding'inline'comment'for'waitForLoadingMessage\r\n\r\n*'learnerDashboard:'Correcting'nits\r\n\r\n*'HistoryTab,'MainTab:'Breaking'after'('for'long'comments\r\n\r\n*'learnerDashboard,general:'Abstracting'safeAcceptAlert()'away'and'add'details'for'it\r\n\r\n*'MainTab:'Reverting'changes'to'tutorial'functions,'just'add'ECs'to'them.\r\n\r\n*'users:'Adding'wait'calls'when'logging'out'and'removing'waitForSystem'from'signup'method\r\n\r\n*'Fixing'travis'file'due'to'merge\r\n\r\n*'Added'validations'to'story'editor'(#5195)\r\n\r\n*'Added'check'before'returning'to'topic\r\n\r\n*'Created'the'files\r\n\r\n*'Added'initial'validations'and'tests\r\n\r\n*'fixed'errors\r\n\r\n*'Added'story'graph'validations\r\n\r\n*'Added'tests\r\n\r\n*'fixed'errors\r\n\r\n*'minor'change\r\n\r\n*'fixed'bugs'in'stories'list\r\n\r\n*'modified'story'validations\r\n\r\n*'made'review'changes\r\n\r\n*'removing'the'code'that'uploaded'the'filepath'as'an'object'instead'of'\u2026'(#5173)\r\n\r\n*'removing'the'code'that'uploaded'the'filepath'as'an'object'instead'of'filename\r\n\r\n*'removing'the'setting\r\n\r\n*'Removed'it'from'the'imagePath\r\n\r\n*'spelling'following\r\n\r\n*'renamed'filepathObject'to'filename\r\n\r\n*'made'the'changes'as'said'in'the'comment.\r\n\r\n*'made'the'changes\r\n\r\n*'vscode\r\n\r\n*'Added'validations'to'topic'editor'(#5178)\r\n\r\n*'Added'topic'validation\r\n\r\n*'Merged'with'subtopic'skill'editor\r\n\r\n*'Added'tests\r\n\r\n*'Added'some'more'validations\r\n\r\n*'made'review'changes\r\n\r\n*'minor'changes\r\n\r\n*'modified'topic'validations\r\n\r\n*'made'review'changes\r\n\r\n*'exploration_editor:'Removing'duplicated'directives\r\n\r\n*'Checking'out'.travis'and're-enable'learnerDashboard\r\n\r\n*'Checking'out'app.yaml'from'upstream/develop",https://github.com/oppia/oppia/commit/36949e2f4e3d5690ff9f4ded0163410af7cb018d
UI-FLAKY,influxdata/influxdb,https://github.com/influxdata/influxdb,0bd62f468fb2d4edc393a51087f60103c188729b,ui/cypress/e2e/dashboardsIndex.test.ts,DOM Selector Issue,Unspecified,Selecting element on page flaky,Refactor Logic Implementation,Add check to code ensuring element is selected before attempting to interact,Cypress,https://github.com/influxdata/influxdb/pull/13378,fix(tests): fix flaky dashboards e2e test,https://github.com/influxdata/influxdb/commit/0bd62f468fb2d4edc393a51087f60103c188729b
UI-FLAKY,styleguidist/react-styleguidist,https://github.com/styleguidist/react-styleguidist,6c37120804561860dcf44e5d8f471fffe0b78843,test/cypress/integration/component_spec.js,Platform Issue,Unspecified,Hit bug in Cypress API,Update/Revert Library Version,Updated Cypress version,Cypress,https://github.com/styleguidist/react-styleguidist/issues/895,Test: Try to fix flaky test\n\n#895,https://github.com/styleguidist/react-styleguidist/commit/6c37120804561860dcf44e5d8f471fffe0b78843
UI-FLAKY,outline/outline,https://github.com/outline/outline,b1a1d24f9c2611d4ae8631321a6ba37e754f30b0,server/api/users.test.js,Unordered Collections,Unspecified,Comparison of element contents too strict,Refactor Logic Implementation,Changed one comparison on parent elemtn to multiple comparisons on children elements,CircleCI,https://github.com/outline/outline/pull/1049,fix: Unknown Slack users should be able to search team accessible docs (#1049)\n\n* fix: Unknown Slack users should be able to search team accessible docs\r\n\r\n* test: fix flaky test\r\n\r\n* test: remove obsolete snapshot\r\n\r\n* lint\r\n\r\n* flow\r\n\r\n* fix: Spelling mistake,https://github.com/outline/outline/commit/b1a1d24f9c2611d4ae8631321a6ba37e754f30b0
UI-FLAKY,apollographql/react-apollo,https://github.com/apollographql/react-apollo,b81e58427b1888b6ec4286cbd910d0a529095126,test/client/Mutation.test.tsx,Resource Rendering,Unspecified,timeout not enough,Add/Increase Delay,changed 200 timeout to 500,circleci,,Increase timeout for flaky Mutation test.,https://github.com/apollographql/react-apollo/commit/b81e58427b1888b6ec4286cbd910d0a529095126
UI-FLAKY,apollographql/react-apollo,https://github.com/apollographql/react-apollo,2baa0564d82ff29aafd4f8bdbec06143acbfd939,test/react-web/client/graphql/mutations/queries.test.tsx,Network Resource Loading,Unspecified,Flaky resource loading,Remove Test,Disabled,CircleCI,,Flow tweaks (#752)\n\n* increase setTimeout for intermittent test failre\r\n\r\n* fix some flow types from usage\r\n\r\n* update changelog and version\r\n\r\n* better tupe respone\r\n\r\n* ignore apollo client flow tests,https://github.com/apollographql/react-apollo/commit/2baa0564d82ff29aafd4f8bdbec06143acbfd939
UI-FLAKY,react-cosmos/react-cosmos,https://github.com/react-cosmos/react-cosmos,dae289fb72796b9c1d95d423a66c296d7402812d,cypress/integration/example-local-state.js,Incorrect Resource Load Order,Provide Example,should check was not as a Promise,Fix Await Mechanism,changed the should check as a resolve,cypress,https://github.com/react-cosmos/react-cosmos/pull/549,feat: Respond to fixture changes (#549)\n\n* Respond to fixture source changes\r\n\r\n* Keep context bound to latest input\r\n\r\n* Fix arg naming in generic test renderer\r\n\r\n* Remove unnecessary fixture prop mocking\r\n\r\n* Preserve fixture updates until fixture is reset\r\n\r\n* Make Cypress tests less flaky\r\n\r\n* Remove unused const\r\n\r\n* v3.2.0-0\r\n\r\n* No longer expect fixture prop to update in proxies\r\n\r\n* Preserve fixture edit on fixture HMR\r\n\r\n* v3.2.0-1\r\n\r\n* Clarify language regarding to fixture source change\r\n\r\n* Simplify test language\r\n\r\n* Always re-create context to ensure latest proxies and components are used\r\n\r\n* v3.2.0-2\r\n\r\n* Prevent from loading a missing fixture\r\n\r\n* v3.2.0-3,https://github.com/react-cosmos/react-cosmos/commit/dae289fb72796b9c1d95d423a66c296d7402812d
UI-FLAKY,react-cosmos/react-cosmos,https://github.com/react-cosmos/react-cosmos,0c6a26550961e36c1a7535f3dd9c151ebdd459e7,packages/react-cosmos-loader/src/__tests__/connect-loader/_shared.js,Incorrect Resource Load Order,Unspecified,no time out setting,Add/Increase Delay,added timeout,"jestmock, travis",https://github.com/react-cosmos/react-cosmos/pull/534,"feat: Headless Testing API (#534)\n\n* Remove forgotten Lerna option\r\n\r\n* Create react-cosmos-mount with basic functionality\r\n\r\n* Add ref hook to createContext options\r\n\r\n* Move createContext API to react-cosmos-loader\r\n\r\n* Update createContext API in Playground tests\r\n\r\n* Use latest packages for async scheduling\r\n\r\n* Add getter and setter to create-context\r\n\r\n* Only wait after component ref when mounting class components\r\n\r\n* Move isComponentClass to own file\r\n\r\n* Refactor createContext\r\n\r\n* Adapt react-cosmos-telescope to createContext\r\n\r\n* Extract Loader types\r\n\r\n* Add type for fixtureSelect message\r\n\r\n* Add connectLoader with partial functionality\r\n\r\n* Remove RefCallbackProxy leftover\r\n\r\n* Refactor createContext\r\n\r\n* Add fixtureUpdate event to connectLoader\r\n\r\n* Enhance connectLoader tests to reflect filtering of serializable fixture part\r\n\r\n* Add fixtureEdit event to connectLoader\r\n\r\n* Remove updated method of createContext\r\n\r\n* Add fixtureListUpdate event to connectLoader\r\n\r\n* Update type name\r\n\r\n* Handle selecting of missing fixture\r\n\r\n* Clear instance between context mounts by default\r\n\r\n* Add more clarity to connectLoader\r\n\r\n* Centralize shared Jest helpers\r\n\r\n* Restrict context to one mounted instance per page\r\n\r\n* Add some docs to connectLoader\r\n\r\n* Refactored Loader.mount to use connectLoader\r\n\r\n* Use loaderOpts consistently\r\n\r\n* Remove deprecated RemoteLoader\r\n\r\n* Fix ""SF"""" font on Firefox/Safari\r\n\r\n* Remove unneeded default\r\n\r\n* Update docs\r\n\r\n* Send ref instead of getter to fixture.init\r\n\r\n* Add minimal doc for Loader package\r\n\r\n* Export ContextArgs type\r\n\r\n* Add react-cosmos-enzyme package\r\n\r\n* Fix type\r\n\r\n* Test react-cosmos-voyager\r\n\r\n* Make test more predictible\r\n\r\n* Re: Make tests more predictible\r\n\r\n* Add friendly error messages for unmounted context\r\n\r\n* Install traverse only where it's used\r\n\r\n* Add optional rendererOptions to createContext\r\n\r\n* Mock prop callbacks automatically in Jest env\r\n\r\n* Update all Component tests to createContext\r\n\r\n* Extract generic test API\r\n\r\n* Increase wait timout to prevent flaky tests\r\n\r\n* Upgrade async-until dep\r\n\r\n* Reset fixture state when context remounts\r\n\r\n* v3.1.0-0\r\n\r\n* Include entry files in react-cosmos-test package\r\n\r\n* v3.1.0-1\r\n\r\n* Increase async timeout in tests to avoid flaky tests on Travis\r\n\r\n* Use other than default port for Playground Cosmos instance\r\n\r\n* Ignore test files from webpack context\r\n\r\n* v3.1.0-2\r\n\r\n* Add docs on test API\r\n\r\n* Tweak test-api docs\r\n\r\n* Add context.getField as alias to context.get\r\n\r\n* v3.1.0-3""",https://github.com/react-cosmos/react-cosmos/commit/0c6a26550961e36c1a7535f3dd9c151ebdd459e7
UI-FLAKY,HospitalRun/hospitalrun-frontend,https://github.com/HospitalRun/hospitalrun-frontend,6754d71e79f4e5433bc0489e45ad18fefb1b7e30,tests/acceptance/imaging-test.js,Resource Rendering,Unspecified,not waiting for element appear,Fix Await Mechanism,added wait function,travis,,Attempting to squash intermittent phantomjs testing error.,https://github.com/HospitalRun/hospitalrun-frontend/commit/6754d71e79f4e5433bc0489e45ad18fefb1b7e30
UI-FLAKY,gotify/server,https://github.com/gotify/server,3069867fcc1a545db59829ed827e576f32ebb893,ui/src/tests/plugin.test.ts,Resource Rendering,Unspecified,Test not properly waiting for element,Fix Await Mechanism,Refactored wait function,TravisCI,https://github.com/gotify/server/pull/222,Fix flaky test,https://github.com/gotify/server/commit/3069867fcc1a545db59829ed827e576f32ebb893
UI-FLAKY,gotify/server,https://github.com/gotify/server,865aaa3f8588841b6ab80edaf4f67ad5a42f8e3e,ui/src/tests/message.test.ts,Resource Rendering,Unspecified,Test not properly waiting for element,Fix Await Mechanism,Refactored wait function to add expected count,TravisCI,https://github.com/gotify/server/pull/60,Make messages test less flaky,https://github.com/gotify/server/commit/865aaa3f8588841b6ab80edaf4f67ad5a42f8e3e
UI-FLAKY,Hacker0x01/react-datepicker,https://github.com/Hacker0x01/react-datepicker,67f05e99786815cb1c5ca77530169067177d384b,test/datepicker_test.js,Platform Issue,Provide Example,Incorrect option causes date picker to display a date twice when testing on last week of the month,Refactor Logic Implementation,Added conditional check on option,TravisCI,https://github.com/Hacker0x01/react-datepicker/issues/1212,"Remove second autoFocus example (#1390)\n\n* Remove second autoFocus example\r\n\r\nhero_example already has autoFocus, and having two inputs\r\nfocused by default dosn't make sense.\r\n\r\nFixes #1212 #1334\r\n\r\n* Fix flaky test again",https://github.com/Hacker0x01/react-datepicker/commit/67f05e99786815cb1c5ca77530169067177d384b
UI-FLAKY,Hacker0x01/react-datepicker,https://github.com/Hacker0x01/react-datepicker,db64f070d72ff0705239f613bd5bba9602d3742f,test/datepicker_test.js,Platform Issue,Force Environment Conditions,Incorrect option causes date picker to display arrows twice when first two days of the month,Use Workaround,Changed value used in test for option,TravisCI,https://github.com/Hacker0x01/react-datepicker/pull/1050,Fix flaky failing test (#1050),https://github.com/Hacker0x01/react-datepicker/commit/db64f070d72ff0705239f613bd5bba9602d3742f
UI-FLAKY,uber/baseweb,https://github.com/uber/baseweb,f6c6d3c52f13bca7475ee6b773c6a5519013705f,src/datepicker/__tests__/datepicker-unreliable.e2e.js,Resource Rendering,Unspecified,Test timeout in e2e run,Mark Test as Flaky,Moved to separate unreliable test file,"BuildKite, Jest",https://github.com/uber/baseweb/pull/2959,fix(test): retry flakey e2e tests (#2959)\n\n* chore(build): move flakey range test to unreliable\r\n\r\n* chore(build): retry flakey data-table e2e test\r\n\r\n* fix(test): lint,https://github.com/uber/baseweb/commit/f6c6d3c52f13bca7475ee6b773c6a5519013705f
UI-FLAKY,uber/baseweb,https://github.com/uber/baseweb,447bd7a279c0137daeab5a0147fdf9fceb1d59f7,src/data-table/__tests__/data-table-columns.e2e.js,Resource Rendering,Unspecified,No wait before performing check on ui change,Add/Increase Delay,Added delay between actions,"BuildKite, Jest",https://github.com/uber/baseweb/pull/2486,feat(data-table): enables column resizing (#2486)\n\n* feat(data-table): resize column POC\r\n\r\n* feat(data-table): draw full-height ruler\r\n\r\n* feat(data-table): improves ruler performance\r\n\r\n* feat(data-table): model resize as deltas\r\n\r\n* feat(data-table): clamps to min/max widths\r\n\r\n* fix(data-table): lint\r\n\r\n* fix(data-table): add wait to flakey test\r\n\r\nCo-authored-by: Gergely Nemeth <gergelyke@users.noreply.github.com>,https://github.com/uber/baseweb/commit/447bd7a279c0137daeab5a0147fdf9fceb1d59f7
UI-FLAKY,uber/baseweb,https://github.com/uber/baseweb,766ced1cfbf5a7c7ad8ec7b559064cb18ef03890,vrt/tests.vrt.js,Layout Difference,Unspecified,Layout changes during resource load,Refactor Logic Implementation,Fixed window dimensions for screenshots,"BuildKite, Jest",https://github.com/uber/baseweb/pull/2311,test(vrt): fix flakey vrt tests (#2311),https://github.com/uber/baseweb/commit/766ced1cfbf5a7c7ad8ec7b559064cb18ef03890
UI-FLAKY,uber/baseweb,https://github.com/uber/baseweb,32942dec7bcd8d71ee4cce9f957ec31404d97192,src/datepicker/__tests__/datepicker.e2e.js,Resource Rendering,Unspecified,Flaky datepicker rendering,Remove Test,Removed test,"BuildKite, Jest",https://github.com/uber/baseweb/pull/1876,fix(e2e): moves flakey test to end of suite (#1876)\n\n* fix(e2e): moves flakey test to end of suite\r\n\r\n* fix(e2e): adds comment\r\n\r\n* fix(e2e): removes flakey datepicker e2e test,https://github.com/uber/baseweb/commit/32942dec7bcd8d71ee4cce9f957ec31404d97192
UI-FLAKY,uber/baseweb,https://github.com/uber/baseweb,ed160d775eec8d15f14e025d53248bb1876d268f,src/datepicker/__tests__/timezone-picker.e2e.js,Resource Rendering,Unspecified,Timepicker timeout in e2e tests,Add/Increase Delay,Added delay,"BuildKite, Jest",https://github.com/uber/baseweb/pull/1156,feat(timezone-picker): Timezone Picker (#1156)\n\n* feat(timezone-picker): adds timezone-support pkg\r\n\r\n* feat(timezone-picker): adds component\r\n\r\n* feat(timezone-picker): adds type descriptions\r\n\r\n* feat(timezone-picker): clarify in-line comments\r\n\r\n* fix(timezone-picker): clean up scenario file\r\n\r\n* feat(timezone-picker): add example to docs site\r\n\r\n* feat(timezone-picker): adds tests\r\n\r\n* feat(timezone-picker): adds optional label transformation\r\n\r\n* Update src/datepicker/types.js\r\n\r\n* feat(timezone-picker): updates options if date changes\r\n\r\n* fix(timezone-picker): adds delay to e2e test\r\n\r\n* fix(timezone-picker): removes flakey e2e test\r\n\r\n* fix(timepicker): removes flakey test,https://github.com/uber/baseweb/commit/ed160d775eec8d15f14e025d53248bb1876d268f
UI-FLAKY,pinterest/gestalt,https://github.com/pinterest/gestalt,0463b6da50f43c8bc53738ca522d5c5ba619ef35,packages/gestalt/src/__integration__/optimizedRemount.integration.js,Resource Rendering,Unspecified,Integration test fails due to components not ready,Add/Increase Delay,Added delay,React Testing Library,https://github.com/pinterest/gestalt/pull/410,Fixed flakey integration test (#410)\n\n* Fixed flakey integration test\r\n\r\n* Updated change log,https://github.com/pinterest/gestalt/commit/0463b6da50f43c8bc53738ca522d5c5ba619ef35
UI-FLAKY,pinterest/gestalt,https://github.com/pinterest/gestalt,865e67fe30debbcb846c704b2bc3b1b57a2edde0,packages/gestalt/src/__integration__/virtualizationWithScrollContainer.integration.js,Resource Rendering,Unspecified,Component not rendered fully before interacting,Add/Increase Delay,Added delay,React Testing Library,https://github.com/pinterest/gestalt/pull/313,Masonry: add missing defaultProps and handleResize (#313)\n\nalso added missing await waitFor to fix flaky test,https://github.com/pinterest/gestalt/commit/865e67fe30debbcb846c704b2bc3b1b57a2edde0
UI-FLAKY,twbs/bootstrap,https://github.com/twbs/bootstrap,3b2418e6885d31d9cd1eab33b4cb952e876f8cf7,dist/js/bootstrap.js,Layout Difference,Unspecified,Flaky bottom test from scrolling,Remove Test,Removed flaky tests,Github Actions,,remove'flaky'pos'bottom'test'which'is'effect'by'unit'scroll'pos,https://github.com/twbs/bootstrap/commit/3b2418e6885d31d9cd1eab33b4cb952e876f8cf7
UI-FLAKY,JetBrains/ring-ui,https://github.com/JetBrains/ring-ui,5d9f96d6ffa3a3c99722047677d5a545c02bdd80,components/select/select.gemini.js,Platform Issue,Run on Specific Platform,Flaky select input test has rendering artifact due to IE rendering,Remove Test,Removed test,TeamCity,,Skip flaky Gemini test in IE instead of changing tolerance,https://github.com/JetBrains/ring-ui/commit/5d9f96d6ffa3a3c99722047677d5a545c02bdd80
UI-FLAKY,JetBrains/ring-ui,https://github.com/JetBrains/ring-ui,8a35b37d6885a03fad4ec88a4595c31c5731ad58,components/select/select.gemini.js,Platform Issue,Unspecified,Input component test has rendering artifact in IE,Refactor Logic Implementation,Added tolerance to test,TeamCity,,Increase tolerance for select popup test to (hopefully) get rid of flakiness,https://github.com/JetBrains/ring-ui/commit/8a35b37d6885a03fad4ec88a4595c31c5731ad58
UI-FLAKY,skbkontur/retail-ui,https://github.com/skbkontur/retail-ui,,packages/react-ui-screenshot-tests/gemini/dropdownContainer.js,Layout Difference,Unspecified,Dropdown box goes offscreen depending oon browser's default window size,Refactor Logic Implementation,Specify default window size,TeamCity,https://github.com/skbkontur/retail-ui/pull/1284,test(react-ui-screenshot-tests): fix flaky tests,https://github.com/skbkontur/retail-ui/pull/1284/commits/a006fdf0e0e65d5fde07134c6909870666e7947f
UI-FLAKY,angular/components,https://github.com/angular/components,,https://github.com/angular/components/blob/fb75a136e72489d75c44ca8e68d99352dc71afef/src/lib/core/ripple/ripple.ts,Animation Timing Issue,Force Environment Conditions,ripple animations causes flakiness in screendiff testing,Disable Animations,Globally diable ripple animations for screen diff testing.,Angular,,Add option to disable ripples globally,https://github.com/angular/components/issues/1776
UI-FLAKY,wix/Detox,https://github.com/wix/Detox,c982798e8904b8384e4966f4ed20700b66921b39,detox/test/e2e/20.background-foreground.transitions.test.js,Incorrect Test Runner Interaction,Run Tests Outside of Test Suite Context（reset）,"Launching an app dynamically is performed by moving to the recent-apps view on the device, and then selecting the app by using UIAutomator. Instead of showing the app name, the recent-apps view shows the full activity name instead. UIAutomator can't cope with that.",Fix API Access,Change the way handles app-launching invoked at runtime(do not use UIAutomator),UIAutomator,https://github.com/wix/Detox/pull/1690,Consecutive app launches fail at times,https://github.com/wix/Detox/issues/1599
